elapsed_seconds,scenario_label,raw_yaw,raw_pitch,raw_roll,yaw,pitch,roll,yaw_suspicious,pitch_suspicious,roll_suspicious,dropout_suspicious,gaze_suspicious,suspicious,gaze_x,gaze_y,gaze_valid,device_detected,risk_level
16.331,,7.43,-173.36,-1.84,1.28,0.96,0.88,False,False,False,False,False,False,-0.015,-0.008,True,False,LOW
16.354,,7.74,-174.24,-2.01,1.32,0.85,0.86,False,False,False,False,False,False,-0.014,-0.006,True,False,LOW
16.473,,7.51,-172.84,-1.79,1.34,1.12,0.89,False,False,False,False,False,False,-0.012,-0.007,True,False,LOW
16.5,,7.63,-172.86,-1.77,1.36,1.17,0.9,False,False,False,False,False,False,-0.014,-0.009,True,False,LOW
16.608,,7.82,-172.93,-1.82,1.49,1.26,0.9,False,False,False,False,False,False,-0.011,-0.01,True,False,LOW
16.633,,7.73,-173.32,-1.69,1.5,1.23,0.92,False,False,False,False,False,False,0.019,-0.016,True,False,LOW
16.738,,7.69,-173.2,-1.66,1.51,1.19,0.98,False,False,False,False,False,False,0.011,-0.015,True,False,LOW
16.761,,7.32,-172.78,-1.7,1.47,1.23,0.98,False,False,False,False,False,False,0.021,-0.015,True,False,LOW
16.898,,7.65,-172.87,-1.72,1.48,1.34,0.99,False,False,False,False,False,False,0.029,-0.017,True,False,LOW
16.922,,7.53,-173.25,-1.65,1.47,1.3,1.0,False,False,False,False,False,False,0.03,-0.018,True,False,LOW
17.11,,7.63,-173.25,-1.75,1.48,1.18,0.99,False,False,False,False,False,False,0.029,-0.018,True,False,LOW
17.136,,7.83,-172.91,-1.76,1.5,1.21,0.99,False,False,False,False,False,False,0.034,-0.018,True,False,LOW
17.301,,7.82,-173.38,-1.83,1.59,1.08,0.94,False,False,False,False,False,False,0.035,-0.02,True,False,LOW
17.323,,8.83,-174.88,-2.15,1.73,0.87,0.89,False,False,False,False,False,False,0.012,0.049,False,False,LOW
17.503,,8.43,-173.25,-1.85,2.03,0.98,0.88,False,False,False,False,False,False,-0.001,-0.026,True,False,LOW
17.524,,7.66,-172.47,-1.9,1.96,1.08,0.88,False,False,False,False,False,False,-0.001,-0.024,True,False,LOW
17.706,,8.17,-173.27,-1.64,1.99,1.07,0.99,False,False,False,False,False,False,0.05,-0.019,True,False,LOW
17.731,,8.39,-172.86,-1.65,2.03,1.12,1.0,False,False,False,False,False,False,0.07,-0.013,True,False,LOW
17.908,,8.94,-172.95,-1.54,2.43,1.26,1.1,False,False,False,False,False,False,0.067,-0.017,True,False,LOW
17.93,,9.11,-173.5,-1.32,2.5,1.2,1.14,False,False,False,False,False,False,0.068,-0.01,True,False,LOW
18.101,,8.85,-173.73,-1.18,2.6,0.89,1.35,False,False,False,False,False,False,0.068,-0.016,True,False,LOW
18.123,,8.61,-173.11,-1.19,2.59,0.93,1.37,False,False,False,False,False,False,0.066,-0.013,True,False,LOW
18.314,,8.7,-173.58,-1.27,2.57,0.83,1.42,False,False,False,False,False,False,0.067,-0.014,True,False,LOW
18.335,,8.93,-172.36,-1.29,2.59,0.96,1.42,False,False,False,False,False,False,0.021,-0.019,True,False,LOW
18.497,,9.37,-171.85,-1.49,2.91,1.75,1.33,False,False,False,False,False,False,-0.006,-0.017,True,False,LOW
18.52,,9.53,-171.78,-1.5,2.97,1.85,1.31,False,False,False,False,False,False,-0.009,-0.015,True,False,LOW
18.71,,9.26,-171.77,-1.45,3.05,2.24,1.29,False,False,False,False,False,False,-0.009,-0.021,True,False,LOW
18.735,,9.58,-172.64,-1.63,3.1,2.16,1.26,False,False,False,False,False,False,-0.004,-0.021,True,False,LOW
18.898,,8.9,-172.47,-1.68,2.92,2.01,1.15,False,False,False,False,False,False,-0.005,-0.023,True,False,LOW
18.922,,9.22,-172.73,-1.73,2.94,1.95,1.13,False,False,False,False,False,False,0.016,-0.02,True,False,LOW
19.107,,9.07,-173.19,-1.4,2.93,1.51,1.24,False,False,False,False,False,False,0.051,-0.006,True,False,LOW
19.131,,8.96,-173.25,-1.44,2.91,1.45,1.24,False,False,False,False,False,False,0.055,-0.008,True,False,LOW
19.299,,8.95,-173.38,-1.54,2.86,1.19,1.21,False,False,False,False,False,False,0.063,-0.01,True,False,LOW
19.322,,8.82,-173.79,-1.65,2.83,1.1,1.2,False,False,False,False,False,False,0.066,-0.01,True,False,LOW
19.504,,8.69,-174.07,-1.6,2.68,0.64,1.16,False,False,False,False,False,False,0.067,-0.012,True,False,LOW
19.527,,9.02,-174.68,-1.58,2.7,0.51,1.16,False,False,False,False,False,False,0.07,-0.011,True,False,LOW
19.699,,8.56,-174.34,-1.64,2.55,0.23,1.12,False,False,False,False,False,False,0.065,-0.012,True,False,LOW
19.723,,8.8,-174.33,-1.52,2.56,0.2,1.13,False,False,False,False,False,False,0.068,-0.011,True,False,LOW
19.907,,8.98,-174.28,-1.6,2.71,0.12,1.13,False,False,False,False,False,False,0.068,-0.011,True,False,LOW
19.928,,9.31,-174.27,-1.54,2.76,0.11,1.13,False,False,False,False,False,False,0.061,-0.005,True,False,LOW
20.098,,9.51,-174.08,-1.59,3.07,0.18,1.13,False,False,False,False,False,False,0.062,-0.007,True,False,LOW
20.12,,9.07,-174.54,-1.6,3.05,0.13,1.13,False,False,False,False,False,False,0.064,-0.006,True,False,LOW
20.42,,9.32,-174.14,-1.56,3.13,0.17,1.15,False,False,False,False,False,False,0.068,-0.007,True,False,LOW
20.442,,9.19,-174.86,-1.81,3.12,0.08,1.12,False,False,False,False,False,False,0.025,0.004,True,False,LOW
20.55,,9.11,-173.24,-1.92,3.05,0.49,0.99,False,False,False,False,False,False,-0.01,-0.013,True,False,LOW
20.574,,9.32,-172.06,-1.87,3.07,0.73,0.98,False,False,False,False,False,False,-0.009,-0.022,True,False,LOW
20.712,,9.02,-172.42,-1.95,2.98,1.3,0.88,False,False,False,False,False,False,-0.006,-0.02,True,False,LOW
20.735,,9.07,-172.2,-1.86,2.97,1.41,0.88,False,False,False,False,False,False,-0.006,-0.026,True,False,LOW
20.897,,9.04,-172.26,-1.79,2.93,1.75,0.91,False,False,False,False,False,False,0.001,-0.026,True,False,LOW
20.92,,9.4,-172.24,-1.81,2.97,1.79,0.91,False,False,False,False,False,False,0.002,-0.027,True,False,LOW
21.107,,9.52,-172.52,-1.87,3.19,1.8,0.88,False,False,False,False,False,False,0.004,-0.026,True,False,LOW
21.13,,9.19,-172.32,-1.83,3.17,1.83,0.88,False,False,False,False,False,False,0.004,-0.023,True,False,LOW
21.299,,9.2,-172.2,-1.6,3.11,1.98,1.01,False,False,False,False,False,False,0.024,-0.024,True,False,LOW
21.322,,9.04,-172.58,-1.63,3.08,1.95,1.02,False,False,False,False,False,False,0.025,-0.026,True,False,LOW
21.504,,9.19,-172.18,-1.67,3.06,2.06,1.04,False,False,False,False,False,False,0.005,-0.023,True,False,LOW
21.527,,9.32,-172.22,-1.69,3.07,2.06,1.04,False,False,False,False,False,False,0.004,-0.025,True,False,LOW
21.699,,9.21,-172.81,-1.5,3.07,1.78,1.14,False,False,False,False,False,False,0.047,-0.019,True,False,LOW
21.72,,9.24,-173.35,-1.54,3.07,1.68,1.14,False,False,False,False,False,False,0.042,-0.023,True,False,LOW
21.892,,8.78,-172.83,-1.39,2.84,1.58,1.24,False,False,False,False,False,False,0.075,-0.007,True,False,LOW
21.922,,9.36,-173.4,-1.64,2.9,1.48,1.22,False,False,False,False,False,False,0.072,-0.011,True,False,LOW
22.109,,9.27,-172.83,-1.64,3.02,1.49,1.15,False,False,False,False,False,False,0.07,-0.008,True,False,LOW
22.133,,9.03,-172.49,-1.78,3.0,1.53,1.12,False,False,False,False,False,False,0.069,-0.013,True,False,LOW
22.29,,9.29,-173.24,-1.82,3.07,1.31,1.01,False,False,False,False,False,False,0.074,-0.014,True,False,LOW
22.322,,9.04,-172.9,-1.68,3.04,1.33,1.02,False,False,False,False,False,False,0.074,-0.015,True,False,LOW
22.498,,8.81,-172.95,-1.72,2.84,1.35,1.01,False,False,False,False,False,False,0.071,-0.015,True,False,LOW
22.523,,9.16,-172.49,-1.8,2.86,1.42,1.0,False,False,False,False,False,False,0.032,-0.023,True,False,LOW
22.693,,9.02,-172.14,-1.76,2.87,1.82,0.98,False,False,False,False,False,False,0.004,-0.028,True,False,LOW
22.722,,8.88,-172.03,-1.84,2.85,1.9,0.97,False,False,False,False,False,False,0.003,-0.028,True,False,LOW
22.899,,8.64,-172.48,-2.1,2.66,1.87,0.79,False,False,False,False,False,False,-0.003,-0.023,True,False,LOW
22.922,,9.12,-172.1,-2.03,2.7,1.91,0.77,False,False,False,False,False,False,-0.046,-0.011,True,False,LOW
23.095,,9.28,-172.07,-2.0,2.92,2.09,0.75,False,False,False,False,False,False,-0.052,-0.009,True,False,LOW
23.122,,9.18,-171.79,-2.02,2.94,2.16,0.74,False,False,False,False,False,False,-0.049,-0.015,True,False,LOW
23.311,,8.86,-172.04,-2.13,2.81,2.23,0.66,False,False,False,False,False,False,-0.047,-0.012,True,False,LOW
23.336,,9.07,-171.9,-1.94,2.83,2.26,0.68,False,False,False,False,False,False,0.015,-0.023,True,False,LOW
23.505,,8.79,-173.03,-1.69,2.73,1.76,0.86,False,False,False,False,False,False,0.071,-0.004,True,False,LOW
23.529,,9.33,-172.44,-1.68,2.79,1.78,0.89,False,False,False,False,False,False,0.07,-0.012,True,False,LOW
23.713,,9.43,-172.77,-1.68,3.06,1.66,0.97,False,False,False,False,False,False,0.069,-0.01,True,False,LOW
23.738,,9.29,-172.25,-1.67,3.07,1.71,0.98,False,False,False,False,False,False,0.071,-0.01,True,False,LOW
23.904,,9.31,-172.67,-1.73,3.11,1.68,0.99,False,False,False,False,False,False,0.086,-0.01,True,False,LOW
23.928,,9.12,-173.41,-1.61,3.1,1.58,1.01,False,False,False,False,False,False,0.089,-0.014,True,False,LOW
24.117,,9.73,-172.46,-1.67,3.36,1.74,1.03,False,False,False,False,False,False,0.086,-0.016,True,False,LOW
24.139,,9.6,-173.44,-1.61,3.37,1.63,1.04,False,False,False,False,False,False,0.076,-0.014,True,False,LOW
24.288,,9.31,-171.76,-1.7,3.27,2.08,1.03,False,False,False,False,False,False,0.032,-0.01,True,False,LOW
24.323,,8.69,-171.84,-1.55,3.13,2.16,1.06,False,False,False,False,False,False,0.044,-0.01,True,False,LOW
24.499,,8.86,-172.93,-1.65,2.91,1.75,1.07,False,False,False,False,False,False,0.073,-0.012,True,False,LOW
24.523,,9.06,-171.97,-1.61,2.91,1.83,1.07,False,False,False,False,False,False,0.07,-0.016,True,False,LOW
24.69,,9.18,-172.6,-1.65,2.97,1.78,1.07,False,False,False,False,False,False,0.07,-0.014,True,False,LOW
24.723,,9.07,-172.93,-1.58,2.96,1.71,1.09,False,False,False,False,False,False,0.068,-0.013,True,False,LOW
24.899,,9.4,-172.65,-1.6,3.11,1.69,1.11,False,False,False,False,False,False,0.071,-0.018,True,False,LOW
24.922,,9.02,-172.14,-1.75,3.08,1.76,1.09,False,False,False,False,False,False,0.035,-0.01,True,False,LOW
25.098,,10.36,-174.09,-1.92,3.68,0.95,0.94,False,False,False,False,False,False,0.029,0.017,True,False,LOW
25.129,,8.95,-172.83,-1.96,3.53,1.04,0.91,False,False,False,False,False,False,0.043,0.004,True,False,LOW
25.305,,10.57,-173.21,-1.88,4.0,1.08,0.88,False,False,False,False,False,False,0.012,0.049,False,False,LOW
25.336,,9.8,-172.3,-1.24,3.94,1.24,0.98,False,False,False,False,False,False,0.035,0.0,True,False,LOW
25.49,,9.76,-172.25,-0.39,3.78,1.66,1.66,False,False,False,False,False,False,0.019,-0.01,True,False,LOW
25.524,,10.12,-170.96,-0.45,3.81,1.98,1.77,False,False,False,False,False,False,0.026,-0.001,True,False,LOW
25.705,,11.21,-172.2,-1.05,4.48,2.06,1.72,False,False,False,False,False,False,0.033,-0.005,True,False,LOW
25.729,,9.84,-174.32,-2.01,4.37,1.77,1.58,False,False,False,False,False,False,0.033,-0.001,True,False,LOW
25.893,,9.91,-175.46,-2.51,4.06,0.24,0.87,False,False,False,False,False,False,0.025,-0.0,True,False,LOW
25.924,,11.01,-175.62,-1.63,4.19,-0.04,0.91,False,False,False,False,False,False,0.006,-0.011,True,False,LOW
26.103,,9.26,-174.69,-1.26,3.61,-0.22,1.2,False,False,False,False,False,False,0.003,-0.012,True,False,LOW
26.125,,9.07,-173.85,-1.34,3.53,-0.13,1.23,False,False,False,False,False,False,0.009,-0.015,True,False,LOW
26.294,,10.29,-172.61,-1.36,3.84,0.83,1.3,False,False,False,False,False,False,0.008,-0.016,True,False,LOW
26.323,,10.95,-172.6,-0.95,3.99,0.98,1.37,False,False,False,False,False,False,0.014,-0.013,True,False,LOW
26.503,,12.0,-172.35,-0.66,5.0,1.52,1.74,False,False,False,False,False,False,-0.013,-0.008,True,False,LOW
26.528,,11.14,-173.69,-0.32,5.0,1.4,1.84,False,False,False,False,False,False,-0.04,-0.005,True,False,LOW
26.696,,10.33,-172.67,-0.36,4.58,1.53,2.11,False,False,False,False,False,False,-0.038,-0.013,True,False,LOW
26.724,,10.4,-173.06,-0.92,4.53,1.49,2.07,False,False,False,False,False,False,-0.045,-0.012,True,False,LOW
26.903,,9.42,-171.39,-0.47,3.85,2.27,2.17,False,False,False,False,False,False,-0.049,-0.009,True,False,LOW
26.927,,10.24,-170.85,-0.37,3.88,2.43,2.19,False,False,False,False,False,False,-0.032,-0.011,True,False,LOW
27.095,,8.41,-171.62,-0.12,3.03,2.58,2.41,False,False,False,False,False,False,-0.011,-0.013,True,False,LOW
27.124,,6.87,-172.6,-0.18,2.64,2.44,2.43,False,False,False,False,False,False,-0.005,-0.021,True,False,LOW
27.303,,6.8,-173.96,-0.65,1.54,1.32,2.24,False,False,False,False,False,False,-0.007,-0.021,True,False,LOW
27.327,,5.86,-171.89,0.38,1.28,1.46,2.35,False,False,False,False,False,False,0.004,-0.013,True,False,LOW
27.493,,4.86,-173.09,0.63,-0.12,1.35,2.88,False,False,False,False,False,False,-0.001,-0.013,True,False,LOW
27.523,,2.42,-169.51,1.17,-0.8,1.95,3.05,False,False,False,False,False,False,-0.0,-0.015,True,False,LOW
27.706,,2.15,-168.73,1.08,-2.64,4.01,3.46,False,False,False,False,False,False,-0.008,-0.012,True,False,LOW
27.733,,1.55,-169.44,0.8,-2.98,4.16,3.47,False,False,False,False,False,False,0.012,-0.009,True,False,LOW
27.897,,-1.6,-170.53,1.05,-5.63,3.97,3.63,False,False,False,False,False,False,0.008,-0.012,True,False,LOW
27.924,,-2.2,-169.75,2.1,-6.12,4.06,3.81,False,False,False,False,False,False,0.006,-0.007,True,False,LOW
28.106,,-2.41,-169.43,2.3,-7.52,4.52,4.48,False,False,False,False,False,False,0.008,-0.007,True,False,LOW
28.128,,-2.32,-170.55,1.52,-7.66,4.43,4.45,False,False,False,False,False,False,0.003,-0.008,True,False,LOW
28.296,,-0.52,-173.57,1.09,-7.13,2.48,4.12,False,False,False,False,False,False,0.004,-0.008,True,False,LOW
28.324,,-1.46,-173.44,0.7,-7.21,2.22,4.02,False,False,False,False,False,False,0.049,0.003,True,False,LOW
28.501,,-2.22,-172.6,1.09,-7.84,1.95,3.91,False,False,False,False,False,False,0.048,0.009,True,False,LOW
28.525,,-3.94,-172.05,1.38,-8.17,1.99,3.93,False,False,False,False,False,False,0.049,0.004,True,False,LOW
28.693,,-3.27,-171.32,1.67,-8.84,2.51,4.17,False,False,False,False,False,False,0.052,-0.004,True,False,LOW
28.721,,-2.66,-171.97,1.47,-8.83,2.49,4.18,False,False,False,False,False,False,0.049,-0.003,True,False,LOW
28.9,,-3.46,-172.13,1.1,-9.26,2.33,3.99,False,False,False,False,False,False,0.05,-0.008,True,False,LOW
28.925,,-4.09,-172.66,1.1,-9.4,2.24,3.97,False,False,False,False,False,False,0.048,-0.004,True,False,LOW
29.094,,-2.67,-172.22,0.75,-9.1,2.17,3.71,False,False,False,False,False,False,0.053,-0.002,True,False,LOW
29.122,,-1.38,-173.83,0.26,-8.86,1.9,3.6,False,False,False,False,False,False,0.05,-0.003,True,False,LOW
29.302,,-0.1,-173.0,0.16,-7.43,1.59,3.21,False,False,False,False,False,False,0.014,-0.004,True,False,LOW
29.325,,-1.23,-173.29,0.21,-7.42,1.52,3.18,False,False,False,False,False,False,-0.002,-0.002,True,False,LOW
29.494,,-1.24,-172.94,0.09,-7.41,1.45,2.99,False,False,False,False,False,False,0.004,-0.002,True,False,LOW
29.522,,0.12,-174.31,-0.06,-7.19,1.22,2.94,False,False,False,False,False,False,0.009,0.006,True,False,LOW
29.704,,0.33,-173.41,-0.32,-6.44,1.05,2.65,False,False,False,False,False,False,0.01,0.022,True,False,LOW
29.728,,-0.51,-174.38,-0.36,-6.47,0.9,2.61,False,False,False,False,False,False,0.012,0.049,False,False,LOW
29.898,,-0.49,-173.61,-0.08,-6.56,0.8,2.63,False,False,False,False,False,False,-0.005,-0.007,True,False,LOW
29.923,,-0.12,-172.91,-0.17,-6.52,0.89,2.62,False,False,False,False,False,False,-0.006,-0.013,True,False,LOW
30.101,,-0.36,-172.54,-0.24,-6.51,1.36,2.55,False,False,False,False,False,False,-0.001,-0.014,True,False,LOW
30.123,,-0.01,-172.94,-0.25,-6.47,1.37,2.54,False,False,False,False,False,False,-0.003,-0.014,True,False,LOW
30.294,,0.11,-171.96,-0.2,-6.24,1.89,2.53,False,False,False,False,False,False,-0.005,-0.011,True,False,LOW
30.323,,-0.18,-171.6,-0.05,-6.26,2.02,2.55,False,False,False,False,False,False,-0.009,-0.015,True,False,LOW
30.504,,-1.02,-173.04,0.02,-6.75,1.63,2.66,False,False,False,False,False,False,-0.018,-0.008,True,False,LOW
30.528,,-0.63,-173.06,-0.01,-6.75,1.58,2.66,False,False,False,False,False,False,-0.013,-0.009,True,False,LOW
30.693,,-0.73,-171.99,0.12,-6.82,1.97,2.76,False,False,False,False,False,False,-0.015,-0.008,True,False,LOW
30.722,,-0.05,-172.16,0.11,-6.72,2.0,2.77,False,False,False,False,False,False,-0.015,-0.007,True,False,LOW
30.902,,0.4,-172.45,0.24,-6.2,1.93,2.87,False,False,False,False,False,False,0.043,-0.008,True,False,LOW
30.924,,-0.68,-173.66,0.24,-6.27,1.77,2.88,False,False,False,False,False,False,0.043,-0.01,True,False,LOW
31.095,,0.12,-173.02,0.19,-6.15,1.53,2.9,False,False,False,False,False,False,0.051,-0.003,True,False,LOW
31.121,,1.16,-173.23,0.09,-5.98,1.46,2.89,False,False,False,False,False,False,0.025,-0.003,True,False,LOW
31.312,,1.08,-173.19,-0.07,-5.47,1.28,2.76,False,False,False,False,False,False,-0.004,-0.01,True,False,LOW
31.336,,0.1,-174.04,-0.1,-5.55,1.14,2.74,False,False,False,False,False,False,0.004,-0.011,True,False,LOW
31.502,,0.27,-173.44,-0.04,-5.72,1.01,2.71,False,False,False,False,False,False,-0.005,-0.011,True,False,LOW
31.525,,0.82,-173.24,-0.17,-5.67,1.02,2.69,False,False,False,False,False,False,0.01,-0.011,True,False,LOW
31.71,,0.91,-173.85,-0.31,-5.44,0.72,2.54,False,False,False,False,False,False,-0.015,-0.007,True,False,LOW
31.735,,1.15,-173.45,-0.25,-5.38,0.74,2.53,False,False,False,False,False,False,-0.015,-0.005,True,False,LOW
31.902,,1.39,-173.82,-0.01,-5.06,0.62,2.63,False,False,False,False,False,False,0.018,-0.009,True,False,LOW
31.926,,0.16,-173.72,0.08,-5.18,0.62,2.65,False,False,False,False,False,False,0.051,-0.012,True,False,LOW
32.107,,0.32,-173.32,0.01,-5.53,0.82,2.7,False,False,False,False,False,False,0.051,-0.016,True,False,LOW
32.131,,0.48,-173.35,-0.1,-5.55,0.84,2.69,False,False,False,False,False,False,0.056,-0.012,True,False,LOW
32.293,,0.87,-174.01,0.04,-5.41,0.58,2.73,False,False,False,False,False,False,0.053,-0.013,True,False,LOW
32.316,,1.09,-172.5,0.11,-5.37,0.74,2.74,False,False,False,False,False,False,0.054,-0.015,True,False,LOW
32.499,,1.22,-172.74,-0.18,-5.13,1.2,2.64,False,False,False,False,False,False,0.008,-0.011,True,False,LOW
32.523,,1.41,-172.76,-0.12,-5.08,1.25,2.63,False,False,False,False,False,False,0.007,-0.012,True,False,LOW
32.694,,1.56,-172.3,-0.07,-4.82,1.66,2.64,False,False,False,False,False,False,0.009,-0.012,True,False,LOW
32.736,,2.22,-171.55,0.05,-4.63,1.9,2.67,False,False,False,False,False,False,0.003,-0.015,True,False,LOW
32.901,,2.72,-171.96,0.03,-4.0,2.14,2.71,False,False,False,False,False,False,-0.001,-0.018,True,False,LOW
32.924,,2.71,-171.94,0.03,-3.93,2.18,2.72,False,False,False,False,False,False,0.001,-0.016,True,False,LOW
33.092,,2.42,-172.19,0.02,-3.83,2.15,2.73,False,False,False,False,False,False,-0.011,-0.013,True,False,LOW
33.116,,2.72,-172.33,0.07,-3.77,2.13,2.74,False,False,False,False,False,False,-0.029,-0.007,True,False,LOW
33.314,,2.53,-172.8,-0.06,-3.69,1.79,2.7,False,False,False,False,False,False,-0.05,-0.012,True,False,LOW
33.341,,2.57,-173.1,-0.27,-3.67,1.71,2.66,False,False,False,False,False,False,-0.046,-0.011,True,False,LOW
33.492,,1.97,-172.49,-0.23,-3.92,1.77,2.58,False,False,False,False,False,False,-0.056,-0.01,True,False,LOW
33.515,,2.19,-172.33,-0.13,-3.92,1.8,2.58,False,False,False,False,False,False,-0.062,-0.013,True,False,LOW
33.701,,3.11,-172.74,-0.43,-3.44,1.68,2.43,False,False,False,False,False,False,-0.061,-0.01,True,False,LOW
33.725,,1.95,-172.27,0.03,-3.54,1.73,2.47,False,False,False,False,False,False,0.009,-0.013,True,False,LOW
33.893,,2.19,-171.4,0.12,-3.76,2.35,2.66,False,False,False,False,False,False,0.007,-0.011,True,False,LOW
33.915,,1.77,-172.15,-0.04,-3.84,2.33,2.67,False,False,False,False,False,False,0.003,-0.013,True,False,LOW
34.1,,1.85,-172.04,-0.03,-4.09,2.31,2.68,False,False,False,False,False,False,0.004,-0.012,True,False,LOW
34.123,,2.2,-172.55,0.12,-4.07,2.24,2.7,False,False,False,False,False,False,0.032,-0.009,True,False,LOW
34.29,,2.63,-173.23,0.18,-3.79,1.64,2.81,False,False,False,False,False,False,0.027,-0.009,True,False,LOW
34.312,,1.84,-172.33,0.12,-3.85,1.69,2.81,False,False,False,False,False,False,0.016,-0.006,True,False,LOW
34.502,,1.72,-173.16,-0.09,-4.17,1.4,2.72,False,False,False,False,False,False,0.012,-0.008,True,False,LOW
34.526,,1.2,-174.25,-0.08,-4.28,1.21,2.71,False,False,False,False,False,False,0.021,0.012,True,False,LOW
34.694,,1.63,-173.95,-0.14,-4.4,0.77,2.64,False,False,False,False,False,False,0.009,0.007,True,False,LOW
34.718,,2.25,-173.3,-0.09,-4.34,0.81,2.64,False,False,False,False,False,False,0.012,0.049,False,False,LOW
34.899,,2.35,-172.44,-0.07,-4.05,1.38,2.65,False,False,False,False,False,False,0.013,0.004,True,False,LOW
34.923,,1.98,-172.86,0.01,-4.07,1.39,2.66,False,False,False,False,False,False,0.008,-0.006,True,False,LOW
35.097,,2.0,-173.17,-0.04,-4.11,1.27,2.67,False,False,False,False,False,False,0.005,-0.007,True,False,LOW
35.123,,1.7,-172.72,-0.08,-4.16,1.32,2.67,False,False,False,False,False,False,0.005,-0.01,True,False,LOW
35.302,,1.39,-173.17,-0.06,-4.48,1.23,2.67,False,False,False,False,False,False,0.004,-0.008,True,False,LOW
35.327,,1.43,-173.65,-0.11,-4.51,1.15,2.66,False,False,False,False,False,False,0.004,-0.007,True,False,LOW
35.494,,1.02,-173.71,-0.01,-4.83,0.88,2.69,False,False,False,False,False,False,0.004,-0.007,True,False,LOW
35.519,,1.5,-173.41,-0.08,-4.81,0.88,2.68,False,False,False,False,False,False,0.004,-0.007,True,False,LOW
35.705,,2.14,-173.07,-0.02,-4.38,1.08,2.69,False,False,False,False,False,False,0.008,-0.005,True,False,LOW
35.729,,1.86,-173.34,-0.19,-4.36,1.07,2.67,False,False,False,False,False,False,0.009,-0.006,True,False,LOW
35.896,,1.57,-173.59,-0.17,-4.47,0.9,2.61,False,False,False,False,False,False,0.005,-0.009,True,False,LOW
35.92,,1.96,-173.52,-0.28,-4.44,0.89,2.59,False,False,False,False,False,False,0.004,-0.006,True,False,LOW
36.102,,1.73,-173.43,-0.22,-4.43,0.89,2.54,False,False,False,False,False,False,0.004,-0.007,True,False,LOW
36.127,,2.27,-173.25,-0.14,-4.35,0.92,2.55,False,False,False,False,False,False,0.006,-0.005,True,False,LOW
36.295,,3.35,-174.01,-0.03,-3.54,0.61,2.62,False,False,False,False,False,False,0.051,0.021,True,False,LOW
36.318,,3.16,-173.01,-0.12,-3.46,0.7,2.62,False,False,False,False,False,False,0.07,0.033,True,False,LOW
36.503,,2.93,-173.63,-0.05,-3.33,0.7,2.65,False,False,False,False,False,False,0.077,0.029,True,False,LOW
36.542,,2.67,-172.87,0.01,-3.36,0.85,2.67,False,False,False,False,False,False,0.075,0.027,True,False,LOW
36.836,,2.41,-173.01,-0.14,-3.61,1.15,2.61,False,False,False,False,False,False,0.073,0.028,True,False,LOW
36.858,,2.1,-172.93,0.01,-3.66,1.18,2.63,False,False,False,False,False,False,0.074,0.028,True,False,LOW
36.971,,2.5,-173.3,-0.02,-3.66,1.12,2.66,False,False,False,False,False,False,0.079,0.022,True,False,LOW
36.995,,3.07,-172.8,-0.15,-3.58,1.17,2.65,False,False,False,False,False,False,0.057,0.011,True,False,LOW
37.101,,1.89,-171.04,-0.22,-3.85,2.05,2.59,False,False,False,False,False,False,0.01,-0.01,True,False,LOW
37.125,,2.77,-171.89,-0.12,-3.79,2.11,2.59,False,False,False,False,False,False,0.011,-0.007,True,False,LOW
37.301,,2.85,-171.74,-0.22,-3.53,2.36,2.55,False,False,False,False,False,False,0.014,-0.01,True,False,LOW
37.325,,3.38,-171.9,-0.34,-3.43,2.37,2.53,False,False,False,False,False,False,0.005,-0.019,True,False,LOW
37.494,,2.98,-171.96,-0.15,-3.29,2.37,2.55,False,False,False,False,False,False,0.003,-0.012,True,False,LOW
37.517,,2.77,-172.39,-0.13,-3.3,2.32,2.56,False,False,False,False,False,False,0.0,-0.015,True,False,LOW
37.704,,2.22,-172.36,-0.03,-3.64,2.13,2.63,False,False,False,False,False,False,0.017,-0.006,True,False,LOW
37.728,,2.9,-171.74,-0.15,-3.59,2.19,2.62,False,False,False,False,False,False,0.013,-0.008,True,False,LOW
37.891,,2.92,-172.34,-0.22,-3.41,2.08,2.56,False,False,False,False,False,False,0.014,-0.009,True,False,LOW
37.913,,3.21,-172.65,-0.04,-3.35,2.03,2.58,False,False,False,False,False,False,0.064,-0.01,True,False,LOW
38.1,,3.35,-172.18,0.14,-3.05,2.09,2.73,False,False,False,False,False,False,0.06,-0.01,True,False,LOW
38.123,,2.99,-172.62,0.03,-3.06,2.04,2.74,False,False,False,False,False,False,0.068,-0.009,True,False,LOW
38.29,,2.55,-172.43,0.06,-3.34,1.97,2.76,False,False,False,False,False,False,0.082,0.011,True,False,LOW
38.314,,2.5,-171.87,0.0,-3.38,2.03,2.76,False,False,False,False,False,False,0.08,0.025,True,False,LOW
38.498,,2.4,-171.5,0.01,-3.58,2.46,2.74,False,False,False,False,True,True,0.078,0.035,True,False,LOW
38.52,,2.53,-172.18,0.05,-3.58,2.42,2.75,False,False,False,False,True,True,0.069,0.047,True,False,LOW
38.693,,2.11,-172.1,0.04,-3.82,2.32,2.76,False,False,False,False,True,True,0.064,0.043,True,False,LOW
38.716,,1.62,-171.86,0.11,-3.92,2.34,2.77,False,False,False,False,True,True,0.064,0.038,True,False,LOW
38.9,,1.71,-171.25,0.13,-4.2,2.74,2.81,False,False,False,False,True,True,0.074,0.035,True,False,LOW
38.924,,1.44,-171.82,-0.04,-4.27,2.71,2.8,False,False,False,False,True,True,0.067,0.039,True,False,LOW
39.092,,1.33,-171.64,0.03,-4.56,2.7,2.78,False,False,False,False,True,True,0.066,0.038,True,False,LOW
39.115,,1.41,-171.03,0.15,-4.58,2.77,2.79,False,False,False,False,True,True,0.065,0.036,True,False,LOW
39.311,,1.17,-171.02,0.04,-4.8,3.07,2.78,False,False,False,False,True,True,0.07,0.036,True,False,LOW
39.335,,1.69,-171.33,0.08,-4.76,3.06,2.78,False,False,False,False,True,True,0.07,0.039,True,False,LOW
39.507,,1.39,-171.6,0.04,-4.76,2.89,2.77,False,False,False,False,True,True,0.073,0.035,True,False,LOW
39.53,,1.39,-171.59,0.08,-4.76,2.87,2.78,False,False,False,False,True,True,0.069,0.036,True,False,LOW
39.71,,1.34,-171.44,-0.02,-4.79,2.88,2.74,False,False,False,False,False,False,0.043,-0.011,True,False,LOW
39.733,,1.55,-169.87,0.02,-4.76,3.09,2.74,False,False,False,False,False,False,-0.003,-0.015,True,False,LOW
39.904,,1.91,-169.88,-0.1,-4.49,3.81,2.68,False,False,False,False,False,False,0.004,-0.019,True,False,LOW
39.927,,2.22,-170.07,-0.22,-4.42,3.87,2.66,False,False,False,False,False,False,-0.022,-0.013,True,False,LOW
40.111,,2.25,-170.45,-0.1,-4.14,3.87,2.64,False,False,False,False,False,False,0.019,-0.009,True,False,LOW
40.135,,2.52,-170.46,-0.2,-4.07,3.87,2.63,False,False,False,False,False,False,0.02,-0.012,True,False,LOW
40.29,,2.94,-170.66,-0.14,-3.64,3.77,2.61,False,False,False,False,False,False,0.021,-0.011,True,False,LOW
40.313,,2.69,-170.85,-0.02,-3.61,3.73,2.62,False,False,False,False,False,False,0.019,-0.01,True,False,LOW
40.5,,2.47,-170.91,0.05,-3.65,3.56,2.7,False,False,False,False,False,False,0.018,-0.011,True,False,LOW
40.524,,2.19,-170.96,0.08,-3.69,3.53,2.72,False,False,False,False,False,False,0.019,-0.01,True,False,LOW
40.692,,1.85,-170.82,-0.02,-4.01,3.52,2.71,False,False,False,False,False,False,0.021,-0.011,True,False,LOW
40.714,,1.73,-170.76,0.01,-4.06,3.52,2.71,False,False,False,False,False,False,0.019,-0.005,True,False,LOW
40.9,,1.67,-170.43,-0.05,-4.29,3.72,2.69,False,False,False,False,False,False,0.019,-0.008,True,False,LOW
40.923,,1.72,-170.92,0.01,-4.31,3.68,2.7,False,False,False,False,False,False,0.033,0.001,True,False,LOW
41.092,,1.13,-171.3,0.02,-4.68,3.34,2.72,False,False,False,False,False,False,0.076,0.013,True,False,LOW
41.117,,0.57,-171.15,0.04,-4.81,3.32,2.73,False,False,False,False,False,False,0.074,0.018,True,False,LOW
41.3,,1.54,-169.56,0.2,-4.7,4.1,2.83,False,False,False,False,False,False,0.073,0.025,True,False,LOW
41.323,,1.03,-168.33,0.54,-4.75,4.36,2.89,False,False,False,False,False,False,0.064,0.032,True,False,LOW
41.492,,1.82,-168.45,0.46,-4.54,5.17,3.04,False,False,False,False,False,False,0.074,0.029,True,False,LOW
41.515,,1.0,-170.58,0.2,-4.61,4.99,3.03,False,False,False,False,False,False,0.075,0.028,True,False,LOW
41.701,,0.78,-170.67,0.22,-5.03,4.26,2.98,False,False,False,False,False,False,0.071,0.032,True,False,LOW
41.724,,0.86,-170.24,0.25,-5.06,4.24,2.98,False,False,False,False,False,False,0.078,0.03,True,False,LOW
41.891,,0.87,-170.13,0.22,-5.17,4.22,2.96,False,False,False,False,False,False,0.084,0.031,True,False,LOW
41.914,,0.6,-169.99,0.27,-5.22,4.23,2.97,False,False,False,False,False,False,0.076,0.03,True,False,LOW
42.1,,0.25,-169.88,0.36,-5.59,4.35,3.03,False,False,False,False,False,False,0.074,0.029,True,False,LOW
42.124,,0.05,-170.01,0.28,-5.66,4.34,3.03,False,False,False,False,False,False,0.074,0.031,True,False,LOW
42.296,,-0.02,-168.6,0.13,-5.93,5.07,2.94,False,False,False,False,False,False,0.016,-0.019,True,False,LOW
42.32,,-0.01,-167.61,0.05,-5.96,5.29,2.92,False,False,False,False,False,False,0.014,-0.019,True,False,LOW
42.502,,0.51,-168.46,-0.05,-5.79,5.61,2.79,False,False,False,False,False,False,0.016,-0.017,True,False,LOW
42.525,,0.29,-168.82,0.14,-5.8,5.59,2.8,False,False,False,False,False,False,0.015,-0.016,True,False,LOW
42.694,,0.41,-168.38,0.16,-5.77,5.78,2.84,False,False,False,False,False,False,0.006,-0.01,True,False,LOW
42.716,,0.87,-167.81,0.14,-5.71,5.87,2.85,False,False,False,False,False,False,0.008,-0.006,True,False,LOW
42.887,,0.49,-168.22,0.16,-5.68,5.99,2.87,False,False,False,False,False,False,0.006,-0.008,True,False,LOW
42.914,,0.77,-168.55,0.15,-5.64,5.96,2.87,False,False,False,False,False,False,0.01,-0.009,True,False,LOW
43.094,,0.79,-168.87,0.27,-5.49,5.69,2.94,False,False,False,False,False,False,0.011,-0.009,True,False,LOW
43.117,,0.75,-168.84,0.23,-5.48,5.67,2.94,False,False,False,False,False,False,0.043,-0.006,True,False,LOW
43.286,,1.05,-169.14,0.29,-5.28,5.42,2.98,False,False,False,False,False,False,0.06,-0.009,True,False,LOW
43.313,,1.33,-169.2,0.35,-5.21,5.37,2.99,False,False,False,False,False,False,0.063,-0.008,True,False,LOW
43.49,,0.33,-169.49,0.28,-5.53,5.09,3.0,False,False,False,False,False,False,0.06,-0.013,True,False,LOW
43.513,,-0.27,-169.28,0.26,-5.65,5.08,3.0,False,False,False,False,False,False,0.066,-0.009,True,False,LOW
43.685,,-0.07,-168.89,0.22,-5.95,5.27,2.97,False,False,False,False,False,False,0.061,-0.009,True,False,LOW
43.712,,-1.07,-168.15,0.37,-6.14,5.4,2.99,False,False,False,False,False,False,0.066,-0.007,True,False,LOW
43.893,,-0.87,-168.15,0.45,-6.62,5.82,3.09,False,False,False,False,False,False,0.069,-0.008,True,False,LOW
43.916,,-0.69,-168.06,0.41,-6.65,5.88,3.09,False,False,False,False,False,False,0.077,0.003,True,False,LOW
44.085,,-0.11,-166.63,-0.05,-6.45,6.84,2.88,False,False,False,False,False,False,0.056,0.03,True,False,LOW
44.116,,-2.36,-165.41,-0.52,-6.81,7.21,2.77,False,False,False,False,False,False,0.012,0.049,False,False,LOW
44.291,,-3.36,-164.99,-0.99,-8.29,8.38,2.22,False,False,False,False,True,True,0.059,0.047,True,False,LOW
44.315,,-2.85,-164.97,-0.62,-8.39,8.52,2.2,False,False,False,False,False,False,0.058,0.029,True,False,LOW
44.485,,-2.73,-165.11,-0.63,-8.65,8.89,2.15,False,False,False,False,False,False,0.051,0.032,True,False,LOW
44.513,,-2.62,-165.39,-0.36,-8.67,8.9,2.18,False,False,False,False,False,False,0.059,0.025,True,False,LOW
44.695,,-2.22,-165.16,-0.15,-8.51,9.04,2.39,False,False,False,False,False,False,0.063,0.029,True,False,LOW
44.717,,-1.63,-165.2,-0.18,-8.42,9.05,2.41,False,False,False,False,False,False,0.07,0.031,True,False,LOW
44.885,,-1.65,-165.35,-0.16,-8.1,9.01,2.49,False,False,False,False,False,False,0.069,0.032,True,False,LOW
44.914,,-1.27,-165.24,-0.13,-7.99,9.02,2.51,False,False,False,False,False,False,0.067,0.029,True,False,LOW
45.095,,-1.47,-165.25,-0.13,-7.79,9.05,2.55,False,False,False,False,False,False,0.071,0.032,True,False,LOW
45.118,,-1.56,-166.0,-0.09,-7.78,8.96,2.56,False,False,False,False,False,False,0.072,0.031,True,False,LOW
45.282,,-1.44,-165.85,-0.14,-7.68,8.71,2.57,False,False,False,False,False,False,0.071,0.034,True,False,LOW
45.314,,-1.51,-165.69,-0.11,-7.68,8.7,2.58,False,False,False,False,False,False,0.076,0.032,True,False,LOW
45.492,,-1.86,-165.63,-0.08,-7.85,8.7,2.62,False,False,False,False,False,False,0.064,0.033,True,False,LOW
45.515,,-1.38,-165.45,-0.05,-7.81,8.72,2.62,False,False,False,False,False,False,0.073,0.032,True,False,LOW
45.689,,-1.1,-165.43,-0.26,-7.52,8.81,2.54,False,False,False,False,False,False,0.031,0.007,True,False,LOW
45.717,,-1.46,-165.84,-0.29,-7.53,8.76,2.52,False,False,False,False,False,False,0.009,-0.019,True,False,LOW
45.89,,-1.23,-165.7,-0.24,-7.45,8.69,2.5,False,False,False,False,False,False,0.009,-0.021,True,False,LOW
45.913,,-1.3,-165.83,-0.16,-7.45,8.67,2.51,False,False,False,False,False,False,0.008,-0.02,True,False,LOW
46.084,,-1.61,-166.0,-0.24,-7.61,8.49,2.5,False,False,False,False,False,False,0.005,-0.019,True,False,LOW
46.114,,-1.43,-165.7,-0.28,-7.61,8.51,2.49,False,False,False,False,False,False,-0.001,-0.018,True,False,LOW
46.294,,-1.75,-165.9,-0.27,-7.76,8.46,2.47,False,False,False,False,False,False,-0.004,-0.018,True,False,LOW
46.32,,-1.5,-165.52,-0.39,-7.75,8.51,2.45,False,False,False,False,False,False,0.013,-0.01,True,False,LOW
46.485,,-1.86,-165.92,-0.34,-7.88,8.46,2.42,False,False,False,False,False,False,0.013,-0.012,True,False,LOW
46.514,,-1.66,-165.59,-0.31,-7.87,8.5,2.42,False,False,False,False,False,False,0.011,-0.013,True,False,LOW
46.693,,-1.71,-165.11,-0.37,-7.86,8.88,2.38,False,False,False,False,False,False,-0.003,-0.011,True,False,LOW
46.717,,-1.76,-165.03,-0.24,-7.87,8.94,2.4,False,False,False,False,False,False,-0.015,-0.01,True,False,LOW
46.885,,-1.7,-165.17,-0.25,-7.86,9.05,2.44,False,False,False,False,False,False,-0.008,-0.009,True,False,LOW
46.916,,-1.5,-165.11,-0.23,-7.83,9.08,2.45,False,False,False,False,False,False,-0.009,-0.007,True,False,LOW
47.095,,-1.91,-166.0,-0.18,-7.95,8.68,2.5,False,False,False,False,False,False,-0.006,-0.011,True,False,LOW
47.119,,-2.5,-166.01,-0.09,-8.04,8.63,2.52,False,False,False,False,False,False,0.01,-0.007,True,False,LOW
47.295,,-1.85,-165.24,-0.14,-8.02,8.87,2.55,False,False,False,False,False,False,0.009,-0.006,True,False,LOW
47.319,,-1.91,-166.4,-0.03,-8.03,8.74,2.57,False,False,False,False,False,False,0.011,-0.009,True,False,LOW
47.503,,-1.57,-165.5,-0.02,-7.86,8.79,2.64,False,False,False,False,False,False,0.012,-0.008,True,False,LOW
47.527,,-2.09,-165.0,0.24,-7.91,8.86,2.69,False,False,False,False,False,False,0.062,0.013,True,False,LOW
47.694,,-1.93,-164.4,0.16,-8.0,9.41,2.79,False,False,False,False,False,False,0.079,0.019,True,False,LOW
47.718,,-5.25,-162.07,-0.41,-8.5,9.83,2.73,False,False,False,False,False,False,0.066,0.026,True,False,LOW
47.908,,-10.68,-160.47,-1.94,-13.45,12.15,1.65,False,True,False,False,False,True,0.073,0.031,True,False,LOW
47.932,,-12.65,-160.9,-1.78,-14.39,12.34,1.55,False,True,False,False,False,True,0.061,0.029,True,False,LOW
48.091,,-11.91,-160.91,-2.02,-16.45,12.91,1.12,False,True,False,False,False,True,0.056,0.029,True,False,LOW
48.114,,-10.59,-160.32,-2.03,-16.5,13.06,1.06,False,True,False,False,False,True,0.058,0.034,True,False,LOW
48.291,,-10.15,-160.75,-1.69,-16.39,13.34,1.05,False,True,False,False,False,True,0.072,0.03,True,False,LOW
48.315,,-9.76,-160.95,-1.56,-16.32,13.35,1.06,False,True,False,False,False,True,0.061,0.026,True,False,LOW
48.482,,-9.33,-161.01,-1.67,-15.89,13.33,1.06,False,True,False,False,False,True,0.071,0.03,True,False,LOW
48.512,,-9.02,-160.89,-1.6,-15.77,13.35,1.07,False,True,False,False,False,True,0.077,0.031,True,False,LOW
48.69,,-8.96,-160.53,-1.71,-15.42,13.59,1.04,False,True,False,False,True,True,0.075,0.035,True,False,LOW
48.712,,-8.63,-160.61,-1.95,-15.34,13.6,1.01,False,True,False,False,False,True,0.077,0.028,True,False,LOW
48.883,,-8.45,-160.51,-1.78,-14.95,13.71,0.98,False,True,False,False,False,True,0.085,0.03,True,False,LOW
48.915,,-7.82,-161.12,-1.75,-14.78,13.63,0.98,False,True,False,False,False,True,0.01,-0.014,True,False,LOW
49.092,,-6.25,-162.72,-1.36,-13.48,12.54,1.18,False,True,False,False,False,True,-0.017,-0.018,True,False,LOW
49.115,,-6.06,-163.43,-1.04,-13.3,12.31,1.25,False,True,False,False,False,True,-0.007,-0.021,True,False,LOW
49.281,,-5.42,-163.81,-1.0,-12.38,11.35,1.49,False,True,False,False,False,True,-0.009,-0.023,True,False,LOW
49.313,,-2.93,-164.04,-0.78,-11.74,11.16,1.57,False,True,False,False,False,True,-0.004,-0.026,True,False,LOW
49.491,,-2.0,-163.8,-0.59,-9.7,10.81,1.87,False,True,False,False,False,True,-0.006,-0.023,True,False,LOW
49.518,,-0.15,-163.55,-0.58,-9.1,10.81,1.91,False,True,False,False,False,True,-0.002,-0.026,True,False,LOW
49.683,,0.69,-164.2,-1.16,-7.07,10.45,1.74,False,True,False,False,False,True,-0.002,-0.02,True,False,LOW
49.713,,1.68,-164.55,-1.19,-6.57,10.34,1.7,False,True,False,False,False,True,0.001,-0.028,True,False,LOW
49.893,,0.72,-165.25,-1.24,-5.92,9.65,1.59,False,False,False,False,False,False,-0.004,-0.024,True,False,LOW
49.916,,0.19,-166.17,-1.26,-5.93,9.45,1.57,False,False,False,False,False,False,-0.003,-0.022,True,False,LOW
50.082,,0.37,-166.32,-1.26,-5.85,8.68,1.52,False,False,False,False,False,False,0.012,0.049,False,False,LOW
50.113,,-0.49,-165.38,-0.98,-5.98,8.73,1.55,False,False,False,False,False,False,-0.002,-0.015,True,False,LOW
50.29,,-0.75,-165.41,-1.0,-6.47,8.83,1.64,False,False,False,False,False,False,-0.003,-0.021,True,False,LOW
50.313,,-0.17,-165.75,-1.0,-6.45,8.79,1.65,False,False,False,False,False,False,0.012,-0.013,True,False,LOW
50.483,,-0.01,-165.72,-1.0,-6.3,8.7,1.69,False,False,False,False,False,False,0.009,-0.012,True,False,LOW
50.515,,-0.34,-165.6,-1.08,-6.33,8.7,1.68,False,False,False,False,False,False,-0.007,-0.02,True,False,LOW
50.695,,-0.33,-165.47,-1.11,-6.41,8.78,1.65,False,False,False,False,False,False,-0.006,-0.022,True,False,LOW
50.72,,-1.39,-165.5,-1.07,-6.57,8.79,1.65,False,False,False,False,False,False,0.004,-0.015,True,False,LOW
50.882,,-5.06,-165.09,-1.34,-9.05,9.01,1.52,False,False,False,False,False,False,0.055,0.009,True,False,LOW
50.915,,-10.71,-163.68,-2.2,-10.75,9.3,1.34,False,False,False,False,False,False,0.085,0.019,True,False,LOW
51.09,,-13.48,-159.29,-2.84,-16.1,12.51,0.56,False,True,False,False,True,True,0.078,0.041,True,False,LOW
51.113,,-16.8,-158.6,-3.93,-17.38,13.01,0.32,False,True,False,False,True,True,0.053,0.049,True,False,LOW
51.282,,-19.68,-158.49,-4.17,-22.52,14.58,-0.63,False,True,False,False,True,True,0.049,0.057,True,False,MODERATE
51.314,,-20.39,-158.32,-4.19,-23.47,14.86,-0.78,False,True,False,False,True,True,0.034,0.054,True,False,MODERATE
51.489,,-20.21,-158.17,-4.18,-25.18,15.58,-1.14,False,True,False,False,True,True,0.014,0.053,True,False,MODERATE
51.512,,-19.95,-158.17,-4.1,-25.33,15.66,-1.18,False,True,False,False,True,True,0.005,0.042,True,False,MODERATE
51.687,,-19.16,-159.11,-3.71,-25.32,15.42,-1.07,False,True,False,False,True,True,0.042,0.039,True,False,MODERATE
51.717,,-18.65,-158.64,-3.87,-25.23,15.46,-1.09,False,True,False,False,True,True,0.043,0.044,True,False,MODERATE
51.89,,-18.6,-159.05,-3.94,-24.97,15.36,-1.15,False,True,False,False,True,True,0.052,0.048,True,False,MODERATE
51.914,,-17.9,-159.35,-3.56,-24.85,15.31,-1.11,False,True,False,False,True,True,0.054,0.044,True,False,MODERATE
52.084,,-17.51,-159.36,-3.49,-24.23,15.13,-0.93,False,True,False,False,True,True,0.052,0.046,True,False,MODERATE
52.914,,-4.52,-164.87,-1.71,-12.68,10.34,0.71,False,True,False,False,False,True,-0.01,-0.013,True,False,MODERATE
53.028,,-4.36,-164.87,-1.67,-11.72,9.96,0.85,False,False,False,False,False,False,-0.001,-0.018,True,False,MODERATE
53.052,,-5.3,-165.76,-1.93,-11.68,9.76,0.85,False,False,False,False,False,False,-0.01,-0.015,True,False,MODERATE
53.161,,-5.77,-165.41,-1.99,-11.78,9.4,0.8,False,False,False,False,False,False,-0.009,-0.014,True,False,MODERATE
53.186,,-5.38,-165.05,-1.89,-11.74,9.38,0.81,False,False,False,False,False,False,-0.008,-0.016,True,False,MODERATE
53.432,,-5.55,-164.68,-1.96,-11.72,9.54,0.78,False,False,False,False,False,False,-0.008,-0.014,True,False,MODERATE
53.453,,-5.46,-165.48,-2.03,-11.71,9.46,0.77,False,False,False,False,False,False,-0.008,-0.018,True,False,MODERATE
53.556,,-5.23,-165.16,-2.08,-11.57,9.34,0.72,False,False,False,False,False,False,-0.008,-0.018,True,False,MODERATE
53.579,,-5.2,-165.3,-2.01,-11.55,9.3,0.72,False,False,False,False,False,False,-0.006,-0.016,True,False,MODERATE
53.687,,-5.32,-165.25,-2.02,-11.51,9.21,0.71,False,False,False,False,False,False,-0.009,-0.011,True,False,MODERATE
53.71,,-5.89,-165.82,-1.99,-11.58,9.11,0.72,False,False,False,False,False,False,-0.011,-0.011,True,False,MODERATE
53.889,,-5.3,-165.56,-2.04,-11.51,8.93,0.7,False,False,False,False,False,False,-0.045,-0.008,True,False,MODERATE
53.913,,-4.91,-165.29,-2.1,-11.45,8.94,0.69,False,False,False,False,False,False,-0.041,-0.011,True,False,MODERATE
54.08,,-5.62,-165.57,-1.8,-11.61,8.85,0.81,False,False,False,False,False,False,0.011,-0.002,True,False,MODERATE
54.103,,-5.76,-165.66,-1.88,-11.65,8.82,0.81,False,False,False,False,False,False,0.009,-0.009,True,False,MODERATE
54.291,,-6.4,-165.16,-1.95,-12.14,9.01,0.79,False,False,False,False,False,False,0.016,-0.007,True,False,MODERATE
54.313,,-10.96,-164.33,-1.87,-12.86,9.13,0.8,False,False,False,False,False,False,0.048,0.006,True,False,MODERATE
54.484,,-18.01,-160.43,-3.3,-19.53,11.73,0.08,False,True,False,False,False,True,0.062,0.018,True,False,MODERATE
54.507,,-22.84,-160.69,-3.73,-21.36,12.01,-0.07,False,True,False,False,True,True,0.018,0.045,True,False,MODERATE
54.691,,-25.06,-158.62,-4.4,-27.62,14.12,-0.95,False,True,False,False,True,True,0.006,0.048,True,False,MODERATE
54.714,,-24.01,-157.53,-4.65,-28.08,14.53,-1.09,False,True,False,False,True,True,0.014,0.043,True,False,MODERATE
54.881,,-23.63,-157.96,-4.74,-29.06,15.54,-1.58,False,True,False,False,False,True,0.012,0.049,False,False,MODERATE
54.904,,-22.62,-157.91,-4.56,-29.02,15.66,-1.61,False,True,False,False,True,True,0.011,0.042,True,False,MODERATE
55.088,,-21.69,-157.52,-4.5,-28.36,16.3,-1.7,False,True,False,False,False,True,0.012,0.049,False,False,HIGH
55.11,,-21.93,-157.8,-4.62,-28.32,16.33,-1.72,False,True,False,False,True,True,0.068,0.045,True,False,HIGH
55.294,,-21.76,-158.14,-4.45,-28.1,16.25,-1.72,False,True,False,False,True,True,0.067,0.043,True,False,HIGH
55.316,,-21.41,-157.54,-4.47,-28.03,16.32,-1.73,False,True,False,False,True,True,0.043,0.044,True,False,HIGH
55.502,,-21.22,-157.62,-4.51,-27.67,16.53,-1.76,False,True,False,False,True,True,0.046,0.042,True,False,HIGH
55.533,,-20.53,-157.97,-4.62,-27.51,16.5,-1.78,False,True,False,False,False,True,0.015,0.025,True,False,HIGH
55.696,,-20.05,-158.48,-4.12,-26.83,16.17,-1.58,False,True,False,False,False,True,0.013,0.007,True,False,HIGH
55.72,,-19.73,-158.35,-4.35,-26.7,16.14,-1.59,False,True,False,False,False,True,-0.025,-0.017,True,False,HIGH
55.897,,-18.79,-159.19,-4.15,-25.74,15.61,-1.5,False,True,False,False,False,True,-0.024,-0.026,True,False,HIGH
57.135,,-1.17,-166.82,-1.62,-9.25,8.39,0.81,False,False,False,False,False,False,0.009,-0.008,True,False,HIGH
57.287,,-1.48,-168.37,-1.89,-8.42,7.16,0.82,False,False,False,False,False,False,0.019,0.022,True,False,HIGH
57.311,,-2.08,-167.59,-1.77,-8.4,7.1,0.84,False,False,False,False,False,False,-0.031,-0.002,True,False,HIGH
57.499,,-1.24,-168.09,-1.6,-7.84,6.62,1.0,False,False,False,False,False,False,-0.019,-0.009,True,False,HIGH
57.523,,-1.3,-167.67,-1.54,-7.78,6.62,1.02,False,False,False,False,False,False,-0.002,-0.008,True,False,HIGH
57.681,,-1.64,-167.66,-1.6,-7.79,6.64,1.07,False,False,False,False,False,False,0.002,-0.01,True,False,HIGH
57.703,,-1.94,-167.29,-1.61,-7.82,6.69,1.08,False,False,False,False,False,False,0.002,-0.011,True,False,HIGH
57.891,,-2.2,-167.28,-1.71,-8.11,6.88,1.04,False,False,False,False,False,False,-0.001,-0.011,True,False,HIGH
57.914,,-2.17,-166.93,-1.64,-8.14,6.95,1.05,False,False,False,False,False,False,-0.012,-0.009,True,False,HIGH
58.084,,-0.94,-167.26,-1.87,-7.59,7.01,0.95,False,False,False,False,False,False,0.012,0.049,False,False,HIGH
58.107,,-0.77,-166.89,-1.77,-7.5,7.06,0.95,False,False,False,False,False,False,0.004,0.007,True,False,HIGH
58.288,,-1.28,-167.93,-1.89,-7.46,6.71,0.89,False,False,False,False,False,False,-0.011,-0.009,True,False,HIGH
58.311,,-1.35,-167.27,-1.75,-7.47,6.75,0.9,False,False,False,False,False,False,-0.003,-0.006,True,False,HIGH
58.481,,-1.77,-167.38,-1.71,-7.7,6.85,0.96,False,False,False,False,False,False,0.003,-0.004,True,False,HIGH
58.505,,-1.37,-167.03,-1.68,-7.68,6.91,0.97,False,False,False,False,False,False,0.006,-0.003,True,False,MODERATE
58.692,,-1.58,-167.73,-1.8,-7.71,6.74,0.95,False,False,False,False,False,False,0.008,-0.004,True,False,MODERATE
58.714,,-1.46,-166.95,-1.83,-7.69,6.82,0.94,False,False,False,False,False,False,0.008,-0.004,True,False,MODERATE
58.883,,-1.87,-167.89,-1.69,-7.86,6.62,0.99,False,False,False,False,False,False,0.035,-0.002,True,False,MODERATE
58.906,,-1.53,-167.65,-1.63,-7.84,6.63,1.0,False,False,False,False,False,False,0.033,-0.003,True,False,MODERATE
59.09,,-1.37,-167.64,-1.73,-7.67,6.66,1.0,False,False,False,False,False,False,0.022,-0.008,True,False,MODERATE
59.113,,-1.74,-167.83,-1.77,-7.7,6.64,0.99,False,False,False,False,False,False,0.019,-0.005,True,False,MODERATE
59.286,,-1.07,-168.04,-1.96,-7.45,6.45,0.87,False,False,False,False,False,False,0.012,0.049,False,False,MODERATE
59.407,,-1.63,-168.3,-1.95,-7.59,6.27,0.83,False,False,False,False,False,False,0.012,0.004,True,False,MODERATE
59.514,,-1.08,-168.29,-2.08,-7.45,6.17,0.76,False,False,False,False,False,False,0.012,0.049,False,False,MODERATE
59.537,,-1.35,-167.79,-2.08,-7.45,6.22,0.74,False,False,False,False,False,False,-0.009,-0.012,True,False,MODERATE
59.684,,-1.28,-167.41,-1.91,-7.44,6.56,0.78,False,False,False,False,False,False,-0.008,-0.013,True,False,MODERATE
59.707,,-1.22,-167.22,-1.78,-7.43,6.63,0.8,False,False,False,False,False,False,0.015,-0.008,True,False,MODERATE
59.888,,-1.07,-167.45,-1.8,-7.32,6.76,0.87,False,False,False,False,False,False,0.011,-0.006,True,False,MODERATE
59.912,,-1.34,-167.29,-1.9,-7.34,6.8,0.86,False,False,False,False,False,False,0.013,-0.008,True,False,MODERATE
60.084,,-2.01,-167.91,-1.85,-7.77,6.6,0.87,False,False,False,False,False,False,0.012,-0.008,True,False,MODERATE
60.108,,-1.61,-168.13,-1.81,-7.77,6.54,0.87,False,False,False,False,False,False,0.012,-0.01,True,False,MODERATE
60.296,,-1.69,-168.0,-1.83,-7.81,6.43,0.89,False,False,False,False,False,False,0.013,-0.009,True,False,MODERATE
60.318,,-1.45,-168.21,-1.71,-7.78,6.39,0.9,False,False,False,False,False,False,0.01,-0.007,True,False,MODERATE
60.482,,-2.09,-167.59,-1.88,-8.02,6.56,0.87,False,False,False,False,False,False,0.01,-0.007,True,False,MODERATE
60.506,,-1.49,-168.12,-1.88,-7.97,6.52,0.87,False,False,False,False,False,False,0.013,-0.01,True,False,MODERATE
60.691,,-1.97,-167.82,-1.84,-8.05,6.51,0.88,False,False,False,False,False,False,0.011,-0.009,True,False,MODERATE
60.714,,-1.66,-167.99,-1.8,-8.02,6.49,0.88,False,False,False,False,False,False,0.014,-0.01,True,False,MODERATE
60.883,,-1.81,-167.55,-1.76,-7.99,6.64,0.93,False,False,False,False,False,False,0.029,-0.005,True,False,MODERATE
60.906,,-1.85,-167.77,-1.68,-7.99,6.63,0.94,False,False,False,False,False,False,0.024,-0.01,True,False,MODERATE
61.089,,-1.75,-167.17,-1.64,-7.94,6.91,1.02,False,False,False,False,False,False,0.004,0.001,True,False,MODERATE
61.113,,-0.52,-167.08,-2.04,-7.77,6.95,0.97,False,False,False,False,False,False,0.012,0.049,False,False,MODERATE
61.28,,-0.62,-167.87,-1.78,-7.25,6.7,0.96,False,False,False,False,False,False,0.012,0.049,False,False,MODERATE
61.303,,-0.56,-168.38,-1.83,-7.17,6.6,0.95,False,False,False,False,False,False,0.012,0.049,False,False,MODERATE
61.491,,-1.15,-167.77,-1.69,-7.24,6.58,1.0,False,False,False,False,False,False,0.015,-0.0,True,False,MODERATE
61.515,,-1.34,-168.35,-1.83,-7.27,6.5,0.98,False,False,False,False,False,False,0.007,-0.004,True,False,MODERATE
61.688,,-1.64,-167.91,-1.84,-7.54,6.45,0.93,False,False,False,False,False,False,0.003,-0.003,True,False,MODERATE
61.71,,-1.93,-168.06,-1.92,-7.61,6.43,0.92,False,False,False,False,False,False,0.0,-0.002,True,False,MODERATE
61.891,,-1.82,-167.92,-1.9,-7.8,6.42,0.87,False,False,False,False,False,False,0.003,-0.006,True,False,MODERATE
61.913,,-1.66,-167.95,-1.86,-7.8,6.41,0.87,False,False,False,False,False,False,0.012,-0.008,True,False,MODERATE
62.085,,-1.65,-167.74,-1.85,-7.8,6.5,0.87,False,False,False,False,False,False,0.01,-0.007,True,False,MODERATE
62.108,,-1.53,-168.26,-1.74,-7.79,6.45,0.89,False,False,False,False,False,False,0.009,-0.009,True,False,MODERATE
62.294,,-1.72,-167.75,-1.81,-7.83,6.52,0.9,False,False,False,False,False,False,0.004,-0.006,True,False,MODERATE
62.317,,-1.44,-168.41,-1.78,-7.8,6.44,0.91,False,False,False,False,False,False,0.002,-0.008,True,False,MODERATE
62.485,,-2.28,-167.7,-1.83,-8.13,6.53,0.9,False,False,False,False,False,False,0.0,-0.007,True,False,MODERATE
62.508,,-1.28,-168.27,-1.86,-8.04,6.47,0.9,False,False,False,False,False,False,0.004,-0.005,True,False,MODERATE
62.695,,-1.39,-168.05,-1.77,-7.77,6.37,0.93,False,False,False,False,False,False,0.003,-0.007,True,False,MODERATE
62.717,,-1.5,-168.12,-1.77,-7.75,6.35,0.93,False,False,False,False,False,False,0.011,-0.007,True,False,MODERATE
62.885,,-1.22,-168.18,-1.78,-7.55,6.24,0.94,False,False,False,False,False,False,0.016,-0.008,True,False,MODERATE
62.908,,-1.26,-167.74,-1.82,-7.54,6.29,0.93,False,False,False,False,False,False,0.012,-0.008,True,False,MODERATE
63.095,,-1.84,-167.58,-1.9,-7.78,6.53,0.88,False,False,False,False,False,False,0.01,-0.008,True,False,MODERATE
63.123,,-1.72,-167.74,-1.78,-7.79,6.54,0.89,False,False,False,False,False,False,0.013,-0.007,True,False,MODERATE
63.295,,-1.61,-167.25,-1.75,-7.78,6.82,0.93,False,False,False,False,False,False,0.007,-0.004,True,False,MODERATE
63.32,,-1.54,-167.81,-1.7,-7.76,6.78,0.94,False,False,False,False,False,False,0.009,-0.006,True,False,MODERATE
63.502,,-1.18,-167.07,-1.73,-7.53,7.03,0.97,False,False,False,False,False,False,0.01,-0.005,True,False,MODERATE
63.525,,-1.48,-168.16,-1.7,-7.54,6.92,0.98,False,False,False,False,False,False,0.01,-0.007,True,False,MODERATE
63.69,,-1.63,-167.46,-1.68,-7.66,6.89,1.01,False,False,False,False,False,False,0.01,-0.007,True,False,MODERATE
63.713,,-1.87,-167.8,-1.65,-7.71,6.85,1.02,False,False,False,False,False,False,0.009,-0.007,True,False,MODERATE
63.885,,-1.66,-167.38,-1.69,-7.76,6.9,1.03,False,False,False,False,False,False,0.011,-0.005,True,False,MODERATE
63.908,,-1.54,-168.13,-1.73,-7.75,6.81,1.02,False,False,False,False,False,False,0.01,-0.007,True,False,MODERATE
64.093,,-1.54,-167.72,-1.74,-7.72,6.7,1.0,False,False,False,False,False,False,0.012,-0.007,True,False,MODERATE
64.116,,-1.18,-167.76,-1.72,-7.67,6.68,1.0,False,False,False,False,False,False,0.011,-0.005,True,False,MODERATE
64.273,,-1.2,-168.14,-1.8,-7.51,6.43,0.96,False,False,False,False,False,False,0.008,-0.007,True,False,MODERATE
64.305,,-0.71,-166.92,-1.67,-7.4,6.59,0.98,False,False,False,False,False,False,0.009,-0.007,True,False,MODERATE
64.484,,-1.58,-167.21,-1.78,-7.58,6.87,0.96,False,False,False,False,False,False,0.009,-0.006,True,False,MODERATE
64.508,,-1.19,-167.15,-1.83,-7.54,6.91,0.95,False,False,False,False,False,False,0.011,-0.005,True,False,MODERATE
64.674,,-1.64,-166.97,-1.74,-7.67,7.14,0.97,False,False,False,False,False,False,0.008,-0.003,True,False,MODERATE
64.705,,-1.52,-167.29,-1.71,-7.67,7.12,0.98,False,False,False,False,False,False,0.008,-0.001,True,False,MODERATE
64.881,,-1.76,-167.42,-1.69,-7.8,7.01,1.01,False,False,False,False,False,False,0.007,0.005,True,False,MODERATE
64.904,,-0.99,-167.39,-1.84,-7.71,7.0,0.99,False,False,False,False,False,False,0.017,0.022,True,False,MODERATE
65.073,,-0.32,-168.23,-1.93,-7.06,6.53,0.89,False,False,False,False,False,False,0.012,0.049,False,False,MODERATE
65.106,,-1.12,-167.59,-1.66,-7.1,6.56,0.92,False,False,False,False,False,False,0.02,0.006,True,False,MODERATE
65.281,,-0.71,-167.82,-1.59,-6.97,6.53,1.03,False,False,False,False,False,False,0.008,0.002,True,False,MODERATE
65.304,,-0.86,-168.14,-1.52,-6.98,6.49,1.05,False,False,False,False,False,False,0.01,-0.009,True,False,MODERATE
65.477,,-0.65,-167.81,-1.43,-6.88,6.5,1.18,False,False,False,False,False,False,0.007,-0.01,True,False,MODERATE
65.506,,-0.76,-167.64,-1.53,-6.89,6.53,1.18,False,False,False,False,False,False,0.005,-0.009,True,False,MODERATE
65.683,,-1.1,-168.11,-1.61,-7.08,6.36,1.15,False,False,False,False,False,False,0.008,-0.006,True,False,MODERATE
65.705,,-1.31,-167.62,-1.63,-7.13,6.41,1.14,False,False,False,False,False,False,0.003,-0.007,True,False,MODERATE
65.873,,-1.25,-167.59,-1.68,-7.27,6.58,1.09,False,False,False,False,False,False,0.003,-0.006,True,False,MODERATE
65.905,,-1.33,-167.51,-1.71,-7.3,6.62,1.08,False,False,False,False,False,False,0.004,-0.009,True,False,MODERATE
66.084,,-1.31,-167.68,-1.66,-7.39,6.63,1.07,False,False,False,False,False,False,0.006,-0.009,True,False,MODERATE
66.108,,-1.42,-167.25,-1.74,-7.41,6.69,1.06,False,False,False,False,False,False,0.004,-0.008,True,False,MODERATE
66.276,,-1.06,-167.47,-1.78,-7.31,6.78,1.0,False,False,False,False,False,False,0.006,-0.008,True,False,MODERATE
66.305,,-1.61,-167.45,-1.79,-7.38,6.79,0.99,False,False,False,False,False,False,0.005,-0.007,True,False,MODERATE
66.484,,-1.35,-167.23,-1.77,-7.44,6.95,0.97,False,False,False,False,False,False,0.007,-0.007,True,False,MODERATE
66.508,,-1.67,-168.1,-1.86,-7.49,6.86,0.96,False,False,False,False,False,False,0.006,-0.007,True,False,MODERATE
66.678,,-1.4,-167.0,-1.75,-7.52,7.1,0.97,False,False,False,False,False,False,0.01,-0.005,True,False,MODERATE
66.704,,-1.52,-168.04,-1.76,-7.54,6.98,0.97,False,False,False,False,False,False,0.013,-0.005,True,False,MODERATE
66.881,,0.18,-166.78,-1.84,-6.71,7.28,0.92,False,False,False,False,False,False,0.012,0.049,False,False,MODERATE
66.902,,-0.72,-167.77,-1.54,-6.72,7.19,0.95,False,False,False,False,False,False,0.02,-0.001,True,False,MODERATE
67.075,,-0.48,-168.26,-1.53,-6.68,6.59,1.08,False,False,False,False,False,False,0.007,-0.006,True,False,MODERATE
67.106,,-0.41,-167.61,-1.56,-6.66,6.61,1.09,False,False,False,False,False,False,0.007,-0.011,True,False,MODERATE
67.286,,-0.03,-167.67,-1.5,-6.4,6.64,1.16,False,False,False,False,False,False,0.006,-0.013,True,False,MODERATE
67.309,,-0.17,-167.73,-1.38,-6.39,6.63,1.19,False,False,False,False,False,False,0.008,-0.011,True,False,MODERATE
67.476,,-0.76,-167.71,-1.49,-6.66,6.62,1.21,False,False,False,False,False,False,0.011,-0.01,True,False,MODERATE
67.505,,-0.89,-167.09,-1.51,-6.72,6.72,1.21,False,False,False,False,False,False,0.013,-0.011,True,False,MODERATE
67.683,,-1.36,-167.23,-1.53,-7.14,6.92,1.2,False,False,False,False,False,False,0.009,-0.006,True,False,MODERATE
67.706,,-1.34,-167.31,-1.7,-7.19,6.93,1.18,False,False,False,False,False,False,0.013,-0.007,True,False,MODERATE
67.88,,-1.43,-167.65,-1.76,-7.39,6.8,1.07,False,False,False,False,False,False,0.015,0.009,True,False,MODERATE
67.905,,-0.33,-167.29,-2.05,-7.27,6.83,1.01,False,False,False,False,False,False,0.012,0.049,False,False,MODERATE
68.084,,-0.95,-167.09,-1.6,-7.18,7.05,1.07,False,False,False,False,False,False,0.029,0.006,True,False,LOW
68.107,,-1.65,-167.79,-1.61,-7.26,6.98,1.08,False,False,False,False,False,False,0.008,-0.002,True,False,LOW
68.279,,-1.6,-167.67,-1.61,-7.52,6.81,1.1,False,False,False,False,False,False,0.006,-0.003,True,False,LOW
68.305,,-1.48,-167.7,-1.54,-7.53,6.78,1.11,False,False,False,False,False,False,0.009,-0.007,True,False,LOW
68.482,,-1.18,-168.13,-1.67,-7.43,6.47,1.08,False,False,False,False,False,False,0.01,-0.009,True,False,LOW
68.505,,-0.86,-167.42,-1.61,-7.37,6.53,1.09,False,False,False,False,False,False,0.005,-0.006,True,False,LOW
68.678,,-0.9,-167.18,-1.65,-7.2,6.85,1.08,False,False,False,False,False,False,0.009,-0.009,True,False,LOW
68.704,,-1.23,-167.32,-1.66,-7.23,6.87,1.08,False,False,False,False,False,False,0.011,-0.009,True,False,LOW
68.886,,-1.81,-167.65,-1.85,-7.62,6.77,0.97,False,False,False,False,False,False,0.011,-0.006,True,False,LOW
68.91,,-1.92,-167.81,-1.78,-7.68,6.73,0.97,False,False,False,False,False,False,0.01,-0.002,True,False,LOW
69.078,,-1.99,-167.6,-1.86,-7.92,6.73,0.91,False,False,False,False,False,False,0.015,-0.001,True,False,LOW
69.106,,-2.29,-167.73,-1.82,-8.0,6.71,0.91,False,False,False,False,False,False,0.015,-0.0,True,False,LOW
69.281,,-0.39,-167.2,-2.01,-7.23,6.93,0.81,False,False,False,False,False,False,0.012,0.049,False,False,LOW
69.305,,-0.86,-167.37,-1.64,-7.2,6.93,0.85,False,False,False,False,False,False,0.031,0.005,True,False,LOW
69.477,,-1.02,-167.04,-1.63,-7.19,7.12,0.98,False,False,False,False,False,False,0.054,0.01,True,False,LOW
69.506,,-1.88,-167.05,-1.63,-7.32,7.14,0.99,False,False,False,False,False,False,0.051,0.011,True,False,LOW
69.684,,-1.47,-167.03,-1.44,-7.48,7.22,1.15,False,False,False,False,False,False,0.05,0.009,True,False,LOW
69.705,,-1.38,-167.6,-1.42,-7.48,7.16,1.17,False,False,False,False,False,False,0.048,0.006,True,False,LOW
69.876,,-1.4,-167.56,-1.46,-7.52,6.95,1.22,False,False,False,False,False,False,0.045,0.001,True,False,LOW
69.904,,-1.2,-167.74,-1.43,-7.49,6.9,1.23,False,False,False,False,False,False,0.047,-0.006,True,False,LOW
70.086,,-1.37,-167.41,-1.55,-7.51,6.91,1.2,False,False,False,False,False,False,0.049,-0.003,True,False,LOW
70.11,,-2.28,-167.49,-1.65,-7.63,6.9,1.18,False,False,False,False,False,False,0.046,0.001,True,False,LOW
70.276,,-2.0,-166.96,-1.55,-7.9,7.14,1.18,False,False,False,False,False,False,0.049,0.003,True,False,LOW
70.305,,-1.82,-166.92,-1.61,-7.91,7.18,1.17,False,False,False,False,False,False,0.056,0.0,True,False,LOW
70.484,,-1.83,-166.59,-1.77,-7.95,7.48,1.06,False,False,False,False,False,False,0.018,-0.002,True,False,LOW
70.507,,-2.17,-167.11,-1.86,-8.0,7.44,1.03,False,False,False,False,False,False,-0.001,-0.0,True,False,LOW
70.674,,-1.92,-166.54,-1.8,-8.03,7.62,0.98,False,False,False,False,False,False,0.032,-0.0,True,False,LOW
70.707,,-2.85,-167.15,-1.83,-8.21,7.54,0.96,False,False,False,False,False,False,0.046,0.01,True,False,LOW
70.882,,-1.71,-166.87,-1.7,-8.02,7.5,1.0,False,False,False,False,False,False,0.056,0.008,True,False,LOW
70.905,,-1.44,-166.07,-1.63,-7.97,7.59,1.01,False,False,False,False,False,False,0.02,-0.003,True,False,LOW
71.214,,-1.41,-166.39,-1.58,-7.7,7.82,1.1,False,False,False,False,False,False,0.018,-0.008,True,False,LOW
71.236,,-1.49,-166.27,-1.79,-7.69,7.85,1.08,False,False,False,False,False,False,0.018,-0.007,True,False,LOW
71.349,,-0.89,-166.79,-2.01,-7.42,7.72,0.93,False,False,False,False,False,False,0.012,0.049,False,False,LOW
71.372,,-1.2,-166.87,-2.19,-7.41,7.69,0.88,False,False,False,False,False,False,0.012,0.049,False,False,LOW
71.488,,-1.21,-167.25,-2.05,-7.39,7.43,0.79,False,False,False,False,False,False,0.013,0.032,True,False,LOW
71.513,,-1.62,-167.13,-1.87,-7.44,7.39,0.8,False,False,False,False,False,False,0.009,-0.001,True,False,LOW
71.698,,-1.91,-166.74,-1.87,-7.78,7.5,0.83,False,False,False,False,False,False,0.004,-0.003,True,False,LOW
71.721,,-1.7,-166.81,-1.86,-7.78,7.5,0.83,False,False,False,False,False,False,0.01,-0.004,True,False,LOW
71.886,,-1.74,-166.42,-1.82,-7.84,7.71,0.87,False,False,False,False,False,False,0.012,-0.004,True,False,LOW
71.909,,-1.8,-166.57,-1.94,-7.85,7.71,0.86,False,False,False,False,False,False,0.011,-0.006,True,False,LOW
72.091,,-2.09,-166.57,-1.88,-8.06,7.74,0.85,False,False,False,False,False,False,0.008,-0.003,True,False,LOW
72.115,,-1.9,-166.48,-1.96,-8.06,7.75,0.84,False,False,False,False,False,False,0.01,-0.003,True,False,LOW
72.275,,-2.48,-166.98,-1.79,-8.35,7.55,0.89,False,False,False,False,False,False,0.048,0.008,True,False,LOW
72.304,,-2.2,-166.91,-1.74,-8.35,7.53,0.9,False,False,False,False,False,False,0.05,0.009,True,False,LOW
72.482,,-4.82,-166.11,-1.68,-9.77,7.89,0.98,False,False,False,False,False,False,0.054,0.007,True,False,LOW
72.505,,-8.33,-164.82,-1.61,-10.46,8.1,0.99,False,False,False,False,False,False,0.09,0.016,True,False,LOW
72.681,,-12.99,-160.74,-2.56,-15.58,11.18,0.56,False,True,False,False,False,True,0.078,0.03,True,False,LOW
72.706,,-14.01,-158.61,-3.18,-16.42,11.95,0.41,False,True,False,False,True,True,0.049,0.056,True,False,LOW
72.882,,-15.23,-158.41,-3.16,-19.35,14.23,-0.04,False,True,False,False,True,True,0.043,0.049,True,False,LOW
72.905,,-15.77,-158.66,-3.23,-19.77,14.45,-0.1,False,True,False,False,True,True,0.032,0.045,True,False,LOW
73.075,,-14.38,-159.07,-3.08,-20.2,14.89,-0.23,False,True,False,False,True,True,0.04,0.045,True,False,LOW
73.107,,-13.28,-159.48,-2.91,-20.05,14.88,-0.23,False,True,False,False,True,True,0.041,0.049,True,False,LOW
73.283,,-12.49,-159.58,-2.77,-19.3,14.81,-0.13,False,True,False,False,True,True,0.035,0.044,True,False,LOW
73.306,,-12.2,-159.6,-3.12,-19.18,14.8,-0.16,False,True,False,False,False,True,-0.032,-0.006,True,False,LOW
73.476,,-10.84,-160.82,-2.88,-18.02,14.13,-0.16,False,True,False,False,False,True,-0.013,-0.015,True,False,LOW
73.506,,-9.09,-162.81,-2.81,-17.53,13.68,-0.15,False,True,False,False,False,True,-0.015,-0.004,True,False,LOW
73.682,,-7.21,-165.46,-2.59,-15.19,10.98,0.0,False,True,False,False,False,True,-0.018,-0.009,True,False,LOW
73.704,,-4.27,-167.84,-2.33,-14.45,10.3,0.05,False,True,False,False,False,True,-0.014,-0.013,True,False,LOW
73.875,,-1.85,-168.36,-1.48,-10.7,7.82,0.68,False,False,False,False,False,False,-0.008,-0.012,True,False,LOW
73.905,,-3.58,-169.3,-1.76,-10.51,7.27,0.73,False,False,False,False,False,False,0.003,-0.007,True,False,LOW
74.081,,-4.44,-168.66,-2.12,-10.56,6.36,0.66,False,False,False,False,False,False,0.005,-0.007,True,False,LOW
74.104,,-4.33,-168.75,-2.02,-10.55,6.25,0.67,False,False,False,False,False,False,0.011,-0.007,True,False,LOW
74.283,,-4.65,-169.14,-2.0,-10.68,5.66,0.7,False,False,False,False,False,False,0.008,-0.006,True,False,LOW
74.306,,-4.56,-168.86,-2.04,-10.69,5.63,0.7,False,False,False,False,False,False,0.006,-0.008,True,False,LOW
74.487,,-4.65,-168.92,-2.09,-10.75,5.51,0.66,False,False,False,False,False,False,0.009,-0.004,True,False,LOW
74.509,,-4.76,-168.68,-2.07,-10.77,5.53,0.66,False,False,False,False,False,False,0.009,-0.011,True,False,LOW
74.677,,-3.7,-168.18,-2.59,-10.29,5.84,0.39,False,False,False,False,False,False,0.012,0.049,False,False,LOW
74.699,,-3.06,-167.56,-2.41,-10.15,5.96,0.38,False,False,False,False,False,False,0.012,0.049,False,False,LOW
74.883,,-3.63,-168.17,-2.4,-9.95,6.07,0.35,False,False,False,False,False,False,0.014,0.002,True,False,LOW
74.906,,-4.12,-168.28,-2.34,-9.99,6.06,0.36,False,False,False,False,False,False,0.001,0.0,True,False,LOW
75.075,,-4.99,-167.35,-2.27,-10.59,6.54,0.41,False,False,False,False,False,False,-0.0,-0.002,True,False,LOW
75.097,,-4.39,-166.71,-2.31,-10.58,6.68,0.41,False,False,False,False,False,False,0.005,-0.006,True,False,LOW
75.285,,-4.54,-167.04,-2.25,-10.64,7.01,0.44,False,False,False,False,False,False,0.001,-0.005,True,False,LOW
75.307,,-5.41,-167.37,-2.08,-10.76,7.01,0.47,False,False,False,False,False,False,0.055,0.007,True,False,LOW
75.476,,-5.18,-166.58,-1.97,-11.06,7.39,0.62,False,False,False,False,False,False,0.067,0.007,True,False,LOW
75.5,,-6.7,-166.51,-2.05,-11.31,7.45,0.62,False,False,False,False,False,False,0.069,0.015,True,False,LOW
75.685,,-9.72,-164.0,-2.74,-13.91,9.05,0.28,False,False,False,False,False,False,0.095,0.016,True,False,LOW
75.707,,-13.95,-162.25,-3.61,-14.89,9.48,0.13,False,False,False,False,True,True,0.102,0.028,True,False,LOW
75.873,,-16.28,-161.85,-3.54,-19.28,11.12,-0.36,False,True,False,False,False,True,0.074,0.03,True,False,LOW
75.907,,-15.74,-161.99,-3.34,-19.87,11.36,-0.41,False,True,False,False,False,True,0.073,0.026,True,False,LOW
76.084,,-14.33,-161.57,-3.49,-20.22,12.13,-0.6,False,True,False,False,False,True,0.071,0.025,True,False,LOW
76.106,,-12.94,-161.27,-2.98,-20.07,12.26,-0.56,False,True,False,False,False,True,0.068,0.029,True,False,LOW
76.277,,-12.81,-161.24,-3.17,-19.48,12.7,-0.5,False,True,False,False,False,True,0.062,0.029,True,False,LOW
76.301,,-12.88,-160.93,-3.15,-19.42,12.8,-0.49,False,True,False,False,False,True,0.068,0.025,True,False,LOW
76.484,,-13.31,-161.56,-3.06,-19.44,12.78,-0.41,False,True,False,False,False,True,0.059,0.028,True,False,LOW
76.507,,-13.19,-161.21,-3.08,-19.43,12.82,-0.4,False,True,False,False,False,True,0.06,0.028,True,False,LOW
76.676,,-12.55,-160.84,-3.26,-19.05,13.17,-0.47,False,True,False,False,False,True,0.05,0.023,True,False,LOW
76.698,,-10.04,-161.77,-2.82,-18.67,13.1,-0.42,False,True,False,False,False,True,-0.017,-0.013,True,False,LOW
76.883,,-6.66,-163.49,-2.2,-15.28,11.86,0.09,False,True,False,False,False,True,-0.006,-0.01,True,False,MODERATE
76.906,,-3.36,-165.27,-1.33,-14.33,11.46,0.27,False,True,False,False,False,True,-0.004,-0.011,True,False,MODERATE
77.078,,-3.64,-167.03,-1.53,-11.7,9.15,0.76,False,False,False,False,False,False,0.002,-0.008,True,False,MODERATE
77.101,,-3.97,-168.27,-1.42,-11.45,8.67,0.83,False,False,False,False,False,False,0.001,-0.008,True,False,MODERATE
77.282,,-4.59,-167.87,-1.61,-11.05,7.41,0.99,False,False,False,False,False,False,0.006,-0.009,True,False,MODERATE
77.31,,-4.95,-167.55,-1.62,-11.05,7.3,1.0,False,False,False,False,False,False,0.006,-0.011,True,False,MODERATE
77.478,,-4.22,-166.91,-1.82,-10.69,7.36,0.95,False,False,False,False,False,False,0.006,-0.015,True,False,MODERATE
77.501,,-5.01,-167.54,-1.87,-10.75,7.28,0.94,False,False,False,False,False,False,0.001,-0.014,True,False,MODERATE
77.685,,-4.63,-167.2,-1.86,-10.77,7.2,0.9,False,False,False,False,False,False,0.003,-0.015,True,False,MODERATE
77.821,,-3.95,-167.14,-2.33,-10.46,7.19,0.67,False,False,False,False,False,False,0.012,0.049,False,False,MODERATE
77.93,,-4.32,-167.49,-2.33,-10.46,7.04,0.55,False,False,False,False,False,False,0.012,0.013,True,False,MODERATE
77.952,,-4.59,-167.55,-2.11,-10.5,7.01,0.56,False,False,False,False,False,False,0.004,-0.005,True,False,MODERATE
78.083,,-4.14,-167.12,-2.09,-10.4,7.1,0.6,False,False,False,False,False,False,0.002,-0.007,True,False,MODERATE
78.105,,-4.31,-167.36,-1.97,-10.41,7.08,0.61,False,False,False,False,False,False,0.003,-0.009,True,False,MODERATE
78.279,,-4.19,-167.18,-2.08,-10.37,7.12,0.63,False,False,False,False,False,False,0.006,-0.007,True,False,MODERATE
78.302,,-4.42,-166.63,-2.16,-10.4,7.19,0.62,False,False,False,False,False,False,0.004,-0.006,True,False,MODERATE
78.481,,-4.16,-166.79,-2.07,-10.35,7.37,0.64,False,False,False,False,False,False,0.01,-0.012,True,False,MODERATE
78.505,,-4.65,-166.87,-2.07,-10.41,7.38,0.64,False,False,False,False,False,False,0.006,-0.009,True,False,MODERATE
78.675,,-5.6,-167.04,-1.87,-11.11,7.33,0.75,False,False,False,False,False,False,0.068,0.009,True,False,MODERATE
78.696,,-9.51,-165.88,-2.41,-11.74,7.47,0.7,False,False,False,False,True,True,0.103,0.018,True,False,MODERATE
78.885,,-15.72,-165.26,-3.31,-17.88,8.35,-0.01,False,False,False,False,False,False,0.075,0.025,True,False,MODERATE
78.907,,-16.97,-161.65,-4.11,-18.79,9.0,-0.19,False,False,False,False,True,True,0.064,0.044,True,False,LOW
79.072,,-18.44,-159.41,-4.84,-22.18,12.32,-1.21,False,True,False,False,True,True,0.045,0.056,True,False,LOW
79.094,,-19.96,-160.51,-4.67,-22.84,12.54,-1.31,False,True,False,False,True,True,0.055,0.051,True,False,LOW
79.294,,-19.86,-160.44,-4.76,-24.79,13.33,-1.72,False,True,False,False,True,True,0.052,0.044,True,False,LOW
79.32,,-18.59,-160.41,-4.36,-24.78,13.42,-1.71,False,True,False,False,True,True,0.039,0.039,True,False,LOW
79.482,,-17.27,-160.59,-4.33,-24.07,13.59,-1.66,False,True,False,False,True,True,0.039,0.046,True,False,LOW
79.505,,-17.08,-160.79,-3.98,-23.96,13.58,-1.61,False,True,False,False,True,True,0.055,0.04,True,False,LOW
79.689,,-17.21,-160.77,-4.15,-23.64,13.57,-1.51,False,True,False,False,True,True,0.047,0.04,True,False,MODERATE
79.714,,-16.59,-160.6,-3.84,-23.52,13.59,-1.46,False,True,False,False,True,True,0.046,0.043,True,False,MODERATE
79.883,,-16.47,-160.53,-4.06,-23.05,13.7,-1.39,False,True,False,False,True,True,0.055,0.043,True,False,MODERATE
79.906,,-16.0,-160.89,-3.95,-22.93,13.66,-1.37,False,True,False,False,False,True,0.027,0.027,True,False,MODERATE
80.095,,-13.94,-161.7,-3.96,-21.33,13.09,-1.3,False,True,False,False,False,True,-0.017,-0.018,True,False,MODERATE
80.12,,-11.45,-163.47,-3.29,-20.73,12.76,-1.19,False,True,False,False,False,True,-0.009,-0.018,True,False,MODERATE
80.275,,-8.85,-167.24,-2.15,-17.6,9.73,-0.3,False,False,False,False,False,False,-0.016,-0.014,True,False,MODERATE
80.299,,-3.61,-168.08,-1.33,-16.2,9.18,-0.06,False,False,False,False,False,False,-0.005,-0.011,True,False,MODERATE
80.484,,-1.24,-168.72,-1.3,-10.71,7.09,0.77,False,False,False,False,False,False,-0.01,-0.015,True,False,MODERATE
80.507,,-2.79,-169.05,-1.61,-10.41,6.81,0.82,False,False,False,False,False,False,-0.006,-0.01,True,False,MODERATE
80.675,,-3.59,-169.06,-1.84,-10.03,5.96,0.85,False,False,False,False,False,False,-0.002,-0.009,True,False,MODERATE
80.699,,-4.81,-169.45,-1.79,-10.17,5.8,0.86,False,False,False,False,False,False,-0.002,-0.017,True,False,MODERATE
80.879,,-5.05,-168.74,-1.95,-10.73,5.68,0.82,False,False,False,False,False,False,0.001,-0.015,True,False,MODERATE
80.902,,-5.79,-167.96,-2.16,-10.88,5.77,0.78,False,False,False,False,False,False,0.004,-0.017,True,False,MODERATE
81.075,,-6.01,-168.18,-2.25,-11.56,5.97,0.62,False,False,False,False,False,False,0.008,-0.012,True,False,MODERATE
81.099,,-5.44,-168.38,-2.43,-11.56,5.96,0.58,False,False,False,False,False,False,0.006,-0.003,True,False,MODERATE
81.285,,-5.48,-168.48,-2.69,-11.6,5.9,0.28,False,False,False,False,False,False,0.012,0.049,False,False,MODERATE
81.308,,-4.61,-167.65,-2.5,-11.49,6.0,0.28,False,False,False,False,False,False,0.006,0.004,True,False,MODERATE
81.475,,-5.28,-168.21,-2.42,-11.46,6.06,0.29,False,False,False,False,False,False,-0.004,-0.0,True,False,MODERATE
81.498,,-5.81,-168.17,-2.28,-11.52,6.07,0.31,False,False,False,False,False,False,-0.008,-0.006,True,False,MODERATE
81.681,,-6.71,-167.54,-1.93,-12.25,6.46,0.57,False,False,False,False,False,False,0.055,0.015,True,False,MODERATE
81.703,,-10.21,-167.36,-2.11,-12.83,6.52,0.58,False,False,False,False,False,False,0.097,0.01,True,False,MODERATE
81.875,,-12.23,-162.38,-3.49,-15.97,9.51,-0.13,False,False,False,False,False,False,0.086,0.02,True,False,MODERATE
81.898,,-17.89,-160.56,-4.59,-17.4,10.17,-0.36,False,True,False,False,True,True,0.059,0.037,True,False,MODERATE
82.082,,-21.76,-160.22,-4.99,-23.97,12.47,-1.42,False,True,False,False,True,True,0.046,0.038,True,False,MODERATE
82.105,,-20.72,-160.64,-3.88,-24.49,12.65,-1.38,False,True,False,False,False,True,0.053,0.034,True,False,MODERATE
82.277,,-19.46,-161.33,-3.35,-25.13,12.84,-0.99,False,True,False,False,False,True,0.055,0.028,True,False,MODERATE
82.301,,-18.47,-161.22,-3.19,-25.06,12.88,-0.92,False,True,False,False,False,True,0.056,0.029,True,False,MODERATE
82.484,,-18.28,-161.11,-3.29,-24.71,13.06,-0.73,False,True,False,False,False,True,0.053,0.033,True,False,MODERATE
82.508,,-17.72,-160.95,-3.5,-24.59,13.11,-0.73,False,True,False,False,True,True,0.053,0.039,True,False,HIGH
82.676,,-17.7,-160.78,-3.59,-24.21,13.34,-0.8,False,True,False,False,True,True,0.062,0.039,True,False,HIGH
82.7,,-17.51,-160.62,-3.53,-24.14,13.39,-0.8,False,True,False,False,True,True,0.057,0.035,True,False,HIGH
82.888,,-17.3,-160.44,-3.47,-23.76,13.66,-0.77,False,True,False,False,False,True,0.053,0.034,True,False,HIGH
82.911,,-17.33,-160.47,-3.36,-23.73,13.69,-0.75,False,True,False,False,False,True,0.057,0.034,True,False,HIGH
83.095,,-15.9,-160.49,-3.17,-22.81,13.77,-0.59,False,True,False,False,False,True,-0.007,-0.016,True,False,HIGH
83.119,,-13.11,-160.55,-3.27,-22.28,13.77,-0.58,False,True,False,False,False,True,-0.018,-0.021,True,False,HIGH
83.287,,-9.04,-161.65,-2.9,-18.26,13.2,-0.37,False,True,False,False,False,True,0.001,-0.013,True,False,HIGH
83.958,,-3.92,-169.35,-1.66,-11.51,6.47,0.79,False,False,False,False,False,False,0.002,-0.012,True,False,HIGH
84.102,,-6.01,-167.57,-2.03,-11.82,6.61,0.75,False,False,False,False,False,False,-0.0,-0.013,True,False,HIGH
84.127,,-6.09,-168.09,-2.11,-11.88,6.55,0.73,False,False,False,False,False,False,-0.005,-0.013,True,False,HIGH
84.287,,-5.88,-168.03,-2.18,-11.96,6.42,0.64,False,False,False,False,False,False,-0.002,-0.014,True,False,HIGH
84.309,,-5.06,-167.87,-2.85,-11.86,6.43,0.54,False,False,False,False,False,False,0.012,0.049,False,False,HIGH
84.473,,-5.6,-167.59,-2.32,-11.81,6.58,0.47,False,False,False,False,False,False,-0.001,-0.004,True,False,HIGH
84.497,,-5.72,-167.78,-2.38,-11.81,6.58,0.45,False,False,False,False,False,False,-0.003,-0.006,True,False,HIGH
84.677,,-5.97,-167.34,-2.36,-11.98,6.79,0.41,False,False,False,False,False,False,0.004,0.001,True,False,HIGH
84.7,,-5.33,-167.4,-2.84,-11.91,6.81,0.34,False,False,False,False,False,False,0.012,0.049,False,False,HIGH
84.869,,-5.44,-167.16,-2.58,-11.75,6.99,0.24,False,False,False,False,False,False,-0.001,0.003,True,False,HIGH
84.897,,-5.38,-167.06,-2.36,-11.71,7.04,0.26,False,False,False,False,False,False,0.003,-0.003,True,False,HIGH
85.073,,-5.52,-167.12,-2.41,-11.69,7.13,0.29,False,False,False,False,False,False,0.004,-0.002,True,False,HIGH
85.096,,-5.55,-167.02,-2.37,-11.69,7.15,0.3,False,False,False,False,False,False,0.004,-0.008,True,False,HIGH
85.269,,-5.76,-167.43,-2.31,-11.81,7.02,0.36,False,False,False,False,False,False,0.002,-0.011,True,False,HIGH
85.304,,-5.75,-167.64,-2.14,-11.82,6.96,0.4,False,False,False,False,False,False,0.013,-0.01,True,False,HIGH
85.476,,-6.04,-167.3,-2.12,-12.01,6.99,0.51,False,False,False,False,False,False,0.012,-0.012,True,False,HIGH
85.501,,-5.81,-167.41,-2.14,-12.01,6.98,0.52,False,False,False,False,False,False,0.012,-0.01,True,False,HIGH
85.668,,-5.75,-167.18,-2.12,-11.95,7.07,0.56,False,False,False,False,False,False,0.012,-0.01,True,False,HIGH
85.697,,-5.77,-167.56,-2.1,-11.95,7.02,0.57,False,False,False,False,False,False,0.006,-0.011,True,False,HIGH
85.875,,-5.96,-167.42,-2.25,-12.03,6.96,0.52,False,False,False,False,False,False,0.006,-0.009,True,False,HIGH
85.897,,-5.87,-167.32,-2.21,-12.03,6.96,0.52,False,False,False,False,False,False,0.003,-0.009,True,False,HIGH
86.068,,-5.67,-167.54,-2.17,-11.92,6.87,0.54,False,False,False,False,False,False,0.004,-0.011,True,False,HIGH
86.096,,-5.86,-167.49,-2.16,-11.94,6.87,0.54,False,False,False,False,False,False,0.008,-0.012,True,False,HIGH
86.277,,-5.78,-167.4,-2.19,-11.93,6.9,0.54,False,False,False,False,False,False,0.006,-0.008,True,False,HIGH
86.299,,-5.68,-167.47,-2.19,-11.92,6.89,0.54,False,False,False,False,False,False,0.003,-0.008,True,False,HIGH
86.467,,-5.63,-167.6,-2.24,-11.85,6.81,0.51,False,False,False,False,False,False,0.006,-0.008,True,False,HIGH
86.497,,-5.76,-167.46,-2.21,-11.86,6.82,0.51,False,False,False,False,False,False,0.008,-0.009,True,False,HIGH
86.675,,-6.02,-167.8,-2.16,-12.02,6.66,0.54,False,False,False,False,False,False,0.003,-0.005,True,False,HIGH
86.698,,-6.01,-167.76,-2.1,-12.04,6.65,0.55,False,False,False,False,False,False,0.007,-0.004,True,False,HIGH
86.865,,-5.87,-167.17,-2.12,-12.03,6.91,0.58,False,False,False,False,False,False,0.018,-0.005,True,False,HIGH
86.898,,-5.63,-167.44,-2.75,-11.99,6.91,0.48,False,False,False,False,False,False,0.012,0.049,False,False,HIGH
87.081,,-6.41,-167.83,-2.46,-12.3,6.68,0.36,False,False,False,False,False,False,0.019,0.007,True,False,HIGH
87.103,,-6.07,-167.39,-2.3,-12.29,6.72,0.37,False,False,False,False,False,False,0.008,-0.006,True,False,HIGH
87.277,,-6.6,-167.65,-2.08,-12.53,6.69,0.51,False,False,False,False,False,False,0.009,-0.004,True,False,HIGH
87.3,,-5.85,-167.05,-2.14,-12.46,6.77,0.52,False,False,False,False,False,False,0.002,-0.004,True,False,HIGH
87.483,,-5.79,-167.15,-2.07,-12.18,6.99,0.59,False,False,False,False,False,False,0.003,-0.006,True,False,HIGH
87.507,,-5.86,-166.99,-2.08,-12.16,7.03,0.6,False,False,False,False,False,False,-0.002,-0.003,True,False,HIGH
87.676,,-5.87,-167.1,-2.13,-12.09,7.13,0.6,False,False,False,False,False,False,-0.004,-0.007,True,False,HIGH
87.7,,-5.7,-166.6,-2.07,-12.06,7.21,0.61,False,False,False,False,False,False,0.003,-0.004,True,False,HIGH
87.884,,-5.69,-167.04,-2.27,-11.94,7.25,0.52,False,False,False,False,False,False,0.007,-0.004,True,False,HIGH
87.909,,-6.11,-166.92,-2.39,-11.98,7.27,0.5,False,False,False,False,False,False,0.01,-0.005,True,False,HIGH
88.078,,-6.13,-167.45,-2.31,-12.14,7.07,0.46,False,False,False,False,False,False,0.006,-0.004,True,False,HIGH
88.103,,-5.7,-166.55,-2.24,-12.1,7.17,0.46,False,False,False,False,False,False,0.018,-0.008,True,False,HIGH
88.277,,-6.3,-167.19,-2.33,-12.28,7.15,0.43,False,False,False,False,False,False,0.02,-0.004,True,False,HIGH
88.3,,-6.59,-166.93,-2.31,-12.34,7.18,0.42,False,False,False,False,False,False,0.01,0.003,True,False,HIGH
88.465,,-5.86,-166.96,-2.33,-12.17,7.28,0.41,False,False,False,False,False,False,0.009,-0.003,True,False,HIGH
88.497,,-5.82,-166.96,-2.36,-12.14,7.29,0.4,False,False,False,False,False,False,0.006,-0.003,True,False,HIGH
88.8,,-5.85,-166.61,-2.36,-12.05,7.57,0.38,False,False,False,False,False,False,0.001,-0.004,True,False,HIGH
88.821,,-5.62,-166.54,-2.36,-12.01,7.6,0.38,False,False,False,False,False,False,0.002,-0.004,True,False,HIGH
88.929,,-5.42,-166.6,-2.35,-11.83,7.65,0.38,False,False,False,False,False,False,0.008,-0.006,True,False,HIGH
88.953,,-5.55,-166.63,-2.36,-11.82,7.65,0.37,False,False,False,False,False,False,0.01,-0.007,True,False,HIGH
89.073,,-5.76,-166.58,-2.37,-11.86,7.69,0.37,False,False,False,False,False,False,0.01,-0.006,True,False,HIGH
89.096,,-5.38,-166.59,-2.44,-11.81,7.7,0.36,False,False,False,False,False,False,0.019,-0.005,True,False,HIGH
89.268,,-5.53,-166.74,-2.43,-11.74,7.64,0.32,False,False,False,False,False,False,0.019,-0.006,True,False,HIGH
89.299,,-5.33,-166.68,-2.41,-11.7,7.64,0.32,False,False,False,False,False,False,0.019,-0.006,True,False,HIGH
89.476,,-5.41,-166.5,-2.47,-11.63,7.74,0.29,False,False,False,False,False,False,0.016,-0.004,True,False,HIGH
89.498,,-5.2,-166.91,-2.41,-11.59,7.7,0.29,False,False,False,False,False,False,0.011,-0.006,True,False,HIGH
89.667,,-5.25,-166.52,-2.31,-11.49,7.75,0.35,False,False,False,False,False,False,0.008,-0.003,True,False,HIGH
89.698,,-5.22,-166.78,-2.21,-11.47,7.72,0.38,False,False,False,False,False,False,0.009,-0.002,True,False,HIGH
89.872,,-5.94,-166.95,-2.18,-11.8,7.54,0.47,False,False,False,False,False,False,0.006,0.003,True,False,HIGH
89.898,,-5.34,-167.04,-2.84,-11.75,7.5,0.38,False,False,False,False,False,False,0.012,0.049,False,False,HIGH
90.068,,-5.33,-166.36,-2.95,-11.61,7.74,0.07,False,False,False,False,False,False,0.012,0.049,False,False,HIGH
90.096,,-5.11,-166.36,-2.45,-11.56,7.78,0.1,False,False,False,False,False,False,0.008,0.004,True,False,HIGH
90.273,,-5.69,-166.63,-2.33,-11.71,7.73,0.25,False,False,False,False,False,False,0.004,0.003,True,False,HIGH
90.297,,-5.63,-166.53,-2.29,-11.72,7.74,0.28,False,False,False,False,False,False,0.001,0.003,True,False,HIGH
90.467,,-5.81,-166.65,-2.36,-11.84,7.71,0.32,False,False,False,False,False,False,0.001,-0.001,True,False,HIGH
90.498,,-5.74,-166.78,-2.39,-11.85,7.68,0.33,False,False,False,False,False,False,0.005,-0.002,True,False,HIGH
90.673,,-5.53,-166.34,-2.34,-11.76,7.84,0.36,False,False,False,False,False,False,0.006,-0.001,True,False,HIGH
90.696,,-5.68,-166.71,-2.37,-11.77,7.81,0.36,False,False,False,False,False,False,0.006,-0.0,True,False,HIGH
90.871,,-5.48,-166.15,-2.42,-11.7,8.0,0.33,False,False,False,False,False,False,0.006,-0.003,True,False,HIGH
90.896,,-5.44,-166.63,-2.42,-11.68,7.96,0.33,False,False,False,False,False,False,0.005,-0.004,True,False,HIGH
91.076,,-5.41,-166.42,-2.33,-11.62,7.93,0.36,False,False,False,False,False,False,0.003,-0.001,True,False,HIGH
91.098,,-5.23,-166.71,-2.32,-11.59,7.89,0.37,False,False,False,False,False,False,0.005,-0.003,True,False,HIGH
91.268,,-5.69,-166.35,-2.34,-11.72,7.93,0.38,False,False,False,False,False,False,0.008,-0.002,True,False,HIGH
91.295,,-5.69,-166.81,-2.37,-11.74,7.87,0.37,False,False,False,False,False,False,0.004,-0.0,True,False,HIGH
91.477,,-5.9,-166.26,-2.4,-11.9,7.98,0.35,False,False,False,False,False,False,0.007,-0.0,True,False,HIGH
91.501,,-6.0,-166.84,-2.53,-11.94,7.91,0.33,False,False,False,False,False,False,0.003,-0.002,True,False,HIGH
91.666,,-5.51,-166.62,-2.44,-11.8,7.8,0.31,False,False,False,False,False,False,0.006,-0.004,True,False,HIGH
91.698,,-5.42,-166.74,-2.45,-11.76,7.77,0.3,False,False,False,False,False,False,0.006,-0.005,True,False,HIGH
91.873,,-5.26,-166.46,-2.37,-11.57,7.82,0.33,False,False,False,False,False,False,0.006,-0.005,True,False,HIGH
91.895,,-5.25,-166.76,-2.49,-11.55,7.79,0.32,False,False,False,False,False,False,0.008,-0.007,True,False,HIGH
92.067,,-5.67,-166.67,-2.48,-11.69,7.72,0.28,False,False,False,False,False,False,0.007,-0.003,True,False,HIGH
92.097,,-5.15,-166.63,-2.38,-11.63,7.71,0.29,False,False,False,False,False,False,0.011,-0.004,True,False,HIGH
92.275,,-5.62,-166.69,-2.45,-11.7,7.67,0.28,False,False,False,False,False,False,0.009,0.001,True,False,HIGH
92.297,,-4.86,-166.42,-2.37,-11.62,7.7,0.29,False,False,False,False,False,False,0.011,-0.007,True,False,HIGH
92.466,,-4.75,-166.42,-2.97,-11.24,7.81,0.01,False,False,False,False,False,False,0.012,0.049,False,False,HIGH
92.497,,-4.73,-166.22,-3.11,-11.18,7.86,-0.05,False,False,False,False,False,False,0.012,0.049,False,False,HIGH
92.684,,-5.61,-166.71,-2.72,-11.49,7.73,-0.02,False,False,False,False,False,False,0.02,-0.001,True,False,MODERATE
92.706,,-5.25,-166.61,-2.49,-11.48,7.72,0.01,False,False,False,False,False,False,0.006,-0.0,True,False,MODERATE
92.87,,-5.24,-167.1,-2.41,-11.44,7.47,0.16,False,False,False,False,False,False,0.006,-0.003,True,False,MODERATE
92.896,,-4.86,-166.27,-2.28,-11.37,7.56,0.21,False,False,False,False,False,False,0.009,-0.003,True,False,MODERATE
93.073,,-4.6,-166.34,-2.29,-11.04,7.78,0.33,False,False,False,False,False,False,0.011,-0.003,True,False,MODERATE
93.096,,-4.49,-166.32,-2.25,-10.99,7.81,0.35,False,False,False,False,False,False,0.014,-0.006,True,False,MODERATE
93.265,,-4.87,-166.25,-2.31,-11.01,7.95,0.38,False,False,False,False,False,False,0.013,-0.005,True,False,MODERATE
93.296,,-5.14,-166.3,-2.29,-11.05,7.96,0.39,False,False,False,False,False,False,0.013,-0.005,True,False,MODERATE
93.476,,-5.29,-166.54,-2.3,-11.26,7.87,0.41,False,False,False,False,False,False,0.011,-0.005,True,False,MODERATE
93.55,,-5.32,-166.6,-2.3,-11.33,7.82,0.41,False,False,False,False,False,False,0.009,-0.006,True,False,MODERATE
93.666,,-5.31,-166.38,-2.31,-11.38,7.87,0.41,False,False,False,False,False,False,0.006,-0.004,True,False,MODERATE
93.697,,-5.17,-166.16,-2.27,-11.37,7.92,0.42,False,False,False,False,False,False,0.005,0.0,True,False,MODERATE
93.873,,-4.93,-166.11,-2.36,-11.22,8.08,0.39,False,False,False,False,False,False,0.003,0.002,True,False,MODERATE
93.896,,-3.72,-165.91,-2.91,-11.04,8.12,0.32,False,False,False,False,False,False,0.012,0.049,False,False,MODERATE
94.065,,-5.27,-166.14,-2.56,-11.24,8.15,0.24,False,False,False,False,False,False,-0.009,0.0,True,False,MODERATE
94.098,,-4.99,-165.9,-2.5,-11.22,8.2,0.24,False,False,False,False,False,False,-0.013,-0.002,True,False,MODERATE
94.272,,-4.9,-165.91,-2.44,-11.13,8.31,0.26,False,False,False,False,False,False,-0.01,-0.004,True,False,MODERATE
94.295,,-4.97,-166.16,-2.43,-11.13,8.29,0.27,False,False,False,False,False,False,0.001,-0.004,True,False,MODERATE
94.465,,-4.9,-165.83,-2.38,-11.09,8.4,0.31,False,False,False,False,False,False,0.0,-0.003,True,False,MODERATE
94.498,,-5.27,-165.91,-2.46,-11.14,8.4,0.3,False,False,False,False,False,False,0.002,-0.004,True,False,MODERATE
94.673,,-5.29,-165.94,-2.48,-11.3,8.39,0.27,False,False,False,False,False,False,0.004,-0.003,True,False,MODERATE
94.696,,-5.3,-166.02,-2.41,-11.32,8.38,0.28,False,False,False,False,False,False,0.008,-0.005,True,False,MODERATE
94.868,,-5.15,-166.03,-2.39,-11.31,8.34,0.31,False,False,False,False,False,False,0.007,-0.005,True,False,MODERATE
94.896,,-5.37,-166.41,-2.34,-11.34,8.27,0.32,False,False,False,False,False,False,0.005,-0.005,True,False,MODERATE
95.075,,-5.5,-165.95,-2.41,-11.51,8.33,0.32,False,False,False,False,False,False,0.007,-0.003,True,False,MODERATE
95.098,,-5.46,-166.17,-2.47,-11.52,8.31,0.31,False,False,False,False,False,False,0.007,-0.004,True,False,MODERATE
95.278,,-5.28,-166.46,-2.35,-11.47,8.07,0.34,False,False,False,False,False,False,0.005,-0.004,True,False,MODERATE
95.302,,-5.21,-166.16,-2.32,-11.46,8.08,0.35,False,False,False,False,False,False,0.007,-0.002,True,False,MODERATE
95.482,,-5.52,-166.45,-2.42,-11.57,7.97,0.33,False,False,False,False,False,False,-0.004,0.001,True,False,MODERATE
95.507,,-5.37,-166.22,-2.51,-11.56,7.99,0.31,False,False,False,False,False,False,-0.009,-0.003,True,False,MODERATE
95.677,,-5.53,-166.65,-2.43,-11.62,7.83,0.3,False,False,False,False,False,False,-0.007,-0.003,True,False,MODERATE
95.704,,-4.23,-166.22,-3.11,-11.44,7.87,0.2,False,False,False,False,False,False,0.012,0.049,False,False,MODERATE
95.884,,-4.92,-166.09,-2.67,-11.24,8.06,0.12,False,False,False,False,False,False,0.006,0.003,True,False,LOW
95.909,,-5.14,-166.39,-2.75,-11.25,8.05,0.1,False,False,False,False,False,False,-0.003,0.005,True,False,LOW
96.076,,-4.97,-166.69,-2.61,-11.18,7.83,0.11,False,False,False,False,False,False,-0.002,0.002,True,False,LOW
96.099,,-4.97,-166.43,-2.56,-11.17,7.84,0.12,False,False,False,False,False,False,-0.0,-0.003,True,False,LOW
96.274,,-5.12,-166.75,-2.6,-11.22,7.7,0.12,False,False,False,False,False,False,0.004,-0.002,True,False,LOW
96.298,,-4.86,-166.71,-2.59,-11.2,7.69,0.12,False,False,False,False,False,False,0.006,-0.004,True,False,LOW
96.465,,-5.15,-166.7,-2.6,-11.25,7.66,0.12,False,False,False,False,False,False,0.006,-0.004,True,False,LOW
96.488,,-5.13,-166.84,-2.64,-11.25,7.63,0.12,False,False,False,False,False,False,0.006,-0.005,True,False,LOW
96.68,,-5.73,-166.62,-2.62,-11.6,7.67,0.11,False,False,False,False,False,False,0.008,0.001,True,False,LOW
96.703,,-5.54,-166.71,-2.54,-11.61,7.67,0.12,False,False,False,False,False,False,0.004,-0.002,True,False,LOW
96.865,,-5.11,-166.41,-2.76,-11.43,7.79,0.04,False,False,False,False,False,False,0.009,0.016,True,False,LOW
96.89,,-4.67,-166.06,-3.31,-11.35,7.86,-0.05,False,False,False,False,False,False,0.012,0.049,False,False,LOW
97.074,,-4.42,-165.36,-2.97,-10.93,8.46,-0.15,False,False,False,False,False,False,0.013,0.032,True,False,LOW
97.097,,-5.32,-166.59,-2.72,-10.99,8.37,-0.13,False,False,False,False,False,False,-0.002,0.007,True,False,LOW
97.265,,-5.81,-166.85,-2.66,-11.49,7.91,-0.03,False,False,False,False,False,False,-0.005,0.004,True,False,LOW
97.289,,-5.41,-166.23,-2.63,-11.5,7.93,-0.02,False,False,False,False,False,False,0.002,0.001,True,False,LOW
97.474,,-5.44,-166.12,-2.83,-11.55,8.08,-0.06,False,False,False,False,False,False,0.002,-0.003,True,False,LOW
97.497,,-5.08,-165.88,-2.79,-11.51,8.12,-0.06,False,False,False,False,False,False,0.006,-0.001,True,False,LOW
97.673,,-4.95,-166.14,-2.86,-11.29,8.16,-0.1,False,False,False,False,False,False,0.011,-0.002,True,False,LOW
97.699,,-5.19,-166.05,-2.77,-11.3,8.17,-0.09,False,False,False,False,False,False,0.009,-0.003,True,False,LOW
97.87,,-5.37,-166.19,-2.79,-11.41,8.15,-0.08,False,False,False,False,False,False,0.011,-0.002,True,False,LOW
97.894,,-5.16,-165.99,-2.76,-11.4,8.18,-0.07,False,False,False,False,False,False,0.01,-0.001,True,False,LOW
98.067,,-5.65,-165.76,-2.55,-11.61,8.38,0.06,False,False,False,False,False,False,0.038,0.005,True,False,LOW
98.09,,-5.3,-165.93,-2.62,-11.59,8.38,0.06,False,False,False,False,False,False,0.037,0.002,True,False,LOW
98.272,,-5.25,-166.28,-2.65,-11.49,8.2,0.07,False,False,False,False,False,False,0.046,-0.0,True,False,LOW
98.295,,-5.26,-166.29,-2.53,-11.48,8.18,0.09,False,False,False,False,False,False,0.045,-0.001,True,False,LOW
98.467,,-4.31,-165.75,-3.38,-10.94,8.39,-0.3,False,False,False,False,False,False,0.012,0.049,False,False,LOW
98.489,,-4.63,-165.43,-3.22,-10.92,8.45,-0.33,False,False,False,False,False,False,0.012,0.049,False,False,LOW
98.673,,-5.05,-166.19,-2.77,-11.07,8.28,-0.17,False,False,False,False,False,False,0.001,0.002,True,False,LOW
98.695,,-5.31,-166.45,-2.62,-11.12,8.23,-0.14,False,False,False,False,False,False,0.006,-0.004,True,False,LOW
98.865,,-4.99,-166.41,-2.56,-11.13,8.07,0.02,False,False,False,False,False,False,0.008,-0.006,True,False,LOW
98.887,,-5.07,-166.38,-2.53,-11.14,8.05,0.04,False,False,False,False,False,False,0.015,-0.008,True,False,LOW
99.076,,-5.24,-166.07,-2.5,-11.28,8.16,0.14,False,False,False,False,False,False,0.014,-0.007,True,False,LOW
99.099,,-5.63,-166.4,-2.47,-11.34,8.13,0.16,False,False,False,False,False,False,0.012,-0.006,True,False,LOW
99.268,,-5.79,-166.53,-2.52,-11.65,7.96,0.18,False,False,False,False,False,False,0.011,-0.005,True,False,LOW
99.292,,-5.47,-166.51,-2.51,-11.65,7.94,0.19,False,False,False,False,False,False,0.013,-0.005,True,False,LOW
99.474,,-5.29,-166.27,-2.43,-11.54,8.0,0.24,False,False,False,False,False,False,0.016,-0.006,True,False,LOW
99.497,,-5.69,-166.45,-2.55,-11.58,7.99,0.24,False,False,False,False,False,False,0.009,-0.002,True,False,LOW
99.669,,-5.62,-166.24,-2.63,-11.68,8.04,0.16,False,False,False,False,False,False,0.01,-0.004,True,False,LOW
99.693,,-5.31,-165.56,-2.52,-11.65,8.13,0.17,False,False,False,False,False,False,0.032,0.002,True,False,LOW
99.878,,-5.45,-166.04,-2.37,-11.62,8.22,0.27,False,False,False,False,False,False,0.042,-0.001,True,False,LOW
99.902,,-5.29,-166.2,-2.42,-11.6,8.2,0.27,False,False,False,False,False,False,0.043,-0.005,True,False,LOW
100.067,,-5.43,-166.25,-2.39,-11.59,8.14,0.3,False,False,False,False,False,False,0.044,-0.005,True,False,LOW
100.09,,-5.36,-165.86,-2.34,-11.58,8.18,0.32,False,False,False,False,False,False,0.046,0.0,True,False,LOW
100.277,,-5.21,-165.62,-2.55,-11.46,8.47,0.24,False,False,False,False,False,False,0.05,0.004,True,False,LOW
100.301,,-7.06,-164.42,-2.48,-11.7,8.67,0.24,False,False,False,False,False,False,0.042,0.009,True,False,LOW
100.468,,-9.36,-162.69,-2.16,-13.75,10.26,0.41,False,True,False,False,False,True,0.083,0.024,True,False,LOW
100.491,,-12.75,-159.51,-3.01,-14.56,10.96,0.32,False,True,False,False,True,True,0.065,0.035,True,False,LOW
100.673,,-16.17,-159.12,-3.62,-19.2,13.42,-0.34,False,True,False,False,True,True,0.095,0.046,True,False,LOW
100.697,,-16.47,-159.59,-3.56,-19.79,13.63,-0.41,False,True,False,False,True,True,0.066,0.044,True,False,LOW
100.868,,-14.79,-159.29,-3.46,-20.44,14.4,-0.58,False,True,False,False,False,True,0.07,0.035,True,False,LOW
100.891,,-14.12,-159.42,-3.09,-20.42,14.47,-0.55,False,True,False,False,True,True,0.069,0.036,True,False,LOW
101.075,,-13.32,-159.67,-3.13,-19.89,14.57,-0.47,False,True,False,False,True,True,0.061,0.037,True,False,LOW
101.101,,-13.67,-160.03,-3.05,-19.88,14.53,-0.45,False,True,False,False,False,True,0.068,0.033,True,False,LOW
101.267,,-13.87,-160.08,-2.84,-19.95,14.38,-0.28,False,True,False,False,True,True,0.061,0.039,True,False,LOW
101.29,,-13.93,-160.27,-2.93,-19.97,14.34,-0.27,False,True,False,False,True,True,0.06,0.037,True,False,LOW
101.476,,-13.63,-159.92,-3.06,-19.87,14.38,-0.31,False,True,False,False,True,True,0.019,0.037,True,False,LOW
101.498,,-12.77,-158.82,-3.77,-19.75,14.52,-0.4,False,True,False,False,False,True,0.012,0.049,False,False,LOW
101.666,,-10.2,-160.49,-3.08,-17.93,14.17,-0.38,False,True,False,False,False,True,-0.003,-0.021,True,False,LOW
101.689,,-6.47,-164.3,-2.55,-17.1,13.58,-0.31,False,True,False,False,False,True,-0.005,-0.01,True,False,LOW
101.872,,-6.85,-166.41,-2.22,-14.71,10.31,0.13,False,True,False,False,False,True,-0.0,-0.012,True,False,LOW
101.894,,-7.0,-166.79,-2.16,-14.48,9.89,0.19,False,False,False,False,False,False,0.003,-0.01,True,False,LOW
102.068,,-6.95,-165.86,-2.21,-13.71,9.1,0.36,False,False,False,False,False,False,0.003,-0.012,True,False,LOW
102.092,,-7.26,-166.02,-2.23,-13.67,8.98,0.38,False,False,False,False,False,False,0.005,-0.012,True,False,LOW
102.273,,-7.13,-166.05,-2.24,-13.46,8.59,0.44,False,False,False,False,False,False,0.007,-0.011,True,False,LOW
102.295,,-7.03,-166.19,-2.26,-13.42,8.53,0.44,False,False,False,False,False,False,0.005,-0.01,True,False,LOW
102.465,,-7.01,-165.96,-2.32,-13.28,8.44,0.42,False,False,False,False,False,False,0.006,-0.009,True,False,LOW
102.492,,-6.76,-165.63,-2.33,-13.23,8.48,0.42,False,False,False,False,False,False,0.006,-0.009,True,False,LOW
102.675,,-6.72,-165.52,-2.28,-13.03,8.66,0.43,False,False,False,False,False,False,0.005,-0.01,True,False,LOW
102.697,,-6.9,-165.56,-2.32,-13.03,8.67,0.43,False,False,False,False,False,False,0.005,-0.008,True,False,LOW
102.864,,-7.36,-166.12,-2.38,-13.28,8.43,0.39,False,False,False,False,False,False,0.007,-0.008,True,False,LOW
102.887,,-7.02,-165.49,-2.52,-13.26,8.48,0.36,False,False,False,False,False,False,0.005,-0.015,True,False,LOW
103.074,,-6.99,-166.15,-2.44,-13.2,8.32,0.32,False,False,False,False,False,False,0.008,-0.012,True,False,LOW
103.097,,-6.78,-165.59,-2.65,-13.16,8.37,0.29,False,False,False,False,False,False,0.008,-0.012,True,False,LOW
103.277,,-7.08,-165.5,-2.69,-13.2,8.61,0.15,False,False,False,False,False,False,0.009,-0.013,True,False,LOW
103.301,,-7.01,-165.63,-2.69,-13.19,8.62,0.14,False,False,False,False,False,False,0.023,-0.006,True,False,LOW
103.488,,-7.5,-164.79,-2.77,-13.44,9.12,0.04,False,False,False,False,False,False,0.073,0.012,True,False,LOW
103.513,,-7.73,-163.35,-2.81,-13.5,9.39,0.02,False,False,False,False,False,False,0.086,0.026,True,False,LOW
103.678,,-10.81,-161.8,-3.06,-15.33,11.07,-0.16,False,True,False,False,True,True,0.069,0.036,True,False,LOW
103.704,,-14.52,-159.96,-3.99,-16.25,11.62,-0.32,False,True,False,False,True,True,0.067,0.035,True,False,LOW
103.885,,-16.33,-159.23,-4.66,-19.92,13.61,-1.2,False,True,False,False,True,True,0.058,0.05,True,False,LOW
103.908,,-17.71,-159.5,-4.97,-20.57,13.79,-1.35,False,True,False,False,True,True,0.035,0.057,True,False,LOW
104.078,,-18.17,-159.31,-4.9,-22.72,14.46,-1.79,False,True,False,False,True,True,0.065,0.046,True,False,LOW
104.101,,-17.23,-158.8,-4.97,-22.82,14.61,-1.85,False,True,False,False,True,True,0.058,0.041,True,False,LOW
104.275,,-17.45,-159.97,-4.84,-23.25,14.47,-1.99,False,True,False,False,True,True,0.067,0.04,True,False,LOW
104.3,,-17.11,-159.92,-4.74,-23.25,14.46,-1.99,False,True,False,False,True,True,0.059,0.04,True,False,LOW
104.471,,-16.45,-159.44,-4.67,-22.91,14.69,-1.97,False,True,False,False,False,True,0.069,0.035,True,False,MODERATE
104.494,,-16.19,-159.85,-4.51,-22.84,14.66,-1.94,False,True,False,False,True,True,0.062,0.035,True,False,MODERATE
104.675,,-16.29,-159.93,-4.46,-22.63,14.52,-1.83,False,True,False,False,False,True,0.06,0.032,True,False,MODERATE
104.699,,-16.11,-160.1,-4.42,-22.58,14.48,-1.81,False,True,False,False,False,True,0.076,0.03,True,False,MODERATE
104.866,,-16.13,-160.07,-4.4,-22.42,14.36,-1.74,False,True,False,False,True,True,0.057,0.036,True,False,MODERATE
104.89,,-15.92,-160.48,-4.3,-22.38,14.29,-1.72,False,True,False,False,False,True,0.06,0.03,True,False,MODERATE
105.072,,-14.62,-160.06,-4.02,-21.5,14.28,-1.49,False,True,False,False,False,True,0.044,0.015,True,False,MODERATE
105.096,,-7.39,-162.08,-2.83,-20.16,13.99,-1.3,False,True,False,False,False,True,-0.006,-0.015,True,False,MODERATE
105.264,,-4.07,-165.1,-1.79,-14.27,11.38,-0.11,False,True,False,False,False,True,0.006,-0.022,True,False,MODERATE
105.368,,-4.78,-166.77,-1.96,-12.72,9.71,0.25,False,False,False,False,False,False,-0.002,-0.014,True,False,MODERATE
105.471,,-5.57,-166.63,-1.93,-12.28,8.84,0.47,False,False,False,False,False,False,0.006,-0.01,True,False,MODERATE
105.495,,-6.25,-166.8,-2.18,-12.3,8.64,0.48,False,False,False,False,False,False,0.007,-0.012,True,False,MODERATE
105.665,,-6.07,-166.62,-2.24,-12.26,8.13,0.48,False,False,False,False,False,False,0.004,-0.009,True,False,MODERATE
105.687,,-5.38,-165.97,-2.32,-12.16,8.16,0.47,False,False,False,False,False,False,0.008,-0.013,True,False,MODERATE
105.861,,-6.14,-165.65,-2.39,-12.23,8.43,0.4,False,False,False,False,False,False,0.009,-0.015,True,False,MODERATE
106.007,,-6.64,-165.78,-3.27,-12.5,8.49,-0.06,False,False,False,False,False,False,0.012,0.049,False,False,MODERATE
106.112,,-6.8,-166.28,-3.42,-12.68,8.31,-0.32,False,False,False,False,False,False,0.012,0.049,False,False,MODERATE
106.133,,-5.94,-165.04,-3.2,-12.61,8.42,-0.33,False,False,False,False,False,False,0.012,0.049,False,False,MODERATE
106.263,,-6.51,-165.55,-3.05,-12.63,8.58,-0.33,False,False,False,False,False,False,0.003,-0.009,True,False,MODERATE
106.291,,-6.33,-165.9,-2.89,-12.61,8.56,-0.3,False,False,False,False,False,False,0.002,-0.007,True,False,MODERATE
106.465,,-6.53,-166.01,-2.94,-12.65,8.43,-0.26,False,False,False,False,False,False,0.003,-0.011,True,False,MODERATE
106.488,,-6.33,-165.77,-2.93,-12.62,8.45,-0.25,False,False,False,False,False,False,0.006,-0.013,True,False,MODERATE
106.657,,-6.44,-165.41,-2.9,-12.61,8.69,-0.21,False,False,False,False,False,False,0.007,-0.013,True,False,MODERATE
106.688,,-6.33,-165.64,-2.89,-12.59,8.69,-0.2,False,False,False,False,False,False,0.008,-0.014,True,False,MODERATE
106.866,,-6.59,-165.47,-2.95,-12.67,8.78,-0.22,False,False,False,False,False,False,0.012,-0.009,True,False,MODERATE
106.89,,-9.53,-164.65,-2.36,-13.1,8.9,-0.14,False,False,False,False,False,False,0.068,0.006,True,False,MODERATE
107.064,,-14.96,-161.9,-3.28,-17.68,10.82,-0.36,False,True,False,False,False,True,0.059,0.032,True,False,MODERATE
107.089,,-19.13,-160.25,-4.45,-19.12,11.34,-0.55,False,True,False,False,True,True,0.06,0.041,True,False,MODERATE
107.265,,-22.05,-160.62,-4.45,-24.66,12.66,-1.18,False,True,False,False,True,True,0.043,0.042,True,False,MODERATE
107.29,,-23.51,-159.55,-4.55,-25.64,13.0,-1.27,False,True,False,False,True,True,0.054,0.036,True,False,MODERATE
107.458,,-22.91,-159.2,-4.74,-27.65,14.16,-1.66,False,True,False,False,True,True,0.057,0.038,True,False,MODERATE
107.489,,-22.86,-159.93,-4.84,-27.93,14.2,-1.74,False,True,False,False,False,True,0.074,0.034,True,False,MODERATE
107.669,,-22.03,-159.64,-4.86,-28.07,14.47,-1.95,False,True,False,False,True,True,0.064,0.04,True,False,MODERATE
107.694,,-21.56,-159.87,-4.67,-28.02,14.47,-1.95,False,True,False,False,True,True,0.056,0.042,True,False,MODERATE
107.858,,-21.58,-160.07,-4.67,-27.87,14.36,-1.95,False,True,False,False,True,True,0.059,0.036,True,False,MODERATE
107.889,,-20.48,-159.31,-4.76,-27.66,14.47,-1.96,False,True,False,False,True,True,0.061,0.04,True,False,MODERATE
108.068,,-20.87,-159.94,-4.74,-27.32,14.43,-1.99,False,True,False,False,False,True,0.035,0.03,True,False,MODERATE
108.092,,-20.67,-160.31,-4.56,-27.25,14.37,-1.97,False,True,False,False,False,True,0.043,0.032,True,False,MODERATE
108.261,,-19.45,-160.7,-4.53,-26.38,13.98,-1.89,False,True,False,False,False,True,-0.035,-0.017,True,False,MODERATE
108.29,,-16.16,-160.38,-3.75,-25.65,13.98,-1.75,False,True,False,False,False,True,-0.024,-0.016,True,False,MODERATE
108.467,,-13.69,-161.11,-3.55,-22.32,13.57,-1.25,False,True,False,False,False,True,-0.016,-0.015,True,False,MODERATE
108.489,,-10.65,-161.8,-2.77,-21.42,13.44,-1.1,False,True,False,False,False,True,-0.008,-0.021,True,False,MODERATE
108.66,,-7.62,-162.55,-2.22,-16.89,12.55,-0.24,False,True,False,False,False,True,-0.003,-0.013,True,False,MODERATE
108.691,,-6.35,-163.65,-2.26,-15.92,12.21,-0.12,False,True,False,False,False,True,-0.0,-0.014,True,False,MODERATE
108.866,,-6.47,-163.83,-2.27,-13.98,11.28,0.19,False,True,False,False,False,True,-0.002,-0.015,True,False,MODERATE
108.89,,-6.24,-164.15,-2.17,-13.72,11.12,0.24,False,True,False,False,False,True,0.0,-0.015,True,False,MODERATE
109.057,,-6.27,-163.88,-2.27,-13.0,10.76,0.35,False,True,False,False,False,True,-0.001,-0.016,True,False,MODERATE
109.09,,-5.96,-163.9,-2.29,-12.83,10.7,0.37,False,True,False,False,False,True,0.001,-0.016,True,False,MODERATE
109.269,,-6.22,-163.96,-2.29,-12.57,10.52,0.4,False,True,False,False,False,True,0.001,-0.015,True,False,MODERATE
109.293,,-5.96,-164.02,-2.36,-12.51,10.49,0.4,False,True,False,False,False,True,0.002,-0.016,True,False,MODERATE
109.458,,-6.15,-164.0,-2.62,-12.4,10.41,0.25,False,True,False,False,False,True,-0.004,-0.014,True,False,MODERATE
109.489,,-6.3,-164.5,-2.72,-12.41,10.31,0.21,False,True,False,False,False,True,-0.003,-0.014,True,False,MODERATE
109.666,,-6.31,-164.62,-2.66,-12.44,9.99,0.13,False,False,False,False,False,False,0.002,-0.017,True,False,MODERATE
109.689,,-6.17,-164.74,-2.82,-12.42,9.93,0.1,False,False,False,False,False,False,0.011,-0.017,True,False,MODERATE
109.859,,-5.77,-164.28,-2.81,-12.16,9.99,0.01,False,False,False,False,False,False,0.009,-0.016,True,False,MODERATE
109.89,,-6.08,-164.1,-2.94,-12.17,10.03,-0.03,False,True,False,False,False,True,0.008,-0.016,True,False,MODERATE
110.066,,-5.94,-164.38,-2.77,-12.13,9.99,-0.04,False,False,False,False,False,False,0.009,-0.018,True,False,MODERATE
110.091,,-5.72,-163.17,-3.29,-12.09,10.15,-0.11,False,True,False,False,False,True,0.012,0.049,False,False,MODERATE
110.259,,-5.4,-164.16,-3.31,-11.81,10.16,-0.36,False,True,False,False,False,True,-0.011,0.012,True,False,MODERATE
110.289,,-5.66,-163.76,-2.96,-11.81,10.22,-0.34,False,True,False,False,False,True,0.003,-0.014,True,False,MODERATE
110.465,,-6.31,-163.36,-3.43,-12.15,10.62,-0.53,False,True,False,False,False,True,0.012,0.049,False,False,MODERATE
110.488,,-5.63,-163.81,-3.41,-12.11,10.61,-0.55,False,True,False,False,False,True,-0.004,-0.012,True,False,MODERATE
110.657,,-5.9,-163.6,-2.87,-12.08,10.67,-0.34,False,True,False,False,False,True,0.001,-0.019,True,False,MODERATE
110.689,,-8.36,-164.07,-2.74,-12.51,10.6,-0.29,False,True,False,False,False,True,0.034,-0.007,True,False,MODERATE
110.867,,-11.91,-163.29,-3.05,-15.64,10.83,-0.31,False,True,False,False,False,True,0.05,0.001,True,False,MODERATE
110.89,,-16.56,-160.37,-4.09,-16.83,11.27,-0.44,False,True,False,False,False,True,0.049,0.015,True,False,MODERATE
111.059,,-20.15,-160.21,-4.69,-22.49,12.82,-1.25,False,True,False,False,False,True,0.064,0.034,True,False,MODERATE
111.093,,-22.8,-159.38,-5.04,-24.11,13.24,-1.45,False,True,False,False,True,True,0.035,0.042,True,False,MODERATE
111.275,,-24.88,-158.93,-5.17,-28.37,14.46,-1.99,False,True,False,False,True,True,0.054,0.042,True,False,MODERATE
111.299,,-24.5,-157.9,-5.18,-28.78,14.75,-2.06,False,True,False,False,False,True,0.039,0.034,True,False,MODERATE
111.469,,-24.14,-158.43,-5.0,-29.64,15.37,-2.17,False,True,False,False,True,True,0.065,0.041,True,False,MODERATE
111.494,,-23.25,-157.73,-5.21,-29.6,15.56,-2.22,False,True,False,False,False,True,0.049,0.034,True,False,MODERATE
111.677,,-22.35,-157.36,-5.32,-28.99,16.34,-2.42,False,True,False,False,True,True,0.055,0.036,True,False,MODERATE
111.701,,-22.08,-158.04,-5.04,-28.89,16.34,-2.41,False,True,False,False,False,True,0.062,0.033,True,False,MODERATE
111.87,,-21.79,-157.86,-5.05,-28.4,16.4,-2.36,False,True,False,False,True,True,0.057,0.035,True,False,MODERATE
111.894,,-21.81,-157.58,-5.19,-28.34,16.45,-2.38,False,True,False,False,True,True,0.059,0.04,True,False,MODERATE
112.084,,-21.63,-157.53,-5.14,-28.03,16.64,-2.4,False,True,False,False,False,True,0.058,0.034,True,False,MODERATE
112.108,,-21.49,-157.68,-5.18,-27.98,16.64,-2.41,False,True,False,False,False,True,0.061,0.027,True,False,MODERATE
112.257,,-19.86,-158.97,-5.02,-27.0,16.01,-2.35,False,True,False,False,False,True,0.012,0.049,False,False,MODERATE
112.289,,-15.35,-160.92,-3.19,-25.89,15.54,-2.02,False,True,False,False,False,True,-0.026,-0.017,True,False,MODERATE
112.468,,-11.07,-160.68,-2.67,-20.75,14.5,-0.89,False,True,False,False,False,True,-0.009,-0.025,True,False,MODERATE
112.492,,-8.96,-163.08,-2.13,-19.69,13.98,-0.66,False,True,False,False,False,True,-0.004,-0.019,True,False,MODERATE
112.657,,-7.44,-163.58,-2.05,-16.12,12.21,0.05,False,True,False,False,False,True,-0.005,-0.016,True,False,MODERATE
112.691,,-7.3,-165.08,-1.94,-15.51,11.58,0.19,False,True,False,False,False,True,-0.005,-0.015,True,False,MODERATE
112.863,,-6.68,-164.99,-2.12,-13.97,10.33,0.41,False,True,False,False,False,True,-0.0,-0.017,True,False,MODERATE
112.886,,-7.44,-165.29,-2.16,-13.91,10.14,0.43,False,True,False,False,False,True,-0.004,-0.017,True,False,MODERATE
113.058,,-7.27,-165.31,-2.17,-13.64,9.52,0.5,False,False,False,False,False,False,-0.001,-0.021,True,False,MODERATE
113.089,,-6.85,-165.18,-2.15,-13.53,9.46,0.51,False,False,False,False,False,False,-0.001,-0.019,True,False,MODERATE
113.269,,-6.85,-164.8,-2.21,-13.24,9.49,0.51,False,False,False,False,False,False,-0.001,-0.017,True,False,MODERATE
113.292,,-6.9,-164.61,-2.25,-13.21,9.52,0.51,False,False,False,False,False,False,-0.001,-0.017,True,False,MODERATE
113.456,,-7.0,-164.54,-2.28,-13.18,9.66,0.48,False,False,False,False,False,False,-0.0,-0.021,True,False,MODERATE
113.489,,-7.41,-165.0,-2.3,-13.24,9.6,0.47,False,False,False,False,False,False,0.001,-0.013,True,False,MODERATE
113.668,,-7.61,-164.7,-2.5,-13.52,9.61,0.34,False,False,False,False,False,False,0.001,-0.01,True,False,MODERATE
113.693,,-7.06,-164.94,-2.42,-13.48,9.58,0.33,False,False,False,False,False,False,0.004,-0.013,True,False,MODERATE
113.858,,-7.8,-164.79,-2.59,-13.72,9.56,0.23,False,False,False,False,False,False,-0.001,-0.013,True,False,MODERATE
113.889,,-7.04,-164.91,-2.38,-13.63,9.53,0.25,False,False,False,False,False,False,0.002,-0.017,True,False,MODERATE
114.071,,-7.31,-164.47,-2.56,-13.54,9.71,0.2,False,False,False,False,False,False,-0.031,-0.011,True,False,MODERATE
114.093,,-7.49,-165.13,-2.33,-13.55,9.64,0.23,False,False,False,False,False,False,0.009,-0.009,True,False,MODERATE
114.258,,-7.84,-164.1,-2.42,-13.78,9.94,0.27,False,False,False,False,False,False,0.01,-0.006,True,False,MODERATE
114.294,,-7.72,-164.0,-2.39,-13.79,10.01,0.28,False,True,False,False,False,True,0.027,-0.002,True,False,MODERATE
114.464,,-11.17,-163.35,-2.95,-15.68,10.52,0.02,False,True,False,False,False,True,0.07,0.017,True,False,MODERATE
114.487,,-17.52,-162.06,-4.75,-17.01,10.75,-0.26,False,True,False,False,False,True,0.058,0.029,True,False,MODERATE
114.659,,-22.79,-161.48,-5.82,-24.26,11.88,-1.8,False,True,False,False,True,True,0.046,0.035,True,False,MODERATE
114.691,,-24.48,-160.97,-5.7,-25.8,12.16,-2.02,False,True,False,False,True,True,0.062,0.036,True,False,MODERATE
114.864,,-25.27,-160.93,-6.0,-29.2,12.83,-2.7,False,True,False,False,True,True,0.06,0.036,True,False,MODERATE
114.885,,-24.86,-160.76,-5.78,-29.48,12.92,-2.74,False,True,False,False,False,True,0.044,0.029,True,False,MODERATE
115.061,,-23.89,-160.44,-5.78,-29.8,13.44,-2.91,False,True,False,False,False,True,0.058,0.03,True,False,HIGH
115.09,,-23.04,-160.76,-5.45,-29.7,13.46,-2.88,False,True,False,False,False,True,0.067,0.03,True,False,HIGH
115.267,,-23.16,-161.34,-5.53,-29.49,13.21,-2.84,False,True,False,False,False,True,0.054,0.027,True,False,HIGH
115.29,,-22.56,-161.0,-5.43,-29.39,13.22,-2.82,False,True,False,False,False,True,0.067,0.025,True,False,HIGH
115.459,,-22.22,-161.18,-5.32,-28.86,13.18,-2.71,False,True,False,False,False,True,0.057,0.027,True,False,HIGH
115.489,,-22.26,-161.29,-5.26,-28.79,13.16,-2.68,False,True,False,False,False,True,0.057,0.028,True,False,HIGH
115.666,,-21.44,-160.88,-5.14,-28.15,13.31,-2.54,False,True,False,False,False,True,0.053,0.028,True,False,HIGH
115.69,,-20.77,-161.74,-4.53,-27.98,13.21,-2.44,False,True,False,False,False,True,0.003,-0.006,True,False,HIGH
115.857,,-17.71,-161.47,-4.24,-25.75,13.03,-1.96,False,True,False,False,False,True,-0.044,-0.024,True,False,HIGH
116.536,,0.47,-168.78,-1.63,-8.98,6.89,0.53,False,False,False,False,False,False,0.006,-0.018,True,False,HIGH
116.674,,-1.97,-169.2,-1.56,-8.55,6.04,0.83,False,False,False,False,False,False,0.012,-0.008,True,False,HIGH
116.698,,-2.99,-169.38,-1.64,-8.64,5.88,0.86,False,False,False,False,False,False,0.008,-0.009,True,False,HIGH
116.882,,-3.33,-168.6,-1.83,-9.09,5.8,0.88,False,False,False,False,False,False,0.01,-0.005,True,False,HIGH
116.919,,-3.25,-168.3,-1.67,-9.15,5.84,0.91,False,False,False,False,False,False,0.02,-0.006,True,False,HIGH
117.07,,-1.34,-168.24,-2.12,-8.33,5.96,0.76,False,False,False,False,False,False,0.012,0.049,False,False,HIGH
117.093,,-1.57,-167.05,-1.79,-8.25,6.13,0.79,False,False,False,False,False,False,-0.015,-0.008,True,False,HIGH
117.272,,-1.73,-167.66,-1.64,-8.05,6.42,0.94,False,False,False,False,False,False,-0.009,-0.01,True,False,HIGH
117.294,,-2.44,-167.71,-1.67,-8.12,6.44,0.96,False,False,False,False,False,False,-0.005,-0.011,True,False,HIGH
117.465,,-2.39,-167.72,-1.87,-8.34,6.53,0.9,False,False,False,False,False,False,-0.001,-0.011,True,False,HIGH
117.489,,-3.06,-167.61,-1.97,-8.45,6.55,0.89,False,False,False,False,False,False,0.004,-0.012,True,False,HIGH
117.673,,-3.49,-167.35,-2.02,-9.1,6.78,0.79,False,False,False,False,False,False,0.006,-0.013,True,False,HIGH
117.695,,-3.43,-167.07,-2.07,-9.16,6.84,0.77,False,False,False,False,False,False,0.022,-0.007,True,False,HIGH
117.862,,-3.24,-167.7,-2.01,-9.28,6.73,0.74,False,False,False,False,False,False,0.014,-0.006,True,False,HIGH
117.886,,-2.96,-167.64,-1.8,-9.26,6.72,0.77,False,False,False,False,False,False,0.013,-0.002,True,False,HIGH
118.069,,-2.32,-167.45,-1.8,-8.83,6.81,0.85,False,False,False,False,False,False,0.013,-0.004,True,False,HIGH
118.093,,-3.21,-167.84,-1.86,-8.9,6.76,0.85,False,False,False,False,False,False,0.007,-0.004,True,False,HIGH
118.257,,-3.33,-167.57,-1.87,-9.2,6.76,0.85,False,False,False,False,False,False,-0.002,-0.013,True,False,HIGH
118.28,,-3.32,-167.68,-1.88,-9.23,6.74,0.85,False,False,False,False,False,False,-0.003,-0.011,True,False,HIGH
118.467,,-2.93,-167.36,-1.85,-9.15,6.86,0.86,False,False,False,False,False,False,-0.003,-0.012,True,False,HIGH
118.493,,-3.05,-167.34,-1.83,-9.16,6.88,0.87,False,False,False,False,False,False,-0.005,-0.01,True,False,HIGH
118.659,,-2.63,-167.55,-1.91,-8.96,6.83,0.84,False,False,False,False,False,False,-0.002,-0.009,True,False,HIGH
118.685,,-3.0,-167.54,-1.78,-8.99,6.82,0.86,False,False,False,False,False,False,-0.001,-0.012,True,False,HIGH
118.87,,-2.47,-168.16,-2.46,-8.79,6.47,0.54,False,False,False,False,False,False,0.012,0.049,False,False,HIGH
118.891,,-2.74,-167.8,-2.34,-8.8,6.47,0.52,False,False,False,False,False,False,0.016,0.018,True,False,HIGH
119.065,,-2.5,-167.55,-2.23,-8.72,6.63,0.51,False,False,False,False,False,False,0.022,0.027,True,False,HIGH
119.089,,-2.46,-167.18,-2.11,-8.71,6.7,0.52,False,False,False,False,False,False,-0.003,-0.006,True,False,HIGH
119.275,,-2.46,-167.51,-2.0,-8.65,6.76,0.63,False,False,False,False,False,False,-0.001,-0.009,True,False,HIGH
119.299,,-2.48,-167.63,-2.04,-8.65,6.75,0.64,False,False,False,False,False,False,0.001,-0.01,True,False,HIGH
119.468,,-2.65,-167.25,-2.05,-8.73,6.92,0.66,False,False,False,False,False,False,0.003,-0.012,True,False,HIGH
119.491,,-3.04,-167.27,-2.17,-8.79,6.94,0.64,False,False,False,False,False,False,0.005,-0.012,True,False,HIGH
119.676,,-3.15,-167.22,-2.17,-9.07,7.03,0.6,False,False,False,False,False,False,0.005,-0.011,True,False,HIGH
119.703,,-3.1,-167.1,-2.06,-9.09,7.06,0.61,False,False,False,False,False,False,0.004,-0.012,True,False,HIGH
119.874,,-3.05,-167.3,-2.12,-9.15,7.04,0.61,False,False,False,False,False,False,0.004,-0.009,True,False,HIGH
119.897,,-3.2,-166.99,-2.16,-9.17,7.08,0.6,False,False,False,False,False,False,0.008,-0.01,True,False,HIGH
120.077,,-3.51,-167.28,-2.19,-9.43,7.06,0.57,False,False,False,False,False,False,0.006,-0.01,True,False,HIGH
120.1,,-3.21,-167.07,-2.27,-9.42,7.09,0.55,False,False,False,False,False,False,0.007,-0.011,True,False,HIGH
120.259,,-3.32,-167.11,-2.13,-9.45,7.15,0.57,False,False,False,False,False,False,0.01,-0.011,True,False,HIGH
120.283,,-3.17,-166.97,-2.62,-9.43,7.18,0.51,False,False,False,False,False,False,0.012,0.049,False,False,HIGH
120.469,,-3.0,-166.79,-2.42,-9.28,7.37,0.4,False,False,False,False,False,False,0.015,0.011,True,False,MODERATE
120.492,,-3.48,-167.27,-2.3,-9.32,7.33,0.4,False,False,False,False,False,False,0.015,-0.004,True,False,MODERATE
120.658,,-3.11,-167.27,-2.3,-9.29,7.19,0.41,False,False,False,False,False,False,0.007,-0.005,True,False,MODERATE
120.683,,-3.39,-167.39,-2.24,-9.33,7.15,0.42,False,False,False,False,False,False,0.002,-0.007,True,False,MODERATE
120.863,,-2.94,-167.41,-2.31,-9.2,7.03,0.42,False,False,False,False,False,False,0.017,-0.006,True,False,MODERATE
120.886,,-2.98,-166.88,-2.19,-9.19,7.08,0.43,False,False,False,False,False,False,0.019,-0.012,True,False,MODERATE
121.059,,-3.33,-167.53,-2.09,-9.34,6.93,0.54,False,False,False,False,False,False,0.019,-0.009,True,False,MODERATE
121.084,,-3.7,-167.6,-2.22,-9.41,6.9,0.53,False,False,False,False,False,False,0.017,-0.01,True,False,MODERATE
121.265,,-3.48,-167.34,-2.18,-9.53,6.95,0.54,False,False,False,False,False,False,0.011,-0.011,True,False,MODERATE
121.387,,-3.61,-167.34,-2.22,-9.63,6.96,0.52,False,False,False,False,False,False,0.014,-0.008,True,False,MODERATE
121.49,,-3.59,-167.48,-2.11,-9.67,6.92,0.56,False,False,False,False,False,False,0.012,-0.009,True,False,MODERATE
121.515,,-3.65,-167.41,-2.14,-9.69,6.92,0.56,False,False,False,False,False,False,0.013,-0.007,True,False,MODERATE
121.666,,-3.34,-167.32,-2.13,-9.59,6.96,0.58,False,False,False,False,False,False,0.007,-0.003,True,False,MODERATE
121.692,,-3.19,-167.33,-2.22,-9.56,6.96,0.57,False,False,False,False,False,False,0.013,-0.003,True,False,MODERATE
121.858,,-2.93,-167.35,-2.13,-9.31,6.97,0.58,False,False,False,False,False,False,0.004,-0.008,True,False,MODERATE
121.883,,-2.21,-166.99,-2.46,-9.18,7.02,0.54,False,False,False,False,False,False,0.012,0.049,False,False,MODERATE
122.067,,-2.41,-166.59,-2.78,-8.84,7.41,0.22,False,False,False,False,False,False,0.012,0.049,False,False,MODERATE
122.088,,-2.79,-167.4,-2.33,-8.85,7.35,0.24,False,False,False,False,False,False,0.017,0.01,True,False,MODERATE
122.257,,-2.33,-167.4,-2.1,-8.66,7.13,0.44,False,False,False,False,False,False,0.012,-0.011,True,False,MODERATE
122.28,,-3.33,-167.51,-2.13,-8.76,7.09,0.46,False,False,False,False,False,False,0.013,-0.011,True,False,MODERATE
122.467,,-3.16,-166.7,-2.25,-9.06,7.38,0.47,False,False,False,False,False,False,0.013,-0.014,True,False,MODERATE
122.49,,-3.63,-167.03,-2.15,-9.16,7.37,0.48,False,False,False,False,False,False,0.021,-0.004,True,False,MODERATE
122.661,,-4.01,-167.18,-2.15,-9.69,7.25,0.53,False,False,False,False,False,False,0.015,-0.004,True,False,MODERATE
122.686,,-3.8,-167.3,-2.31,-9.72,7.22,0.51,False,False,False,False,False,False,0.013,0.007,True,False,MODERATE
122.866,,-2.65,-166.69,-2.66,-9.23,7.44,0.27,False,False,False,False,False,False,0.012,0.049,False,False,MODERATE
122.888,,-2.17,-166.68,-2.41,-9.12,7.47,0.28,False,False,False,False,False,False,0.012,0.049,False,False,MODERATE
123.189,,-3.07,-167.55,-2.28,-9.19,7.01,0.39,False,False,False,False,False,False,0.014,0.002,True,False,MODERATE
123.21,,-2.75,-167.25,-2.15,-9.15,7.02,0.41,False,False,False,False,False,False,0.005,-0.006,True,False,MODERATE
123.311,,-2.44,-166.94,-2.07,-8.93,7.16,0.51,False,False,False,False,False,False,0.003,-0.005,True,False,MODERATE
123.336,,-2.83,-167.34,-2.1,-8.94,7.14,0.52,False,False,False,False,False,False,0.005,-0.007,True,False,MODERATE
123.457,,-2.63,-167.27,-2.1,-8.87,7.1,0.57,False,False,False,False,False,False,0.009,-0.007,True,False,MODERATE
123.481,,-2.32,-167.82,-2.05,-8.81,7.02,0.58,False,False,False,False,False,False,0.007,-0.007,True,False,MODERATE
123.669,,-2.43,-167.22,-2.14,-8.69,7.07,0.58,False,False,False,False,False,False,0.011,-0.006,True,False,MODERATE
123.695,,-2.46,-167.39,-2.12,-8.68,7.05,0.59,False,False,False,False,False,False,0.006,-0.006,True,False,LOW
123.86,,-2.57,-167.86,-2.07,-8.7,6.75,0.62,False,False,False,False,False,False,0.015,-0.007,True,False,LOW
123.883,,-3.02,-167.78,-2.29,-8.76,6.72,0.6,False,False,False,False,False,False,0.023,-0.007,True,False,LOW
124.066,,-3.05,-167.13,-2.15,-9.0,6.98,0.59,False,False,False,False,False,False,0.018,-0.006,True,False,LOW
124.087,,-3.77,-167.43,-2.13,-9.11,6.97,0.59,False,False,False,False,False,False,0.018,-0.006,True,False,LOW
124.261,,-3.54,-167.14,-2.15,-9.42,7.08,0.58,False,False,False,False,False,False,0.014,-0.008,True,False,LOW
124.284,,-3.06,-167.16,-2.14,-9.39,7.09,0.58,False,False,False,False,False,False,0.001,-0.005,True,False,LOW
124.465,,-2.44,-166.47,-2.65,-8.96,7.5,0.31,False,False,False,False,False,False,0.012,0.049,False,False,LOW
124.488,,-2.33,-166.07,-2.2,-8.9,7.6,0.34,False,False,False,False,False,False,0.017,0.016,True,False,LOW
124.664,,-2.72,-166.84,-2.24,-8.88,7.54,0.41,False,False,False,False,False,False,0.017,-0.0,True,False,LOW
124.688,,-2.74,-167.18,-2.08,-8.89,7.49,0.45,False,False,False,False,False,False,0.014,0.001,True,False,LOW
124.865,,-3.11,-167.97,-1.95,-9.08,6.88,0.62,False,False,False,False,False,False,0.051,0.011,True,False,LOW
124.888,,-2.78,-167.48,-1.83,-9.06,6.88,0.66,False,False,False,False,False,False,0.053,0.012,True,False,LOW
125.059,,-2.79,-167.59,-1.85,-9.0,6.8,0.77,False,False,False,False,False,False,0.052,0.01,True,False,LOW
125.083,,-2.65,-167.68,-1.9,-8.97,6.78,0.78,False,False,False,False,False,False,0.057,0.008,True,False,LOW
125.266,,-2.64,-167.31,-1.93,-8.87,6.91,0.79,False,False,False,False,False,False,0.056,0.005,True,False,LOW
125.288,,-2.7,-167.27,-1.93,-8.87,6.93,0.79,False,False,False,False,False,False,0.056,0.007,True,False,LOW
125.458,,-2.68,-167.7,-2.03,-8.85,6.77,0.74,False,False,False,False,False,False,0.052,0.004,True,False,LOW
125.481,,-2.82,-167.02,-2.03,-8.87,6.84,0.73,False,False,False,False,False,False,0.007,-0.009,True,False,LOW
125.667,,-2.4,-166.81,-2.12,-8.69,7.21,0.66,False,False,False,False,False,False,0.006,-0.012,True,False,LOW
125.689,,-2.19,-166.61,-2.06,-8.65,7.27,0.66,False,False,False,False,False,False,0.004,-0.011,True,False,LOW
125.862,,-1.58,-166.96,-2.36,-8.16,7.32,0.51,False,False,False,False,False,False,0.012,0.049,False,False,LOW
125.884,,-1.68,-166.93,-2.52,-8.12,7.33,0.47,False,False,False,False,False,False,0.016,0.012,True,False,LOW
126.073,,-2.35,-167.38,-2.36,-8.33,7.12,0.41,False,False,False,False,False,False,-0.001,-0.011,True,False,LOW
126.096,,-2.05,-166.75,-2.32,-8.31,7.18,0.41,False,False,False,False,False,False,0.001,-0.005,True,False,LOW
126.258,,-2.29,-167.19,-2.5,-8.38,7.16,0.32,False,False,False,False,False,False,0.001,-0.003,True,False,LOW
126.285,,-2.77,-167.56,-2.39,-8.46,7.1,0.32,False,False,False,False,False,False,-0.0,-0.004,True,False,LOW
126.468,,-2.13,-166.78,-2.19,-8.36,7.34,0.43,False,False,False,False,False,False,0.009,-0.009,True,False,LOW
126.492,,-2.74,-166.92,-2.35,-8.43,7.35,0.43,False,False,False,False,False,False,0.005,-0.004,True,False,LOW
126.658,,-2.12,-166.92,-2.35,-8.35,7.38,0.4,False,False,False,False,False,False,0.008,-0.003,True,False,LOW
126.681,,-2.29,-166.87,-2.37,-8.36,7.39,0.39,False,False,False,False,False,False,0.011,-0.007,True,False,LOW
126.85,,-2.15,-166.93,-2.28,-8.33,7.39,0.42,False,False,False,False,False,False,0.015,-0.005,True,False,LOW
126.882,,-2.54,-167.12,-2.26,-8.39,7.36,0.43,False,False,False,False,False,False,0.011,-0.004,True,False,LOW
127.059,,-2.3,-167.23,-2.23,-8.42,7.22,0.46,False,False,False,False,False,False,0.015,-0.008,True,False,LOW
127.082,,-2.46,-167.3,-2.33,-8.45,7.19,0.45,False,False,False,False,False,False,0.018,-0.008,True,False,LOW
127.261,,-2.29,-167.03,-2.29,-8.44,7.25,0.44,False,False,False,False,False,False,0.015,-0.006,True,False,LOW
127.285,,-2.33,-167.0,-2.29,-8.45,7.26,0.44,False,False,False,False,False,False,0.015,-0.009,True,False,LOW
127.47,,-2.48,-167.01,-2.25,-8.55,7.29,0.46,False,False,False,False,False,False,0.018,-0.01,True,False,LOW
127.57,,-3.41,-166.96,-2.37,-8.94,7.32,0.42,False,False,False,False,False,False,0.026,-0.003,True,False,LOW
127.685,,-3.25,-166.82,-2.33,-9.14,7.4,0.41,False,False,False,False,False,False,0.027,-0.002,True,False,LOW
127.708,,-2.8,-166.69,-2.29,-9.11,7.43,0.41,False,False,False,False,False,False,0.011,-0.005,True,False,LOW
127.868,,-2.06,-166.89,-2.16,-8.66,7.43,0.49,False,False,False,False,False,False,0.01,-0.007,True,False,LOW
127.971,,-3.01,-167.42,-2.23,-8.86,7.22,0.49,False,False,False,False,False,False,0.003,-0.005,True,False,LOW
128.085,,-2.71,-167.04,-2.26,-8.86,7.25,0.48,False,False,False,False,False,False,0.009,-0.006,True,False,LOW
128.108,,-2.87,-166.69,-2.23,-8.88,7.3,0.48,False,False,False,False,False,False,0.048,0.009,True,False,LOW
128.258,,-2.55,-166.77,-2.14,-8.79,7.42,0.53,False,False,False,False,False,False,0.048,0.007,True,False,LOW
128.368,,-2.22,-167.14,-2.05,-8.62,7.33,0.59,False,False,False,False,False,False,0.052,0.008,True,False,LOW
128.476,,-2.55,-167.57,-2.07,-8.65,7.09,0.62,False,False,False,False,False,False,0.05,0.008,True,False,LOW
128.499,,-2.61,-167.87,-2.08,-8.67,7.01,0.62,False,False,False,False,False,False,0.048,0.008,True,False,LOW
128.666,,-2.07,-167.01,-2.11,-8.44,7.17,0.62,False,False,False,False,False,False,0.015,0.001,True,False,LOW
128.77,,-1.78,-166.75,-2.1,-8.23,7.33,0.62,False,False,False,False,False,False,0.015,-0.006,True,False,LOW
128.872,,-2.24,-166.96,-2.24,-8.29,7.34,0.57,False,False,False,False,False,False,0.012,-0.006,True,False,LOW
128.896,,-1.72,-166.71,-2.14,-8.24,7.38,0.57,False,False,False,False,False,False,0.019,0.005,True,False,LOW
129.058,,-1.55,-166.97,-2.47,-7.96,7.37,0.41,False,False,False,False,False,False,0.012,0.049,False,False,LOW
129.169,,-2.08,-167.46,-2.31,-8.07,7.16,0.41,False,False,False,False,False,False,0.0,-0.001,True,False,LOW
129.273,,-2.0,-167.36,-2.33,-8.1,7.08,0.41,False,False,False,False,False,False,-0.001,-0.002,True,False,LOW
129.296,,-1.55,-166.44,-2.29,-8.05,7.19,0.41,False,False,False,False,False,False,-0.002,-0.006,True,False,LOW
129.46,,-1.71,-166.78,-2.4,-7.95,7.37,0.37,False,False,False,False,False,False,0.005,-0.007,True,False,LOW
129.568,,-2.32,-166.61,-2.31,-8.16,7.51,0.39,False,False,False,False,False,False,0.018,-0.012,True,False,LOW
129.672,,-2.27,-166.86,-2.31,-8.27,7.49,0.4,False,False,False,False,False,False,0.018,-0.012,True,False,LOW
129.695,,-2.43,-166.8,-2.35,-8.31,7.5,0.39,False,False,False,False,False,False,0.018,-0.011,True,False,LOW
129.862,,-2.47,-166.85,-2.31,-8.47,7.49,0.41,False,False,False,False,False,False,0.016,-0.01,True,False,LOW
129.968,,-2.43,-166.26,-2.26,-8.51,7.72,0.43,False,False,False,False,False,False,0.011,-0.008,True,False,LOW
130.074,,-2.03,-166.19,-2.24,-8.38,7.89,0.45,False,False,False,False,False,False,0.01,-0.008,True,False,LOW
130.097,,-2.46,-166.9,-2.12,-8.41,7.83,0.47,False,False,False,False,False,False,0.045,0.005,True,False,LOW
130.257,,-1.95,-166.15,-2.2,-8.25,8.0,0.5,False,False,False,False,False,False,0.053,0.009,True,False,LOW
130.37,,-2.36,-166.62,-2.16,-8.36,7.88,0.53,False,False,False,False,False,False,0.053,0.009,True,False,LOW
130.473,,-2.05,-166.35,-2.12,-8.3,7.92,0.56,False,False,False,False,False,False,0.052,0.01,True,False,LOW
130.496,,-2.14,-167.03,-2.13,-8.3,7.84,0.56,False,False,False,False,False,False,0.057,0.008,True,False,LOW
130.657,,-1.93,-167.13,-2.02,-8.19,7.51,0.63,False,False,False,False,False,False,0.058,0.007,True,False,LOW
130.77,,-2.27,-166.89,-2.07,-8.28,7.48,0.64,False,False,False,False,False,False,0.057,0.007,True,False,LOW
130.872,,-1.66,-167.27,-1.88,-8.1,7.31,0.72,False,False,False,False,False,False,0.058,0.005,True,False,LOW
130.895,,-1.5,-166.45,-2.17,-8.04,7.39,0.7,False,False,False,False,False,False,0.014,-0.007,True,False,LOW
131.062,,-2.2,-166.71,-2.21,-8.2,7.5,0.61,False,False,False,False,False,False,0.001,-0.007,True,False,LOW
131.17,,-2.04,-167.12,-2.26,-8.19,7.38,0.55,False,False,False,False,False,False,0.005,-0.01,True,False,LOW
131.275,,-2.72,-167.25,-2.37,-8.46,7.26,0.47,False,False,False,False,False,False,-0.001,-0.008,True,False,LOW
131.297,,-1.46,-167.22,-2.61,-8.35,7.24,0.43,False,False,False,False,False,False,0.012,0.049,False,False,LOW
131.459,,-2.09,-167.24,-2.46,-8.3,7.16,0.34,False,False,False,False,False,False,0.02,0.022,True,False,LOW
131.574,,-1.61,-166.53,-2.34,-8.07,7.43,0.36,False,False,False,False,False,False,0.004,-0.008,True,False,LOW
131.677,,-2.02,-166.29,-2.35,-8.11,7.67,0.37,False,False,False,False,False,False,0.008,-0.008,True,False,LOW
131.701,,-2.09,-166.25,-2.38,-8.13,7.73,0.36,False,False,False,False,False,False,0.011,-0.011,True,False,LOW
131.857,,-2.49,-166.72,-2.39,-8.38,7.67,0.35,False,False,False,False,False,False,0.008,-0.01,True,False,LOW
131.971,,-3.95,-166.0,-2.02,-9.12,7.94,0.5,False,False,False,False,False,False,0.078,0.007,True,False,LOW
132.075,,-4.01,-165.74,-2.11,-9.54,8.2,0.54,False,False,False,False,False,False,0.074,0.011,True,False,LOW
132.098,,-5.18,-164.65,-2.42,-9.79,8.4,0.51,False,False,False,False,False,False,0.082,0.015,True,False,LOW
132.26,,-11.09,-161.99,-3.64,-13.92,10.5,-0.22,False,True,False,False,False,True,0.078,0.031,True,False,LOW
132.369,,-19.18,-160.54,-4.72,-19.56,11.96,-0.97,False,True,False,False,True,True,0.053,0.045,True,False,LOW
132.475,,-19.87,-161.24,-4.41,-22.71,12.44,-1.26,False,True,False,False,True,True,0.051,0.049,True,False,LOW
132.499,,-20.02,-160.85,-4.51,-23.35,12.59,-1.34,False,True,False,False,True,True,0.054,0.052,True,False,LOW
132.658,,-19.15,-159.99,-3.96,-24.45,13.51,-1.29,False,True,False,False,True,True,0.045,0.046,True,False,LOW
132.77,,-17.82,-159.81,-3.69,-24.23,13.95,-1.15,False,True,False,False,True,True,0.053,0.048,True,False,LOW
132.872,,-18.27,-160.25,-3.65,-24.31,14.0,-1.06,False,True,False,False,True,True,0.047,0.039,True,False,LOW
132.893,,-17.56,-159.88,-3.79,-24.24,14.05,-1.06,False,True,False,False,True,True,0.037,0.038,True,False,LOW
133.06,,-16.97,-159.57,-4.01,-23.66,14.42,-1.18,False,True,False,False,True,True,0.032,0.044,True,False,LOW
133.169,,-15.38,-160.12,-3.54,-22.77,14.33,-1.03,False,True,False,False,True,True,0.054,0.047,True,False,LOW
133.273,,-16.15,-159.96,-3.87,-22.58,14.35,-1.08,False,True,False,False,True,True,0.062,0.045,True,False,LOW
133.296,,-14.74,-159.81,-3.8,-22.35,14.37,-1.08,False,True,False,False,False,True,0.036,0.035,True,False,LOW
133.458,,-12.94,-160.54,-3.68,-20.61,14.07,-1.01,False,True,False,False,False,True,-0.045,0.0,True,False,LOW
133.57,,-4.61,-167.97,-2.13,-15.86,10.54,-0.33,False,True,False,False,False,True,0.002,-0.011,True,False,LOW
133.674,,-6.6,-168.43,-2.05,-14.44,8.46,0.08,False,False,False,False,False,False,-0.003,-0.012,True,False,LOW
133.697,,-4.69,-170.36,-2.12,-13.84,7.71,0.15,False,False,False,False,False,False,-0.009,-0.01,True,False,LOW
133.858,,-5.04,-170.3,-2.09,-12.36,5.63,0.4,False,False,False,False,False,False,0.0,-0.005,True,False,LOW
133.969,,-5.76,-168.47,-2.21,-12.16,5.73,0.45,False,False,False,False,False,False,0.004,-0.009,True,False,LOW
134.071,,-5.64,-168.58,-2.31,-12.01,5.74,0.43,False,False,False,False,False,False,0.006,-0.009,True,False,LOW
134.093,,-5.48,-168.59,-2.32,-11.96,5.74,0.43,False,False,False,False,False,False,0.008,-0.009,True,False,LOW
134.26,,-5.31,-168.85,-2.3,-11.69,5.6,0.43,False,False,False,False,False,False,0.001,-0.012,True,False,LOW
134.369,,-5.15,-169.33,-2.71,-11.53,5.35,0.26,False,False,False,False,False,False,0.012,0.049,False,False,LOW
134.473,,-4.95,-168.9,-2.99,-11.36,5.38,0.05,False,False,False,False,False,False,0.012,0.049,False,False,LOW
134.496,,-5.35,-169.35,-2.6,-11.37,5.33,0.06,False,False,False,False,False,False,0.009,-0.0,True,False,LOW
134.661,,-4.81,-168.74,-2.64,-11.16,5.46,0.07,False,False,False,False,False,False,0.009,-0.008,True,False,LOW
134.769,,-5.01,-168.1,-2.68,-11.16,5.77,0.06,False,False,False,False,False,False,0.007,-0.012,True,False,LOW
134.871,,-4.73,-167.72,-2.59,-11.05,6.1,0.09,False,False,False,False,False,False,0.008,-0.012,True,False,LOW
134.893,,-4.93,-167.79,-2.61,-11.05,6.16,0.09,False,False,False,False,False,False,0.01,-0.014,True,False,LOW
135.059,,-4.8,-167.7,-2.59,-11.0,6.4,0.11,False,False,False,False,False,False,0.011,-0.014,True,False,LOW
135.173,,-7.1,-167.38,-2.56,-11.97,6.63,0.14,False,False,False,False,False,False,0.049,0.001,True,False,LOW
135.29,,-6.34,-167.38,-2.46,-12.19,6.77,0.19,False,False,False,False,False,False,0.044,0.002,True,False,LOW
135.313,,-9.41,-167.44,-2.69,-12.68,6.78,0.17,False,False,False,False,False,False,0.082,0.0,True,False,LOW
135.468,,-16.09,-165.7,-3.38,-18.02,7.72,-0.24,False,False,False,False,False,False,0.063,0.011,True,False,LOW
135.57,,-19.23,-161.31,-4.6,-21.47,9.99,-0.9,False,False,False,False,True,True,0.043,0.037,True,False,LOW
135.686,,-19.52,-162.23,-4.09,-23.53,10.95,-1.1,False,True,False,False,True,True,0.029,0.043,True,False,LOW
135.71,,-19.66,-161.37,-4.23,-23.92,11.26,-1.16,False,True,False,False,True,True,0.056,0.039,True,False,LOW
135.871,,-19.19,-161.59,-4.26,-24.7,12.05,-1.35,False,True,False,False,False,True,0.054,0.033,True,False,LOW
135.971,,-18.03,-161.78,-4.05,-24.49,12.25,-1.34,False,True,False,False,False,True,0.055,0.033,True,False,LOW
136.086,,-17.95,-161.98,-4.09,-24.32,12.29,-1.35,False,True,False,False,False,True,0.058,0.033,True,False,LOW
136.109,,-18.18,-162.2,-4.06,-24.32,12.27,-1.35,False,True,False,False,False,True,0.051,0.034,True,False,LOW
136.258,,-18.27,-162.0,-4.1,-24.37,12.3,-1.36,False,True,False,False,False,True,0.05,0.031,True,False,LOW
136.371,,-17.93,-161.96,-4.11,-24.25,12.33,-1.37,False,True,False,False,True,True,0.048,0.039,True,False,LOW
136.476,,-17.83,-162.06,-4.0,-24.14,12.3,-1.33,False,True,False,False,True,True,0.052,0.036,True,False,MODERATE
136.499,,-17.8,-162.24,-3.93,-24.12,12.27,-1.32,False,True,False,False,True,True,0.048,0.038,True,False,MODERATE
136.657,,-17.81,-161.59,-3.92,-24.04,12.5,-1.26,False,True,False,False,True,True,0.043,0.042,True,False,MODERATE
136.771,,-16.6,-161.54,-3.93,-23.49,12.62,-1.23,False,True,False,False,False,True,-0.012,0.017,True,False,MODERATE
136.874,,-16.33,-161.37,-3.62,-23.08,12.75,-1.1,False,True,False,False,False,True,-0.008,0.013,True,False,MODERATE
136.898,,-14.34,-161.56,-3.85,-22.7,12.76,-1.1,False,True,False,False,False,True,-0.016,-0.003,True,False,MODERATE
137.058,,-10.75,-163.05,-2.94,-19.53,12.0,-0.65,False,True,False,False,False,True,-0.0,-0.008,True,False,MODERATE
137.17,,-5.14,-167.93,-1.92,-15.55,9.48,-0.03,False,False,False,False,False,False,-0.004,-0.019,True,False,MODERATE
137.274,,-7.89,-168.73,-1.94,-14.87,7.77,0.3,False,False,False,False,False,False,-0.009,-0.013,True,False,MODERATE
137.431,,-6.49,-169.53,-2.01,-13.68,6.18,0.51,False,False,False,False,False,False,-0.017,-0.015,True,False,MODERATE
137.535,,-6.28,-169.18,-1.83,-13.15,5.74,0.67,False,False,False,False,False,False,-0.012,-0.009,True,False,MODERATE
137.57,,-6.3,-169.84,-2.12,-13.01,5.49,0.65,False,False,False,False,False,False,-0.002,-0.014,True,False,MODERATE
137.746,,-6.62,-169.24,-2.38,-12.88,5.27,0.49,False,False,False,False,False,False,-0.005,-0.012,True,False,MODERATE
137.77,,-7.13,-169.51,-2.27,-12.93,5.2,0.49,False,False,False,False,False,False,-0.006,-0.009,True,False,MODERATE
137.871,,-6.07,-168.58,-2.86,-12.65,5.42,0.24,False,False,False,False,False,False,0.012,0.049,False,False,MODERATE
137.97,,-6.77,-169.06,-2.52,-12.75,5.36,0.23,False,False,False,False,False,False,-0.006,-0.002,True,False,MODERATE
138.146,,-6.47,-168.4,-2.45,-12.68,5.66,0.25,False,False,False,False,False,False,-0.002,-0.008,True,False,MODERATE
138.171,,-6.4,-168.57,-2.44,-12.66,5.67,0.26,False,False,False,False,False,False,-0.004,-0.01,True,False,MODERATE
138.275,,-6.62,-168.89,-2.43,-12.71,5.58,0.27,False,False,False,False,False,False,-0.006,-0.013,True,False,MODERATE
138.369,,-5.92,-168.92,-2.28,-12.47,5.51,0.34,False,False,False,False,False,False,-0.0,-0.014,True,False,MODERATE
138.558,,-6.03,-168.25,-2.27,-12.31,5.82,0.4,False,False,False,False,False,False,-0.003,-0.012,True,False,MODERATE
138.582,,-6.15,-167.82,-2.25,-12.31,5.91,0.41,False,False,False,False,False,False,-0.003,-0.011,True,False,MODERATE
138.699,,-6.69,-168.17,-2.06,-12.53,6.02,0.52,False,False,False,False,False,False,0.02,-0.011,True,False,MODERATE
138.771,,-6.62,-167.29,-2.3,-12.61,6.34,0.49,False,False,False,False,False,False,0.012,-0.013,True,False,MODERATE
138.948,,-7.22,-167.71,-2.19,-13.01,6.49,0.51,False,False,False,False,False,False,0.02,-0.014,True,False,LOW
138.976,,-7.01,-167.47,-2.26,-13.04,6.55,0.51,False,False,False,False,False,False,0.02,-0.011,True,False,LOW
139.082,,-8.51,-166.99,-2.29,-13.71,6.87,0.48,False,False,False,False,False,False,0.078,0.001,True,False,LOW
139.17,,-15.35,-160.96,-4.31,-16.9,9.48,-0.28,False,False,False,False,False,False,0.078,0.031,True,False,LOW
139.343,,-20.49,-161.11,-4.89,-22.66,11.58,-1.29,False,True,False,False,True,True,0.034,0.051,True,False,LOW
139.366,,-20.67,-161.73,-4.45,-23.35,11.72,-1.35,False,True,False,False,True,True,0.054,0.048,True,False,LOW
139.467,,-21.98,-160.75,-5.01,-25.61,12.52,-1.73,False,True,False,False,True,True,0.008,0.054,True,False,LOW
139.688,,-24.21,-161.63,-4.95,-28.63,12.62,-2.02,False,True,False,False,True,True,-0.02,0.049,True,False,LOW
139.796,,-24.19,-161.26,-4.85,-29.4,12.81,-2.06,False,True,False,False,False,True,0.02,0.031,True,False,LOW
139.819,,-24.6,-161.47,-4.88,-29.6,12.81,-2.08,False,True,False,False,True,True,0.055,0.039,True,False,LOW
139.927,,-24.52,-161.51,-4.92,-30.07,12.81,-2.12,False,True,False,False,True,True,0.005,0.036,True,False,LOW
139.97,,-24.03,-161.61,-4.74,-30.1,12.79,-2.1,False,True,False,False,True,True,0.057,0.036,True,False,MODERATE
140.146,,-23.47,-161.45,-4.79,-29.84,12.84,-2.08,False,True,False,False,False,True,0.048,0.027,True,False,MODERATE
140.168,,-23.27,-161.37,-4.8,-29.79,12.85,-2.08,False,True,False,False,False,True,0.052,0.028,True,False,MODERATE
140.273,,-23.17,-161.76,-4.64,-29.6,12.74,-2.02,False,True,False,False,False,True,0.057,0.027,True,False,MODERATE
140.37,,-22.42,-161.82,-4.78,-29.2,12.65,-2.03,False,True,False,False,False,True,0.051,0.032,True,False,MODERATE
140.548,,-20.34,-161.82,-4.12,-27.73,12.57,-1.69,False,True,False,False,False,True,-0.038,-0.016,True,False,MODERATE
140.571,,-20.63,-161.81,-4.23,-27.6,12.57,-1.67,False,True,False,False,False,True,-0.047,-0.011,True,False,MODERATE
140.673,,-16.6,-161.4,-3.61,-25.5,12.71,-1.36,False,True,False,False,False,True,-0.023,-0.019,True,False,MODERATE
140.77,,-10.3,-163.25,-2.44,-21.39,12.07,-0.71,False,True,False,False,False,True,-0.013,-0.012,True,False,MODERATE
140.995,,-8.81,-164.84,-1.79,-17.26,10.52,0.28,False,True,False,False,False,True,-0.01,-0.007,True,False,MODERATE
141.018,,-8.37,-165.0,-1.82,-16.82,10.35,0.36,False,True,False,False,False,True,-0.001,-0.01,True,False,MODERATE
141.121,,-6.68,-167.13,-1.63,-14.99,9.01,0.66,False,False,False,False,False,False,-0.012,-0.015,True,False,MODERATE
141.169,,-6.76,-168.24,-1.64,-14.4,8.23,0.76,False,False,False,False,False,False,-0.009,-0.012,True,False,MODERATE
141.345,,-7.04,-167.22,-1.68,-13.72,7.61,0.91,False,False,False,False,False,False,-0.001,-0.012,True,False,MODERATE
141.369,,-7.43,-167.38,-1.83,-13.7,7.51,0.91,False,False,False,False,False,False,-0.0,-0.013,True,False,MODERATE
141.474,,-7.56,-167.02,-1.88,-13.7,7.42,0.88,False,False,False,False,False,False,-0.001,-0.016,True,False,MODERATE
141.57,,-8.23,-166.79,-2.11,-13.96,7.47,0.78,False,False,False,False,False,False,0.004,-0.014,True,False,MODERATE
141.747,,-7.62,-165.61,-2.9,-13.86,8.12,0.27,False,False,False,False,False,False,0.012,0.049,False,False,MODERATE
141.771,,-7.83,-166.32,-3.06,-13.88,8.11,0.19,False,False,False,False,False,False,0.012,0.049,False,False,MODERATE
141.871,,-7.53,-166.53,-2.52,-13.8,7.99,0.2,False,False,False,False,False,False,-0.014,0.003,True,False,MODERATE
141.969,,-7.53,-166.37,-2.33,-13.75,7.97,0.27,False,False,False,False,False,False,-0.003,-0.01,True,False,MODERATE
142.144,,-7.3,-166.73,-2.36,-13.59,7.77,0.32,False,False,False,False,False,False,0.001,-0.011,True,False,MODERATE
142.168,,-7.75,-166.79,-2.3,-13.63,7.74,0.34,False,False,False,False,False,False,0.001,-0.01,True,False,MODERATE
142.271,,-7.58,-166.44,-2.33,-13.67,7.8,0.36,False,False,False,False,False,False,0.004,-0.018,True,False,MODERATE
142.37,,-7.26,-166.24,-2.26,-13.57,7.91,0.4,False,False,False,False,False,False,0.003,-0.016,True,False,MODERATE
142.546,,-7.17,-166.11,-2.27,-13.44,8.07,0.43,False,False,False,False,False,False,0.002,-0.016,True,False,MODERATE
142.569,,-7.03,-166.12,-2.22,-13.41,8.09,0.44,False,False,False,False,False,False,0.002,-0.016,True,False,MODERATE
142.674,,-7.53,-166.39,-2.27,-13.51,8.03,0.45,False,False,False,False,False,False,0.001,-0.016,True,False,MODERATE
142.769,,-9.27,-165.85,-2.03,-14.25,8.2,0.54,False,False,False,False,False,False,0.082,-0.002,True,False,MODERATE
142.946,,-11.04,-165.02,-2.25,-15.86,8.79,0.51,False,False,False,False,False,False,0.075,-0.001,True,False,MODERATE
142.97,,-10.59,-164.66,-2.28,-15.98,8.91,0.5,False,False,False,False,False,False,0.075,-0.002,True,False,MODERATE
143.076,,-14.44,-162.93,-3.23,-18.02,9.96,0.09,False,False,False,False,False,False,0.076,0.008,True,False,MODERATE
143.169,,-20.03,-160.88,-4.57,-21.6,11.37,-0.65,False,True,False,False,True,True,0.081,0.036,True,False,MODERATE
143.355,,-24.19,-161.35,-5.07,-26.94,12.28,-1.59,False,True,False,False,True,True,0.043,0.036,True,False,MODERATE
143.378,,-24.21,-160.87,-5.32,-27.52,12.44,-1.73,False,True,False,False,False,True,0.051,0.035,True,False,MODERATE
143.494,,-25.5,-161.44,-5.4,-29.57,12.64,-2.15,False,True,False,False,True,True,0.004,0.04,True,False,MODERATE
143.569,,-23.74,-160.22,-4.98,-29.69,13.14,-2.18,False,True,False,False,False,True,0.014,0.029,True,False,MODERATE
143.758,,-23.54,-160.24,-5.12,-29.69,13.67,-2.3,False,True,False,False,True,True,0.044,0.036,True,False,MODERATE
143.781,,-23.58,-160.28,-5.14,-29.69,13.72,-2.31,False,True,False,False,True,True,0.045,0.037,True,False,HIGH
143.895,,-23.74,-160.43,-5.1,-29.78,13.79,-2.34,False,True,False,False,True,True,0.044,0.037,True,False,HIGH
143.968,,-23.35,-160.0,-4.96,-29.69,13.97,-2.31,False,True,False,False,True,True,0.051,0.041,True,False,HIGH
144.162,,-22.8,-160.31,-4.96,-29.28,13.99,-2.27,False,True,False,False,True,True,0.059,0.035,True,False,HIGH
144.186,,-22.4,-160.43,-4.86,-29.18,13.98,-2.25,False,True,False,False,False,True,0.062,0.032,True,False,HIGH
144.292,,-22.42,-160.6,-4.92,-28.93,13.88,-2.23,False,True,False,False,False,True,0.068,0.034,True,False,HIGH
144.37,,-18.77,-160.52,-4.36,-27.5,13.85,-2.03,False,True,False,False,False,True,-0.031,-0.022,True,False,HIGH
144.548,,-14.99,-160.17,-3.67,-23.86,14.01,-1.45,False,True,False,False,False,True,-0.021,-0.01,True,False,HIGH
145.289,,-1.45,-167.27,-1.52,-10.14,8.23,0.75,False,False,False,False,False,False,0.009,-0.014,True,False,HIGH
145.397,,-4.33,-165.81,-1.67,-10.28,8.35,0.87,False,False,False,False,False,False,0.003,-0.004,True,False,HIGH
145.426,,-4.08,-165.5,-1.87,-10.27,8.42,0.87,False,False,False,False,False,False,0.009,-0.003,True,False,HIGH
145.531,,-4.05,-165.51,-1.85,-10.24,8.58,0.87,False,False,False,False,False,False,0.007,-0.003,True,False,HIGH
145.57,,-3.98,-165.63,-1.98,-10.22,8.6,0.85,False,False,False,False,False,False,-0.003,-0.013,True,False,HIGH
145.745,,-3.93,-165.59,-2.05,-10.15,8.67,0.76,False,False,False,False,False,False,-0.005,-0.01,True,False,HIGH
145.768,,-3.77,-165.38,-1.9,-10.12,8.71,0.77,False,False,False,False,False,False,-0.003,-0.013,True,False,HIGH
145.871,,-4.73,-165.46,-1.89,-10.42,8.77,0.79,False,False,False,False,False,False,-0.009,-0.012,True,False,HIGH
145.97,,-5.04,-165.53,-1.86,-10.72,8.78,0.82,False,False,False,False,False,False,0.002,-0.008,True,False,HIGH
146.143,,-4.21,-165.24,-1.74,-10.53,8.94,0.91,False,False,False,False,False,False,0.003,-0.006,True,False,HIGH
146.166,,-3.77,-165.3,-1.67,-10.45,8.95,0.93,False,False,False,False,False,False,0.004,-0.008,True,False,HIGH
146.269,,-3.77,-165.3,-1.63,-10.24,8.98,0.99,False,False,False,False,False,False,0.013,-0.005,True,False,HIGH
146.371,,-3.41,-165.46,-2.43,-9.97,8.93,0.72,False,False,False,False,False,False,0.012,0.049,False,False,HIGH
146.546,,-2.87,-164.44,-2.61,-9.46,9.44,0.4,False,False,False,False,False,False,0.012,0.049,False,False,HIGH
146.569,,-3.38,-165.13,-2.7,-9.47,9.41,0.35,False,False,False,False,False,False,0.012,0.049,False,False,HIGH
146.673,,-3.28,-164.57,-2.04,-9.46,9.55,0.48,False,False,False,False,False,False,0.01,0.011,True,False,HIGH
146.768,,-2.9,-165.09,-1.82,-9.3,9.43,0.64,False,False,False,False,False,False,-0.01,-0.007,True,False,HIGH
146.944,,-3.07,-165.41,-1.87,-9.26,9.16,0.75,False,False,False,False,False,False,-0.004,-0.009,True,False,HIGH
146.968,,-2.96,-165.07,-1.79,-9.24,9.17,0.78,False,False,False,False,False,False,-0.005,-0.009,True,False,HIGH
147.073,,-4.1,-165.45,-1.88,-9.64,9.05,0.8,False,False,False,False,False,False,0.002,-0.011,True,False,HIGH
147.168,,-4.73,-165.16,-1.92,-10.12,9.1,0.8,False,False,False,False,False,False,0.006,-0.015,True,False,HIGH
147.345,,-3.57,-166.13,-1.42,-9.91,8.62,1.07,False,False,False,False,False,False,-0.002,-0.011,True,False,HIGH
147.369,,-3.89,-165.85,-1.45,-9.93,8.6,1.1,False,False,False,False,False,False,-0.002,-0.015,True,False,HIGH
147.476,,-3.35,-165.62,-1.34,-9.75,8.64,1.21,False,False,False,False,False,False,-0.008,-0.014,True,False,HIGH
147.568,,-2.77,-165.96,-1.53,-9.44,8.54,1.21,False,False,False,False,False,False,0.012,-0.014,True,False,HIGH
147.746,,-2.56,-165.97,-1.77,-9.05,8.44,1.07,False,False,False,False,False,False,0.012,-0.009,True,False,HIGH
147.769,,-1.19,-165.15,-1.71,-8.81,8.54,1.07,False,False,False,False,False,False,0.012,-0.006,True,False,HIGH
147.874,,-1.58,-165.51,-1.56,-8.36,8.65,1.11,False,False,False,False,False,False,0.013,-0.006,True,False,HIGH
147.97,,-0.31,-164.83,-1.25,-7.6,8.97,1.25,False,False,False,False,False,False,0.03,-0.018,True,False,HIGH
148.145,,0.64,-165.37,-1.07,-6.46,8.96,1.46,False,False,False,False,False,False,0.025,-0.022,True,False,HIGH
148.168,,0.65,-165.57,-1.08,-6.33,8.94,1.48,False,False,False,False,False,False,0.024,-0.022,True,False,HIGH
148.27,,1.56,-164.91,-1.04,-5.6,9.13,1.56,False,False,False,False,False,False,0.029,-0.018,True,False,HIGH
148.37,,1.55,-165.73,-1.12,-5.19,8.92,1.58,False,False,False,False,False,False,0.032,-0.017,True,False,HIGH
148.551,,1.06,-165.5,-0.91,-5.14,8.87,1.71,False,False,False,False,False,False,0.03,-0.021,True,False,HIGH
148.588,,0.94,-165.67,-1.1,-5.15,8.83,1.69,False,False,False,False,False,False,0.026,-0.018,True,False,HIGH
148.695,,-0.08,-165.8,-1.16,-5.59,8.71,1.64,False,False,False,False,False,False,0.024,-0.019,True,False,HIGH
148.768,,1.68,-165.33,-1.19,-5.23,8.8,1.61,False,False,False,False,False,False,-0.004,-0.012,True,False,HIGH
148.936,,1.11,-165.36,-1.21,-5.13,8.88,1.56,False,False,False,False,False,False,0.003,-0.021,True,False,HIGH
148.961,,0.62,-165.89,-1.25,-5.19,8.82,1.55,False,False,False,False,False,False,-0.004,-0.014,True,False,HIGH
149.063,,0.61,-164.81,-1.26,-5.32,9.09,1.52,False,False,False,False,False,False,-0.004,-0.013,True,False,HIGH
149.169,,0.8,-165.91,-1.33,-5.33,8.82,1.47,False,False,False,False,False,False,-0.002,-0.014,True,False,HIGH
149.335,,0.92,-165.42,-1.37,-5.28,8.86,1.41,False,False,False,False,False,False,-0.003,-0.013,True,False,HIGH
149.36,,0.66,-165.26,-1.39,-5.31,8.89,1.4,False,False,False,False,False,False,-0.007,-0.016,True,False,HIGH
149.457,,0.45,-165.14,-1.4,-5.46,9.0,1.37,False,False,False,False,False,False,-0.007,-0.016,True,False,HIGH
149.569,,0.72,-165.09,-1.37,-5.45,9.1,1.36,False,False,False,False,False,False,-0.006,-0.018,True,False,HIGH
149.737,,0.6,-165.39,-1.36,-5.5,9.01,1.36,False,False,False,False,False,False,-0.007,-0.016,True,False,HIGH
149.761,,1.38,-165.46,-1.51,-5.4,9.0,1.34,False,False,False,False,False,False,-0.003,0.033,True,False,HIGH
149.855,,1.7,-165.41,-1.47,-5.04,8.97,1.31,False,False,False,False,False,False,0.012,0.049,False,False,HIGH
149.967,,0.63,-164.96,-1.14,-5.24,9.13,1.42,False,False,False,False,False,False,-0.014,-0.014,True,False,HIGH
150.137,,1.47,-165.01,-1.14,-4.95,9.23,1.51,False,False,False,False,False,False,-0.002,-0.022,True,False,HIGH
150.16,,1.33,-165.4,-1.16,-4.93,9.19,1.51,False,False,False,False,False,False,-0.009,-0.02,True,False,HIGH
150.255,,1.14,-164.89,-1.12,-4.96,9.28,1.55,False,False,False,False,False,False,-0.009,-0.019,True,False,HIGH
150.368,,1.02,-164.57,-1.3,-5.03,9.48,1.5,False,False,False,False,False,False,-0.007,-0.015,True,False,HIGH
150.539,,1.35,-163.78,-1.06,-4.91,10.04,1.58,False,True,False,False,False,True,-0.005,-0.015,True,False,HIGH
150.562,,1.67,-163.44,-1.14,-4.85,10.15,1.58,False,True,False,False,False,True,-0.002,-0.017,True,False,HIGH
150.659,,1.51,-163.39,-1.1,-4.77,10.46,1.6,False,True,False,False,False,True,-0.003,-0.018,True,False,HIGH
150.768,,1.31,-163.63,-1.19,-4.8,10.56,1.57,False,True,False,False,False,True,-0.004,-0.012,True,False,HIGH
150.938,,1.27,-164.02,-1.22,-4.84,10.43,1.54,False,True,False,False,False,True,-0.007,-0.017,True,False,HIGH
150.963,,1.96,-163.9,-1.1,-4.75,10.43,1.55,False,True,False,False,False,True,-0.002,-0.015,True,False,HIGH
151.057,,1.06,-164.15,-1.3,-4.88,10.33,1.5,False,True,False,False,False,True,-0.004,-0.014,True,False,HIGH
151.169,,1.82,-163.72,-1.48,-4.65,10.45,1.4,False,True,False,False,False,True,0.012,0.049,False,False,HIGH
151.344,,1.7,-163.36,-1.17,-4.54,10.72,1.48,False,True,False,False,False,True,-0.001,0.001,True,False,HIGH
151.367,,1.17,-164.21,-1.04,-4.6,10.64,1.51,False,True,False,False,False,True,-0.008,-0.015,True,False,HIGH
151.469,,1.77,-164.22,-1.02,-4.51,10.43,1.58,False,True,False,False,False,True,-0.008,-0.015,True,False,HIGH
151.568,,1.82,-164.01,-1.14,-4.44,10.39,1.58,False,True,False,False,False,True,0.005,-0.017,True,False,HIGH
151.743,,1.33,-163.91,-1.07,-4.64,10.4,1.62,False,True,False,False,False,True,0.009,-0.015,True,False,HIGH
151.766,,0.34,-163.94,-0.94,-4.79,10.4,1.64,False,True,False,False,False,True,0.007,-0.013,True,False,HIGH
151.869,,0.49,-164.16,-0.92,-5.15,10.31,1.71,False,True,False,False,False,True,0.004,-0.015,True,False,HIGH
151.968,,1.14,-164.39,-0.92,-5.09,10.16,1.74,False,True,False,False,False,True,0.005,-0.018,True,False,HIGH
152.142,,0.98,-164.82,-0.98,-5.13,9.82,1.74,False,False,False,False,False,False,-0.002,-0.018,True,False,HIGH
152.163,,1.37,-164.48,-0.91,-5.09,9.82,1.75,False,False,False,False,False,False,0.009,-0.018,True,False,HIGH
152.26,,0.95,-164.75,-1.08,-5.13,9.73,1.71,False,False,False,False,False,False,0.006,-0.017,True,False,HIGH
152.368,,0.67,-164.57,-1.12,-5.27,9.74,1.67,False,False,False,False,False,False,0.007,-0.018,True,False,HIGH
152.536,,0.71,-164.39,-1.04,-5.36,9.84,1.68,False,False,False,False,False,False,0.007,-0.018,True,False,HIGH
152.56,,0.51,-164.4,-1.01,-5.4,9.85,1.68,False,False,False,False,False,False,0.014,-0.002,True,False,HIGH
152.656,,0.38,-164.65,-1.07,-5.54,9.78,1.67,False,False,False,False,False,False,0.018,-0.003,True,False,HIGH
152.768,,1.09,-164.56,-1.15,-5.34,9.78,1.63,False,False,False,False,False,False,0.003,-0.019,True,False,HIGH
152.948,,1.09,-164.79,-1.08,-5.19,9.65,1.64,False,False,False,False,False,False,0.004,-0.017,True,False,HIGH
152.973,,0.81,-164.63,-1.15,-5.21,9.65,1.63,False,False,False,False,False,False,0.002,-0.019,True,False,HIGH
153.072,,0.79,-164.61,-1.15,-5.27,9.68,1.61,False,False,False,False,False,False,0.002,-0.019,True,False,HIGH
153.169,,0.88,-164.3,-1.18,-5.27,9.81,1.58,False,False,False,False,False,False,0.001,-0.018,True,False,HIGH
153.339,,1.06,-164.87,-1.15,-5.18,9.63,1.58,False,False,False,False,False,False,-0.006,-0.017,True,False,HIGH
153.364,,0.67,-164.43,-1.31,-5.22,9.66,1.56,False,False,False,False,False,False,-0.008,-0.018,True,False,HIGH
153.459,,0.5,-164.36,-1.28,-5.38,9.78,1.52,False,False,False,False,False,False,-0.008,-0.018,True,False,HIGH
153.567,,1.49,-163.96,-1.72,-5.09,10.02,1.31,False,True,False,False,False,True,0.012,0.049,False,False,HIGH
153.735,,1.11,-163.42,-1.22,-5.06,10.48,1.41,False,True,False,False,False,True,-0.009,-0.006,True,False,HIGH
153.759,,1.1,-163.94,-1.08,-5.06,10.47,1.44,False,True,False,False,False,True,-0.004,-0.017,True,False,HIGH
153.855,,1.27,-164.42,-1.14,-4.99,10.26,1.49,False,True,False,False,False,True,-0.002,-0.017,True,False,HIGH
153.968,,0.77,-164.5,-1.27,-5.15,10.08,1.48,False,True,False,False,False,True,-0.011,-0.016,True,False,HIGH
154.137,,0.75,-164.45,-1.41,-5.28,9.97,1.39,False,False,False,False,False,False,-0.009,-0.016,True,False,HIGH
154.159,,1.05,-164.43,-1.42,-5.26,9.96,1.38,False,False,False,False,False,False,-0.006,-0.018,True,False,HIGH
154.254,,1.02,-164.18,-1.41,-5.21,10.03,1.36,False,True,False,False,False,True,-0.005,-0.02,True,False,HIGH
154.369,,0.76,-164.22,-1.34,-5.29,10.06,1.37,False,True,False,False,False,True,0.011,-0.021,True,False,HIGH
154.538,,1.06,-164.26,-1.27,-5.18,10.06,1.41,False,True,False,False,False,True,0.011,-0.02,True,False,HIGH
154.562,,0.75,-164.27,-1.35,-5.21,10.06,1.41,False,True,False,False,False,True,0.009,-0.019,True,False,HIGH
154.662,,0.57,-164.37,-1.36,-5.36,10.02,1.39,False,True,False,False,False,True,0.008,-0.018,True,False,HIGH
154.769,,0.46,-164.76,-1.37,-5.49,9.84,1.38,False,False,False,False,False,False,0.009,-0.018,True,False,HIGH
154.936,,0.7,-164.48,-1.29,-5.47,9.84,1.41,False,False,False,False,False,False,0.009,-0.018,True,False,HIGH
154.959,,1.02,-164.12,-1.27,-5.43,9.89,1.41,False,False,False,False,False,False,-0.004,-0.02,True,False,HIGH
155.052,,0.98,-164.12,-1.29,-5.33,10.01,1.42,False,True,False,False,False,True,-0.003,-0.019,True,False,HIGH
155.167,,1.25,-164.37,-1.66,-5.15,9.98,1.27,False,False,False,False,False,False,0.012,0.049,False,False,HIGH
155.338,,0.8,-163.79,-1.3,-5.25,10.27,1.35,False,True,False,False,False,True,0.012,0.049,False,False,HIGH
155.363,,1.12,-164.65,-1.18,-5.22,10.19,1.38,False,True,False,False,False,True,-0.004,-0.015,True,False,HIGH
155.46,,0.94,-164.66,-1.2,-5.22,9.99,1.43,False,False,False,False,False,False,-0.005,-0.015,True,False,HIGH
155.569,,1.03,-164.53,-1.2,-5.18,9.91,1.47,False,False,False,False,False,False,-0.002,-0.019,True,False,HIGH
155.736,,0.88,-165.1,-1.23,-5.23,9.56,1.48,False,False,False,False,False,False,-0.001,-0.02,True,False,MODERATE
155.76,,0.89,-164.66,-1.3,-5.23,9.57,1.48,False,False,False,False,False,False,-0.001,-0.018,True,False,MODERATE
155.855,,0.93,-164.47,-1.27,-5.23,9.68,1.47,False,False,False,False,False,False,-0.003,-0.02,True,False,MODERATE
155.97,,0.35,-164.61,-1.38,-5.47,9.69,1.42,False,False,False,False,False,False,-0.008,-0.017,True,False,MODERATE
156.136,,0.53,-164.29,-1.33,-5.55,9.87,1.41,False,False,False,False,False,False,-0.008,-0.02,True,False,MODERATE
156.16,,0.97,-164.26,-1.29,-5.5,9.89,1.41,False,False,False,False,False,False,0.011,-0.023,True,False,MODERATE
156.253,,0.99,-164.06,-1.26,-5.37,10.03,1.43,False,True,False,False,False,True,0.011,-0.022,True,False,MODERATE
156.367,,0.63,-165.01,-1.16,-5.43,9.73,1.49,False,False,False,False,False,False,0.038,-0.016,True,False,MODERATE
156.535,,0.36,-164.72,-1.26,-5.62,9.67,1.48,False,False,False,False,False,False,0.036,-0.017,True,False,MODERATE
156.742,,0.58,-164.06,-1.28,-5.59,10.01,1.46,False,True,False,False,False,True,-0.003,-0.018,True,False,MODERATE
156.861,,0.55,-164.26,-1.32,-5.59,10.03,1.44,False,True,False,False,False,True,-0.004,-0.02,True,False,MODERATE
156.89,,1.24,-163.7,-1.65,-5.49,10.12,1.38,False,True,False,False,False,True,0.012,0.049,False,False,MODERATE
157.007,,1.55,-164.47,-1.65,-5.1,10.01,1.25,False,True,False,False,False,True,0.012,0.049,False,False,MODERATE
157.031,,1.16,-163.97,-1.51,-5.09,10.06,1.24,False,True,False,False,False,True,0.002,0.017,True,False,MODERATE
157.143,,1.21,-164.03,-1.46,-5.03,10.16,1.25,False,True,False,False,False,True,0.004,0.016,True,False,MODERATE
157.17,,0.22,-163.97,-1.48,-5.16,10.19,1.25,False,True,False,False,False,True,0.006,-0.012,True,False,MODERATE
157.345,,0.26,-165.08,-1.53,-5.55,9.69,1.22,False,False,False,False,False,False,0.013,-0.016,True,False,MODERATE
157.37,,0.15,-164.84,-1.46,-5.61,9.66,1.23,False,False,False,False,False,False,0.013,-0.016,True,False,MODERATE
157.502,,0.33,-164.68,-1.51,-5.71,9.65,1.22,False,False,False,False,False,False,0.013,-0.017,True,False,MODERATE
157.57,,0.48,-164.66,-1.58,-5.7,9.66,1.2,False,False,False,False,False,False,0.012,-0.01,True,False,MODERATE
157.748,,0.59,-164.39,-1.51,-5.62,9.8,1.21,False,False,False,False,False,False,0.01,-0.008,True,False,MODERATE
157.772,,0.69,-164.54,-1.53,-5.6,9.8,1.21,False,False,False,False,False,False,0.011,-0.008,True,False,MODERATE
157.877,,0.69,-164.72,-1.51,-5.55,9.72,1.21,False,False,False,False,False,False,0.01,-0.007,True,False,MODERATE
157.97,,0.93,-164.21,-1.49,-5.42,9.87,1.22,False,False,False,False,False,False,-0.005,-0.022,True,False,MODERATE
158.146,,0.51,-163.68,-1.6,-5.54,10.28,1.17,False,True,False,False,False,True,-0.0,-0.023,True,False,MODERATE
158.167,,0.95,-163.89,-1.85,-5.5,10.3,1.13,False,True,False,False,False,True,0.012,0.049,False,False,MODERATE
158.271,,1.41,-163.64,-1.8,-5.19,10.45,1.05,False,True,False,False,False,True,0.012,0.049,False,False,MODERATE
158.369,,1.03,-163.75,-1.54,-5.16,10.5,1.1,False,True,False,False,False,True,-0.007,-0.019,True,False,MODERATE
158.548,,1.01,-164.18,-1.44,-5.15,10.31,1.2,False,True,False,False,False,True,0.003,-0.024,True,False,MODERATE
158.571,,0.93,-164.36,-1.31,-5.16,10.27,1.23,False,True,False,False,False,True,0.003,-0.028,True,False,MODERATE
158.74,,0.5,-164.58,-1.42,-5.41,10.0,1.27,False,False,False,False,False,False,0.003,-0.023,True,False,MODERATE
158.769,,0.82,-164.61,-1.39,-5.4,9.95,1.28,False,False,False,False,False,False,0.001,-0.023,True,False,MODERATE
158.947,,0.97,-164.16,-1.44,-5.28,10.06,1.28,False,True,False,False,False,True,-0.003,-0.023,True,False,MODERATE
158.971,,1.01,-164.61,-1.54,-5.26,10.02,1.27,False,True,False,False,False,True,-0.005,-0.023,True,False,MODERATE
159.136,,0.43,-164.59,-1.55,-5.5,9.87,1.22,False,False,False,False,False,False,-0.005,-0.022,True,False,MODERATE
159.169,,0.52,-164.53,-1.48,-5.52,9.86,1.23,False,False,False,False,False,False,-0.001,-0.021,True,False,MODERATE
159.354,,0.42,-164.34,-1.38,-5.63,9.93,1.29,False,False,False,False,False,False,0.0,-0.022,True,False,MODERATE
159.377,,0.67,-164.36,-1.53,-5.61,9.93,1.28,False,False,False,False,False,False,-0.002,-0.021,True,False,MODERATE
159.547,,0.72,-164.17,-1.45,-5.52,10.05,1.28,False,True,False,False,False,True,-0.003,-0.018,True,False,MODERATE
159.571,,0.53,-164.55,-1.6,-5.53,10.01,1.26,False,True,False,False,False,True,-0.005,-0.019,True,False,MODERATE
159.758,,0.34,-164.52,-1.53,-5.68,9.9,1.22,False,False,False,False,False,False,-0.007,-0.022,True,False,MODERATE
159.781,,0.62,-164.38,-1.57,-5.66,9.91,1.21,False,False,False,False,False,False,-0.007,-0.024,True,False,MODERATE
159.947,,0.42,-164.34,-1.58,-5.7,9.95,1.18,False,False,False,False,False,False,-0.005,-0.023,True,False,MODERATE
159.973,,0.66,-164.39,-1.58,-5.67,9.94,1.17,False,False,False,False,False,False,-0.002,-0.024,True,False,MODERATE
160.157,,0.75,-164.43,-1.45,-5.52,9.92,1.23,False,False,False,False,False,False,-0.005,-0.023,True,False,MODERATE
160.181,,1.06,-164.17,-1.43,-5.47,9.95,1.24,False,False,False,False,False,False,-0.003,-0.023,True,False,MODERATE
160.338,,0.85,-164.22,-1.56,-5.38,10.03,1.2,False,True,False,False,False,True,-0.007,-0.023,True,False,MODERATE
160.372,,0.72,-164.45,-1.61,-5.39,10.0,1.19,False,True,False,False,False,True,-0.006,-0.022,True,False,MODERATE
160.547,,0.65,-164.09,-1.64,-5.45,10.12,1.13,False,True,False,False,False,True,-0.003,-0.022,True,False,MODERATE
160.571,,0.67,-164.02,-1.67,-5.45,10.15,1.12,False,True,False,False,False,True,0.002,-0.019,True,False,MODERATE
160.737,,0.66,-164.11,-1.54,-5.47,10.18,1.15,False,True,False,False,False,True,0.002,-0.022,True,False,MODERATE
160.772,,0.62,-164.31,-1.57,-5.48,10.15,1.15,False,True,False,False,False,True,0.003,-0.023,True,False,MODERATE
160.945,,0.39,-164.43,-1.56,-5.63,10.02,1.16,False,True,False,False,False,True,0.003,-0.024,True,False,MODERATE
160.967,,0.64,-164.39,-1.57,-5.61,10.01,1.16,False,True,False,False,False,True,-0.0,-0.026,True,False,MODERATE
161.14,,0.94,-164.16,-1.59,-5.4,10.09,1.15,False,True,False,False,False,True,-0.003,-0.021,True,False,MODERATE
161.169,,0.7,-164.13,-1.66,-5.41,10.11,1.13,False,True,False,False,False,True,-0.003,-0.023,True,False,MODERATE
161.346,,0.73,-164.19,-1.58,-5.41,10.12,1.14,False,True,False,False,False,True,0.001,-0.025,True,False,MODERATE
161.369,,0.81,-164.24,-1.61,-5.41,10.12,1.14,False,True,False,False,False,True,-0.0,-0.025,True,False,MODERATE
161.539,,0.77,-164.28,-1.6,-5.39,10.08,1.13,False,True,False,False,False,True,-0.001,-0.025,True,False,MODERATE
161.57,,0.91,-164.19,-1.57,-5.37,10.09,1.13,False,True,False,False,False,True,0.002,-0.025,True,False,MODERATE
161.747,,0.6,-164.12,-1.59,-5.46,10.15,1.13,False,True,False,False,False,True,-0.002,-0.025,True,False,MODERATE
161.771,,0.88,-164.36,-1.6,-5.44,10.13,1.13,False,True,False,False,False,True,-0.002,-0.023,True,False,MODERATE
161.94,,0.76,-164.11,-1.73,-5.41,10.17,1.06,False,True,False,False,False,True,-0.001,-0.024,True,False,MODERATE
161.969,,1.09,-164.16,-1.61,-5.36,10.17,1.07,False,True,False,False,False,True,-0.0,-0.024,True,False,MODERATE
162.151,,1.44,-163.89,-1.52,-5.01,10.31,1.14,False,True,False,False,False,True,0.001,-0.026,True,False,MODERATE
162.174,,1.19,-163.86,-1.49,-5.0,10.33,1.15,False,True,False,False,False,True,0.006,-0.025,True,False,MODERATE
162.341,,1.0,-163.82,-1.47,-5.08,10.42,1.21,False,True,False,False,False,True,0.007,-0.026,True,False,MODERATE
162.369,,0.93,-163.96,-1.49,-5.1,10.41,1.21,False,True,False,False,False,True,0.002,-0.024,True,False,MODERATE
162.551,,1.28,-164.03,-1.43,-4.98,10.35,1.26,False,True,False,False,False,True,-0.001,-0.025,True,False,MODERATE
162.574,,1.25,-164.33,-1.43,-4.97,10.3,1.26,False,True,False,False,False,True,-0.004,-0.021,True,False,MODERATE
162.742,,1.26,-163.93,-1.49,-4.93,10.35,1.25,False,True,False,False,False,True,-0.005,-0.023,True,False,MODERATE
162.77,,0.96,-163.82,-1.47,-4.97,10.37,1.25,False,True,False,False,False,True,0.002,-0.025,True,False,MODERATE
162.951,,0.75,-164.2,-1.52,-5.2,10.24,1.23,False,True,False,False,False,True,0.001,-0.025,True,False,MODERATE
162.975,,0.73,-163.85,-1.45,-5.23,10.27,1.23,False,True,False,False,False,True,-0.0,-0.026,True,False,MODERATE
163.142,,0.71,-164.25,-1.53,-5.34,10.17,1.21,False,True,False,False,False,True,-0.001,-0.023,True,False,MODERATE
163.17,,0.73,-164.15,-1.5,-5.35,10.17,1.21,False,True,False,False,False,True,-0.007,-0.026,True,False,MODERATE
163.352,,0.65,-164.13,-1.51,-5.43,10.18,1.21,False,True,False,False,False,True,-0.006,-0.025,True,False,MODERATE
163.375,,1.0,-164.37,-1.58,-5.39,10.15,1.21,False,True,False,False,False,True,-0.004,-0.025,True,False,MODERATE
163.544,,0.8,-163.77,-1.61,-5.37,10.36,1.16,False,True,False,False,False,True,-0.003,-0.024,True,False,MODERATE
163.569,,0.55,-163.58,-1.58,-5.4,10.41,1.16,False,True,False,False,False,True,-0.008,-0.021,True,False,MODERATE
163.751,,1.36,-164.24,-1.88,-5.07,10.24,0.99,False,True,False,False,False,True,0.012,0.049,False,False,MODERATE
163.774,,0.73,-163.73,-1.6,-5.12,10.28,1.01,False,True,False,False,False,True,-0.01,-0.017,True,False,MODERATE
163.944,,1.44,-163.72,-1.55,-4.91,10.45,1.09,False,True,False,False,False,True,-0.003,-0.026,True,False,MODERATE
163.969,,1.15,-163.9,-1.6,-4.92,10.45,1.1,False,True,False,False,False,True,-0.005,-0.028,True,False,MODERATE
164.152,,0.95,-163.74,-1.55,-5.07,10.52,1.14,False,True,False,False,False,True,-0.005,-0.028,True,False,MODERATE
164.177,,0.85,-163.35,-1.56,-5.1,10.58,1.14,False,True,False,False,False,True,-0.001,-0.024,True,False,MODERATE
164.344,,0.88,-163.68,-1.53,-5.19,10.62,1.17,False,True,False,False,False,True,-0.001,-0.026,True,False,MODERATE
164.368,,0.63,-164.13,-1.63,-5.23,10.56,1.16,False,True,False,False,False,True,0.0,-0.024,True,False,MODERATE
164.552,,0.86,-163.83,-1.54,-5.26,10.53,1.17,False,True,False,False,False,True,-0.002,-0.025,True,False,MODERATE
164.575,,0.44,-163.97,-1.62,-5.32,10.5,1.16,False,True,False,False,False,True,-0.008,-0.021,True,False,MODERATE
164.744,,0.48,-164.1,-1.67,-5.5,10.36,1.11,False,True,False,False,False,True,-0.007,-0.021,True,False,MODERATE
164.769,,0.98,-164.11,-1.74,-5.46,10.34,1.09,False,True,False,False,False,True,-0.053,0.001,True,False,MODERATE
164.953,,2.05,-164.0,-2.14,-4.72,10.33,0.82,False,True,False,False,False,True,0.012,0.049,False,False,MODERATE
164.975,,0.99,-163.4,-1.64,-4.77,10.4,0.85,False,True,False,False,False,True,-0.043,-0.005,True,False,MODERATE
165.143,,1.35,-164.83,-1.72,-4.79,9.94,0.93,False,False,False,False,False,False,-0.042,-0.013,True,False,MODERATE
165.172,,1.7,-163.97,-1.68,-4.73,10.0,0.95,False,True,False,False,False,True,-0.038,-0.011,True,False,MODERATE
165.35,,1.06,-164.26,-1.76,-4.92,10.03,0.96,False,True,False,False,False,True,-0.04,-0.011,True,False,MODERATE
165.372,,1.11,-164.06,-1.72,-4.94,10.06,0.96,False,True,False,False,False,True,-0.037,-0.012,True,False,MODERATE
165.545,,1.34,-164.31,-1.72,-4.87,10.04,0.98,False,True,False,False,False,True,-0.036,-0.012,True,False,MODERATE
165.571,,1.25,-164.09,-1.76,-4.87,10.07,0.98,False,True,False,False,False,True,-0.032,-0.012,True,False,MODERATE
165.755,,1.23,-164.15,-1.61,-4.9,10.12,1.05,False,True,False,False,False,True,-0.028,-0.014,True,False,MODERATE
165.778,,0.48,-163.83,-1.61,-5.0,10.17,1.06,False,True,False,False,False,True,-0.002,-0.022,True,False,MODERATE
165.944,,0.87,-163.57,-1.55,-5.14,10.47,1.12,False,True,False,False,False,True,-0.004,-0.024,True,False,MODERATE
165.969,,0.57,-164.01,-1.64,-5.2,10.45,1.11,False,True,False,False,False,True,-0.003,-0.025,True,False,MODERATE
166.154,,0.7,-163.67,-1.53,-5.34,10.56,1.16,False,True,False,False,False,True,-0.002,-0.026,True,False,MODERATE
166.177,,0.62,-164.39,-1.6,-5.36,10.48,1.15,False,True,False,False,False,True,-0.009,-0.019,True,False,MODERATE
166.35,,0.7,-164.32,-1.66,-5.41,10.23,1.11,False,True,False,False,False,True,-0.007,-0.018,True,False,MODERATE
166.377,,0.47,-164.3,-1.62,-5.45,10.2,1.11,False,True,False,False,False,True,-0.008,-0.018,True,False,MODERATE
166.551,,1.24,-164.5,-1.74,-5.17,10.0,1.04,False,True,False,False,False,True,0.012,0.049,False,False,MODERATE
166.573,,1.05,-164.54,-1.92,-5.16,9.98,1.01,False,False,False,False,False,False,0.012,0.049,False,False,MODERATE
166.746,,0.97,-164.31,-1.82,-5.17,10.0,0.96,False,False,False,False,False,False,-0.007,-0.007,True,False,MODERATE
166.769,,1.04,-164.07,-1.88,-5.16,10.03,0.94,False,True,False,False,False,True,0.012,0.049,False,False,MODERATE
166.954,,0.51,-164.52,-1.62,-5.42,9.91,1.03,False,False,False,False,False,False,0.024,-0.021,True,False,MODERATE
166.976,,1.08,-164.85,-1.51,-5.38,9.85,1.05,False,False,False,False,False,False,0.026,-0.023,True,False,MODERATE
167.15,,0.83,-165.57,-1.55,-5.35,9.27,1.12,False,False,False,False,False,False,0.031,-0.026,True,False,MODERATE
167.173,,1.12,-164.93,-1.51,-5.31,9.29,1.13,False,False,False,False,False,False,-0.003,-0.02,True,False,MODERATE
167.363,,0.99,-166.23,-1.53,-5.23,8.63,1.17,False,False,False,False,False,False,-0.001,-0.015,True,False,MODERATE
167.387,,1.18,-166.58,-1.52,-5.19,8.51,1.17,False,False,False,False,False,False,-0.003,-0.019,True,False,MODERATE
167.549,,0.69,-166.91,-1.51,-5.33,7.94,1.19,False,False,False,False,False,False,-0.014,-0.009,True,False,MODERATE
167.573,,0.77,-167.19,-1.53,-5.33,7.83,1.19,False,False,False,False,False,False,-0.012,-0.012,True,False,MODERATE
167.757,,1.1,-167.45,-1.52,-5.18,7.3,1.2,False,False,False,False,False,False,-0.05,-0.009,True,False,MODERATE
167.781,,0.85,-167.88,-1.61,-5.2,7.18,1.19,False,False,False,False,False,False,-0.045,-0.012,True,False,MODERATE
167.947,,0.65,-168.31,-1.7,-5.35,6.57,1.1,False,False,False,False,False,False,-0.044,-0.013,True,False,MODERATE
167.97,,0.62,-167.1,-1.6,-5.37,6.65,1.11,False,False,False,False,False,False,-0.031,-0.011,True,False,MODERATE
168.157,,0.36,-167.44,-1.48,-5.6,6.78,1.18,False,False,False,False,False,False,-0.008,-0.005,True,False,MODERATE
168.181,,0.8,-167.53,-1.55,-5.57,6.78,1.18,False,False,False,False,False,False,-0.004,-0.007,True,False,MODERATE
168.337,,0.57,-167.0,-1.48,-5.57,7.05,1.21,False,False,False,False,False,False,-0.01,-0.009,True,False,MODERATE
168.371,,0.85,-167.47,-1.62,-5.53,7.02,1.19,False,False,False,False,False,False,-0.007,-0.008,True,False,MODERATE
168.546,,0.42,-166.51,-1.6,-5.63,7.44,1.16,False,False,False,False,False,False,-0.013,-0.009,True,False,MODERATE
168.57,,1.22,-167.32,-1.69,-5.54,7.38,1.14,False,False,False,False,False,False,-0.012,-0.005,True,False,MODERATE
168.739,,0.92,-167.27,-1.62,-5.38,7.21,1.12,False,False,False,False,False,False,-0.009,-0.006,True,False,MODERATE
168.763,,0.6,-166.91,-1.5,-5.4,7.24,1.14,False,False,False,False,False,False,-0.004,-0.013,True,False,MODERATE
168.945,,0.67,-166.84,-1.55,-5.44,7.37,1.16,False,False,False,False,False,False,-0.004,-0.014,True,False,MODERATE
168.968,,0.73,-166.36,-1.45,-5.44,7.45,1.17,False,False,False,False,False,False,-0.001,-0.015,True,False,MODERATE
169.14,,1.18,-166.89,-1.7,-5.19,7.44,1.1,False,False,False,False,False,False,0.012,0.049,False,False,MODERATE
169.162,,1.37,-167.51,-1.64,-5.14,7.36,1.09,False,False,False,False,False,False,0.012,0.049,False,False,MODERATE
169.343,,1.55,-167.15,-1.72,-4.85,7.26,1.05,False,False,False,False,False,False,0.012,0.049,False,False,MODERATE
