elapsed_seconds,scenario_label,raw_yaw,raw_pitch,raw_roll,yaw,pitch,roll,yaw_suspicious,pitch_suspicious,roll_suspicious,dropout_suspicious,gaze_suspicious,suspicious,gaze_x,gaze_y,gaze_valid,device_detected,risk_level
32.199,,5.37,-176.86,-1.53,-0.57,-1.63,-0.35,False,False,False,False,False,False,-0.021,0.006,True,False,LOW
32.222,,5.98,-177.62,-1.28,-0.5,-1.73,-0.32,False,False,False,False,False,False,0.024,0.007,True,False,LOW
32.344,,6.02,-176.92,-1.18,-0.24,-1.71,-0.18,False,False,False,False,False,False,0.026,-0.0,True,False,LOW
32.369,,5.89,-177.73,-1.34,-0.22,-1.82,-0.18,False,False,False,False,False,False,0.04,0.0,True,False,LOW
32.521,,5.78,-177.08,-1.22,-0.19,-1.84,-0.11,False,False,False,False,False,False,0.034,-0.0,True,False,LOW
32.552,,6.09,-177.17,-1.22,-0.14,-1.85,-0.1,False,False,False,False,False,False,0.036,-0.001,True,False,LOW
32.728,,5.54,-177.32,-1.13,-0.28,-1.98,-0.03,False,False,False,False,False,False,0.035,-0.001,True,False,LOW
32.752,,6.0,-176.97,-1.12,-0.23,-1.95,-0.01,False,False,False,False,False,False,0.013,0.008,True,False,LOW
32.924,,6.4,-177.87,-1.33,0.13,-2.31,-0.09,False,False,False,False,False,False,0.024,0.015,True,False,LOW
32.953,,6.5,-177.19,-1.43,0.2,-2.26,-0.11,False,False,False,False,False,False,0.032,0.012,True,False,LOW
33.134,,6.38,-177.24,-1.43,0.32,-2.12,-0.19,False,False,False,False,False,False,0.03,0.01,True,False,LOW
33.157,,6.73,-176.41,-1.45,0.38,-2.0,-0.2,False,False,False,False,False,False,-0.008,0.0,True,False,LOW
33.327,,6.81,-177.02,-1.42,0.64,-1.89,-0.22,False,False,False,False,False,False,-0.004,-0.003,True,False,LOW
33.353,,6.98,-176.49,-1.53,0.69,-1.8,-0.24,False,False,False,False,False,False,-0.03,-0.002,True,False,LOW
33.536,,7.09,-176.32,-1.47,0.94,-1.41,-0.27,False,False,False,False,False,False,-0.037,-0.001,True,False,LOW
33.563,,7.11,-176.48,-1.6,0.97,-1.39,-0.29,False,False,False,False,False,False,-0.034,-0.003,True,False,LOW
33.729,,6.89,-177.11,-1.69,0.96,-1.64,-0.41,False,False,False,False,False,False,-0.021,-0.004,True,False,LOW
33.76,,6.74,-176.19,-1.56,0.93,-1.53,-0.4,False,False,False,False,False,False,-0.007,-0.007,True,False,LOW
33.942,,7.03,-177.68,-1.81,1.01,-2.02,-0.53,False,False,False,False,False,False,0.018,0.053,False,False,LOW
33.968,,7.0,-177.14,-1.76,1.02,-2.0,-0.54,False,False,False,False,False,False,0.031,0.02,True,False,LOW
34.135,,6.73,-176.08,-1.6,0.9,-1.41,-0.48,False,False,False,False,False,False,0.037,0.003,True,False,LOW
34.164,,6.3,-176.9,-1.31,0.81,-1.45,-0.43,False,False,False,False,False,False,0.036,-0.003,True,False,LOW
34.337,,6.68,-176.11,-1.35,0.77,-1.15,-0.29,False,False,False,False,False,False,0.038,-0.009,True,False,LOW
34.363,,6.78,-176.31,-1.29,0.78,-1.14,-0.27,False,False,False,False,False,False,0.038,-0.01,True,False,LOW
34.529,,6.54,-176.97,-1.21,0.69,-1.45,-0.15,False,False,False,False,False,False,0.019,0.003,True,False,LOW
34.552,,7.06,-177.04,-1.51,0.74,-1.49,-0.17,False,False,False,False,False,False,0.031,0.001,True,False,LOW
34.736,,6.79,-177.29,-1.52,0.8,-1.8,-0.26,False,False,False,False,False,False,0.028,0.001,True,False,LOW
34.761,,6.92,-176.59,-1.56,0.82,-1.74,-0.28,False,False,False,False,False,False,0.042,-0.003,True,False,LOW
34.925,,6.55,-176.73,-1.39,0.71,-1.62,-0.25,False,False,False,False,False,False,0.051,-0.002,True,False,LOW
34.953,,6.92,-177.01,-1.48,0.75,-1.64,-0.26,False,False,False,False,False,False,0.036,-0.005,True,False,LOW
35.137,,6.88,-176.26,-1.44,0.85,-1.31,-0.26,False,False,False,False,False,False,0.024,-0.005,True,False,LOW
35.164,,6.95,-175.94,-1.48,0.87,-1.22,-0.27,False,False,False,False,False,False,0.029,-0.007,True,False,LOW
35.33,,7.17,-175.87,-1.46,1.05,-0.92,-0.28,False,False,False,False,False,False,0.02,-0.007,True,False,LOW
35.356,,7.49,-175.67,-1.39,1.12,-0.85,-0.27,False,False,False,False,False,False,0.015,-0.007,True,False,LOW
35.534,,7.1,-176.24,-1.62,1.14,-0.94,-0.36,False,False,False,False,False,False,0.018,-0.009,True,False,LOW
35.557,,7.55,-176.23,-1.57,1.2,-0.94,-0.37,False,False,False,False,False,False,-0.006,-0.004,True,False,LOW
35.732,,7.9,-176.11,-1.55,1.6,-0.91,-0.37,False,False,False,False,False,False,-0.006,-0.004,True,False,LOW
35.762,,7.45,-175.93,-1.44,1.59,-0.88,-0.35,False,False,False,False,False,False,0.022,-0.004,True,False,LOW
35.942,,7.39,-176.21,-1.54,1.51,-0.93,-0.36,False,False,False,False,False,False,0.025,-0.006,True,False,LOW
35.967,,7.4,-175.75,-1.61,1.5,-0.87,-0.37,False,False,False,False,False,False,0.026,-0.008,True,False,LOW
36.126,,7.34,-175.95,-1.74,1.45,-0.8,-0.47,False,False,False,False,False,False,-0.007,0.001,True,False,LOW
36.156,,7.09,-176.12,-1.78,1.4,-0.81,-0.49,False,False,False,False,False,False,-0.003,-0.0,True,False,LOW
36.505,,7.28,-175.91,-1.72,1.36,-0.72,-0.53,False,False,False,False,False,False,0.007,-0.001,True,False,LOW
36.532,,7.2,-175.74,-1.73,1.34,-0.69,-0.53,False,False,False,False,False,False,0.005,-0.0,True,False,LOW
36.655,,6.82,-176.26,-1.52,1.14,-0.84,-0.45,False,False,False,False,False,False,0.007,0.002,True,False,LOW
36.719,,7.02,-175.26,-1.69,1.12,-0.61,-0.47,False,False,False,False,False,False,0.007,-0.003,True,False,LOW
36.847,,7.35,-178.05,-1.52,1.25,-1.62,-0.41,False,False,False,False,False,False,0.018,0.053,False,False,LOW
36.872,,7.65,-176.96,-1.62,1.31,-1.63,-0.42,False,False,False,False,False,False,-0.011,0.011,True,False,LOW
36.984,,7.28,-176.19,-1.43,1.32,-1.35,-0.35,False,False,False,False,False,False,-0.005,0.002,True,False,LOW
37.018,,6.71,-176.43,-1.28,1.22,-1.33,-0.31,False,False,False,False,False,False,-0.006,-0.005,True,False,LOW
37.138,,7.5,-176.22,-1.19,1.37,-1.18,-0.18,False,False,False,False,False,False,0.001,-0.007,True,False,LOW
37.163,,6.98,-176.64,-1.23,1.32,-1.21,-0.16,False,False,False,False,False,False,0.005,-0.01,True,False,LOW
37.331,,7.11,-176.68,-1.09,1.24,-1.33,-0.03,False,False,False,False,False,False,0.021,-0.002,True,False,LOW
37.355,,7.25,-175.88,-1.08,1.25,-1.24,-0.02,False,False,False,False,False,False,0.035,-0.005,True,False,LOW
37.532,,6.81,-176.45,-0.93,1.05,-1.23,0.12,False,False,False,False,False,False,0.028,-0.006,True,False,LOW
37.56,,7.1,-176.8,-1.27,1.06,-1.28,0.09,False,False,False,False,False,False,0.031,-0.006,True,False,LOW
37.72,,7.59,-176.43,-1.27,1.36,-1.24,-0.0,False,False,False,False,False,False,0.031,-0.008,True,False,LOW
37.744,,7.46,-176.2,-1.27,1.38,-1.2,-0.02,False,False,False,False,False,False,0.034,-0.006,True,False,LOW
37.949,,7.16,-176.11,-1.35,1.29,-1.02,-0.11,False,False,False,False,False,False,-0.003,-0.003,True,False,LOW
37.977,,7.54,-176.02,-1.42,1.33,-0.99,-0.13,False,False,False,False,False,False,-0.01,-0.007,True,False,LOW
38.124,,7.67,-175.64,-1.58,1.52,-0.71,-0.26,False,False,False,False,False,False,0.003,-0.006,True,False,LOW
38.148,,7.81,-177.05,-1.46,1.57,-0.86,-0.26,False,False,False,False,False,False,-0.008,0.016,True,False,LOW
38.327,,7.73,-176.68,-1.36,1.68,-1.17,-0.22,False,False,False,False,False,False,0.032,0.002,True,False,LOW
38.351,,7.75,-176.01,-1.28,1.7,-1.12,-0.21,False,False,False,False,False,False,0.029,-0.003,True,False,LOW
38.576,,7.7,-176.24,-1.31,1.73,-1.06,-0.16,False,False,False,False,False,False,0.034,-0.008,True,False,LOW
38.602,,7.36,-175.03,-1.4,1.69,-0.87,-0.17,False,False,False,False,False,False,0.038,0.012,True,False,LOW
38.736,,7.54,-176.56,-1.52,1.65,-1.08,-0.25,False,False,False,False,False,False,0.004,0.019,True,False,LOW
38.761,,7.47,-175.66,-1.28,1.63,-0.99,-0.23,False,False,False,False,False,False,0.058,0.008,True,False,LOW
38.931,,8.24,-175.61,-1.18,1.97,-0.67,-0.11,False,False,False,False,False,False,0.055,0.0,True,False,LOW
38.964,,7.74,-175.86,-1.37,1.94,-0.66,-0.13,False,False,False,False,False,False,0.046,-0.006,True,False,LOW
39.134,,7.81,-175.71,-1.41,1.9,-0.57,-0.18,False,False,False,False,False,False,0.045,-0.006,True,False,LOW
39.161,,7.51,-175.34,-1.48,1.85,-0.5,-0.2,False,False,False,False,False,False,0.033,-0.003,True,False,LOW
39.367,,7.66,-174.97,-1.49,1.78,-0.07,-0.27,False,False,False,False,False,False,0.019,-0.007,True,False,LOW
39.404,,7.39,-174.4,-1.5,1.71,0.11,-0.28,False,False,False,False,False,False,0.024,-0.009,True,False,LOW
39.544,,7.9,-174.88,-1.44,1.83,0.22,-0.27,False,False,False,False,False,False,0.023,-0.009,True,False,LOW
39.569,,7.99,-175.55,-1.46,1.86,0.15,-0.27,False,False,False,False,False,False,0.007,-0.008,True,False,LOW
39.735,,7.5,-174.98,-1.56,1.7,0.2,-0.33,False,False,False,False,False,False,0.008,-0.009,True,False,LOW
39.76,,7.43,-174.82,-1.56,1.67,0.23,-0.34,False,False,False,False,False,False,0.009,-0.011,True,False,LOW
39.966,,7.91,-175.27,-1.44,1.84,0.08,-0.3,False,False,False,False,False,False,0.002,-0.009,True,False,LOW
39.99,,7.74,-176.36,-1.81,1.83,-0.09,-0.34,False,False,False,False,False,False,-0.017,0.028,True,False,LOW
40.142,,7.95,-176.8,-1.88,1.92,-0.83,-0.52,False,False,False,False,True,True,0.011,0.052,True,False,LOW
40.177,,8.6,-175.34,-1.55,2.05,-0.7,-0.49,False,False,False,False,False,False,0.027,0.017,True,False,LOW
40.331,,8.4,-176.0,-1.47,2.25,-0.73,-0.4,False,False,False,False,False,False,0.034,0.006,True,False,LOW
40.358,,8.41,-175.06,-1.35,2.28,-0.6,-0.36,False,False,False,False,False,False,0.023,-0.003,True,False,LOW
40.521,,7.99,-175.09,-1.5,2.16,-0.22,-0.34,False,False,False,False,False,False,0.007,-0.008,True,False,LOW
40.545,,8.24,-175.69,-1.57,2.18,-0.25,-0.35,False,False,False,False,False,False,0.017,-0.012,True,False,LOW
40.735,,7.9,-174.49,-1.6,2.06,0.29,-0.39,False,False,False,False,False,False,0.018,-0.01,True,False,LOW
40.776,,7.78,-175.3,-1.73,2.01,0.22,-0.42,False,False,False,False,False,False,0.023,-0.012,True,False,LOW
40.933,,7.8,-175.1,-1.76,1.93,0.17,-0.5,False,False,False,False,False,False,0.021,-0.013,True,False,LOW
40.959,,7.68,-173.82,-1.7,1.91,0.35,-0.51,False,False,False,False,False,False,0.032,-0.003,True,False,LOW
41.141,,8.03,-174.51,-1.67,2.0,0.55,-0.5,False,False,False,False,False,False,0.023,-0.006,True,False,LOW
41.164,,7.7,-175.62,-1.73,1.97,0.43,-0.51,False,False,False,False,False,False,0.024,-0.005,True,False,LOW
41.332,,8.0,-176.19,-1.72,2.01,-0.3,-0.53,False,False,False,False,False,False,0.045,-0.008,True,False,LOW
41.362,,7.94,-175.57,-1.64,2.01,-0.3,-0.52,False,False,False,False,False,False,0.066,-0.01,True,False,LOW
41.536,,7.73,-175.52,-1.49,1.89,-0.3,-0.41,False,False,False,False,False,False,0.044,-0.007,True,False,LOW
41.559,,7.45,-175.38,-1.49,1.84,-0.28,-0.4,False,False,False,False,False,False,0.038,-0.011,True,False,LOW
41.73,,7.86,-175.2,-1.53,1.88,-0.12,-0.38,False,False,False,False,False,False,0.04,-0.013,True,False,LOW
41.765,,8.05,-175.62,-1.61,1.92,-0.17,-0.39,False,False,False,False,False,False,0.044,0.019,True,False,LOW
41.929,,7.98,-175.5,-1.47,1.98,-0.22,-0.34,False,False,False,False,False,False,0.047,0.013,True,False,LOW
41.952,,7.76,-175.54,-1.35,1.96,-0.23,-0.32,False,False,False,False,False,False,0.029,-0.001,True,False,LOW
42.123,,8.41,-175.55,-1.41,2.22,-0.28,-0.28,False,False,False,False,False,False,0.029,-0.003,True,False,LOW
42.147,,8.45,-175.52,-1.46,2.26,-0.28,-0.28,False,False,False,False,False,False,0.012,-0.006,True,False,LOW
42.338,,8.67,-176.4,-1.59,2.51,-0.77,-0.35,False,False,False,False,False,False,-0.01,0.016,True,False,LOW
42.363,,7.8,-175.83,-1.77,2.42,-0.75,-0.39,False,False,False,False,False,False,-0.016,0.019,True,False,LOW
42.521,,8.09,-175.67,-1.89,2.28,-0.59,-0.55,False,False,False,False,False,False,-0.003,0.001,True,False,LOW
42.546,,7.84,-175.61,-1.7,2.23,-0.56,-0.55,False,False,False,False,False,False,-0.004,-0.0,True,False,LOW
42.73,,8.19,-174.66,-1.53,2.24,0.05,-0.44,False,False,False,False,False,False,-0.003,-0.005,True,False,LOW
42.756,,8.06,-175.17,-1.7,2.22,0.05,-0.46,False,False,False,False,False,False,0.001,-0.009,True,False,LOW
42.928,,8.03,-175.37,-1.81,2.15,-0.05,-0.55,False,False,False,False,False,False,0.001,-0.011,True,False,LOW
42.954,,7.83,-175.45,-1.72,2.11,-0.07,-0.55,False,False,False,False,False,False,-0.004,-0.008,True,False,LOW
43.131,,7.78,-175.45,-1.78,1.97,-0.15,-0.58,False,False,False,False,False,False,-0.004,-0.008,True,False,LOW
43.179,,7.7,-175.13,-1.77,1.92,-0.09,-0.58,False,False,False,False,False,False,0.001,-0.01,True,False,LOW
43.322,,7.76,-174.93,-1.75,1.87,0.09,-0.58,False,False,False,False,False,False,0.003,-0.011,True,False,LOW
43.346,,8.01,-175.52,-1.72,1.89,0.04,-0.57,False,False,False,False,False,False,0.029,-0.004,True,False,LOW
43.534,,7.64,-175.28,-1.7,1.79,-0.01,-0.55,False,False,False,False,False,False,0.025,-0.006,True,False,LOW
43.558,,8.06,-175.33,-1.65,1.83,-0.02,-0.54,False,False,False,False,False,False,0.028,-0.006,True,False,LOW
43.729,,8.04,-175.61,-1.63,1.97,-0.21,-0.49,False,False,False,False,False,False,0.041,-0.007,True,False,LOW
43.755,,7.51,-175.29,-1.59,1.91,-0.19,-0.48,False,False,False,False,False,False,0.04,-0.009,True,False,LOW
43.934,,7.56,-175.7,-1.69,1.75,-0.34,-0.5,False,False,False,False,False,False,0.042,-0.007,True,False,LOW
43.956,,7.59,-175.59,-1.57,1.74,-0.34,-0.49,False,False,False,False,False,False,0.046,-0.007,True,False,LOW
44.149,,7.39,-174.72,-1.51,1.58,0.13,-0.4,False,False,False,False,False,False,0.048,-0.01,True,False,LOW
44.192,,7.75,-175.24,-1.67,1.63,0.1,-0.42,False,False,False,False,False,False,0.047,-0.012,True,False,LOW
44.336,,8.19,-174.75,-1.6,1.92,0.28,-0.42,False,False,False,False,False,False,0.048,-0.015,True,False,LOW
44.36,,7.88,-175.16,-1.68,1.92,0.25,-0.43,False,False,False,False,False,False,0.047,-0.015,True,False,LOW
44.524,,7.87,-175.24,-1.73,1.92,0.12,-0.5,False,False,False,False,False,False,0.05,-0.016,True,False,LOW
44.548,,8.01,-175.48,-1.72,1.94,0.07,-0.5,False,False,False,False,False,False,0.053,-0.015,True,False,LOW
44.742,,7.75,-175.11,-1.63,1.87,0.1,-0.48,False,False,False,False,False,False,0.033,-0.005,True,False,LOW
44.775,,7.96,-175.45,-1.44,1.89,0.04,-0.44,False,False,False,False,False,False,0.031,-0.007,True,False,LOW
44.926,,7.87,-175.61,-1.48,1.91,-0.17,-0.37,False,False,False,False,False,False,0.029,0.002,True,False,LOW
44.95,,8.47,-177.08,-1.63,1.99,-0.4,-0.38,False,False,False,False,False,False,0.018,0.053,False,False,LOW
45.135,,8.07,-175.76,-1.39,2.06,-0.47,-0.29,False,False,False,False,False,False,0.075,0.017,True,False,LOW
45.161,,7.98,-175.99,-1.46,2.06,-0.51,-0.29,False,False,False,False,False,False,0.065,0.008,True,False,LOW
45.327,,8.21,-176.77,-1.45,2.16,-1.05,-0.28,False,False,False,False,False,False,0.049,0.007,True,False,LOW
45.351,,8.37,-176.32,-1.5,2.2,-1.05,-0.29,False,False,False,False,False,False,0.052,0.005,True,False,LOW
45.536,,7.82,-175.9,-1.59,2.02,-0.85,-0.36,False,False,False,False,False,False,0.051,0.002,True,False,LOW
45.56,,8.04,-176.54,-1.69,2.03,-0.91,-0.38,False,False,False,False,False,False,0.053,-0.0,True,False,LOW
45.728,,8.05,-176.76,-1.62,2.07,-1.23,-0.41,False,False,False,False,False,False,0.054,-0.001,True,False,LOW
45.751,,7.94,-176.51,-1.61,2.06,-1.24,-0.42,False,False,False,False,False,False,0.056,-0.001,True,False,LOW
45.938,,8.09,-175.53,-1.52,2.11,-0.73,-0.38,False,False,False,False,False,False,0.055,-0.001,True,False,LOW
45.963,,7.87,-176.37,-1.65,2.08,-0.79,-0.39,False,False,False,False,False,False,0.062,0.007,True,False,LOW
46.126,,8.15,-175.85,-1.65,2.14,-0.7,-0.43,False,False,False,False,False,False,0.063,0.006,True,False,LOW
46.148,,8.08,-176.17,-1.62,2.14,-0.73,-0.43,False,False,False,False,False,False,0.062,0.004,True,False,LOW
46.335,,8.2,-175.96,-1.57,2.2,-0.73,-0.41,False,False,False,False,False,False,0.064,0.004,True,False,LOW
46.358,,8.37,-176.25,-1.45,2.23,-0.77,-0.4,False,False,False,False,False,False,0.067,0.004,True,False,LOW
46.529,,8.37,-176.28,-1.55,2.33,-0.91,-0.38,False,False,False,False,False,False,0.066,0.002,True,False,LOW
46.556,,8.57,-175.39,-1.5,2.38,-0.8,-0.38,False,False,False,False,False,False,0.001,-0.003,True,False,LOW
46.736,,8.02,-176.01,-1.58,2.22,-0.79,-0.39,False,False,False,False,False,False,-0.036,0.001,True,False,LOW
46.759,,8.21,-175.72,-1.54,2.22,-0.75,-0.39,False,False,False,False,False,False,-0.038,0.001,True,False,LOW
46.929,,7.98,-175.34,-1.55,2.13,-0.42,-0.38,False,False,False,False,False,False,-0.011,-0.003,True,False,LOW
46.953,,8.0,-175.54,-1.54,2.12,-0.4,-0.38,False,False,False,False,False,False,-0.005,-0.005,True,False,LOW
47.136,,8.11,-175.53,-1.62,2.14,-0.35,-0.41,False,False,False,False,False,False,-0.003,-0.007,True,False,LOW
47.159,,8.15,-175.77,-1.6,2.15,-0.37,-0.42,False,False,False,False,False,False,0.035,0.004,True,False,LOW
47.34,,8.08,-175.82,-1.51,2.14,-0.49,-0.37,False,False,False,False,False,False,0.025,0.002,True,False,LOW
47.363,,7.92,-175.56,-1.49,2.12,-0.47,-0.37,False,False,False,False,False,False,0.03,-0.001,True,False,LOW
47.54,,7.92,-175.47,-1.47,2.04,-0.35,-0.33,False,False,False,False,False,False,0.034,-0.001,True,False,LOW
47.562,,7.95,-174.9,-1.24,2.04,-0.26,-0.3,False,False,False,False,False,False,0.052,0.006,True,False,LOW
47.734,,8.25,-174.8,-1.06,2.18,0.1,-0.08,False,False,False,False,False,False,0.059,0.004,True,False,LOW
47.756,,7.49,-174.78,-1.06,2.1,0.15,-0.06,False,False,False,False,False,False,0.051,0.008,True,False,LOW
47.941,,8.69,-176.11,-1.54,2.45,-0.41,-0.22,False,False,False,False,False,False,0.059,0.01,True,False,LOW
47.964,,9.05,-177.13,-1.63,2.53,-0.6,-0.25,False,False,False,False,False,False,0.067,0.008,True,False,LOW
48.138,,7.58,-176.69,-1.71,2.06,-1.06,-0.4,False,False,False,False,False,False,0.059,-0.0,True,False,LOW
48.162,,8.24,-176.38,-1.38,2.09,-1.07,-0.37,False,False,False,False,False,False,0.064,0.009,True,False,LOW
48.327,,11.56,-176.03,-0.49,3.95,-0.93,0.17,False,False,False,False,False,False,0.078,0.005,True,False,LOW
48.349,,11.53,-177.48,-0.17,4.18,-1.11,0.28,False,False,False,False,False,False,0.083,0.002,True,False,LOW
48.52,,10.3,-176.97,-0.08,4.27,-1.44,0.71,False,False,False,False,False,False,0.046,0.008,True,False,LOW
48.544,,9.04,-177.56,-0.08,4.12,-1.57,0.76,False,False,False,False,False,False,0.039,0.007,True,False,LOW
48.73,,7.39,-178.16,0.07,2.65,-2.32,1.03,False,False,False,False,False,False,0.036,0.008,True,False,LOW
48.754,,6.74,-179.52,0.49,2.37,-2.62,1.12,False,False,False,False,True,True,0.005,0.046,True,False,LOW
48.932,,5.63,179.87,0.41,0.89,-3.88,1.37,False,False,False,False,False,False,0.022,0.03,True,False,LOW
48.955,,5.21,179.76,0.32,0.65,-4.04,1.38,False,False,False,False,True,True,-0.002,0.051,True,False,LOW
49.112,,3.81,178.93,0.46,-0.82,-4.98,1.51,False,False,False,False,False,False,0.024,0.027,True,False,LOW
49.145,,3.9,179.31,1.21,-1.06,-5.07,1.67,False,False,False,False,False,False,0.025,0.024,True,False,LOW
49.32,,2.83,-178.36,0.81,-2.19,-4.05,1.84,False,False,False,False,False,False,0.027,0.009,True,False,LOW
49.343,,2.21,-178.4,0.11,-2.42,-3.94,1.77,False,False,False,False,False,False,0.02,0.016,True,False,LOW
49.515,,1.22,-179.01,0.1,-3.68,-3.85,1.51,False,False,False,False,False,False,0.024,0.01,True,False,LOW
49.545,,0.57,-179.15,0.54,-4.0,-3.86,1.54,False,False,False,False,False,False,0.022,0.008,True,False,LOW
49.724,,-0.71,-179.41,0.6,-5.49,-4.03,1.67,False,False,False,False,False,False,0.008,0.01,True,False,LOW
49.747,,-1.21,-178.19,0.15,-5.73,-3.89,1.62,False,False,False,False,False,False,0.003,0.01,True,False,LOW
49.94,,-1.45,-176.99,0.08,-6.69,-2.69,1.42,False,False,False,False,False,False,0.016,0.009,True,False,LOW
49.989,,-0.96,-177.56,0.05,-6.74,-2.6,1.37,False,False,False,False,False,False,0.014,0.005,True,False,LOW
50.125,,-1.08,-178.52,0.01,-6.88,-2.92,1.29,False,False,False,False,False,False,0.017,0.006,True,False,LOW
50.149,,-1.38,-177.65,-0.26,-6.94,-2.85,1.24,False,False,False,False,False,False,0.02,0.007,True,False,LOW
50.317,,0.46,-178.5,-0.08,-6.19,-3.07,1.16,False,False,False,False,False,False,0.021,0.012,True,False,LOW
50.344,,2.54,-179.34,-0.22,-5.75,-3.22,1.13,False,False,False,False,False,False,0.023,0.015,True,False,LOW
50.524,,1.37,-178.33,-0.28,-5.11,-3.16,1.01,False,False,False,False,False,False,0.029,0.014,True,False,LOW
50.547,,0.23,-178.12,0.22,-5.19,-3.12,1.05,False,False,False,False,False,False,0.019,0.012,True,False,LOW
50.718,,-0.07,-178.44,0.15,-5.62,-3.17,1.2,False,False,False,False,False,False,0.02,0.013,True,False,LOW
50.745,,-0.14,-179.77,0.02,-5.68,-3.38,1.2,False,False,False,False,True,True,-0.008,0.068,True,False,LOW
50.929,,1.47,-178.46,-0.22,-5.03,-3.3,1.07,False,False,False,False,True,True,-0.001,0.051,True,False,LOW
50.955,,2.02,-178.84,-0.14,-4.87,-3.34,1.06,False,False,False,False,False,False,0.018,0.032,True,False,LOW
51.121,,1.24,-178.42,0.21,-4.78,-3.26,1.23,False,False,False,False,False,False,0.025,0.015,True,False,LOW
51.145,,0.24,-179.03,0.11,-4.91,-3.34,1.23,False,False,False,False,False,False,0.017,0.015,True,False,LOW
51.327,,0.11,-178.67,0.15,-5.41,-3.39,1.28,False,False,False,False,False,False,0.017,0.014,True,False,LOW
51.349,,-0.37,-178.92,0.17,-5.52,-3.43,1.29,False,False,False,False,False,False,0.016,0.013,True,False,LOW
51.517,,-0.59,-178.98,0.12,-6.05,-3.59,1.29,False,False,False,False,False,False,0.014,0.012,True,False,LOW
51.546,,-0.39,-179.08,0.02,-6.1,-3.64,1.28,False,False,False,False,False,False,0.013,0.011,True,False,LOW
51.726,,-0.56,-178.74,0.04,-6.32,-3.57,1.24,False,False,False,False,False,False,0.014,0.012,True,False,LOW
51.755,,-0.54,-178.81,-0.04,-6.34,-3.57,1.23,False,False,False,False,False,False,0.015,0.012,True,False,LOW
51.919,,-0.71,-178.53,-0.07,-6.5,-3.43,1.17,False,False,False,False,False,False,0.013,0.012,True,False,LOW
51.943,,-0.88,-178.9,-0.09,-6.55,-3.46,1.15,False,False,False,False,False,False,0.012,0.011,True,False,LOW
52.129,,-0.77,-178.79,0.08,-6.64,-3.52,1.21,False,False,False,False,False,False,0.015,0.013,True,False,LOW
52.154,,-0.86,-178.75,0.03,-6.66,-3.52,1.21,False,False,False,False,False,False,0.015,0.01,True,False,LOW
52.319,,-1.0,-178.49,0.06,-6.81,-3.39,1.22,False,False,False,False,False,False,0.012,0.009,True,False,LOW
52.345,,-0.9,-178.31,0.03,-6.81,-3.34,1.22,False,False,False,False,False,False,0.013,0.012,True,False,LOW
52.529,,-1.05,-178.4,0.13,-6.91,-3.25,1.27,False,False,False,False,False,False,0.011,0.012,True,False,LOW
52.553,,-0.79,-178.69,0.06,-6.89,-3.28,1.26,False,False,False,False,False,False,0.016,0.01,True,False,LOW
52.839,,-1.6,-179.46,0.06,-7.31,-3.89,1.24,False,False,False,False,False,False,0.017,0.011,True,False,LOW
52.863,,-1.46,-178.67,-0.05,-7.32,-3.84,1.23,False,False,False,False,False,False,0.016,0.008,True,False,LOW
52.971,,-1.7,-179.45,-0.19,-7.46,-3.99,1.13,False,False,False,False,False,False,0.013,0.009,True,False,LOW
52.996,,-1.81,-178.55,-0.34,-7.5,-3.9,1.09,False,False,False,False,False,False,0.009,0.009,True,False,LOW
53.123,,-1.41,-178.17,-0.36,-7.43,-3.47,0.97,False,False,False,False,False,False,0.01,0.008,True,False,LOW
53.147,,-1.23,-178.37,-0.25,-7.4,-3.42,0.96,False,False,False,False,False,False,0.01,0.009,True,False,LOW
53.329,,0.53,-179.02,-0.01,-6.32,-3.62,1.07,False,False,False,False,False,False,0.015,0.006,True,False,LOW
53.353,,-0.62,-177.21,-0.09,-6.35,-3.39,1.07,False,False,False,False,False,False,0.013,0.01,True,False,LOW
53.522,,-2.43,-177.0,0.34,-7.41,-2.53,1.3,False,False,False,False,False,False,0.007,0.013,True,False,LOW
53.545,,-3.57,-174.31,-0.02,-7.7,-2.02,1.28,False,False,False,False,False,False,-0.031,0.024,True,False,LOW
53.733,,-3.79,-171.28,-0.39,-8.85,1.49,1.01,False,False,False,False,True,True,-0.01,0.066,True,False,LOW
53.763,,-5.1,-171.56,-0.54,-9.24,1.91,0.95,False,False,False,False,False,False,-0.023,0.011,True,False,LOW
53.92,,-4.38,-174.09,-0.79,-9.81,1.51,0.67,False,False,False,False,False,False,-0.052,0.008,True,False,LOW
53.944,,-3.95,-174.13,-1.47,-9.82,1.45,0.53,False,False,False,False,False,False,-0.06,0.003,True,False,LOW
54.131,,-3.02,-175.9,-0.95,-9.35,0.3,0.36,False,False,False,False,False,False,-0.037,0.007,True,False,LOW
54.156,,-0.97,-176.69,-0.26,-9.01,0.06,0.44,False,False,False,False,False,False,-0.034,0.001,True,False,LOW
54.319,,-0.49,-176.38,-0.14,-7.65,-0.57,0.74,False,False,False,False,False,False,-0.043,0.012,True,False,LOW
54.345,,0.97,-177.12,-0.43,-7.22,-0.77,0.74,False,False,False,False,False,False,-0.035,0.006,True,False,LOW
54.529,,0.27,-176.98,-0.37,-6.35,-1.31,0.78,False,False,False,False,False,False,-0.035,0.004,True,False,LOW
54.552,,-0.13,-176.5,-0.34,-6.31,-1.31,0.78,False,False,False,False,False,False,-0.049,0.004,True,False,LOW
54.72,,0.92,-178.09,-0.85,-5.63,-2.13,0.55,False,False,False,False,False,False,-0.035,0.008,True,False,LOW
54.745,,2.22,-176.59,-0.96,-5.34,-2.02,0.5,False,False,False,False,False,False,-0.028,0.007,True,False,LOW
54.927,,1.11,-175.61,-1.22,-5.06,-1.14,0.21,False,False,False,False,False,False,-0.029,0.007,True,False,LOW
54.949,,1.93,-175.17,-0.78,-4.92,-0.98,0.23,False,False,False,False,False,False,-0.025,0.009,True,False,LOW
55.122,,1.63,-174.55,-0.52,-4.6,-0.09,0.45,False,False,False,False,False,False,-0.035,0.004,True,False,LOW
55.147,,1.32,-174.33,-0.61,-4.6,0.06,0.47,False,False,False,False,False,False,-0.027,0.007,True,False,LOW
55.343,,2.12,-173.09,-0.57,-4.16,1.25,0.54,False,False,False,False,False,False,-0.021,0.004,True,False,LOW
55.366,,1.95,-173.94,-0.35,-4.14,1.25,0.58,False,False,False,False,False,False,-0.006,0.007,True,False,LOW
55.527,,1.74,-173.6,-0.41,-4.17,1.45,0.67,False,False,False,False,False,False,0.003,0.009,True,False,LOW
55.55,,1.77,-174.27,-0.68,-4.17,1.38,0.65,False,False,False,False,False,False,0.003,0.011,True,False,LOW
55.73,,2.63,-173.68,-0.95,-3.71,1.47,0.42,False,False,False,False,False,False,-0.015,-0.005,True,False,LOW
55.754,,3.52,-173.04,-0.5,-3.53,1.57,0.46,False,False,False,False,False,False,-0.022,0.002,True,False,LOW
55.922,,3.2,-173.67,-0.26,-3.12,1.56,0.69,False,False,False,False,False,False,-0.017,0.001,True,False,LOW
55.947,,3.46,-171.99,-0.32,-3.03,1.82,0.72,False,False,False,False,False,False,-0.015,0.001,True,False,LOW
56.132,,3.57,-174.0,-0.13,-2.67,1.5,0.89,False,False,False,False,False,False,-0.019,0.001,True,False,LOW
56.157,,2.07,-173.63,0.49,-2.83,1.51,1.0,False,False,False,False,False,False,-0.025,-0.004,True,False,LOW
56.315,,3.7,-173.9,0.85,-2.54,1.42,1.52,False,False,False,False,False,False,-0.02,-0.001,True,False,LOW
56.345,,2.08,-175.9,-0.13,-2.75,1.07,1.45,False,False,False,False,False,False,-0.018,0.005,True,False,LOW
56.523,,3.41,-175.29,-0.22,-2.64,0.46,1.19,False,False,False,False,False,False,-0.001,-0.0,True,False,LOW
56.546,,2.24,-174.79,0.49,-2.78,0.46,1.25,False,False,False,False,False,False,-0.004,0.004,True,False,LOW
56.711,,2.23,-175.65,0.26,-3.27,0.0,1.34,False,False,False,False,False,False,-0.013,0.004,True,False,LOW
56.744,,2.18,-174.5,0.21,-3.36,0.13,1.35,False,False,False,False,False,False,-0.013,0.001,True,False,LOW
56.924,,1.63,-176.05,0.16,-3.88,-0.38,1.34,False,False,False,False,False,False,-0.021,0.007,True,False,LOW
56.947,,1.17,-176.32,0.12,-4.0,-0.47,1.34,False,False,False,False,False,False,-0.023,0.006,True,False,LOW
57.112,,2.32,-174.74,0.06,-3.8,0.02,1.28,False,False,False,False,False,False,-0.015,0.001,True,False,LOW
57.147,,2.17,-175.18,0.15,-3.8,0.02,1.29,False,False,False,False,False,False,-0.001,0.004,True,False,LOW
57.321,,1.68,-174.84,0.11,-4.04,0.22,1.29,False,False,False,False,False,False,-0.004,0.001,True,False,LOW
57.344,,2.6,-175.66,-0.11,-3.96,0.13,1.26,False,False,False,False,False,False,-0.006,0.036,True,False,LOW
57.519,,2.23,-174.47,-0.33,-3.83,0.46,1.04,False,False,False,False,False,False,-0.014,0.024,True,False,LOW
57.544,,1.92,-175.3,-0.18,-3.86,0.39,1.03,False,False,False,False,False,False,-0.011,0.007,True,False,LOW
57.722,,1.88,-174.98,-0.01,-3.97,0.32,1.1,False,False,False,False,False,False,-0.012,0.006,True,False,LOW
57.745,,1.88,-175.51,-0.27,-3.98,0.24,1.08,False,False,False,False,False,False,0.018,0.053,False,False,LOW
57.915,,2.11,-175.53,-0.49,-3.9,-0.04,0.87,False,False,False,False,False,False,-0.021,0.027,True,False,LOW
57.944,,3.23,-174.6,-0.56,-3.71,0.06,0.83,False,False,False,False,False,False,-0.012,0.051,True,False,LOW
58.126,,3.14,-174.53,-0.2,-3.22,0.4,0.91,False,False,False,False,False,False,-0.014,0.013,True,False,LOW
58.149,,2.83,-175.54,0.09,-3.21,0.31,0.95,False,False,False,False,False,False,-0.007,0.003,True,False,LOW
58.317,,3.3,-175.11,0.13,-2.91,0.21,1.14,False,False,False,False,False,False,-0.011,0.0,True,False,LOW
58.344,,2.96,-172.71,0.23,-2.92,0.57,1.18,False,False,False,False,False,False,-0.01,0.007,True,False,LOW
58.526,,3.0,-172.98,0.48,-2.94,1.49,1.43,False,False,False,False,False,False,-0.014,-0.002,True,False,LOW
58.548,,2.64,-172.38,0.41,-2.98,1.68,1.45,False,False,False,False,False,False,-0.022,-0.002,True,False,LOW
58.718,,2.32,-173.36,0.22,-3.32,1.78,1.42,False,False,False,False,False,False,-0.014,-0.001,True,False,LOW
58.745,,3.39,-173.37,0.46,-3.2,1.79,1.45,False,False,False,False,False,False,-0.013,-0.002,True,False,LOW
58.927,,2.98,-173.69,0.26,-3.08,1.66,1.44,False,False,False,False,False,False,-0.008,0.001,True,False,LOW
58.952,,3.13,-173.95,0.27,-3.04,1.6,1.44,False,False,False,False,False,False,-0.016,0.005,True,False,LOW
59.12,,3.84,-173.98,0.27,-2.55,1.42,1.44,False,False,False,False,False,False,0.001,-0.0,True,False,LOW
59.143,,4.12,-172.89,0.2,-2.46,1.54,1.44,False,False,False,False,False,False,0.003,-0.005,True,False,LOW
59.328,,3.47,-174.11,0.22,-2.47,1.31,1.41,False,False,False,False,False,False,-0.003,-0.004,True,False,LOW
59.352,,3.24,-173.34,-0.03,-2.5,1.39,1.38,False,False,False,False,False,False,-0.02,0.003,True,False,LOW
59.519,,3.93,-173.64,-0.03,-2.25,1.49,1.26,False,False,False,False,False,False,-0.016,0.001,True,False,LOW
59.542,,3.73,-173.64,0.06,-2.24,1.51,1.26,False,False,False,False,False,False,-0.014,-0.001,True,False,LOW
59.726,,3.94,-173.36,0.09,-2.12,1.7,1.26,False,False,False,False,False,False,-0.005,0.0,True,False,LOW
59.749,,3.98,-173.15,0.17,-2.1,1.75,1.27,False,False,False,False,False,False,-0.014,0.0,True,False,LOW
59.918,,3.91,-173.51,0.16,-2.06,1.74,1.3,False,False,False,False,False,False,-0.01,0.0,True,False,LOW
59.942,,4.31,-173.54,0.29,-2.01,1.73,1.33,False,False,False,False,False,False,0.018,0.053,False,False,LOW
60.127,,4.58,-173.93,0.5,-1.66,1.5,1.51,False,False,False,False,False,False,0.018,0.053,False,False,LOW
60.15,,3.6,-173.11,0.27,-1.75,1.58,1.51,False,False,False,False,False,False,-0.027,0.041,True,False,LOW
60.321,,4.01,-173.57,0.61,-1.84,1.62,1.65,False,False,False,False,False,False,-0.018,0.008,True,False,LOW
60.345,,3.39,-173.58,0.61,-1.94,1.62,1.67,False,False,False,False,False,False,-0.005,0.0,True,False,LOW
60.528,,4.41,-172.96,0.76,-1.72,1.97,1.81,False,False,False,False,False,False,-0.01,0.0,True,False,LOW
60.551,,4.59,-174.19,0.67,-1.68,1.85,1.82,False,False,False,False,False,False,0.002,-0.001,True,False,LOW
60.718,,5.03,-173.29,1.05,-1.28,1.9,2.03,False,False,False,False,False,False,-0.017,-0.001,True,False,LOW
60.742,,4.45,-172.94,1.09,-1.31,1.95,2.06,False,False,False,False,False,False,-0.021,-0.001,True,False,LOW
60.926,,4.55,-173.6,1.09,-1.36,1.78,2.17,False,False,False,False,False,False,-0.019,-0.0,True,False,LOW
60.949,,3.78,-173.33,0.9,-1.46,1.79,2.16,False,False,False,False,False,False,-0.022,-0.003,True,False,LOW
61.121,,3.44,-172.64,1.07,-2.01,2.21,2.2,False,False,False,False,False,False,0.0,-0.002,True,False,LOW
61.143,,3.22,-173.12,1.07,-2.1,2.2,2.21,False,False,False,False,False,False,-0.002,-0.001,True,False,LOW
61.327,,3.15,-173.49,0.89,-2.48,1.95,2.13,False,False,False,False,False,False,0.001,-0.001,True,False,LOW
61.349,,3.35,-173.76,0.91,-2.5,1.89,2.13,False,False,False,False,False,False,-0.001,-0.0,True,False,LOW
61.519,,3.53,-173.64,0.64,-2.45,1.74,1.97,False,False,False,False,False,False,-0.017,0.001,True,False,LOW
61.542,,3.17,-173.11,0.59,-2.5,1.79,1.94,False,False,False,False,False,False,-0.02,-0.0,True,False,LOW
61.729,,3.42,-173.21,0.46,-2.51,1.91,1.77,False,False,False,False,False,False,-0.019,-0.004,True,False,LOW
61.752,,3.46,-173.31,0.48,-2.51,1.91,1.76,False,False,False,False,False,False,-0.019,-0.0,True,False,LOW
61.92,,3.57,-173.58,0.58,-2.44,1.78,1.76,False,False,False,False,False,False,-0.022,-0.001,True,False,LOW
61.944,,3.6,-174.12,0.48,-2.43,1.69,1.74,False,False,False,False,False,False,-0.021,-0.001,True,False,LOW
62.129,,3.9,-173.89,0.41,-2.22,1.5,1.66,False,False,False,False,False,False,-0.021,-0.0,True,False,LOW
62.153,,3.79,-173.86,0.36,-2.21,1.48,1.64,False,False,False,False,False,False,-0.018,-0.0,True,False,LOW
62.32,,3.89,-174.16,0.27,-2.13,1.27,1.54,False,False,False,False,False,False,-0.018,0.002,True,False,LOW
62.345,,4.1,-173.75,0.33,-2.09,1.3,1.54,False,False,False,False,False,False,-0.022,-0.001,True,False,LOW
62.526,,4.1,-173.59,0.34,-1.96,1.48,1.52,False,False,False,False,False,False,-0.021,0.003,True,False,LOW
62.549,,4.21,-173.25,0.34,-1.93,1.54,1.52,False,False,False,False,False,False,-0.022,-0.002,True,False,LOW
62.716,,4.59,-173.35,0.21,-1.63,1.72,1.45,False,False,False,False,False,False,-0.022,0.047,True,False,LOW
62.74,,4.7,-173.03,0.31,-1.58,1.78,1.46,False,False,False,False,False,False,-0.027,0.012,True,False,LOW
62.928,,4.22,-173.42,0.33,-1.66,1.8,1.48,False,False,False,False,False,False,-0.021,0.004,True,False,LOW
62.952,,4.73,-173.62,0.14,-1.6,1.77,1.46,False,False,False,False,False,False,-0.017,0.002,True,False,LOW
63.124,,4.61,-173.53,0.23,-1.46,1.74,1.43,False,False,False,False,False,False,0.007,-0.003,True,False,LOW
63.147,,4.24,-173.93,0.23,-1.49,1.68,1.43,False,False,False,False,False,False,0.003,-0.005,True,False,LOW
63.338,,4.62,-173.45,0.28,-1.4,1.73,1.44,False,False,False,False,False,False,0.003,-0.004,True,False,LOW
63.362,,4.57,-174.1,0.24,-1.4,1.65,1.44,False,False,False,False,False,False,0.004,-0.005,True,False,LOW
63.523,,4.83,-174.15,0.25,-1.25,1.36,1.43,False,False,False,False,False,False,0.024,-0.003,True,False,LOW
63.546,,4.79,-173.89,0.32,-1.24,1.36,1.44,False,False,False,False,False,False,0.027,-0.006,True,False,LOW
63.729,,5.0,-173.16,0.34,-1.08,1.74,1.48,False,False,False,False,False,False,0.032,-0.005,True,False,LOW
63.753,,4.93,-172.6,0.38,-1.07,1.86,1.49,False,False,False,False,False,False,0.026,-0.003,True,False,LOW
63.922,,4.85,-173.27,0.48,-1.08,1.91,1.58,False,False,False,False,False,False,0.026,-0.005,True,False,LOW
63.946,,5.02,-173.6,0.53,-1.06,1.87,1.59,False,False,False,False,False,False,0.051,-0.001,True,False,LOW
64.131,,5.28,-173.71,0.62,-0.85,1.68,1.7,False,False,False,False,False,False,0.047,-0.007,True,False,LOW
64.158,,5.17,-173.1,0.62,-0.84,1.75,1.71,False,False,False,False,False,False,0.049,-0.006,True,False,LOW
64.316,,5.3,-173.48,0.56,-0.74,1.75,1.73,False,False,False,False,False,False,0.045,-0.004,True,False,LOW
64.35,,5.01,-173.55,0.53,-0.78,1.74,1.72,False,False,False,False,False,False,0.046,-0.001,True,False,LOW
64.521,,4.99,-173.41,0.6,-0.87,1.78,1.75,False,False,False,False,False,False,0.043,-0.001,True,False,LOW
64.543,,5.17,-173.59,0.46,-0.86,1.76,1.74,False,False,False,False,False,False,0.048,-0.0,True,False,LOW
64.712,,4.75,-173.58,0.43,-1.03,1.7,1.67,False,False,False,False,False,False,0.051,0.001,True,False,LOW
64.735,,4.47,-173.55,0.51,-1.09,1.7,1.67,False,False,False,False,False,False,0.046,0.004,True,False,LOW
64.92,,4.73,-173.55,0.45,-1.16,1.69,1.65,False,False,False,False,False,False,0.029,0.003,True,False,LOW
64.943,,5.0,-173.31,0.44,-1.13,1.72,1.64,False,False,False,False,False,False,0.031,-0.003,True,False,LOW
65.113,,5.0,-173.77,0.29,-1.03,1.59,1.55,False,False,False,False,False,False,0.031,-0.002,True,False,LOW
65.138,,5.09,-173.63,0.33,-1.01,1.59,1.54,False,False,False,False,False,False,0.027,-0.003,True,False,LOW
65.33,,5.14,-173.4,0.28,-0.9,1.72,1.5,False,False,False,False,False,False,-0.024,0.051,True,False,LOW
65.354,,5.02,-173.29,0.27,-0.9,1.75,1.49,False,False,False,False,False,False,0.018,0.053,False,False,LOW
65.518,,4.67,-172.98,-0.03,-1.09,2.01,1.31,False,False,False,False,False,False,0.029,0.029,True,False,LOW
65.545,,5.08,-173.05,0.13,-1.06,2.03,1.31,False,False,False,False,False,False,0.029,0.009,True,False,LOW
65.72,,5.1,-172.84,0.06,-0.95,2.22,1.27,False,False,False,False,False,False,0.019,0.001,True,False,LOW
65.744,,5.59,-173.64,0.05,-0.87,2.14,1.27,False,False,False,False,False,False,0.026,-0.003,True,False,LOW
65.92,,5.49,-174.0,0.08,-0.65,1.66,1.26,False,False,False,False,False,False,0.024,-0.003,True,False,LOW
65.943,,5.29,-174.31,0.01,-0.65,1.56,1.25,False,False,False,False,False,False,0.028,-0.003,True,False,LOW
66.125,,5.5,-174.21,0.01,-0.54,1.27,1.22,False,False,False,False,False,False,0.03,-0.005,True,False,LOW
66.149,,5.69,-174.25,0.04,-0.5,1.23,1.22,False,False,False,False,False,False,0.029,-0.007,True,False,LOW
66.319,,5.99,-174.48,0.04,-0.22,0.98,1.22,False,False,False,False,False,False,0.029,-0.004,True,False,LOW
66.342,,5.73,-173.86,0.03,-0.22,1.03,1.21,False,False,False,False,False,False,0.029,-0.006,True,False,LOW
66.525,,5.83,-174.25,0.04,-0.16,1.0,1.21,False,False,False,False,False,False,0.029,-0.006,True,False,LOW
66.548,,5.81,-174.56,-0.05,-0.16,0.96,1.2,False,False,False,False,False,False,0.049,0.004,True,False,LOW
66.716,,6.15,-174.55,0.02,0.03,0.81,1.2,False,False,False,False,False,False,0.043,0.004,True,False,LOW
66.738,,6.06,-174.43,0.12,0.04,0.81,1.21,False,False,False,False,False,False,0.05,-0.002,True,False,LOW
66.925,,6.51,-174.57,0.18,0.33,0.73,1.29,False,False,False,False,False,False,0.046,0.002,True,False,LOW
66.949,,6.09,-174.41,0.16,0.3,0.74,1.29,False,False,False,False,False,False,0.05,0.0,True,False,LOW
67.119,,6.45,-174.73,0.21,0.41,0.62,1.34,False,False,False,False,False,False,0.048,0.001,True,False,LOW
67.143,,5.92,-174.32,0.15,0.35,0.66,1.34,False,False,False,False,False,False,0.048,0.003,True,False,LOW
67.323,,5.77,-174.74,-0.02,0.07,0.57,1.24,False,False,False,False,False,False,0.006,0.055,True,False,LOW
67.347,,5.61,-172.27,0.06,0.02,0.91,1.24,False,False,False,False,False,False,-0.001,0.013,True,False,LOW
67.519,,5.36,-172.93,0.12,-0.3,1.65,1.27,False,False,False,False,False,False,0.003,0.001,True,False,LOW
67.544,,4.88,-173.67,-0.18,-0.41,1.64,1.23,False,False,False,False,False,False,-0.003,-0.001,True,False,LOW
67.725,,5.07,-173.07,-0.09,-0.66,1.92,1.15,False,False,False,False,False,False,-0.007,0.003,True,False,LOW
67.748,,4.82,-173.16,-0.21,-0.72,1.94,1.13,False,False,False,False,False,False,-0.006,-0.002,True,False,LOW
67.92,,5.13,-173.29,-0.18,-0.77,1.94,1.06,False,False,False,False,False,False,-0.006,-0.003,True,False,LOW
67.946,,5.21,-173.25,-0.1,-0.77,1.95,1.06,False,False,False,False,False,False,-0.008,-0.004,True,False,LOW
68.127,,5.08,-173.85,-0.1,-0.82,1.65,1.07,False,False,False,False,False,False,-0.01,-0.004,True,False,LOW
68.15,,5.04,-173.66,0.04,-0.83,1.64,1.09,False,False,False,False,False,False,0.017,-0.005,True,False,LOW
68.328,,5.33,-173.68,0.06,-0.72,1.59,1.17,False,False,False,False,False,False,0.022,-0.008,True,False,LOW
68.352,,5.45,-173.46,0.06,-0.69,1.61,1.17,False,False,False,False,False,False,0.025,-0.008,True,False,LOW
68.527,,5.34,-173.19,-0.02,-0.64,1.84,1.16,False,False,False,False,False,False,0.026,-0.006,True,False,LOW
68.552,,5.44,-173.14,0.08,-0.63,1.87,1.18,False,False,False,False,False,False,0.028,-0.007,True,False,LOW
68.718,,5.27,-173.58,-0.01,-0.65,1.76,1.17,False,False,False,False,False,False,0.028,-0.007,True,False,LOW
68.742,,5.41,-172.83,-0.02,-0.64,1.84,1.17,False,False,False,False,False,False,0.02,0.048,True,False,LOW
68.924,,5.38,-172.4,-0.03,-0.6,2.38,1.16,False,False,False,False,False,False,0.001,0.048,True,False,LOW
68.947,,5.18,-171.81,0.05,-0.62,2.52,1.16,False,False,False,False,False,False,0.036,0.042,True,False,LOW
69.246,,5.16,-172.67,0.05,-0.73,2.55,1.2,False,False,False,False,False,False,0.026,0.024,True,False,LOW
69.267,,5.12,-173.21,-0.01,-0.74,2.48,1.2,False,False,False,False,False,False,0.028,0.006,True,False,LOW
69.377,,5.46,-173.3,0.01,-0.63,2.26,1.19,False,False,False,False,False,False,0.03,0.002,True,False,LOW
69.402,,5.62,-173.8,0.01,-0.59,2.14,1.19,False,False,False,False,False,False,0.028,-0.003,True,False,LOW
69.517,,5.61,-173.78,-0.03,-0.48,1.84,1.17,False,False,False,False,False,False,0.032,-0.002,True,False,LOW
69.54,,5.73,-173.93,-0.09,-0.45,1.77,1.16,False,False,False,False,False,False,0.031,-0.002,True,False,LOW
69.726,,5.84,-174.29,-0.13,-0.26,1.31,1.1,False,False,False,False,False,False,0.029,-0.004,True,False,LOW
69.749,,5.56,-174.77,-0.08,-0.28,1.2,1.1,False,False,False,False,False,False,0.046,0.007,True,False,LOW
69.919,,5.71,-173.61,0.11,-0.26,1.42,1.19,False,False,False,False,False,False,0.041,0.004,True,False,LOW
69.944,,5.89,-173.52,0.15,-0.23,1.46,1.21,False,False,False,False,False,False,0.045,0.004,True,False,LOW
70.111,,5.74,-173.67,0.29,-0.22,1.51,1.34,False,False,False,False,False,False,0.04,0.002,True,False,LOW
70.137,,5.35,-174.06,0.23,-0.27,1.46,1.35,False,False,False,False,False,False,0.036,0.001,True,False,LOW
70.32,,4.92,-173.91,0.28,-0.68,1.39,1.41,False,False,False,False,False,False,0.034,-0.0,True,False,LOW
70.344,,5.13,-173.89,0.29,-0.7,1.38,1.41,False,False,False,False,False,False,0.031,-0.002,True,False,LOW
70.51,,4.88,-174.08,0.27,-0.89,1.26,1.43,False,False,False,False,False,False,0.03,-0.005,True,False,LOW
70.535,,4.78,-173.71,0.26,-0.92,1.3,1.43,False,False,False,False,False,False,0.029,-0.002,True,False,LOW
70.719,,4.62,-173.02,0.26,-1.14,1.79,1.43,False,False,False,False,False,False,0.029,-0.001,True,False,LOW
70.743,,4.74,-172.78,0.18,-1.15,1.88,1.42,False,False,False,False,False,False,0.025,-0.003,True,False,LOW
70.911,,4.77,-172.46,0.03,-1.16,2.35,1.31,False,False,False,False,False,False,0.021,0.039,True,False,LOW
70.935,,4.96,-172.07,-0.06,-1.14,2.46,1.28,False,False,False,False,False,False,0.034,0.037,True,False,LOW
71.124,,4.77,-172.76,-0.01,-1.16,2.47,1.22,False,False,False,False,False,False,0.012,0.046,True,False,LOW
71.15,,4.85,-172.32,-0.03,-1.15,2.53,1.21,False,False,False,False,False,False,0.041,0.03,True,False,LOW
71.321,,4.96,-173.59,-0.06,-1.06,2.07,1.16,False,False,False,False,False,False,0.024,0.01,True,False,LOW
71.346,,5.18,-173.59,0.04,-1.02,2.01,1.17,False,False,False,False,False,False,0.028,0.004,True,False,LOW
71.524,,5.14,-173.16,0.07,-0.91,2.04,1.21,False,False,False,False,False,False,0.027,-0.001,True,False,LOW
71.548,,5.06,-173.47,0.06,-0.9,2.01,1.21,False,False,False,False,False,False,0.026,0.001,True,False,LOW
71.722,,5.22,-173.35,-0.01,-0.81,1.94,1.19,False,False,False,False,False,False,0.026,-0.001,True,False,LOW
71.747,,4.89,-173.76,-0.06,-0.84,1.87,1.18,False,False,False,False,False,False,0.026,-0.002,True,False,LOW
71.922,,5.05,-173.72,0.06,-0.87,1.68,1.21,False,False,False,False,False,False,0.025,-0.003,True,False,LOW
71.946,,5.29,-173.82,0.07,-0.84,1.65,1.21,False,False,False,False,False,False,0.025,-0.002,True,False,LOW
72.128,,5.28,-174.08,0.03,-0.75,1.38,1.21,False,False,False,False,False,False,0.024,-0.002,True,False,LOW
72.154,,5.58,-173.45,0.06,-0.69,1.44,1.21,False,False,False,False,False,False,0.027,-0.005,True,False,LOW
72.311,,5.58,-173.77,0.09,-0.53,1.45,1.24,False,False,False,False,False,False,0.027,-0.003,True,False,LOW
72.335,,5.48,-173.61,0.09,-0.52,1.47,1.24,False,False,False,False,False,False,0.027,-0.002,True,False,LOW
72.504,,5.36,-174.02,0.03,-0.55,1.34,1.22,False,False,False,False,False,False,0.027,-0.003,True,False,LOW
72.535,,5.52,-174.19,-0.06,-0.53,1.29,1.21,False,False,False,False,False,False,0.029,-0.003,True,False,LOW
72.71,,5.26,-174.36,-0.07,-0.61,1.07,1.15,False,False,False,False,False,False,0.029,-0.003,True,False,LOW
72.735,,5.3,-174.21,-0.04,-0.62,1.06,1.15,False,False,False,False,False,False,0.026,-0.002,True,False,LOW
72.902,,5.18,-174.39,-0.03,-0.69,0.95,1.15,False,False,False,False,False,False,0.028,-0.002,True,False,LOW
72.935,,5.12,-173.9,-0.15,-0.72,1.01,1.13,False,False,False,False,False,False,0.028,-0.001,True,False,LOW
73.112,,5.5,-173.98,-0.14,-0.57,1.14,1.08,False,False,False,False,False,False,0.03,-0.003,True,False,LOW
73.136,,5.29,-173.64,-0.08,-0.58,1.2,1.08,False,False,False,False,False,False,0.027,-0.002,True,False,LOW
73.306,,5.57,-172.8,0.02,-0.48,1.84,1.14,False,False,False,False,False,False,0.032,-0.003,True,False,LOW
73.336,,5.38,-173.24,-0.12,-0.49,1.87,1.13,False,False,False,False,False,False,0.032,-0.004,True,False,LOW
73.512,,4.42,-170.33,-0.37,-1.04,3.52,0.96,False,False,False,False,False,False,0.045,0.007,True,False,LOW
73.536,,4.71,-166.78,0.31,-1.07,4.31,1.03,False,False,False,False,False,False,0.055,-0.003,True,False,LOW
73.703,,4.57,-164.96,0.09,-1.23,7.69,1.15,False,False,False,False,False,False,0.069,0.002,True,False,LOW
73.735,,4.0,-159.92,-0.12,-1.35,9.45,1.13,False,False,False,False,False,False,0.014,0.03,True,False,LOW
73.911,,3.17,-153.16,-0.83,-2.12,17.32,0.72,False,False,False,False,False,False,0.02,0.061,True,False,LOW
73.934,,3.55,-151.35,-0.84,-2.15,18.6,0.67,False,False,False,False,False,False,0.01,0.051,True,False,LOW
74.107,,2.86,-150.53,-1.16,-2.65,22.34,0.32,False,False,False,False,False,False,0.013,0.049,True,False,LOW
74.136,,2.43,-150.97,-1.07,-2.79,22.74,0.29,False,False,False,False,False,False,-0.007,0.045,True,False,LOW
74.35,,1.77,-151.25,-1.09,-3.6,23.51,0.17,False,False,False,False,False,False,-0.005,0.045,True,False,LOW
74.391,,1.4,-150.82,-1.03,-3.81,23.73,0.17,False,False,False,False,False,False,-0.01,0.039,True,False,LOW
74.514,,1.44,-151.09,-1.18,-4.12,23.92,0.09,False,False,False,False,False,False,-0.009,0.033,True,False,LOW
74.538,,2.14,-151.25,-1.07,-4.08,23.93,0.09,False,False,False,False,False,False,0.008,0.033,True,False,LOW
74.718,,2.67,-151.9,-0.88,-3.65,23.6,0.2,False,False,False,False,False,False,0.006,0.029,True,False,LOW
74.742,,2.28,-151.77,-0.85,-3.65,23.59,0.22,False,False,False,False,False,False,-0.003,0.026,True,False,LOW
74.908,,2.38,-151.9,-0.81,-3.61,23.45,0.29,False,False,False,False,False,False,-0.004,0.024,True,False,LOW
74.937,,2.15,-151.61,-0.86,-3.64,23.48,0.3,False,False,False,False,False,False,-0.001,0.025,True,False,LOW
75.118,,1.99,-151.72,-0.85,-3.81,23.5,0.31,False,False,False,False,False,False,-0.008,0.025,True,False,LOW
75.143,,2.13,-151.42,-0.87,-3.81,23.54,0.31,False,False,False,False,False,False,-0.005,0.021,True,False,LOW
75.311,,2.06,-151.12,-0.78,-3.85,23.84,0.35,False,False,False,False,False,False,0.005,0.023,True,False,LOW
75.336,,1.83,-150.99,-0.9,-3.88,23.89,0.34,False,False,False,False,False,False,0.006,0.02,True,False,LOW
75.519,,1.85,-151.21,-1.04,-4.0,23.96,0.23,False,False,False,False,False,False,0.005,0.015,True,False,LOW
75.544,,1.87,-151.09,-1.2,-4.01,23.99,0.2,False,False,False,False,False,False,-0.0,0.017,True,False,LOW
75.712,,1.45,-151.15,-1.13,-4.26,24.03,0.12,False,False,False,False,False,False,0.002,0.013,True,False,LOW
75.736,,1.6,-151.4,-1.11,-4.27,24.01,0.11,False,False,False,False,False,False,-0.004,0.011,True,False,LOW
75.915,,1.72,-150.93,-1.01,-4.25,24.16,0.14,False,False,False,False,False,False,-0.004,0.007,True,False,LOW
75.943,,1.83,-151.14,-0.92,-4.23,24.15,0.16,False,False,False,False,False,False,-0.0,0.01,True,False,LOW
76.109,,1.95,-150.94,-0.95,-4.11,24.22,0.19,False,False,False,False,False,False,0.005,0.01,True,False,LOW
76.136,,1.14,-150.18,-0.97,-4.21,24.35,0.19,False,False,False,False,False,False,-0.006,0.017,True,False,LOW
76.318,,1.24,-150.28,-0.99,-4.48,24.67,0.19,False,False,False,False,False,False,-0.001,0.017,True,False,LOW
76.342,,1.45,-150.15,-1.11,-4.48,24.73,0.17,False,False,False,False,False,False,0.008,0.01,True,False,LOW
76.512,,1.14,-150.14,-1.19,-4.65,24.92,0.08,False,False,False,False,False,False,0.005,0.011,True,False,LOW
76.535,,1.31,-150.44,-1.1,-4.65,24.9,0.08,False,False,False,False,False,False,0.006,0.009,True,False,LOW
76.718,,1.41,-149.63,-0.98,-4.59,25.28,0.14,False,False,False,False,False,False,0.001,0.009,True,False,LOW
76.739,,1.1,-149.97,-1.07,-4.62,25.28,0.14,False,False,False,False,False,False,0.008,0.007,True,False,LOW
76.914,,1.68,-150.01,-0.93,-4.43,25.25,0.19,False,False,False,False,False,False,0.011,0.006,True,False,LOW
76.938,,1.47,-149.87,-1.01,-4.44,25.26,0.19,False,False,False,False,False,False,0.01,0.007,True,False,LOW
77.122,,1.73,-150.02,-0.99,-4.32,25.23,0.19,False,False,False,False,False,False,0.016,0.006,True,False,LOW
77.145,,1.58,-149.81,-1.1,-4.32,25.26,0.17,False,False,False,False,False,False,0.019,0.005,True,False,LOW
77.31,,1.51,-150.29,-1.08,-4.38,25.1,0.13,False,False,False,False,False,False,0.004,-0.001,True,False,LOW
77.335,,1.63,-150.5,-1.13,-4.37,25.05,0.12,False,False,False,False,False,False,-0.003,-0.005,True,False,LOW
77.524,,1.39,-150.78,-1.1,-4.47,24.72,0.1,False,False,False,False,False,False,0.002,-0.017,True,False,LOW
77.548,,1.39,-150.9,-1.14,-4.48,24.67,0.09,False,False,False,False,False,False,0.002,-0.022,True,False,LOW
77.713,,0.99,-150.76,-0.99,-4.72,24.57,0.14,False,False,False,False,False,False,-0.008,-0.028,True,False,LOW
77.737,,0.98,-150.59,-1.16,-4.76,24.58,0.12,False,False,False,False,False,False,-0.009,-0.023,True,False,LOW
77.92,,0.63,-152.15,-1.3,-5.06,23.76,-0.01,False,False,False,False,False,False,0.009,-0.018,True,False,LOW
77.944,,0.72,-156.16,-0.93,-5.08,23.04,0.02,False,False,False,False,False,False,0.01,-0.02,True,False,LOW
78.112,,0.14,-161.49,-0.81,-5.46,17.66,0.2,False,False,False,False,False,False,0.011,-0.014,True,False,LOW
78.135,,-1.26,-165.53,-0.47,-5.7,16.18,0.26,False,False,False,False,False,False,0.009,-0.004,True,False,LOW
78.317,,-1.86,-168.94,-0.39,-6.86,9.98,0.55,False,False,False,False,False,False,0.001,0.007,True,False,LOW
78.34,,-3.31,-171.31,-0.34,-7.21,8.82,0.58,False,False,False,False,False,False,-0.003,0.004,True,False,LOW
78.512,,-3.31,-172.54,-0.63,-8.33,5.09,0.56,False,False,False,False,False,False,0.012,0.002,True,False,LOW
78.536,,-3.14,-172.88,-0.89,-8.44,4.59,0.53,False,False,False,False,False,False,0.011,0.003,True,False,LOW
78.722,,-3.34,-173.3,-0.95,-8.91,3.0,0.36,False,False,False,False,False,False,0.022,-0.0,True,False,LOW
78.747,,-2.48,-173.39,-0.86,-8.84,2.8,0.36,False,False,False,False,False,False,0.043,0.007,True,False,LOW
78.911,,-2.74,-172.35,-0.9,-8.76,2.84,0.32,False,False,False,False,False,False,0.046,0.007,True,False,LOW
78.935,,-2.7,-172.73,-0.95,-8.75,2.79,0.3,False,False,False,False,False,False,0.047,0.003,True,False,LOW
79.119,,-2.63,-172.04,-0.81,-8.65,3.01,0.34,False,False,False,False,False,False,0.044,0.006,True,False,LOW
79.144,,-2.33,-171.98,-0.71,-8.6,3.04,0.35,False,False,False,False,False,False,0.057,0.002,True,False,LOW
79.323,,-2.26,-171.66,-0.7,-8.39,3.32,0.42,False,False,False,False,False,False,0.054,0.002,True,False,LOW
79.346,,-2.02,-170.35,-0.76,-8.34,3.53,0.42,False,False,False,False,False,False,0.018,0.053,False,False,LOW
79.524,,-2.2,-170.63,-0.57,-8.23,4.11,0.52,False,False,False,False,False,False,0.048,0.01,True,False,LOW
79.547,,-2.79,-171.23,-0.67,-8.3,4.09,0.52,False,False,False,False,False,False,0.049,-0.002,True,False,LOW
79.714,,-2.18,-171.49,-0.64,-8.21,3.91,0.53,False,False,False,False,False,False,0.053,-0.007,True,False,LOW
79.739,,-2.46,-171.74,-0.57,-8.24,3.85,0.54,False,False,False,False,False,False,0.054,-0.003,True,False,LOW
79.927,,-2.42,-171.81,-0.7,-8.31,3.62,0.5,False,False,False,False,False,False,0.055,-0.003,True,False,LOW
79.95,,-2.51,-171.38,-0.7,-8.32,3.65,0.5,False,False,False,False,False,False,0.052,-0.003,True,False,LOW
80.117,,-2.64,-171.59,-0.7,-8.46,3.64,0.49,False,False,False,False,False,False,0.054,-0.003,True,False,LOW
80.143,,-2.22,-171.58,-0.63,-8.42,3.64,0.5,False,False,False,False,False,False,0.059,-0.004,True,False,LOW
80.313,,-1.84,-171.66,-0.57,-8.09,3.61,0.55,False,False,False,False,False,False,0.054,-0.003,True,False,LOW
80.343,,-1.29,-171.48,-0.44,-7.95,3.63,0.58,False,False,False,False,False,False,0.057,0.002,True,False,LOW
80.506,,-1.17,-171.03,-0.37,-7.52,3.92,0.69,False,False,False,False,False,False,0.056,0.001,True,False,LOW
80.53,,-1.48,-171.59,-0.32,-7.51,3.88,0.72,False,False,False,False,False,False,0.057,0.002,True,False,LOW
80.713,,-2.03,-171.45,-0.36,-7.76,3.83,0.77,False,False,False,False,False,False,0.052,0.002,True,False,LOW
80.737,,-2.45,-171.16,-0.25,-7.84,3.86,0.79,False,False,False,False,False,False,0.038,0.005,True,False,LOW
80.907,,-2.63,-171.02,-0.36,-8.23,4.04,0.8,False,False,False,False,False,False,0.042,0.002,True,False,LOW
80.931,,-2.68,-171.37,-0.35,-8.28,4.02,0.81,False,False,False,False,False,False,0.038,0.002,True,False,LOW
81.114,,-2.86,-171.83,-0.43,-8.56,3.69,0.77,False,False,False,False,False,False,0.032,0.005,True,False,LOW
81.139,,-2.91,-171.16,-0.53,-8.6,3.74,0.76,False,False,False,False,False,False,0.024,0.01,True,False,LOW
81.305,,-1.97,-170.09,-0.85,-8.25,4.47,0.53,False,False,False,False,False,False,0.011,0.049,True,False,LOW
81.33,,-2.03,-171.22,-0.75,-8.21,4.4,0.52,False,False,False,False,False,False,0.035,0.008,True,False,LOW
81.511,,-2.01,-170.9,-0.75,-8.08,4.36,0.47,False,False,False,False,False,False,0.024,0.002,True,False,LOW
81.534,,-2.33,-171.54,-0.63,-8.1,4.28,0.48,False,False,False,False,False,False,0.023,0.004,True,False,LOW
81.704,,-2.33,-171.7,-0.69,-8.19,3.89,0.48,False,False,False,False,False,False,0.029,0.004,True,False,LOW
81.727,,-2.44,-171.62,-0.78,-8.22,3.85,0.47,False,False,False,False,False,False,0.03,0.003,True,False,LOW
81.912,,-2.5,-171.63,-0.79,-8.34,3.71,0.42,False,False,False,False,False,False,0.034,0.001,True,False,LOW
81.936,,-2.23,-171.28,-0.82,-8.32,3.75,0.42,False,False,False,False,False,False,0.032,-0.002,True,False,LOW
82.111,,-2.27,-171.25,-0.81,-8.26,3.87,0.39,False,False,False,False,False,False,0.034,-0.001,True,False,LOW
82.134,,-1.66,-171.08,-0.8,-8.18,3.9,0.39,False,False,False,False,False,False,0.045,-0.002,True,False,LOW
82.318,,-2.05,-170.43,-0.78,-8.08,4.39,0.39,False,False,False,False,False,False,0.039,0.0,True,False,LOW
82.341,,-1.94,-168.98,-0.88,-8.05,4.64,0.38,False,False,False,False,False,False,0.041,-0.004,True,False,LOW
82.507,,-2.13,-167.64,-0.81,-8.07,6.22,0.37,False,False,False,False,False,False,0.041,-0.003,True,False,LOW
82.531,,-2.03,-166.4,-0.81,-8.05,6.62,0.37,False,False,False,False,False,False,0.033,-0.001,True,False,LOW
82.718,,-1.61,-164.01,-0.83,-7.78,9.29,0.36,False,False,False,False,False,False,0.024,0.009,True,False,LOW
82.742,,-0.28,-164.09,-0.55,-7.57,9.58,0.39,False,False,False,False,False,False,-0.0,0.031,True,False,LOW
82.909,,-0.58,-160.76,-0.93,-7.02,12.32,0.32,False,False,False,False,False,False,-0.002,0.047,True,False,LOW
82.932,,0.24,-155.81,-0.96,-6.84,13.56,0.3,False,False,False,False,False,False,-0.005,0.041,True,False,LOW
83.117,,0.93,-149.93,-1.57,-5.82,20.93,-0.07,False,False,False,False,False,False,0.019,0.034,True,False,LOW
83.142,,1.06,-146.4,-1.04,-5.69,22.54,-0.05,False,True,False,False,True,True,0.004,0.065,True,False,LOW
83.312,,0.42,-144.18,-1.61,-5.6,27.81,-0.25,False,True,False,False,True,True,0.005,0.064,True,False,LOW
83.338,,1.06,-143.74,-1.1,-5.5,28.55,-0.2,False,True,False,False,True,True,0.009,0.06,True,False,LOW
83.516,,0.65,-144.49,-1.76,-5.39,29.86,-0.41,False,False,False,False,False,False,0.01,0.055,True,False,LOW
83.539,,0.81,-144.89,-1.39,-5.36,29.93,-0.38,False,False,False,False,False,False,0.005,0.046,True,False,LOW
83.71,,1.13,-145.36,-1.28,-5.07,29.9,-0.24,False,False,False,False,False,False,0.007,0.046,True,False,LOW
83.734,,0.93,-144.96,-1.29,-5.06,29.95,-0.22,False,False,False,False,False,False,-0.009,0.041,True,False,LOW
83.917,,1.1,-145.14,-1.36,-4.95,30.03,-0.2,False,False,False,False,False,False,0.003,0.032,True,False,LOW
83.94,,0.76,-145.5,-1.24,-4.98,29.99,-0.18,False,False,False,False,False,False,0.006,0.026,True,False,LOW
84.111,,1.05,-146.59,-1.18,-4.93,29.29,-0.09,False,False,False,False,False,False,0.017,0.025,True,False,LOW
84.136,,0.54,-146.54,-1.46,-5.0,29.21,-0.12,False,False,False,False,False,False,0.007,0.019,True,False,LOW
84.318,,0.67,-146.5,-1.34,-5.15,28.95,-0.14,False,False,False,False,False,False,0.015,0.023,True,False,LOW
84.342,,0.66,-146.49,-1.27,-5.17,28.92,-0.14,False,False,False,False,False,False,0.012,0.024,True,False,LOW
84.51,,0.69,-146.79,-1.29,-5.21,28.67,-0.13,False,False,False,False,False,False,0.015,0.021,True,False,LOW
84.533,,0.92,-146.89,-1.19,-5.19,28.63,-0.11,False,False,False,False,False,False,0.012,0.021,True,False,LOW
84.719,,0.58,-147.41,-1.36,-5.28,28.19,-0.15,False,False,False,False,False,False,0.017,0.013,True,False,LOW
84.744,,0.43,-147.03,-1.38,-5.32,28.19,-0.16,False,False,False,False,False,False,0.01,0.008,True,False,LOW
84.91,,0.69,-147.33,-1.3,-5.28,28.04,-0.14,False,False,False,False,False,False,0.019,0.004,True,False,LOW
84.934,,0.41,-146.88,-1.35,-5.32,28.08,-0.15,False,False,False,False,False,False,0.01,0.007,True,False,LOW
85.118,,0.56,-147.21,-1.55,-5.35,28.05,-0.27,False,False,False,False,False,False,0.019,0.004,True,False,LOW
85.144,,0.43,-146.79,-1.41,-5.38,28.1,-0.26,False,False,False,False,False,False,0.017,0.006,True,False,LOW
85.313,,0.49,-146.85,-1.43,-5.42,28.25,-0.26,False,False,False,False,False,False,0.016,0.005,True,False,LOW
85.336,,0.15,-147.0,-1.43,-5.47,28.24,-0.26,False,False,False,False,False,False,0.01,0.007,True,False,LOW
85.645,,0.42,-147.49,-1.46,-5.5,27.91,-0.28,False,False,False,False,False,False,0.011,0.004,True,False,LOW
85.667,,0.5,-146.9,-1.54,-5.5,27.96,-0.29,False,False,False,False,False,False,0.011,0.0,True,False,LOW
85.776,,0.46,-147.02,-1.52,-5.49,28.06,-0.31,False,False,False,False,False,False,0.008,0.005,True,False,LOW
85.8,,0.43,-147.38,-1.39,-5.5,28.04,-0.3,False,False,False,False,False,False,0.008,0.003,True,False,LOW
85.919,,0.39,-147.13,-1.43,-5.52,28.06,-0.28,False,False,False,False,False,False,0.001,0.007,True,False,LOW
85.942,,0.56,-147.46,-1.36,-5.5,28.03,-0.27,False,False,False,False,False,False,0.004,0.011,True,False,LOW
86.112,,0.62,-146.99,-1.22,-5.41,28.14,-0.15,False,False,False,False,False,False,-0.016,0.061,True,False,LOW
86.136,,0.39,-146.43,-1.29,-5.43,28.23,-0.15,False,True,False,False,True,True,-0.021,0.071,True,False,LOW
86.321,,0.18,-146.83,-1.31,-5.61,28.32,-0.14,False,False,False,False,False,False,-0.014,0.048,True,False,LOW
86.343,,0.09,-147.12,-1.23,-5.64,28.29,-0.13,False,False,False,False,False,False,0.007,0.024,True,False,LOW
86.511,,0.31,-147.01,-1.21,-5.64,28.26,-0.08,False,False,False,False,False,False,0.002,0.015,True,False,LOW
86.533,,0.27,-147.33,-1.12,-5.64,28.21,-0.06,False,False,False,False,False,False,0.01,0.012,True,False,LOW
86.717,,0.31,-147.29,-1.11,-5.64,28.07,0.01,False,False,False,False,False,False,0.008,0.007,True,False,LOW
86.74,,0.35,-147.15,-1.04,-5.63,28.07,0.02,False,False,False,False,False,False,0.013,0.002,True,False,LOW
86.911,,0.85,-147.2,-0.92,-5.35,28.05,0.14,False,False,False,False,False,False,0.015,-0.004,True,False,LOW
86.935,,0.58,-147.28,-1.02,-5.35,28.04,0.14,False,False,False,False,False,False,0.013,-0.002,True,False,LOW
87.118,,0.64,-147.46,-1.14,-5.33,27.89,0.09,False,False,False,False,False,False,0.016,-0.002,True,False,LOW
87.142,,0.14,-147.59,-1.14,-5.39,27.86,0.08,False,False,False,False,False,False,0.013,-0.004,True,False,LOW
87.32,,0.13,-147.08,-1.2,-5.62,28.01,0.02,False,False,False,False,False,False,0.012,-0.003,True,False,LOW
87.343,,0.58,-147.55,-1.02,-5.58,27.97,0.04,False,False,False,False,False,False,0.015,-0.003,True,False,LOW
87.528,,0.21,-147.24,-1.18,-5.67,27.98,0.02,False,False,False,False,False,False,0.016,-0.008,True,False,LOW
87.553,,0.46,-147.4,-1.11,-5.64,27.96,0.02,False,False,False,False,False,False,0.012,-0.012,True,False,LOW
87.714,,-0.02,-147.21,-1.16,-5.8,27.99,0.02,False,False,False,False,False,False,0.014,-0.01,True,False,LOW
87.738,,0.07,-147.9,-1.38,-5.81,27.9,-0.01,False,False,False,False,False,False,0.015,-0.009,True,False,LOW
87.923,,0.25,-147.87,-1.21,-5.75,27.61,-0.02,False,False,False,False,False,False,0.018,-0.012,True,False,LOW
87.947,,-0.14,-148.1,-1.41,-5.8,27.54,-0.05,False,False,False,False,False,False,0.016,-0.013,True,False,LOW
88.114,,-0.02,-147.61,-1.33,-5.88,27.58,-0.11,False,False,False,False,False,False,0.016,-0.009,True,False,LOW
88.137,,0.01,-147.65,-1.36,-5.89,27.58,-0.12,False,False,False,False,False,False,0.021,-0.007,True,False,LOW
88.314,,0.2,-147.72,-1.29,-5.81,27.54,-0.12,False,False,False,False,False,False,0.02,-0.005,True,False,LOW
88.337,,0.07,-147.39,-1.35,-5.82,27.58,-0.12,False,False,False,False,False,False,0.018,-0.003,True,False,LOW
88.504,,-0.23,-148.87,-1.73,-6.0,26.95,-0.35,False,False,False,False,False,False,0.008,0.003,True,False,LOW
88.529,,-0.39,-153.34,-1.41,-6.05,26.14,-0.33,False,False,False,False,False,False,0.008,-0.025,True,False,LOW
88.714,,-1.41,-157.83,-1.27,-6.76,20.92,-0.2,False,False,False,False,False,False,0.01,-0.013,True,False,LOW
88.739,,-2.96,-163.13,-0.83,-7.08,19.17,-0.13,False,False,False,False,False,False,0.019,-0.006,True,False,LOW
88.906,,-3.64,-166.88,-0.58,-8.43,12.53,0.25,False,False,False,False,False,False,0.001,-0.002,True,False,LOW
88.93,,-2.36,-168.64,-0.13,-8.41,11.34,0.36,False,False,False,False,False,False,0.024,-0.004,True,False,LOW
89.11,,-3.49,-169.59,-0.16,-8.97,7.81,0.71,False,False,False,False,False,False,0.034,0.003,True,False,LOW
89.135,,-3.29,-169.59,-0.25,-9.01,7.41,0.74,False,False,False,False,False,False,0.033,0.003,True,False,LOW
89.306,,-3.36,-170.33,-0.19,-9.16,5.96,0.87,False,False,False,False,False,False,0.034,0.002,True,False,LOW
89.329,,-3.1,-170.42,-0.14,-9.15,5.78,0.89,False,False,False,False,False,False,0.035,0.001,True,False,LOW
89.51,,-3.47,-170.12,-0.13,-9.29,5.4,0.97,False,False,False,False,False,False,0.033,0.002,True,False,LOW
89.532,,-3.39,-170.1,-0.21,-9.3,5.36,0.97,False,False,False,False,False,False,0.034,0.001,True,False,LOW
89.705,,-3.75,-169.69,-0.28,-9.51,5.46,0.93,False,False,False,False,False,False,0.028,0.01,True,False,LOW
89.727,,-3.44,-170.1,-0.39,-9.49,5.42,0.91,False,False,False,False,False,False,0.029,0.008,True,False,LOW
89.912,,-3.58,-170.21,-0.35,-9.51,5.2,0.87,False,False,False,False,False,False,0.031,0.005,True,False,LOW
89.935,,-3.25,-170.86,-0.34,-9.47,5.09,0.86,False,False,False,False,False,False,0.038,0.004,True,False,LOW
90.108,,-2.84,-170.09,-0.72,-9.11,5.12,0.65,False,False,False,False,False,False,-0.011,-0.01,True,False,LOW
90.132,,-2.62,-169.92,-0.82,-9.04,5.14,0.61,False,False,False,False,False,False,-0.008,-0.011,True,False,LOW
90.318,,-2.7,-170.73,-0.73,-8.82,4.79,0.52,False,False,False,False,False,False,-0.007,-0.011,True,False,LOW
90.341,,-2.59,-170.13,-0.76,-8.79,4.83,0.51,False,False,False,False,False,False,-0.005,-0.01,True,False,LOW
90.509,,-2.67,-170.07,-0.89,-8.7,5.0,0.39,False,False,False,False,False,False,-0.003,-0.012,True,False,LOW
90.532,,-2.75,-169.22,-0.71,-8.7,5.13,0.4,False,False,False,False,False,False,-0.006,0.041,True,False,LOW
90.704,,-2.08,-169.76,-0.81,-8.34,5.31,0.38,False,False,False,False,False,False,-0.009,0.002,True,False,LOW
90.728,,-1.61,-168.87,-0.75,-8.24,5.46,0.39,False,False,False,False,False,False,-0.016,0.052,True,False,LOW
90.91,,-1.84,-169.77,-0.88,-7.99,5.46,0.34,False,False,False,False,False,False,-0.025,0.0,True,False,LOW
90.934,,-1.72,-170.1,-0.89,-7.95,5.41,0.33,False,False,False,False,False,False,-0.003,0.001,True,False,LOW
91.104,,-2.48,-170.3,-0.71,-8.19,5.16,0.4,False,False,False,False,False,False,0.02,0.009,True,False,LOW
91.128,,-2.87,-170.66,-0.61,-8.28,5.08,0.42,False,False,False,False,False,False,0.028,0.005,True,False,LOW
91.308,,-3.49,-169.8,-0.88,-8.9,5.27,0.35,False,False,False,False,False,False,0.033,0.003,True,False,LOW
91.331,,-4.48,-169.12,-0.69,-9.11,5.38,0.37,False,False,False,False,False,False,0.035,0.001,True,False,LOW
91.5,,-5.21,-166.98,-1.04,-10.2,6.91,0.25,False,False,False,False,False,False,0.028,0.004,True,False,LOW
91.527,,-4.81,-165.09,-1.28,-10.29,7.45,0.2,False,False,False,False,False,False,0.025,0.004,True,False,LOW
91.709,,-6.3,-166.15,-1.47,-11.37,8.36,-0.07,False,False,False,False,False,False,0.025,0.005,True,False,LOW
91.733,,-7.11,-166.2,-1.94,-11.62,8.46,-0.16,False,False,False,False,False,False,0.036,0.008,True,False,LOW
91.901,,-8.92,-164.42,-1.64,-13.39,9.73,-0.32,False,False,False,False,False,False,0.033,0.001,True,False,LOW
91.926,,-8.51,-166.65,-1.45,-13.55,9.57,-0.31,False,False,False,False,False,False,-0.017,-0.015,True,False,LOW
92.111,,-9.87,-168.55,-1.32,-14.83,7.99,-0.22,False,False,False,False,False,False,-0.025,-0.01,True,False,LOW
92.136,,-8.21,-166.64,-1.07,-14.74,8.07,-0.18,False,False,False,False,False,False,-0.036,-0.004,True,False,LOW
92.303,,-6.6,-165.63,-0.93,-13.61,8.87,0.04,False,False,False,False,False,False,-0.02,-0.013,True,False,LOW
92.332,,-4.97,-165.66,-1.2,-13.15,8.98,0.03,False,False,False,False,False,False,-0.029,-0.016,True,False,LOW
92.516,,-5.51,-167.79,-1.44,-12.21,8.15,-0.13,False,False,False,False,False,False,-0.041,-0.007,True,False,LOW
92.54,,-4.84,-169.0,-1.58,-12.0,7.88,-0.17,False,False,False,False,False,False,-0.045,-0.005,True,False,LOW
92.703,,-3.75,-169.08,-2.01,-10.77,6.97,-0.51,False,False,False,False,False,False,-0.036,-0.009,True,False,LOW
92.728,,-3.58,-169.22,-2.27,-10.58,6.83,-0.59,False,False,False,False,False,False,-0.027,-0.006,True,False,LOW
92.908,,-1.46,-170.53,-2.1,-8.8,5.65,-0.77,False,False,False,False,False,False,-0.022,-0.002,True,False,LOW
92.931,,0.72,-170.57,-1.65,-8.25,5.52,-0.73,False,False,False,False,False,False,-0.029,-0.006,True,False,LOW
93.106,,1.55,-170.12,-1.66,-6.06,5.3,-0.6,False,False,False,False,False,False,-0.035,-0.005,True,False,LOW
93.132,,0.61,-167.7,-1.28,-5.94,5.62,-0.53,False,False,False,False,False,False,-0.02,-0.013,True,False,LOW
93.311,,-1.63,-167.89,-1.63,-6.83,6.55,-0.49,False,False,False,False,False,False,-0.03,-0.007,True,False,LOW
93.335,,-1.82,-169.36,-1.64,-6.95,6.46,-0.49,False,False,False,False,False,False,-0.037,-0.002,True,False,LOW
93.505,,-1.16,-169.36,-1.56,-7.03,6.15,-0.43,False,False,False,False,False,False,0.018,0.053,False,False,LOW
93.53,,-0.06,-168.33,-1.19,-6.89,6.25,-0.38,False,False,False,False,False,False,-0.012,-0.009,True,False,LOW
93.712,,1.1,-167.78,-1.14,-5.77,6.9,-0.16,False,False,False,False,False,False,-0.001,-0.013,True,False,LOW
93.738,,2.07,-168.22,-1.23,-5.47,6.92,-0.14,False,False,False,False,False,False,0.005,-0.011,True,False,LOW
93.897,,2.68,-168.44,-1.2,-4.31,6.85,-0.08,False,False,False,False,False,False,-0.021,-0.002,True,False,LOW
93.929,,3.67,-168.03,-1.4,-3.92,6.91,-0.11,False,False,False,False,False,False,-0.018,-0.004,True,False,LOW
94.114,,4.05,-164.96,-1.43,-2.78,8.78,-0.19,False,False,False,False,False,False,0.001,-0.0,True,False,LOW
94.14,,4.13,-163.62,-0.98,-2.63,9.24,-0.13,False,False,False,False,False,False,-0.001,-0.004,True,False,LOW
94.315,,8.52,-161.89,-1.44,0.31,11.55,-0.2,False,True,False,False,False,True,-0.018,0.005,True,False,LOW
94.339,,13.18,-162.91,-1.91,1.53,11.66,-0.27,False,True,False,False,False,True,0.015,-0.011,True,False,LOW
94.518,,13.63,-165.48,-2.78,5.21,10.63,-0.99,False,True,False,False,False,True,0.022,-0.001,True,False,LOW
94.542,,12.31,-164.42,-2.49,5.4,10.65,-1.03,False,True,False,False,False,True,0.016,-0.008,True,False,LOW
94.708,,9.2,-163.74,-1.73,4.25,11.09,-0.79,False,True,False,False,False,True,0.007,-0.013,True,False,LOW
94.733,,9.49,-163.25,-0.82,4.15,11.22,-0.63,False,True,False,False,False,True,0.014,-0.012,True,False,LOW
94.914,,9.95,-163.91,-0.95,4.07,11.27,-0.17,False,True,False,False,False,True,0.005,-0.011,True,False,LOW
94.938,,10.62,-165.19,-1.63,4.15,11.11,-0.21,False,True,False,False,False,True,-0.004,-0.015,True,False,LOW
95.105,,11.7,-165.56,-0.78,5.0,10.36,0.11,False,True,False,False,False,True,-0.003,-0.015,True,False,LOW
95.13,,11.82,-166.47,-0.59,5.12,10.12,0.17,False,True,False,False,False,True,-0.005,-0.008,True,False,LOW
95.329,,10.58,-165.42,-0.53,4.85,9.95,0.44,False,False,False,False,False,False,-0.009,-0.011,True,False,LOW
95.353,,9.74,-165.77,-0.65,4.71,9.88,0.45,False,False,False,False,False,False,-0.013,-0.011,True,False,LOW
95.508,,9.24,-165.78,-0.38,4.0,9.66,0.62,False,False,False,False,False,False,-0.026,-0.007,True,False,LOW
95.533,,8.67,-169.2,-0.9,3.81,9.1,0.57,False,False,False,False,False,False,-0.017,-0.004,True,False,LOW
95.718,,8.4,-170.1,-1.2,3.06,6.82,0.25,False,False,False,False,False,False,-0.024,-0.003,True,False,LOW
95.742,,8.89,-167.9,-0.6,3.05,6.89,0.29,False,False,False,False,False,False,-0.018,-0.01,True,False,LOW
95.908,,8.22,-166.9,-0.17,2.64,7.64,0.66,False,False,False,False,False,False,-0.008,-0.011,True,False,LOW
95.932,,7.83,-168.1,-0.66,2.54,7.57,0.64,False,False,False,False,False,False,0.009,-0.017,True,False,LOW
96.116,,4.48,-168.07,-0.08,0.28,7.35,0.89,False,False,False,False,False,False,0.005,-0.016,True,False,LOW
96.142,,4.98,-169.66,0.15,0.09,7.08,0.95,False,False,False,False,False,False,0.009,-0.01,True,False,LOW
96.298,,4.92,-170.33,0.05,-0.49,5.95,1.09,False,False,False,False,False,False,0.007,-0.013,True,False,LOW
96.326,,5.43,-169.3,-0.79,-0.49,5.95,0.98,False,False,False,False,False,False,0.017,-0.004,True,False,LOW
96.505,,4.22,-167.66,-1.02,-1.16,6.81,0.54,False,False,False,False,False,False,0.01,0.001,True,False,LOW
96.53,,3.29,-167.68,-1.64,-1.39,6.91,0.4,False,False,False,False,False,False,0.004,-0.005,True,False,LOW
96.696,,2.56,-166.48,-2.19,-2.45,7.87,-0.34,False,False,False,False,False,False,0.011,-0.007,True,False,LOW
96.728,,3.22,-168.23,-1.97,-2.5,7.72,-0.42,False,False,False,False,False,False,0.034,0.007,True,False,LOW
96.904,,1.51,-170.52,-1.54,-3.55,6.1,-0.39,False,False,False,False,False,False,0.048,0.004,True,False,LOW
96.927,,-0.16,-169.15,-1.13,-3.94,6.1,-0.33,False,False,False,False,False,False,0.055,0.006,True,False,LOW
97.098,,-1.32,-169.29,-1.1,-5.78,6.02,-0.12,False,False,False,False,False,False,0.046,-0.003,True,False,LOW
97.127,,-4.28,-167.86,-1.4,-6.63,6.23,-0.14,False,False,False,False,False,False,0.046,-0.002,True,False,LOW
97.308,,-6.7,-167.75,-1.77,-10.17,6.91,-0.38,False,False,False,False,False,False,0.047,0.007,True,False,LOW
97.33,,-5.28,-166.79,-1.69,-10.33,7.11,-0.4,False,False,False,False,False,False,0.064,0.002,True,False,LOW
97.496,,-5.29,-166.61,-1.43,-10.82,7.91,-0.33,False,False,False,False,False,False,0.06,0.003,True,False,LOW
97.528,,-5.12,-165.54,-1.39,-10.87,8.24,-0.31,False,False,False,False,False,False,0.057,0.001,True,False,LOW
97.703,,-4.84,-165.67,-1.42,-10.82,8.96,-0.27,False,False,False,False,False,False,0.056,0.002,True,False,LOW
97.726,,-3.8,-166.75,-1.2,-10.69,8.9,-0.24,False,False,False,False,False,False,0.048,0.001,True,False,LOW
97.894,,-4.27,-168.19,-1.37,-10.44,7.94,-0.22,False,False,False,False,False,False,0.008,-0.003,True,False,LOW
97.927,,-4.53,-167.73,-1.58,-10.45,7.86,-0.25,False,False,False,False,False,False,-0.008,0.018,True,False,LOW
98.109,,-3.74,-167.69,-1.27,-10.04,7.69,-0.17,False,False,False,False,False,False,-0.038,0.016,True,False,LOW
98.134,,-1.53,-167.35,-1.19,-9.66,7.71,-0.15,False,False,False,False,False,False,-0.01,0.009,True,False,LOW
98.299,,-0.55,-167.9,-1.29,-7.96,7.52,-0.13,False,False,False,False,False,False,-0.018,-0.009,True,False,LOW
98.332,,0.29,-167.32,-1.01,-7.5,7.59,-0.08,False,False,False,False,False,False,-0.01,-0.003,True,False,LOW
98.506,,0.77,-168.83,-1.17,-6.21,6.96,-0.03,False,False,False,False,False,False,-0.033,-0.005,True,False,LOW
98.529,,0.59,-168.77,-1.64,-6.09,6.89,-0.09,False,False,False,False,False,False,-0.032,-0.009,True,False,LOW
98.701,,-0.0,-168.65,-1.53,-6.01,6.73,-0.23,False,False,False,False,False,False,0.018,-0.002,True,False,LOW
98.73,,-0.52,-168.35,-1.52,-6.08,6.75,-0.25,False,False,False,False,False,False,0.028,-0.01,True,False,LOW
98.909,,-0.66,-168.43,-1.52,-6.36,6.78,-0.3,False,False,False,False,False,False,0.029,-0.011,True,False,LOW
98.933,,-1.0,-168.66,-1.37,-6.44,6.75,-0.29,False,False,False,False,False,False,0.055,0.0,True,False,LOW
99.101,,-0.59,-168.45,-1.29,-6.49,6.77,-0.2,False,False,False,False,False,False,0.058,0.001,True,False,LOW
99.131,,-0.42,-168.43,-1.37,-6.47,6.77,-0.2,False,False,False,False,False,False,0.059,-0.003,True,False,LOW
99.308,,-0.47,-168.27,-1.27,-6.44,6.87,-0.14,False,False,False,False,False,False,0.054,-0.007,True,False,LOW
99.331,,0.37,-168.09,-1.17,-6.33,6.91,-0.12,False,False,False,False,False,False,0.048,-0.003,True,False,LOW
99.502,,0.95,-168.04,-1.39,-5.62,7.05,-0.17,False,False,False,False,False,False,0.033,-0.005,True,False,LOW
99.529,,0.64,-168.51,-1.35,-5.58,7.01,-0.17,False,False,False,False,False,False,0.02,-0.008,True,False,LOW
99.709,,0.35,-168.77,-1.31,-5.59,6.71,-0.15,False,False,False,False,False,False,0.039,0.008,True,False,LOW
99.733,,0.41,-168.52,-1.42,-5.58,6.71,-0.16,False,False,False,False,False,False,0.043,0.003,True,False,LOW
99.901,,0.8,-168.14,-1.5,-5.35,6.91,-0.25,False,False,False,False,False,False,0.044,0.002,True,False,LOW
99.927,,0.92,-168.75,-1.4,-5.31,6.85,-0.24,False,False,False,False,False,False,0.043,0.001,True,False,LOW
100.124,,1.03,-167.8,-1.38,-5.09,7.17,-0.22,False,False,False,False,False,False,0.034,0.002,True,False,LOW
100.148,,3.19,-165.12,-1.73,-4.75,7.59,-0.27,False,False,False,False,False,False,0.018,0.053,False,False,LOW
100.299,,5.63,-164.89,-1.98,-2.43,9.01,-0.53,False,False,False,False,False,False,-0.04,0.024,True,False,LOW
100.326,,6.12,-164.77,-1.2,-1.98,9.25,-0.46,False,False,False,False,False,False,0.004,-0.016,True,False,LOW
100.51,,5.39,-164.77,-0.82,-1.17,9.93,-0.02,False,False,False,False,False,False,0.01,-0.015,True,False,LOW
100.533,,2.67,-166.4,-1.04,-1.45,9.78,0.0,False,False,False,False,False,False,0.045,0.02,True,False,LOW
100.701,,2.83,-166.64,-1.39,-2.31,9.17,-0.11,False,False,False,False,False,False,-0.042,0.025,True,False,LOW
100.727,,5.54,-164.78,-1.6,-2.03,9.36,-0.15,False,False,False,False,False,False,-0.049,0.028,True,False,LOW
100.911,,5.75,-164.91,-2.0,-1.02,9.88,-0.52,False,False,False,False,False,False,-0.054,0.028,True,False,LOW
100.935,,2.99,-162.97,-1.72,-1.28,10.23,-0.52,False,True,False,False,True,True,-0.013,0.057,True,False,LOW
101.103,,3.18,-162.32,-1.15,-2.05,11.68,-0.24,False,True,False,False,True,True,-0.017,0.059,True,False,LOW
101.126,,3.03,-161.9,-1.03,-2.17,11.92,-0.19,False,True,False,False,True,True,0.015,0.069,True,False,LOW
101.309,,4.9,-161.14,-1.12,-1.57,13.14,-0.06,False,True,False,False,True,True,0.005,0.075,True,False,LOW
101.332,,4.16,-160.19,-1.03,-1.6,13.42,-0.03,False,True,False,False,False,True,0.018,0.053,False,False,LOW
101.502,,2.13,-161.27,-0.9,-2.77,13.71,0.13,False,True,False,False,False,True,0.028,0.031,True,False,LOW
101.524,,1.96,-162.44,-0.58,-2.93,13.59,0.19,False,True,False,False,False,True,0.007,-0.022,True,False,LOW
101.71,,0.93,-163.49,-0.71,-4.1,12.59,0.34,False,True,False,False,False,True,-0.002,-0.018,True,False,LOW
101.733,,1.84,-164.63,-0.63,-4.1,12.32,0.36,False,True,False,False,False,True,0.028,-0.007,True,False,LOW
101.902,,1.9,-165.03,-0.65,-4.07,11.18,0.45,False,True,False,False,False,True,0.033,-0.006,True,False,LOW
101.925,,1.66,-165.17,-0.37,-4.1,11.03,0.49,False,True,False,False,False,True,0.033,-0.008,True,False,LOW
102.117,,2.82,-165.31,-0.18,-3.57,10.4,0.77,False,True,False,False,False,True,0.04,-0.009,True,False,LOW
102.267,,2.83,-165.53,-0.19,-3.35,10.05,0.88,False,True,False,False,False,True,0.06,-0.002,True,False,LOW
102.378,,2.2,-165.93,-0.04,-3.51,9.73,0.98,False,False,False,False,False,False,0.056,-0.001,True,False,LOW
102.401,,1.79,-166.08,-0.08,-3.59,9.66,1.0,False,False,False,False,False,False,0.057,-0.001,True,False,LOW
102.513,,0.92,-167.03,-0.02,-4.2,9.03,1.06,False,False,False,False,False,False,0.056,0.006,True,False,LOW
102.536,,1.45,-166.48,0.11,-4.24,8.99,1.09,False,False,False,False,False,False,0.05,-0.001,True,False,LOW
102.697,,0.08,-167.22,-0.08,-5.08,8.48,1.09,False,False,False,False,False,False,0.057,-0.002,True,False,LOW
102.72,,-0.91,-166.04,-0.09,-5.33,8.57,1.09,False,False,False,False,False,False,0.059,0.005,True,False,LOW
102.905,,-0.37,-165.97,0.08,-5.88,8.94,1.18,False,False,False,False,False,False,0.058,0.002,True,False,LOW
102.927,,0.61,-166.49,0.25,-5.81,8.92,1.21,False,False,False,False,False,False,0.058,0.005,True,False,LOW
103.099,,0.78,-166.54,0.35,-5.47,8.8,1.37,False,False,False,False,False,False,0.049,0.003,True,False,LOW
103.124,,1.35,-167.29,0.53,-5.36,8.68,1.42,False,False,False,False,False,False,0.053,0.004,True,False,LOW
103.314,,1.0,-167.5,0.44,-5.13,8.15,1.53,False,False,False,False,False,False,0.055,0.001,True,False,LOW
103.338,,1.39,-166.88,0.27,-5.05,8.18,1.52,False,False,False,False,False,False,0.059,0.003,True,False,LOW
103.505,,1.57,-166.97,-0.1,-4.7,8.22,1.29,False,False,False,False,False,False,0.06,0.005,True,False,LOW
103.528,,1.89,-167.1,0.06,-4.61,8.21,1.28,False,False,False,False,False,False,0.064,0.004,True,False,LOW
103.713,,2.04,-167.47,-0.08,-4.23,7.97,1.18,False,False,False,False,False,False,0.067,0.004,True,False,LOW
103.737,,2.48,-167.27,-0.08,-4.12,7.97,1.17,False,False,False,False,False,False,0.066,0.003,True,False,LOW
103.906,,3.01,-166.79,0.07,-3.49,8.21,1.21,False,False,False,False,False,False,0.064,0.004,True,False,LOW
103.934,,2.82,-167.12,0.13,-3.44,8.2,1.22,False,False,False,False,False,False,0.064,0.002,True,False,LOW
104.114,,3.1,-166.73,-0.26,-3.12,8.36,1.06,False,False,False,False,False,False,0.018,0.053,False,False,LOW
104.138,,3.21,-166.63,-0.13,-3.06,8.39,1.06,False,False,False,False,False,False,-0.002,-0.011,True,False,LOW
104.298,,3.72,-166.61,-0.16,-2.63,8.51,1.04,False,False,False,False,False,False,-0.0,-0.011,True,False,LOW
104.322,,3.41,-166.87,0.01,-2.62,8.49,1.06,False,False,False,False,False,False,0.057,0.004,True,False,LOW
104.507,,3.13,-167.62,-0.07,-2.73,8.01,1.08,False,False,False,False,False,False,0.06,-0.0,True,False,LOW
104.531,,3.41,-167.34,-0.04,-2.7,8.0,1.09,False,False,False,False,False,False,0.062,-0.0,True,False,LOW
104.697,,3.53,-167.82,-0.03,-2.55,7.69,1.12,False,False,False,False,False,False,0.067,0.002,True,False,LOW
104.719,,3.14,-168.47,0.1,-2.59,7.57,1.14,False,False,False,False,False,False,0.061,0.003,True,False,LOW
104.901,,3.18,-169.23,0.17,-2.68,6.71,1.25,False,False,False,False,False,False,0.074,0.001,True,False,LOW
104.923,,3.28,-169.22,0.29,-2.68,6.62,1.28,False,False,False,False,False,False,0.077,0.003,True,False,LOW
105.099,,2.97,-168.96,0.3,-2.84,6.43,1.38,False,False,False,False,False,False,0.073,0.003,True,False,LOW
105.124,,3.23,-168.37,0.2,-2.82,6.49,1.38,False,False,False,False,False,False,0.072,0.004,True,False,LOW
105.304,,2.92,-169.08,0.13,-2.93,6.31,1.34,False,False,False,False,False,False,0.068,0.004,True,False,LOW
105.328,,3.02,-168.87,0.11,-2.93,6.32,1.33,False,False,False,False,False,False,0.069,0.004,True,False,LOW
105.498,,2.46,-168.38,0.07,-3.22,6.59,1.29,False,False,False,False,False,False,0.06,0.005,True,False,LOW
105.522,,2.53,-167.34,-0.09,-3.24,6.77,1.26,False,False,False,False,False,False,0.018,0.053,False,False,LOW
105.703,,2.5,-167.6,-0.03,-3.35,7.24,1.2,False,False,False,False,False,False,0.064,0.005,True,False,LOW
105.726,,2.07,-168.42,-0.07,-3.42,7.18,1.19,False,False,False,False,False,False,0.059,0.004,True,False,LOW
105.896,,2.69,-168.54,-0.08,-3.33,6.93,1.14,False,False,False,False,False,False,0.066,0.001,True,False,LOW
105.92,,2.62,-168.34,-0.13,-3.33,6.92,1.13,False,False,False,False,False,False,0.066,0.004,True,False,LOW
106.109,,1.78,-168.64,-0.11,-3.79,6.74,1.09,False,False,False,False,False,False,0.06,0.003,True,False,LOW
106.134,,2.42,-168.17,-0.07,-3.75,6.78,1.09,False,False,False,False,False,False,0.067,-0.001,True,False,LOW
106.299,,2.18,-168.66,-0.03,-3.76,6.68,1.12,False,False,False,False,False,False,0.062,0.004,True,False,LOW
106.322,,2.36,-168.57,-0.12,-3.74,6.67,1.11,False,False,False,False,False,False,0.058,0.002,True,False,LOW
106.508,,2.22,-168.65,-0.2,-3.73,6.62,1.04,False,False,False,False,False,False,0.061,0.004,True,False,LOW
106.531,,2.29,-168.45,-0.23,-3.72,6.64,1.03,False,False,False,False,False,False,0.058,0.003,True,False,LOW
106.702,,2.25,-167.86,-0.17,-3.71,7.02,1.02,False,False,False,False,False,False,0.058,0.001,True,False,LOW
106.727,,2.42,-168.24,-0.21,-3.68,7.02,1.01,False,False,False,False,False,False,0.058,-0.001,True,False,LOW
106.909,,2.45,-167.86,-0.07,-3.58,7.21,1.06,False,False,False,False,False,False,0.065,0.003,True,False,LOW
106.933,,2.78,-168.47,-0.05,-3.52,7.15,1.07,False,False,False,False,False,False,0.065,0.005,True,False,LOW
107.103,,2.62,-168.55,-0.01,-3.42,6.9,1.12,False,False,False,False,False,False,0.072,0.005,True,False,LOW
107.127,,2.87,-167.93,-0.19,-3.37,6.96,1.1,False,False,False,False,False,False,0.022,-0.001,True,False,LOW
107.307,,3.27,-167.67,-0.29,-3.0,7.28,0.99,False,False,False,False,False,False,-0.004,-0.009,True,False,LOW
107.331,,3.42,-167.45,-0.1,-2.93,7.35,1.0,False,False,False,False,False,False,0.001,-0.01,True,False,LOW
107.503,,3.43,-168.06,-0.12,-2.71,7.25,1.03,False,False,False,False,False,False,0.025,-0.009,True,False,LOW
107.526,,3.3,-167.74,-0.15,-2.7,7.29,1.03,False,False,False,False,False,False,0.038,-0.006,True,False,LOW
107.708,,3.45,-167.9,-0.16,-2.59,7.31,1.02,False,False,False,False,False,False,0.039,-0.007,True,False,LOW
107.731,,3.9,-168.42,-0.09,-2.52,7.25,1.03,False,False,False,False,False,False,0.035,-0.006,True,False,LOW
107.904,,3.44,-168.4,-0.2,-2.51,7.03,1.0,False,False,False,False,False,False,0.036,-0.007,True,False,LOW
107.927,,2.87,-168.23,-0.1,-2.58,7.02,1.01,False,False,False,False,False,False,0.075,0.007,True,False,LOW
108.11,,2.68,-168.68,-0.18,-2.95,6.77,1.0,False,False,False,False,False,False,0.071,0.004,True,False,LOW
108.134,,2.42,-168.36,-0.26,-3.03,6.78,0.99,False,False,False,False,False,False,0.072,0.003,True,False,LOW
108.302,,2.65,-168.04,-0.21,-3.17,6.99,0.98,False,False,False,False,False,False,0.071,0.004,True,False,LOW
108.324,,2.65,-167.92,-0.13,-3.18,7.03,0.99,False,False,False,False,False,False,0.072,0.017,True,False,LOW
108.51,,2.85,-168.39,-0.1,-3.14,6.93,1.03,False,False,False,False,False,False,0.075,0.006,True,False,LOW
108.532,,2.5,-168.85,-0.04,-3.17,6.86,1.05,False,False,False,False,False,False,0.072,0.008,True,False,LOW
108.704,,2.78,-168.91,-0.17,-3.17,6.58,1.02,False,False,False,False,False,False,0.074,0.004,True,False,LOW
108.728,,2.39,-168.53,-0.16,-3.22,6.59,1.02,False,False,False,False,False,False,0.07,0.003,True,False,LOW
108.911,,2.46,-168.63,-0.16,-3.36,6.6,1.02,False,False,False,False,False,False,0.075,0.005,True,False,LOW
108.936,,2.24,-168.26,-0.23,-3.41,6.65,1.01,False,False,False,False,False,False,0.076,0.002,True,False,LOW
109.102,,2.34,-169.0,-0.2,-3.51,6.43,0.99,False,False,False,False,False,False,0.076,-0.0,True,False,LOW
109.126,,2.74,-168.63,-0.17,-3.47,6.46,0.99,False,False,False,False,False,False,0.076,0.003,True,False,LOW
109.31,,2.52,-168.63,-0.14,-3.45,6.53,1.02,False,False,False,False,False,False,0.077,0.006,True,False,LOW
109.332,,2.22,-168.09,-0.5,-3.48,6.61,0.97,False,False,False,False,False,False,0.037,-0.001,True,False,LOW
109.503,,2.84,-167.05,-0.64,-3.29,7.44,0.74,False,False,False,False,False,False,-0.008,0.014,True,False,LOW
109.526,,2.76,-166.97,-0.6,-3.27,7.55,0.72,False,False,False,False,False,False,0.028,-0.004,True,False,LOW
109.71,,2.73,-167.44,-0.52,-3.24,7.68,0.69,False,False,False,False,False,False,0.026,-0.005,True,False,LOW
109.732,,3.59,-167.54,-0.45,-3.13,7.68,0.69,False,False,False,False,False,False,0.03,-0.009,True,False,LOW
109.906,,3.83,-167.49,-0.4,-2.59,7.71,0.73,False,False,False,False,False,False,0.002,-0.013,True,False,LOW
109.928,,4.48,-166.98,-0.47,-2.44,7.78,0.73,False,False,False,False,False,False,-0.029,-0.007,True,False,LOW
110.112,,4.62,-167.25,-0.58,-1.83,7.89,0.66,False,False,False,False,False,False,-0.026,-0.007,True,False,LOW
110.135,,4.8,-167.23,-0.53,-1.74,7.9,0.66,False,False,False,False,False,False,-0.027,-0.007,True,False,LOW
110.303,,4.57,-167.61,-0.51,-1.55,7.76,0.66,False,False,False,False,False,False,-0.027,-0.011,True,False,LOW
110.326,,4.32,-167.06,-0.4,-1.56,7.81,0.68,False,False,False,False,False,False,-0.004,-0.012,True,False,LOW
110.51,,4.71,-167.02,-0.45,-1.38,8.03,0.7,False,False,False,False,False,False,-0.019,-0.008,True,False,LOW
110.534,,4.66,-167.4,-0.56,-1.37,8.0,0.69,False,False,False,False,False,False,-0.025,-0.009,True,False,LOW
110.702,,4.61,-167.66,-0.56,-1.35,7.78,0.65,False,False,False,False,False,False,-0.015,-0.008,True,False,LOW
110.725,,3.56,-167.16,-0.26,-1.49,7.82,0.69,False,False,False,False,False,False,0.026,-0.001,True,False,LOW
110.91,,3.64,-168.42,-0.19,-1.93,7.27,0.85,False,False,False,False,False,False,0.059,0.003,True,False,LOW
110.935,,3.47,-168.71,-0.37,-2.01,7.17,0.84,False,False,False,False,False,False,0.057,0.002,True,False,LOW
111.106,,3.5,-168.74,-0.44,-2.24,6.81,0.79,False,False,False,False,False,False,0.061,0.001,True,False,LOW
111.13,,3.72,-168.45,-0.37,-2.24,6.81,0.79,False,False,False,False,False,False,0.062,0.002,True,False,LOW
111.326,,3.7,-168.75,-0.44,-2.24,6.62,0.76,False,False,False,False,False,False,0.061,0.002,True,False,LOW
111.349,,3.49,-168.81,-0.43,-2.27,6.6,0.76,False,False,False,False,False,False,0.061,0.002,True,False,LOW
111.505,,3.63,-168.91,-0.4,-2.29,6.46,0.77,False,False,False,False,False,False,0.06,0.003,True,False,LOW
111.526,,4.14,-168.25,-0.4,-2.23,6.52,0.77,False,False,False,False,False,False,0.04,-0.007,True,False,LOW
111.722,,3.75,-167.84,-0.45,-2.21,7.0,0.74,False,False,False,False,False,False,0.035,-0.006,True,False,LOW
111.75,,3.95,-167.92,-0.4,-2.18,7.05,0.75,False,False,False,False,False,False,0.035,-0.008,True,False,LOW
111.917,,3.99,-167.85,-0.39,-2.06,7.22,0.77,False,False,False,False,False,False,0.034,-0.006,True,False,LOW
111.944,,4.08,-168.16,-0.44,-2.03,7.2,0.76,False,False,False,False,False,False,0.034,-0.007,True,False,LOW
112.118,,4.1,-168.21,-0.39,-1.94,7.11,0.77,False,False,False,False,False,False,0.035,-0.007,True,False,LOW
112.144,,4.18,-168.17,-0.33,-1.91,7.1,0.78,False,False,False,False,False,False,0.035,-0.009,True,False,LOW
112.3,,4.1,-167.76,-0.3,-1.88,7.28,0.83,False,False,False,False,False,False,0.034,-0.008,True,False,LOW
112.323,,4.21,-168.12,-0.38,-1.86,7.26,0.82,False,False,False,False,False,False,0.036,-0.007,True,False,LOW
112.49,,3.98,-167.92,-0.37,-1.91,7.29,0.81,False,False,False,False,False,False,0.036,-0.007,True,False,LOW
112.519,,4.09,-168.06,-0.33,-1.9,7.27,0.82,False,False,False,False,False,False,0.034,-0.008,True,False,LOW
112.699,,4.14,-168.18,-0.42,-1.85,7.15,0.79,False,False,False,False,False,False,0.033,-0.007,True,False,LOW
112.721,,4.03,-167.46,-0.43,-1.86,7.23,0.78,False,False,False,False,False,False,0.033,-0.011,True,False,LOW
112.887,,4.33,-167.44,-0.33,-1.73,7.52,0.81,False,False,False,False,False,False,0.034,-0.01,True,False,LOW
112.92,,4.35,-167.6,-0.41,-1.71,7.54,0.81,False,False,False,False,False,False,0.033,-0.011,True,False,LOW
113.098,,4.4,-167.66,-0.34,-1.62,7.55,0.82,False,False,False,False,False,False,0.035,-0.01,True,False,LOW
113.121,,4.27,-167.59,-0.47,-1.63,7.57,0.81,False,False,False,False,False,False,0.036,-0.008,True,False,LOW
113.288,,4.47,-166.83,-0.34,-1.55,8.0,0.82,False,False,False,False,False,False,0.035,-0.009,True,False,LOW
113.322,,4.58,-166.98,-0.42,-1.52,8.04,0.81,False,False,False,False,False,False,0.033,-0.011,True,False,LOW
113.497,,4.35,-166.46,-0.27,-1.56,8.43,0.86,False,False,False,False,False,False,0.041,-0.008,True,False,LOW
113.521,,3.49,-166.77,-0.47,-1.68,8.43,0.84,False,False,False,False,False,False,0.037,-0.003,True,False,LOW
113.691,,4.61,-166.28,-0.01,-1.5,8.7,1.01,False,False,False,False,False,False,0.038,-0.005,True,False,LOW
113.72,,4.57,-168.08,-0.1,-1.48,8.46,1.02,False,False,False,False,False,False,0.034,-0.012,True,False,LOW
113.894,,4.18,-167.24,-0.12,-1.63,8.21,1.04,False,False,False,False,False,False,0.018,-0.007,True,False,LOW
113.918,,3.99,-167.09,-0.17,-1.67,8.2,1.03,False,False,False,False,False,False,0.02,-0.012,True,False,LOW
114.094,,4.68,-167.46,-0.16,-1.46,7.97,1.02,False,False,False,False,False,False,0.038,-0.006,True,False,LOW
114.121,,4.24,-167.21,-0.63,-1.49,7.98,0.95,False,False,False,False,False,False,0.031,-0.008,True,False,LOW
114.302,,3.91,-167.89,-0.46,-1.78,7.64,0.83,False,False,False,False,False,False,0.016,-0.011,True,False,LOW
114.326,,4.0,-167.11,-0.45,-1.81,7.7,0.81,False,False,False,False,False,False,0.013,-0.009,True,False,LOW
114.493,,4.07,-167.83,-0.42,-1.84,7.55,0.78,False,False,False,False,False,False,0.011,-0.01,True,False,LOW
114.52,,4.22,-167.83,-0.43,-1.82,7.52,0.78,False,False,False,False,False,False,0.006,-0.01,True,False,LOW
114.7,,3.78,-167.58,-0.53,-2.01,7.59,0.71,False,False,False,False,False,False,0.008,-0.008,True,False,LOW
114.724,,4.2,-167.69,-0.43,-1.97,7.58,0.71,False,False,False,False,False,False,0.007,-0.009,True,False,LOW
114.894,,3.92,-167.66,-0.39,-2.0,7.58,0.75,False,False,False,False,False,False,0.03,-0.005,True,False,LOW
114.92,,3.65,-167.75,-0.53,-2.04,7.56,0.74,False,False,False,False,False,False,0.031,-0.004,True,False,LOW
115.104,,3.8,-167.43,-0.45,-2.1,7.69,0.73,False,False,False,False,False,False,0.03,-0.004,True,False,LOW
115.13,,2.74,-169.28,-0.14,-2.25,7.44,0.77,False,False,False,False,False,False,0.035,0.001,True,False,LOW
115.291,,2.73,-169.17,-0.07,-2.75,6.72,0.94,False,False,False,False,False,False,0.027,-0.004,True,False,LOW
115.32,,2.87,-168.86,-0.26,-2.8,6.67,0.94,False,False,False,False,False,False,0.031,-0.004,True,False,LOW
115.504,,2.56,-169.59,-0.36,-3.12,6.1,0.87,False,False,False,False,False,False,0.033,-0.003,True,False,LOW
115.526,,2.5,-170.13,-0.35,-3.16,5.97,0.87,False,False,False,False,False,False,0.035,-0.003,True,False,LOW
115.7,,3.27,-170.23,-0.49,-2.91,5.45,0.77,False,False,False,False,False,False,0.037,-0.002,True,False,LOW
115.722,,2.61,-169.54,-0.44,-2.96,5.48,0.77,False,False,False,False,False,False,0.013,-0.009,True,False,LOW
115.901,,2.1,-169.99,-0.56,-3.43,5.35,0.69,False,False,False,False,False,False,0.014,-0.005,True,False,LOW
115.923,,2.75,-168.88,-0.55,-3.41,5.47,0.68,False,False,False,False,False,False,0.013,-0.003,True,False,LOW
116.096,,1.95,-169.05,-0.69,-3.72,5.85,0.58,False,False,False,False,False,False,0.009,-0.004,True,False,LOW
116.122,,2.61,-170.19,-0.81,-3.66,5.73,0.55,False,False,False,False,False,False,0.009,-0.002,True,False,LOW
116.303,,2.57,-168.86,-0.67,-3.51,6.07,0.52,False,False,False,False,False,False,0.009,-0.004,True,False,LOW
116.327,,2.52,-168.8,-0.75,-3.5,6.12,0.51,False,False,False,False,False,False,0.012,-0.005,True,False,LOW
116.496,,2.38,-168.62,-0.85,-3.53,6.37,0.42,False,False,False,False,False,False,0.012,-0.004,True,False,LOW
116.52,,2.22,-168.16,-0.8,-3.56,6.47,0.41,False,False,False,False,False,False,0.011,-0.006,True,False,LOW
116.702,,2.04,-168.17,-0.81,-3.74,6.79,0.39,False,False,False,False,False,False,0.013,-0.005,True,False,LOW
116.726,,2.45,-168.2,-0.74,-3.71,6.82,0.39,False,False,False,False,False,False,0.011,-0.004,True,False,LOW
116.894,,2.39,-168.37,-0.79,-3.63,6.84,0.39,False,False,False,False,False,False,0.012,-0.006,True,False,LOW
116.92,,1.89,-168.47,-0.7,-3.69,6.83,0.4,False,False,False,False,False,False,0.004,-0.003,True,False,LOW
117.103,,2.22,-168.08,-0.72,-3.71,7.0,0.43,False,False,False,False,False,False,0.003,0.002,True,False,LOW
117.128,,2.43,-170.11,-0.66,-3.68,6.73,0.44,False,False,False,False,False,False,0.0,0.0,True,False,LOW
117.295,,2.73,-169.52,-0.58,-3.44,6.2,0.52,False,False,False,False,False,False,0.011,-0.014,True,False,LOW
117.318,,2.06,-169.56,-0.66,-3.5,6.13,0.52,False,False,False,False,False,False,0.015,-0.008,True,False,LOW
117.503,,1.47,-169.19,-0.64,-4.03,6.08,0.53,False,False,False,False,False,False,0.009,-0.009,True,False,LOW
117.528,,0.68,-168.77,-0.6,-4.21,6.13,0.53,False,False,False,False,False,False,0.006,-0.011,True,False,LOW
117.694,,1.78,-168.51,-0.59,-4.18,6.43,0.56,False,False,False,False,False,False,0.004,-0.004,True,False,LOW
117.72,,1.7,-168.44,-0.58,-4.19,6.48,0.56,False,False,False,False,False,False,0.005,-0.005,True,False,LOW
117.902,,1.72,-169.7,-0.29,-4.21,5.97,0.74,False,False,False,False,False,False,0.0,-0.007,True,False,LOW
117.925,,1.91,-169.08,-0.3,-4.19,5.99,0.75,False,False,False,False,False,False,0.0,-0.007,True,False,LOW
118.093,,1.69,-163.13,-0.44,-4.22,9.31,0.74,False,False,False,False,False,False,0.008,-0.006,True,False,LOW
118.12,,3.45,-161.42,-0.11,-3.97,10.09,0.79,False,True,False,False,False,True,0.013,-0.001,True,False,LOW
118.301,,2.91,-163.9,-0.46,-3.46,10.8,0.75,False,True,False,False,False,True,0.012,-0.005,True,False,LOW
118.323,,3.01,-163.64,-0.42,-3.39,10.91,0.75,False,True,False,False,False,True,0.009,-0.007,True,False,LOW
118.494,,2.76,-163.53,-0.43,-3.28,11.34,0.75,False,True,False,False,False,True,0.01,-0.005,True,False,LOW
118.524,,2.79,-163.51,-0.38,-3.26,11.4,0.76,False,True,False,False,False,True,0.008,-0.007,True,False,LOW
118.704,,2.81,-163.94,-0.46,-3.19,11.34,0.73,False,True,False,False,False,True,0.007,-0.006,True,False,LOW
118.726,,2.59,-163.78,-0.41,-3.21,11.36,0.74,False,True,False,False,False,True,0.006,-0.007,True,False,LOW
118.893,,2.82,-163.41,-0.42,-3.17,11.6,0.75,False,True,False,False,False,True,0.011,-0.007,True,False,LOW
119.051,,2.84,-163.52,-0.49,-3.14,11.65,0.72,False,True,False,False,False,True,0.009,-0.006,True,False,LOW
119.163,,2.93,-163.68,-0.46,-3.09,11.61,0.72,False,True,False,False,False,True,0.009,-0.008,True,False,LOW
119.187,,3.26,-163.64,-0.47,-3.03,11.61,0.71,False,True,False,False,False,True,0.008,-0.013,True,False,LOW
119.311,,2.82,-163.33,-0.43,-3.07,11.74,0.73,False,True,False,False,False,True,0.01,-0.015,True,False,LOW
119.334,,2.66,-163.22,-0.56,-3.1,11.77,0.71,False,True,False,False,False,True,0.01,-0.013,True,False,LOW
119.557,,2.72,-162.97,-0.54,-3.17,12.06,0.67,False,True,False,False,False,True,0.003,-0.008,True,False,LOW
119.581,,2.91,-163.35,-0.55,-3.16,12.04,0.66,False,True,False,False,False,True,0.005,-0.009,True,False,LOW
119.7,,3.0,-162.81,-0.53,-3.06,12.2,0.65,False,True,False,False,False,True,0.007,-0.006,True,False,LOW
119.723,,2.86,-162.79,-0.51,-3.07,12.23,0.66,False,True,False,False,False,True,0.007,-0.007,True,False,LOW
119.907,,2.87,-162.82,-0.55,-3.07,12.33,0.64,False,True,False,False,False,True,0.006,-0.011,True,False,LOW
119.931,,2.59,-163.09,-0.56,-3.11,12.3,0.64,False,True,False,False,False,True,0.005,-0.013,True,False,LOW
120.102,,2.55,-163.2,-0.45,-3.26,12.16,0.68,False,True,False,False,False,True,0.005,-0.012,True,False,LOW
120.126,,2.62,-162.77,-0.43,-3.27,12.2,0.69,False,True,False,False,False,True,0.006,-0.011,True,False,LOW
120.295,,2.67,-162.99,-0.64,-3.27,12.22,0.61,False,True,False,False,False,True,0.003,-0.011,True,False,MODERATE
120.318,,2.51,-162.73,-0.57,-3.29,12.26,0.61,False,True,False,False,True,True,-0.038,0.045,True,False,MODERATE
120.492,,2.83,-163.88,-0.45,-3.2,11.78,0.67,False,True,False,False,False,True,-0.014,0.016,True,False,MODERATE
120.519,,2.41,-163.34,-0.53,-3.25,11.8,0.67,False,True,False,False,False,True,0.005,-0.002,True,False,MODERATE
120.696,,2.27,-164.01,-0.63,-3.47,11.49,0.6,False,True,False,False,False,True,0.007,-0.01,True,False,MODERATE
120.72,,2.48,-165.07,-0.72,-3.47,11.31,0.58,False,True,False,False,False,True,0.013,-0.011,True,False,MODERATE
120.887,,2.25,-164.69,-0.64,-3.59,10.91,0.56,False,True,False,False,False,True,0.011,-0.014,True,False,MODERATE
120.92,,2.78,-164.35,-0.52,-3.51,10.9,0.58,False,True,False,False,False,True,0.015,-0.016,True,False,MODERATE
121.098,,2.61,-164.58,-0.58,-3.42,10.77,0.59,False,True,False,False,False,True,0.013,-0.015,True,False,MODERATE
121.835,,2.48,-164.48,-0.61,-3.46,10.75,0.57,False,True,False,False,False,True,0.013,-0.013,True,False,MODERATE
121.949,,2.08,-164.6,-0.71,-3.63,10.7,0.53,False,True,False,False,False,True,0.013,-0.011,True,False,MODERATE
121.974,,1.96,-164.34,-0.66,-3.68,10.73,0.52,False,True,False,False,False,True,0.009,-0.015,True,False,MODERATE
122.096,,1.88,-164.29,-0.91,-3.85,10.82,0.41,False,True,False,False,False,True,0.007,-0.015,True,False,MODERATE
122.123,,2.24,-164.16,-0.68,-3.83,10.86,0.42,False,True,False,False,False,True,0.007,-0.01,True,False,MODERATE
122.302,,1.62,-163.99,-0.78,-4.09,11.06,0.41,False,True,False,False,False,True,0.003,-0.015,True,False,MODERATE
122.325,,1.62,-164.0,-0.92,-4.12,11.08,0.39,False,True,False,False,False,True,0.004,-0.015,True,False,MODERATE
122.495,,2.22,-163.93,-0.8,-3.92,11.2,0.38,False,True,False,False,False,True,0.008,-0.011,True,False,MODERATE
122.517,,2.4,-164.35,-0.79,-3.87,11.16,0.38,False,True,False,False,False,True,0.007,-0.011,True,False,MODERATE
122.701,,2.57,-164.41,-0.76,-3.6,10.98,0.4,False,True,False,False,False,True,0.005,-0.01,True,False,MODERATE
122.725,,2.87,-164.08,-0.68,-3.53,11.0,0.41,False,True,False,False,False,True,0.007,-0.01,True,False,MODERATE
122.988,,2.94,-163.65,-0.51,-3.2,11.36,0.57,False,True,False,False,False,True,0.029,-0.009,True,False,MODERATE
123.012,,3.17,-163.46,-0.52,-3.14,11.42,0.58,False,True,False,False,False,True,0.031,-0.009,True,False,MODERATE
123.125,,3.55,-163.94,-0.48,-2.83,11.36,0.63,False,True,False,False,False,True,0.031,-0.013,True,False,MODERATE
123.15,,3.38,-163.59,-0.44,-2.79,11.4,0.64,False,True,False,False,False,True,0.044,-0.011,True,False,MODERATE
123.385,,3.06,-163.71,-0.58,-2.85,11.47,0.61,False,True,False,False,False,True,0.039,-0.01,True,False,MODERATE
123.408,,2.43,-164.0,-0.62,-2.93,11.44,0.61,False,True,False,False,False,True,0.037,-0.008,True,False,MODERATE
123.512,,3.52,-163.84,-0.67,-2.73,11.42,0.57,False,True,False,False,False,True,0.058,-0.005,True,False,MODERATE
123.535,,2.97,-164.0,-0.62,-2.76,11.4,0.57,False,True,False,False,False,True,0.054,-0.006,True,False,MODERATE
123.785,,3.19,-163.82,-0.59,-2.76,11.4,0.58,False,True,False,False,False,True,0.057,-0.003,True,False,MODERATE
123.809,,3.19,-164.14,-0.65,-2.76,11.36,0.57,False,True,False,False,False,True,0.058,-0.004,True,False,MODERATE
123.912,,3.46,-164.01,-0.43,-2.65,11.31,0.64,False,True,False,False,False,True,0.057,-0.004,True,False,MODERATE
123.934,,3.19,-164.41,-0.61,-2.66,11.25,0.63,False,True,False,False,False,True,0.053,-0.003,True,False,MODERATE
124.182,,2.9,-164.34,-0.54,-2.9,11.03,0.63,False,True,False,False,False,True,0.051,-0.004,True,False,MODERATE
124.206,,2.78,-164.52,-0.68,-2.93,10.98,0.61,False,True,False,False,False,True,0.053,-0.002,True,False,MODERATE
124.31,,2.64,-164.2,-0.6,-3.08,11.0,0.6,False,True,False,False,False,True,0.054,-0.004,True,False,MODERATE
124.337,,3.01,-164.41,-0.5,-3.06,10.98,0.61,False,True,False,False,False,True,0.055,-0.003,True,False,MODERATE
124.592,,2.46,-164.5,-0.66,-3.32,10.82,0.55,False,True,False,False,False,True,0.056,-0.006,True,False,MODERATE
124.617,,2.57,-164.27,-0.6,-3.33,10.84,0.55,False,True,False,False,False,True,0.053,-0.006,True,False,MODERATE
124.723,,2.06,-164.6,-0.79,-3.55,10.76,0.49,False,True,False,False,False,True,0.055,-0.002,True,False,MODERATE
124.748,,3.23,-163.98,-0.64,-3.44,10.82,0.49,False,True,False,False,False,True,0.028,-0.007,True,False,MODERATE
124.984,,2.84,-164.17,-0.75,-3.24,10.97,0.45,False,True,False,False,False,True,0.021,-0.015,True,False,MODERATE
125.008,,3.15,-163.65,-0.61,-3.18,11.05,0.47,False,True,False,False,False,True,0.023,-0.013,True,False,MODERATE
125.113,,3.47,-163.74,-0.78,-2.89,11.23,0.44,False,True,False,False,False,True,0.009,-0.007,True,False,MODERATE
125.137,,3.25,-163.5,-0.66,-2.87,11.3,0.45,False,True,False,False,False,True,0.007,-0.012,True,False,MODERATE
125.388,,3.7,-163.35,-0.89,-2.48,11.66,0.35,False,True,False,False,False,True,-0.036,0.025,True,False,MODERATE
125.412,,3.29,-163.5,-0.77,-2.51,11.67,0.36,False,True,False,False,False,True,-0.048,0.028,True,False,MODERATE
125.516,,3.98,-163.56,-0.65,-2.29,11.67,0.42,False,True,False,False,False,True,-0.004,-0.003,True,False,MODERATE
125.539,,3.42,-164.0,-0.84,-2.32,11.61,0.41,False,True,False,False,False,True,-0.021,-0.011,True,False,MODERATE
125.787,,4.51,-163.2,-0.65,-1.78,11.87,0.48,False,True,False,False,False,True,-0.016,-0.012,True,False,MODERATE
125.813,,4.37,-163.64,-0.7,-1.75,11.83,0.48,False,True,False,False,False,True,-0.017,-0.012,True,False,MODERATE
125.922,,3.93,-163.64,-0.8,-1.86,11.73,0.44,False,True,False,False,False,True,-0.023,-0.01,True,False,MODERATE
125.945,,3.77,-163.55,-0.79,-1.9,11.72,0.43,False,True,False,False,False,True,-0.023,-0.015,True,False,MODERATE
126.186,,3.7,-163.64,-0.82,-2.11,11.64,0.39,False,True,False,False,False,True,-0.028,-0.017,True,False,MODERATE
126.21,,3.56,-163.88,-0.76,-2.14,11.6,0.39,False,True,False,False,False,True,-0.026,-0.013,True,False,MODERATE
126.315,,3.9,-163.8,-0.74,-2.1,11.53,0.41,False,True,False,False,False,True,-0.029,-0.013,True,False,MODERATE
126.336,,3.8,-163.84,-0.78,-2.11,11.52,0.41,False,True,False,False,False,True,-0.023,-0.012,True,False,MODERATE
126.585,,3.53,-163.41,-0.93,-2.3,11.7,0.31,False,True,False,False,False,True,-0.023,-0.015,True,False,MODERATE
126.609,,3.61,-163.29,-0.81,-2.3,11.73,0.32,False,True,False,False,False,True,-0.026,-0.013,True,False,MODERATE
126.715,,4.15,-163.56,-0.72,-2.1,11.71,0.37,False,True,False,False,False,True,-0.022,-0.015,True,False,MODERATE
126.739,,3.67,-163.99,-0.67,-2.12,11.65,0.39,False,True,False,False,False,True,0.006,-0.012,True,False,MODERATE
126.983,,3.63,-163.72,-0.81,-2.24,11.56,0.37,False,True,False,False,False,True,0.008,-0.015,True,False,MODERATE
127.007,,3.66,-163.69,-0.78,-2.24,11.56,0.38,False,True,False,False,False,True,0.006,-0.015,True,False,MODERATE
127.112,,3.41,-163.85,-0.7,-2.36,11.49,0.42,False,True,False,False,False,True,0.004,-0.013,True,False,MODERATE
127.137,,3.25,-163.41,-0.69,-2.41,11.53,0.43,False,True,False,False,False,True,0.006,-0.013,True,False,MODERATE
127.395,,3.27,-163.59,-0.81,-2.57,11.6,0.39,False,True,False,False,False,True,0.007,-0.011,True,False,MODERATE
127.417,,3.47,-163.24,-0.74,-2.56,11.65,0.39,False,True,False,False,False,True,0.007,-0.011,True,False,MODERATE
127.53,,3.63,-163.09,-0.7,-2.46,11.85,0.43,False,True,False,False,False,True,0.006,-0.009,True,False,MODERATE
127.555,,3.26,-163.29,-0.77,-2.49,11.87,0.42,False,True,False,False,False,True,0.007,-0.011,True,False,MODERATE
127.796,,3.5,-163.63,-0.76,-2.46,11.71,0.42,False,True,False,False,False,True,0.005,-0.011,True,False,MODERATE
127.819,,3.37,-163.77,-0.69,-2.48,11.67,0.43,False,True,False,False,False,True,0.005,-0.012,True,False,MODERATE
127.934,,2.96,-163.05,-0.67,-2.69,11.89,0.46,False,True,False,False,False,True,0.047,0.002,True,False,MODERATE
127.957,,3.27,-163.32,-0.44,-2.69,11.89,0.5,False,True,False,False,False,True,0.055,0.002,True,False,MODERATE
128.196,,2.95,-163.81,-0.68,-2.87,11.61,0.5,False,True,False,False,False,True,0.048,-0.001,True,False,MODERATE
128.226,,3.05,-163.99,-0.71,-2.88,11.55,0.49,False,True,False,False,False,True,0.05,-0.002,True,False,MODERATE
128.333,,3.41,-163.77,-0.66,-2.74,11.51,0.5,False,True,False,False,False,True,0.053,-0.002,True,False,MODERATE
128.356,,3.86,-163.55,-0.77,-2.65,11.53,0.49,False,True,False,False,False,True,0.039,-0.009,True,False,MODERATE
128.584,,2.98,-164.07,-0.76,-2.84,11.31,0.45,False,True,False,False,False,True,0.028,-0.009,True,False,MODERATE
128.608,,3.34,-163.05,-0.57,-2.81,11.43,0.47,False,True,False,False,False,True,0.026,-0.008,True,False,MODERATE
128.711,,3.48,-163.47,-0.85,-2.67,11.56,0.41,False,True,False,False,False,True,0.008,0.015,True,False,MODERATE
128.735,,3.94,-162.81,-0.85,-2.58,11.68,0.4,False,True,False,False,False,True,-0.024,0.03,True,False,MODERATE
128.985,,4.12,-163.31,-0.63,-2.11,11.83,0.49,False,True,False,False,False,True,0.034,-0.012,True,False,MODERATE
129.007,,4.11,-163.22,-0.72,-2.08,11.85,0.48,False,True,False,False,False,True,0.034,-0.012,True,False,MODERATE
129.11,,4.03,-163.62,-0.51,-2.01,11.76,0.56,False,True,False,False,False,True,0.047,-0.003,True,False,MODERATE
129.134,,4.22,-163.46,-0.59,-1.97,11.76,0.56,False,True,False,False,False,True,0.05,-0.006,True,False,MODERATE
129.382,,4.37,-163.02,-0.32,-1.73,12.03,0.74,False,True,False,False,False,True,0.056,0.001,True,False,MODERATE
129.405,,4.01,-163.74,-0.29,-1.76,11.96,0.76,False,True,False,False,False,True,0.057,-0.002,True,False,MODERATE
129.508,,4.17,-163.71,-0.29,-1.76,11.79,0.81,False,True,False,False,False,True,0.058,-0.002,True,False,MODERATE
129.532,,3.88,-163.59,-0.29,-1.8,11.77,0.82,False,True,False,False,False,True,0.054,-0.002,True,False,MODERATE
129.785,,4.15,-163.5,-0.36,-1.8,11.74,0.82,False,True,False,False,False,True,0.038,-0.01,True,False,MODERATE
129.808,,3.75,-163.62,-0.49,-1.85,11.73,0.8,False,True,False,False,False,True,0.035,-0.009,True,False,MODERATE
129.913,,4.56,-162.89,-0.4,-1.66,11.97,0.79,False,True,False,False,False,True,0.036,-0.012,True,False,MODERATE
129.936,,3.74,-163.83,-0.57,-1.73,11.9,0.77,False,True,False,False,False,True,0.032,-0.009,True,False,MODERATE
130.188,,4.04,-162.87,-0.35,-1.84,12.18,0.8,False,True,False,False,False,True,0.028,-0.009,True,False,MODERATE
130.214,,4.22,-163.81,-0.35,-1.82,12.07,0.81,False,True,False,False,False,True,0.036,-0.009,True,False,MODERATE
130.317,,4.11,-163.7,-0.36,-1.83,11.86,0.81,False,True,False,False,False,True,0.034,-0.01,True,False,MODERATE
130.34,,4.28,-163.28,-0.39,-1.81,11.87,0.81,False,True,False,False,False,True,0.034,-0.011,True,False,MODERATE
130.584,,3.49,-164.08,-0.49,-2.2,11.43,0.73,False,True,False,False,False,True,0.057,0.004,True,False,MODERATE
130.607,,3.56,-163.94,-0.47,-2.22,11.41,0.73,False,True,False,False,False,True,0.058,0.004,True,False,MODERATE
130.712,,3.59,-164.06,-0.39,-2.28,11.31,0.75,False,True,False,False,False,True,0.053,0.001,True,False,MODERATE
130.735,,3.77,-163.75,-0.39,-2.26,11.34,0.76,False,True,False,False,False,True,0.053,-0.002,True,False,MODERATE
130.983,,3.71,-163.06,-0.45,-2.25,11.84,0.74,False,True,False,False,False,True,0.034,-0.007,True,False,MODERATE
131.008,,3.72,-163.41,-0.38,-2.24,11.84,0.75,False,True,False,False,False,True,0.033,-0.009,True,False,MODERATE
131.112,,4.18,-163.2,-0.85,-2.05,11.92,0.58,False,True,False,False,False,True,0.018,0.053,False,False,MODERATE
131.141,,3.41,-164.23,-0.46,-2.13,11.77,0.6,False,True,False,False,False,True,0.007,0.014,True,False,MODERATE
131.385,,3.78,-163.76,-0.54,-2.15,11.59,0.62,False,True,False,False,False,True,0.031,-0.006,True,False,MODERATE
131.409,,3.72,-163.6,-0.5,-2.16,11.59,0.63,False,True,False,False,False,True,0.027,-0.007,True,False,MODERATE
131.514,,3.5,-163.68,-0.64,-2.27,11.58,0.59,False,True,False,False,False,True,0.024,-0.011,True,False,MODERATE
131.538,,3.74,-163.21,-0.56,-2.27,11.63,0.59,False,True,False,False,False,True,0.025,-0.009,True,False,MODERATE
131.784,,4.14,-163.54,-0.55,-1.99,11.67,0.61,False,True,False,False,False,True,0.032,-0.012,True,False,MODERATE
131.808,,4.12,-163.59,-0.56,-1.96,11.66,0.61,False,True,False,False,False,True,0.032,-0.011,True,False,MODERATE
131.909,,4.0,-163.48,-0.56,-1.96,11.7,0.61,False,True,False,False,False,True,0.033,-0.011,True,False,MODERATE
131.932,,4.43,-163.99,-0.44,-1.9,11.64,0.63,False,True,False,False,False,True,0.034,-0.011,True,False,MODERATE
132.186,,3.78,-163.6,-0.64,-2.06,11.63,0.57,False,True,False,False,False,True,0.034,-0.009,True,False,MODERATE
132.208,,4.03,-163.37,-0.57,-2.05,11.66,0.58,False,True,False,False,False,True,0.036,-0.009,True,False,MODERATE
132.313,,4.04,-163.93,-0.58,-1.99,11.52,0.58,False,True,False,False,False,True,0.033,-0.01,True,False,MODERATE
132.337,,3.88,-163.41,-0.57,-2.0,11.56,0.59,False,True,False,False,False,True,0.031,-0.008,True,False,MODERATE
132.583,,3.95,-163.41,-0.56,-2.0,11.72,0.6,False,True,False,False,False,True,0.057,0.0,True,False,MODERATE
132.605,,3.53,-163.87,-0.69,-2.05,11.67,0.59,False,True,False,False,False,True,0.057,-0.003,True,False,MODERATE
132.71,,4.2,-163.43,-0.62,-1.93,11.72,0.58,False,True,False,False,False,True,0.057,0.0,True,False,MODERATE
132.737,,3.91,-163.36,-0.59,-1.94,11.74,0.58,False,True,False,False,False,True,0.055,0.0,True,False,MODERATE
132.982,,3.93,-163.2,-0.54,-1.99,11.92,0.61,False,True,False,False,False,True,0.038,-0.009,True,False,MODERATE
133.005,,4.09,-163.58,-0.46,-1.97,11.88,0.63,False,True,False,False,False,True,0.033,-0.011,True,False,MODERATE
133.117,,4.38,-164.07,-0.48,-1.8,11.58,0.65,False,True,False,False,False,True,0.036,-0.011,True,False,MODERATE
133.142,,4.06,-163.69,-0.51,-1.81,11.58,0.66,False,True,False,False,False,True,0.033,-0.012,True,False,MODERATE
133.382,,4.09,-163.5,-0.45,-1.84,11.67,0.7,False,True,False,False,False,True,0.031,-0.01,True,False,MODERATE
133.406,,4.16,-163.6,-0.51,-1.83,11.66,0.69,False,True,False,False,False,True,0.057,0.001,True,False,MODERATE
133.513,,4.46,-163.89,-0.47,-1.69,11.53,0.7,False,True,False,False,False,True,0.058,0.001,True,False,MODERATE
133.536,,3.79,-164.29,-0.44,-1.75,11.46,0.7,False,True,False,False,False,True,0.059,0.006,True,False,MODERATE
133.783,,4.31,-164.49,-0.34,-1.68,11.02,0.78,False,True,False,False,False,True,0.06,0.004,True,False,MODERATE
133.807,,3.93,-165.09,-0.41,-1.72,10.9,0.78,False,True,False,False,False,True,0.058,-0.001,True,False,MODERATE
133.912,,3.96,-164.58,-0.46,-1.83,10.8,0.75,False,True,False,False,False,True,0.057,0.001,True,False,MODERATE
133.935,,3.76,-164.57,-0.44,-1.88,10.78,0.75,False,True,False,False,False,True,0.054,0.003,True,False,MODERATE
134.185,,4.23,-164.11,-0.41,-1.78,10.99,0.76,False,True,False,False,False,True,0.058,0.004,True,False,MODERATE
134.208,,3.94,-164.05,-0.37,-1.81,11.01,0.77,False,True,False,False,False,True,0.061,0.004,True,False,MODERATE
134.313,,4.02,-164.36,-0.41,-1.85,10.96,0.77,False,True,False,False,False,True,0.061,0.005,True,False,MODERATE
134.336,,3.38,-164.2,-0.45,-1.95,10.96,0.76,False,True,False,False,False,True,0.057,0.002,True,False,MODERATE
134.585,,3.5,-164.25,-0.52,-2.25,10.97,0.7,False,True,False,False,False,True,0.064,0.003,True,False,MODERATE
134.607,,3.01,-164.06,-0.73,-2.34,11.0,0.66,False,True,False,False,False,True,0.054,0.0,True,False,MODERATE
134.71,,3.38,-163.51,-0.66,-2.43,11.29,0.61,False,True,False,False,False,True,0.059,0.002,True,False,MODERATE
134.735,,3.1,-163.24,-0.6,-2.49,11.39,0.6,False,True,False,False,False,True,0.057,0.0,True,False,MODERATE
134.982,,3.38,-163.44,-0.51,-2.54,11.63,0.64,False,True,False,False,False,True,0.06,0.0,True,False,MODERATE
135.005,,3.32,-163.93,-0.6,-2.55,11.59,0.63,False,True,False,False,False,True,0.058,0.001,True,False,MODERATE
135.111,,3.43,-163.68,-0.54,-2.53,11.57,0.63,False,True,False,False,False,True,0.06,0.001,True,False,MODERATE
135.134,,3.77,-163.44,-0.76,-2.49,11.6,0.61,False,True,False,False,False,True,0.034,-0.007,True,False,MODERATE
135.393,,3.94,-163.54,-0.59,-2.19,11.66,0.59,False,True,False,False,False,True,0.009,0.029,True,False,MODERATE
135.416,,2.98,-164.02,-0.55,-2.29,11.6,0.6,False,True,False,False,False,True,0.054,0.018,True,False,MODERATE
135.531,,3.09,-163.99,-0.56,-2.53,11.45,0.6,False,True,False,False,False,True,0.054,0.018,True,False,MODERATE
135.554,,3.3,-163.89,-0.5,-2.54,11.43,0.61,False,True,False,False,False,True,0.054,0.012,True,False,MODERATE
135.799,,3.83,-163.44,-0.42,-2.28,11.65,0.7,False,True,False,False,False,True,0.04,-0.007,True,False,MODERATE
135.824,,3.53,-163.54,-0.68,-2.3,11.66,0.67,False,True,False,False,False,True,0.035,-0.012,True,False,MODERATE
135.939,,3.14,-163.94,-0.75,-2.51,11.5,0.57,False,True,False,False,False,True,0.033,-0.013,True,False,MODERATE
135.963,,3.33,-163.58,-0.89,-2.53,11.52,0.53,False,True,False,False,True,True,-0.06,0.037,True,False,MODERATE
136.193,,3.86,-163.96,-0.79,-2.27,11.37,0.44,False,True,False,False,True,True,-0.061,0.057,True,False,MODERATE
136.216,,3.1,-164.95,-0.81,-2.34,11.23,0.43,False,True,False,False,True,True,-0.06,0.053,True,False,MODERATE
136.437,,3.17,-164.67,-0.96,-2.6,10.83,0.31,False,True,False,False,True,True,-0.052,0.058,True,False,MODERATE
136.458,,2.29,-164.24,-0.73,-2.72,10.85,0.32,False,True,False,False,False,True,0.006,-0.003,True,False,MODERATE
136.584,,3.02,-164.37,-0.59,-2.81,10.86,0.44,False,True,False,False,False,True,0.028,-0.01,True,False,MODERATE
136.608,,3.81,-164.05,-0.26,-2.73,10.9,0.5,False,True,False,False,False,True,0.028,-0.013,True,False,MODERATE
136.712,,3.73,-164.37,-0.31,-2.52,10.88,0.65,False,True,False,False,False,True,0.034,-0.012,True,False,MODERATE
136.735,,3.56,-164.13,-0.38,-2.5,10.91,0.67,False,True,False,False,False,True,0.031,-0.014,True,False,MODERATE
136.988,,2.95,-164.57,-0.63,-2.81,10.76,0.59,False,True,False,False,False,True,0.033,-0.013,True,False,MODERATE
137.015,,1.9,-164.06,-0.66,-2.99,10.82,0.58,False,True,False,False,False,True,0.011,-0.004,True,False,MODERATE
137.121,,2.19,-163.68,-0.56,-3.3,11.11,0.59,False,True,False,False,False,True,0.013,-0.005,True,False,MODERATE
137.145,,3.08,-164.21,-0.82,-3.24,11.1,0.56,False,True,False,False,False,True,0.018,0.053,False,False,MODERATE
137.385,,2.98,-163.85,-0.69,-3.08,11.27,0.52,False,True,False,False,False,True,0.018,0.011,True,False,MODERATE
137.408,,2.34,-164.39,-0.83,-3.15,11.21,0.49,False,True,False,False,False,True,0.021,-0.008,True,False,MODERATE
137.511,,2.48,-164.22,-0.78,-3.27,11.13,0.45,False,True,False,False,False,True,0.023,-0.009,True,False,MODERATE
137.535,,2.72,-163.87,-0.62,-3.27,11.16,0.47,False,True,False,False,False,True,0.022,-0.011,True,False,MODERATE
137.785,,2.6,-164.31,-0.92,-3.31,11.01,0.34,False,True,False,False,False,True,0.028,-0.014,True,False,MODERATE
137.811,,2.6,-164.06,-0.77,-3.32,11.04,0.35,False,True,False,False,False,True,0.025,-0.01,True,False,MODERATE
137.917,,2.69,-163.87,-0.84,-3.29,11.17,0.34,False,True,False,False,False,True,0.025,-0.011,True,False,MODERATE
137.947,,2.89,-163.68,-0.64,-3.26,11.23,0.37,False,True,False,False,False,True,0.027,-0.011,True,False,MODERATE
138.184,,2.91,-163.69,-0.58,-3.12,11.42,0.51,False,True,False,False,False,True,0.046,0.003,True,False,MODERATE
138.206,,2.99,-163.6,-0.65,-3.1,11.44,0.51,False,True,False,False,False,True,0.051,0.005,True,False,MODERATE
138.309,,3.19,-163.52,-0.59,-2.96,11.55,0.54,False,True,False,False,False,True,0.052,0.005,True,False,MODERATE
138.332,,3.02,-163.53,-0.57,-2.96,11.57,0.55,False,True,False,False,False,True,0.051,0.002,True,False,MODERATE
138.584,,3.1,-163.77,-0.66,-2.89,11.5,0.53,False,True,False,False,False,True,0.051,0.003,True,False,MODERATE
138.607,,3.24,-163.75,-0.55,-2.87,11.5,0.54,False,True,False,False,False,True,0.044,-0.007,True,False,MODERATE
138.712,,3.3,-163.96,-0.48,-2.78,11.41,0.6,False,True,False,False,False,True,0.044,-0.005,True,False,MODERATE
138.735,,3.47,-163.71,-0.54,-2.74,11.42,0.61,False,True,False,False,False,True,0.036,-0.011,True,False,MODERATE
138.988,,3.66,-163.74,-0.34,-2.46,11.46,0.75,False,True,False,False,False,True,0.031,-0.011,True,False,MODERATE
139.013,,3.0,-163.1,-0.35,-2.52,11.56,0.76,False,True,False,False,False,True,0.02,-0.002,True,False,MODERATE
139.119,,3.46,-163.03,-0.34,-2.51,11.82,0.79,False,True,False,False,False,True,0.02,-0.002,True,False,MODERATE
139.143,,3.67,-163.87,-0.65,-2.48,11.76,0.75,False,True,False,False,False,True,-0.029,0.031,True,False,MODERATE
139.382,,2.25,-163.99,-0.49,-3.21,11.45,0.71,False,True,False,False,False,True,0.013,0.006,True,False,MODERATE
139.406,,2.98,-163.54,-0.62,-3.18,11.48,0.69,False,True,False,False,False,True,0.022,-0.008,True,False,MODERATE
139.508,,3.11,-163.44,-0.5,-3.05,11.6,0.69,False,True,False,False,False,True,0.021,-0.007,True,False,MODERATE
139.531,,3.36,-164.16,-0.51,-2.99,11.53,0.68,False,True,False,False,False,True,0.024,-0.011,True,False,MODERATE
139.832,,2.75,-164.15,-0.89,-3.12,11.24,0.42,False,True,False,False,False,True,-0.019,0.009,True,False,MODERATE
139.864,,2.78,-163.56,-0.83,-3.13,11.31,0.41,False,True,False,False,False,True,-0.017,0.005,True,False,MODERATE
139.969,,2.78,-163.53,-0.82,-3.14,11.47,0.39,False,True,False,False,False,True,-0.015,0.005,True,False,MODERATE
139.992,,3.09,-162.84,-0.47,-3.11,11.59,0.43,False,True,False,False,False,True,0.028,-0.011,True,False,MODERATE
140.188,,3.46,-163.92,-0.6,-2.76,11.43,0.51,False,True,False,False,False,True,0.028,-0.007,True,False,MODERATE
140.211,,3.35,-163.71,-0.47,-2.74,11.44,0.53,False,True,False,False,False,True,0.028,-0.007,True,False,MODERATE
140.315,,3.28,-164.22,-0.54,-2.71,11.27,0.57,False,True,False,False,False,True,0.031,-0.006,True,False,MODERATE
140.338,,3.37,-164.03,-0.62,-2.69,11.26,0.57,False,True,False,False,False,True,0.007,-0.003,True,False,MODERATE
140.582,,3.27,-163.68,-0.56,-2.68,11.44,0.6,False,True,False,False,False,True,0.027,-0.006,True,False,MODERATE
140.605,,3.47,-163.41,-0.52,-2.66,11.49,0.61,False,True,False,False,False,True,0.028,-0.009,True,False,MODERATE
140.707,,3.41,-163.46,-0.57,-2.61,11.6,0.61,False,True,False,False,False,True,0.027,-0.008,True,False,MODERATE
140.731,,3.67,-163.69,-0.57,-2.56,11.59,0.61,False,True,False,False,False,True,0.029,-0.007,True,False,MODERATE
140.988,,2.95,-164.11,-0.69,-2.83,11.3,0.53,False,True,False,False,False,True,0.03,-0.007,True,False,MODERATE
141.011,,3.1,-163.81,-0.77,-2.83,11.31,0.51,False,True,False,False,False,True,0.03,-0.008,True,False,MODERATE
141.115,,3.31,-163.39,-0.72,-2.75,11.52,0.49,False,True,False,False,False,True,0.031,-0.007,True,False,MODERATE
141.14,,3.28,-163.98,-0.72,-2.74,11.49,0.49,False,True,False,False,False,True,0.029,-0.007,True,False,MODERATE
141.388,,3.0,-163.31,-0.7,-2.87,11.75,0.48,False,True,False,False,False,True,0.026,-0.009,True,False,MODERATE
141.413,,3.7,-163.11,-0.62,-2.78,11.8,0.49,False,True,False,False,False,True,0.027,-0.008,True,False,MODERATE
141.519,,3.54,-163.61,-0.73,-2.63,11.73,0.47,False,True,False,False,False,True,0.03,-0.009,True,False,MODERATE
141.543,,2.78,-162.87,-0.62,-2.7,11.82,0.48,False,True,False,False,False,True,0.026,-0.002,True,False,MODERATE
141.785,,3.47,-162.52,-0.82,-2.56,12.36,0.41,False,True,False,False,False,True,0.018,0.053,False,False,MODERATE
141.809,,3.03,-164.49,-0.56,-2.61,12.14,0.43,False,True,False,False,False,True,0.008,0.013,True,False,MODERATE
141.912,,3.16,-163.99,-0.64,-2.68,11.78,0.47,False,True,False,False,False,True,0.006,0.013,True,False,MODERATE
141.933,,3.2,-163.77,-0.68,-2.69,11.74,0.48,False,True,False,False,False,True,0.024,-0.0,True,False,MODERATE
142.185,,3.21,-163.45,-0.49,-2.72,11.76,0.6,False,True,False,False,False,True,0.029,-0.015,True,False,MODERATE
142.208,,3.51,-163.68,-0.57,-2.68,11.74,0.6,False,True,False,False,False,True,0.028,-0.015,True,False,MODERATE
142.314,,3.21,-164.01,-0.58,-2.7,11.53,0.6,False,True,False,False,False,True,0.028,-0.015,True,False,MODERATE
142.337,,2.98,-163.76,-0.64,-2.74,11.52,0.59,False,True,False,False,False,True,0.025,-0.015,True,False,MODERATE
142.585,,3.12,-163.81,-0.62,-2.79,11.46,0.57,False,True,False,False,False,True,0.026,-0.014,True,False,MODERATE
142.608,,2.82,-164.01,-0.61,-2.83,11.43,0.57,False,True,False,False,False,True,0.025,-0.013,True,False,MODERATE
142.71,,2.88,-163.94,-0.66,-2.92,11.37,0.55,False,True,False,False,False,True,0.024,-0.012,True,False,MODERATE
142.733,,2.94,-163.88,-0.56,-2.93,11.37,0.56,False,True,False,False,False,True,0.024,-0.013,True,False,MODERATE
142.982,,3.0,-163.7,-0.62,-2.94,11.47,0.56,False,True,False,False,False,True,0.023,-0.013,True,False,MODERATE
143.003,,1.92,-158.31,0.17,-3.07,12.22,0.65,False,True,False,False,False,True,0.02,0.011,True,False,MODERATE
143.105,,2.13,-157.38,0.2,-3.37,14.75,0.94,False,True,False,False,False,True,0.02,0.013,True,False,MODERATE
143.13,,3.04,-160.8,0.07,-3.31,14.7,0.98,False,True,False,False,False,True,0.023,0.011,True,False,MODERATE
143.402,,2.68,-163.15,-0.6,-3.28,13.02,0.72,False,True,False,False,False,True,0.029,-0.003,True,False,MODERATE
143.427,,4.48,-163.75,-0.21,-3.02,12.81,0.76,False,True,False,False,False,True,0.044,-0.007,True,False,MODERATE
143.541,,4.17,-163.78,-0.39,-2.48,12.23,0.77,False,True,False,False,False,True,0.044,-0.007,True,False,MODERATE
143.566,,3.96,-163.56,-0.46,-2.41,12.15,0.76,False,True,False,False,False,True,0.039,-0.007,True,False,MODERATE
143.793,,3.54,-163.1,-0.53,-2.41,12.14,0.69,False,True,False,False,True,True,-0.024,0.042,True,False,MODERATE
143.823,,2.78,-162.53,-0.43,-2.53,12.23,0.7,False,True,False,False,False,True,0.016,0.007,True,False,MODERATE
143.938,,3.35,-162.66,-0.4,-2.56,12.37,0.73,False,True,False,False,False,True,0.017,0.006,True,False,MODERATE
143.962,,3.13,-163.74,-0.74,-2.59,12.25,0.69,False,True,False,False,False,True,0.038,-0.013,True,False,MODERATE
144.193,,3.42,-162.54,-0.35,-2.55,12.51,0.77,False,True,False,False,False,True,0.021,-0.008,True,False,MODERATE
144.216,,4.06,-163.31,-0.36,-2.47,12.44,0.78,False,True,False,False,False,True,0.027,-0.011,True,False,MODERATE
144.321,,3.94,-163.23,-0.46,-2.28,12.26,0.75,False,True,False,False,False,True,0.023,-0.012,True,False,MODERATE
144.345,,3.07,-163.21,-1.05,-2.36,12.23,0.67,False,True,False,False,False,True,0.012,-0.013,True,False,MODERATE
144.59,,3.52,-163.21,-0.74,-2.4,12.1,0.53,False,True,False,False,False,True,0.015,-0.007,True,False,MODERATE
144.615,,3.98,-163.38,-0.76,-2.34,12.07,0.51,False,True,False,False,False,True,0.018,-0.009,True,False,MODERATE
144.781,,3.57,-162.86,-0.71,-2.36,12.22,0.49,False,True,False,False,False,True,0.011,-0.01,True,False,MODERATE
144.808,,3.53,-162.81,-0.79,-2.37,12.25,0.47,False,True,False,False,False,True,0.008,-0.01,True,False,MODERATE
144.985,,2.8,-161.98,-0.73,-2.78,12.78,0.46,False,True,False,False,False,True,-0.022,0.02,True,False,MODERATE
145.01,,-0.98,-151.79,0.01,-3.4,14.67,0.56,False,True,False,False,True,True,-0.025,0.052,True,False,MODERATE
145.172,,0.0,0.0,0.0,0.0,0.0,0.0,False,False,False,True,False,True,0.0,0.0,False,False,MODERATE
145.195,,0.0,0.0,0.0,0.0,0.0,0.0,False,False,False,True,False,True,0.0,0.0,False,False,MODERATE
145.389,,-0.3,-158.08,1.56,-5.45,16.49,2.11,False,True,False,False,False,True,0.013,0.022,True,False,MODERATE
145.413,,2.49,-156.97,1.12,-5.19,16.76,2.13,False,True,False,False,False,True,0.038,-0.01,True,False,MODERATE
145.578,,0.04,-156.39,0.26,-5.56,17.89,1.78,False,True,False,False,False,True,-0.032,0.018,True,False,MODERATE
145.603,,3.86,-155.66,0.49,-5.04,18.16,1.76,False,True,False,False,False,True,0.0,0.009,True,False,MODERATE
145.784,,5.13,-164.07,-0.55,-2.65,14.34,1.15,False,True,False,False,False,True,0.027,0.001,True,False,MODERATE
145.807,,4.98,-167.32,-0.62,-2.4,13.33,1.07,False,True,False,False,False,True,0.009,-0.009,True,False,MODERATE
145.975,,4.21,-166.83,-0.69,-2.04,10.52,0.77,False,True,False,False,False,True,0.007,-0.011,True,False,MODERATE
145.998,,4.35,-167.2,-0.56,-1.98,10.13,0.75,False,True,False,False,False,True,0.011,-0.013,True,False,MODERATE
146.184,,4.42,-167.07,-0.56,-1.73,8.98,0.67,False,False,False,False,False,False,0.009,-0.009,True,False,MODERATE
146.208,,4.27,-166.77,-0.67,-1.72,8.91,0.65,False,False,False,False,False,False,0.006,-0.01,True,False,MODERATE
146.375,,4.16,-166.53,-0.65,-1.75,8.8,0.59,False,False,False,False,False,False,0.009,-0.013,True,False,MODERATE
146.397,,4.4,-166.38,-0.59,-1.73,8.8,0.59,False,False,False,False,False,False,0.01,-0.009,True,False,MODERATE
146.585,,4.33,-166.07,-0.69,-1.67,9.0,0.53,False,False,False,False,False,False,0.006,-0.01,True,False,MODERATE
146.609,,4.98,-166.39,-0.53,-1.57,8.98,0.55,False,False,False,False,False,False,0.008,-0.013,True,False,MODERATE
146.781,,4.81,-166.45,-0.53,-1.34,8.87,0.6,False,False,False,False,False,False,0.006,-0.012,True,False,MODERATE
146.805,,5.02,-166.54,-0.39,-1.28,8.85,0.62,False,False,False,False,False,False,0.006,-0.012,True,False,MODERATE
146.985,,4.91,-166.54,-0.43,-1.15,8.76,0.69,False,False,False,False,False,False,-0.007,-0.0,True,False,MODERATE
147.008,,4.97,-166.09,-0.51,-1.13,8.81,0.68,False,False,False,False,False,False,0.018,-0.009,True,False,MODERATE
147.179,,5.05,-166.44,-0.44,-1.01,8.8,0.71,False,False,False,False,False,False,0.009,0.013,True,False,MODERATE
147.201,,4.64,-166.32,-0.6,-1.04,8.81,0.69,False,False,False,False,False,False,0.01,0.014,True,False,MODERATE
147.386,,5.05,-166.31,-0.45,-0.96,8.87,0.71,False,False,False,False,False,False,0.029,-0.009,True,False,MODERATE
147.408,,5.37,-166.34,-0.34,-0.92,8.87,0.73,False,False,False,False,False,False,0.033,-0.008,True,False,MODERATE
147.58,,5.4,-166.89,-0.3,-0.72,8.6,0.8,False,False,False,False,False,False,0.035,-0.009,True,False,MODERATE
147.605,,5.33,-166.87,-0.33,-0.71,8.56,0.81,False,False,False,False,False,False,0.035,-0.009,True,False,MODERATE
147.79,,4.72,-167.19,-0.35,-0.99,8.28,0.82,False,False,False,False,False,False,0.063,-0.0,True,False,MODERATE
147.813,,4.98,-167.24,-0.33,-0.98,8.24,0.82,False,False,False,False,False,False,0.062,0.001,True,False,MODERATE
147.979,,5.09,-167.34,-0.23,-0.92,8.06,0.88,False,False,False,False,False,False,0.057,0.0,True,False,MODERATE
148.004,,4.98,-167.38,-0.27,-0.92,8.03,0.89,False,False,False,False,False,False,0.056,-0.001,True,False,MODERATE
148.188,,5.09,-166.51,-0.39,-0.89,8.4,0.83,False,False,False,False,False,False,0.022,-0.012,True,False,MODERATE
148.209,,5.2,-166.47,-0.19,-0.87,8.44,0.85,False,False,False,False,False,False,0.027,-0.013,True,False,MODERATE
148.38,,4.8,-166.55,-0.27,-1.01,8.57,0.88,False,False,False,False,False,False,0.027,-0.012,True,False,MODERATE
148.404,,5.04,-166.63,-0.33,-1.0,8.57,0.87,False,False,False,False,False,False,0.028,-0.011,True,False,MODERATE
148.589,,4.82,-166.54,-0.35,-1.07,8.64,0.85,False,False,False,False,False,False,0.015,-0.012,True,False,MODERATE
148.611,,5.31,-166.77,-0.29,-1.01,8.61,0.85,False,False,False,False,False,False,0.016,-0.015,True,False,MODERATE
148.782,,4.4,-166.44,-0.46,-1.29,8.71,0.78,False,False,False,False,False,False,-0.016,0.018,True,False,MODERATE
148.807,,4.2,-166.6,-0.69,-1.35,8.7,0.74,False,False,False,False,False,False,-0.001,0.017,True,False,MODERATE
148.986,,4.15,-165.96,-0.64,-1.59,9.0,0.63,False,False,False,False,False,False,0.006,-0.008,True,False,MODERATE
149.01,,4.24,-165.64,-0.58,-1.6,9.08,0.63,False,False,False,False,False,False,0.035,-0.01,True,False,MODERATE
149.179,,4.86,-166.07,-0.53,-1.34,9.12,0.64,False,False,False,False,False,False,0.036,-0.009,True,False,MODERATE
149.204,,4.98,-166.57,-0.39,-1.28,9.06,0.66,False,False,False,False,False,False,0.035,-0.009,True,False,MODERATE
149.386,,4.41,-166.74,-0.4,-1.42,8.75,0.72,False,False,False,False,False,False,-0.001,-0.009,True,False,MODERATE
149.408,,5.31,-166.69,-0.38,-1.32,8.73,0.73,False,False,False,False,False,False,0.001,-0.009,True,False,MODERATE
149.579,,5.35,-166.45,-0.41,-0.94,8.75,0.75,False,False,False,False,False,False,0.003,-0.009,True,False,MODERATE
149.602,,5.14,-166.31,-0.54,-0.92,8.78,0.73,False,False,False,False,False,False,0.002,-0.01,True,False,MODERATE
149.79,,5.37,-166.31,-0.4,-0.73,8.85,0.76,False,False,False,False,False,False,0.0,-0.012,True,False,MODERATE
149.814,,5.24,-166.77,-0.39,-0.73,8.8,0.76,False,False,False,False,False,False,0.034,-0.01,True,False,MODERATE
149.979,,4.96,-166.35,-0.47,-0.86,8.84,0.73,False,False,False,False,False,False,0.03,-0.008,True,False,LOW
150.002,,5.1,-166.48,-0.42,-0.86,8.83,0.73,False,False,False,False,False,False,0.03,-0.008,True,False,LOW
150.188,,5.38,-166.18,-0.33,-0.7,8.95,0.79,False,False,False,False,False,False,0.001,-0.003,True,False,LOW
150.212,,5.02,-166.5,-0.71,-0.73,8.92,0.75,False,False,False,False,False,False,0.018,0.053,False,False,LOW
150.38,,4.39,-166.48,-0.69,-1.16,8.83,0.61,False,False,False,False,False,False,0.007,0.013,True,False,LOW
150.402,,4.71,-166.52,-0.62,-1.17,8.82,0.61,False,False,False,False,False,False,-0.002,0.015,True,False,LOW
150.589,,5.19,-166.56,-0.57,-0.94,8.74,0.61,False,False,False,False,False,False,0.005,-0.012,True,False,LOW
150.612,,5.55,-165.95,-0.37,-0.87,8.81,0.63,False,False,False,False,False,False,0.007,-0.011,True,False,LOW
150.779,,5.27,-166.59,-0.46,-0.77,8.72,0.67,False,False,False,False,False,False,0.04,-0.011,True,False,LOW
150.803,,5.54,-166.37,-0.47,-0.72,8.74,0.68,False,False,False,False,False,False,0.037,-0.01,True,False,LOW
150.987,,5.5,-166.6,-0.46,-0.57,8.68,0.7,False,False,False,False,False,False,0.034,-0.009,True,False,LOW
151.009,,5.53,-166.43,-0.41,-0.55,8.7,0.71,False,False,False,False,False,False,0.032,-0.008,True,False,LOW
151.181,,5.33,-166.6,-0.29,-0.59,8.66,0.8,False,False,False,False,False,False,0.061,0.006,True,False,LOW
151.207,,5.14,-166.82,-0.36,-0.62,8.63,0.8,False,False,False,False,False,False,0.059,0.006,True,False,LOW
151.398,,5.09,-167.0,-0.4,-0.75,8.41,0.79,False,False,False,False,False,False,0.061,0.006,True,False,LOW
151.421,,5.04,-167.02,-0.36,-0.77,8.38,0.79,False,False,False,False,False,False,0.059,0.005,True,False,LOW
151.59,,4.96,-166.89,-0.37,-0.88,8.36,0.8,False,False,False,False,False,False,0.057,0.006,True,False,LOW
151.612,,5.23,-166.89,-0.32,-0.86,8.36,0.8,False,False,False,False,False,False,0.056,0.005,True,False,LOW
151.793,,4.75,-167.57,-0.26,-1.04,7.98,0.86,False,False,False,False,False,False,0.056,0.006,True,False,LOW
151.817,,4.87,-167.37,-0.25,-1.04,7.97,0.87,False,False,False,False,False,False,0.056,0.008,True,False,LOW
151.985,,5.46,-166.86,-0.35,-0.76,8.17,0.85,False,False,False,False,False,False,0.012,-0.012,True,False,LOW
152.01,,5.14,-166.68,-0.38,-0.76,8.23,0.84,False,False,False,False,False,False,0.014,-0.012,True,False,LOW
152.194,,5.59,-166.3,-0.37,-0.54,8.61,0.82,False,False,False,False,False,False,0.012,-0.013,True,False,LOW
152.216,,5.81,-166.8,-0.33,-0.49,8.59,0.82,False,False,False,False,False,False,0.009,-0.012,True,False,LOW
152.374,,5.57,-166.69,-0.33,-0.43,8.56,0.83,False,False,False,False,False,False,0.025,-0.006,True,False,LOW
152.397,,6.04,-166.49,-0.22,-0.36,8.59,0.85,False,False,False,False,False,False,0.023,-0.011,True,False,LOW
152.585,,5.82,-166.15,-0.14,-0.23,8.85,0.95,False,False,False,False,False,False,0.03,-0.011,True,False,LOW
152.607,,6.25,-166.36,-0.09,-0.16,8.86,0.97,False,False,False,False,False,False,0.029,-0.011,True,False,LOW
152.775,,6.13,-166.2,-0.17,0.02,8.95,0.99,False,False,False,False,False,False,0.035,-0.01,True,False,LOW
152.8,,6.33,-166.04,-0.13,0.07,8.98,0.99,False,False,False,False,False,False,0.036,-0.011,True,False,LOW
152.984,,6.32,-166.52,-0.09,0.24,8.83,1.04,False,False,False,False,False,False,0.036,-0.01,True,False,LOW
153.007,,5.7,-166.2,0.03,0.18,8.86,1.06,False,False,False,False,False,False,0.062,0.011,True,False,LOW
153.177,,5.43,-166.84,-0.16,-0.18,8.62,1.04,False,False,False,False,False,False,0.056,0.006,True,False,LOW
153.33,,5.61,-166.85,-0.1,-0.26,8.5,1.06,False,False,False,False,False,False,0.056,0.007,True,False,LOW
153.44,,5.62,-167.25,-0.17,-0.29,8.28,1.04,False,False,False,False,False,False,0.058,0.004,True,False,LOW
153.467,,5.71,-166.19,-0.19,-0.28,8.39,1.03,False,False,False,False,False,False,0.05,0.018,True,False,LOW
153.574,,4.91,-166.56,-0.48,-0.59,8.51,0.89,False,False,False,False,False,False,-0.002,0.007,True,False,LOW
153.598,,5.11,-166.28,-0.44,-0.62,8.56,0.87,False,False,False,False,False,False,0.005,0.01,True,False,LOW
153.784,,5.96,-166.37,-0.26,-0.28,8.72,0.9,False,False,False,False,False,False,0.032,-0.013,True,False,LOW
153.807,,5.93,-166.6,-0.19,-0.24,8.71,0.91,False,False,False,False,False,False,0.033,-0.009,True,False,LOW
153.977,,5.61,-166.74,-0.11,-0.29,8.6,0.99,False,False,False,False,False,False,0.056,0.002,True,False,LOW
154.0,,5.37,-166.82,-0.19,-0.33,8.57,0.99,False,False,False,False,False,False,0.055,0.002,True,False,LOW
154.185,,5.27,-166.93,-0.17,-0.52,8.43,1.0,False,False,False,False,False,False,0.057,0.006,True,False,LOW
154.207,,5.06,-166.87,-0.19,-0.56,8.42,1.0,False,False,False,False,False,False,0.057,0.005,True,False,LOW
154.377,,5.84,-166.11,-0.15,-0.33,8.78,1.01,False,False,False,False,False,False,0.014,-0.013,True,False,LOW
154.401,,5.82,-166.69,-0.05,-0.3,8.75,1.03,False,False,False,False,False,False,0.021,-0.015,True,False,LOW
154.583,,5.64,-166.63,-0.02,-0.3,8.67,1.09,False,False,False,False,False,False,0.032,-0.012,True,False,LOW
154.606,,6.04,-166.58,0.01,-0.25,8.67,1.11,False,False,False,False,False,False,0.032,-0.011,True,False,LOW
154.773,,5.89,-166.61,0.01,-0.15,8.64,1.15,False,False,False,False,False,False,0.037,-0.009,True,False,LOW
154.795,,5.78,-166.57,-0.02,-0.15,8.65,1.15,False,False,False,False,False,False,0.038,-0.01,True,False,LOW
154.983,,5.61,-166.58,-0.03,-0.25,8.65,1.15,False,False,False,False,False,False,0.034,-0.009,True,False,LOW
155.007,,5.57,-165.95,-0.27,-0.27,8.74,1.11,False,False,False,False,False,False,0.018,0.053,False,False,LOW
155.176,,5.54,-166.04,-0.27,-0.34,8.97,1.01,False,False,False,False,False,False,0.024,0.004,True,False,LOW
155.199,,5.33,-165.66,-0.6,-0.38,9.05,0.95,False,False,False,False,False,False,0.018,0.053,False,False,LOW
155.388,,4.53,-166.26,-0.44,-0.95,9.01,0.83,False,False,False,False,False,False,0.003,-0.002,True,False,LOW
155.413,,5.01,-166.16,-0.33,-0.95,9.02,0.83,False,False,False,False,False,False,0.013,-0.013,True,False,LOW
155.577,,5.93,-165.82,-0.16,-0.47,9.22,0.93,False,False,False,False,False,False,0.016,-0.014,True,False,LOW
155.6,,5.78,-166.59,-0.12,-0.43,9.14,0.94,False,False,False,False,False,False,0.007,-0.009,True,False,LOW
155.786,,6.11,-166.4,-0.14,-0.11,8.97,0.99,False,False,False,False,False,False,0.011,-0.013,True,False,LOW
155.809,,6.03,-166.33,-0.1,-0.08,8.96,1.0,False,False,False,False,False,False,0.01,-0.011,True,False,LOW
155.978,,6.06,-166.12,-0.14,0.02,9.04,1.02,False,False,False,False,False,False,0.002,-0.011,True,False,LOW
156.002,,6.0,-165.79,-0.1,0.02,9.09,1.03,False,False,False,False,False,False,0.0,-0.014,True,False,LOW
156.186,,5.39,-165.78,-0.35,-0.29,9.29,0.92,False,False,False,False,False,False,-0.025,-0.01,True,False,LOW
156.209,,5.31,-165.54,-0.41,-0.33,9.34,0.9,False,False,False,False,False,False,-0.028,-0.008,True,False,LOW
156.381,,5.11,-165.59,-0.4,-0.6,9.5,0.83,False,False,False,False,False,False,-0.027,-0.011,True,False,LOW
156.406,,5.7,-165.89,-0.31,-0.55,9.47,0.84,False,False,False,False,False,False,-0.032,-0.012,True,False,LOW
156.586,,5.39,-165.84,-0.07,-0.55,9.43,0.98,False,False,False,False,False,False,-0.002,-0.012,True,False,LOW
156.61,,5.53,-165.98,-0.09,-0.53,9.41,0.99,False,False,False,False,False,False,0.003,-0.016,True,False,LOW
156.78,,5.26,-166.33,-0.05,-0.61,9.14,1.06,False,False,False,False,False,False,0.025,-0.011,True,False,LOW
156.803,,5.12,-165.92,-0.35,-0.64,9.16,1.03,False,False,False,False,False,False,0.003,0.019,True,False,LOW
156.986,,4.69,-165.94,-0.17,-0.97,9.23,1.02,False,False,False,False,False,False,0.018,0.053,False,False,LOW
157.01,,5.03,-166.26,-0.31,-0.96,9.2,1.0,False,False,False,False,False,False,0.029,0.016,True,False,LOW
157.179,,3.91,-166.33,-0.19,-1.52,9.04,0.99,False,False,False,False,False,False,0.064,0.008,True,False,LOW
157.201,,4.52,-166.45,-0.14,-1.51,9.01,1.0,False,False,False,False,False,False,0.063,0.009,True,False,LOW
157.385,,4.77,-166.48,-0.06,-1.33,8.87,1.06,False,False,False,False,False,False,0.061,0.008,True,False,LOW
157.408,,5.73,-166.24,-0.16,-1.18,8.89,1.05,False,False,False,False,False,False,0.032,-0.013,True,False,LOW
157.581,,5.25,-166.38,-0.18,-0.93,8.87,1.02,False,False,False,False,False,False,0.029,-0.009,True,False,LOW
157.605,,5.31,-166.19,-0.07,-0.89,8.89,1.03,False,False,False,False,False,False,0.032,-0.012,True,False,LOW
157.789,,5.28,-166.26,-0.11,-0.77,8.93,1.05,False,False,False,False,False,False,0.031,-0.013,True,False,LOW
157.813,,5.3,-166.27,-0.08,-0.75,8.94,1.06,False,False,False,False,False,False,0.035,-0.012,True,False,LOW
157.98,,5.2,-165.61,-0.45,-0.75,9.29,0.89,False,False,False,False,False,False,0.018,0.053,False,False,LOW
158.002,,4.9,-165.82,-0.43,-0.79,9.3,0.87,False,False,False,False,False,False,0.033,0.014,True,False,LOW
158.193,,4.56,-166.28,-0.48,-1.11,9.11,0.77,False,False,False,False,False,False,0.025,-0.004,True,False,LOW
158.216,,5.02,-166.0,-0.29,-1.09,9.13,0.79,False,False,False,False,False,False,0.033,-0.007,True,False,LOW
158.378,,5.31,-166.18,-0.26,-0.86,9.09,0.85,False,False,False,False,False,False,0.035,-0.007,True,False,LOW
158.4,,5.87,-165.99,-0.27,-0.76,9.11,0.86,False,False,False,False,False,False,0.034,-0.009,True,False,LOW
158.585,,5.42,-166.04,0.07,-0.63,9.15,1.07,False,False,False,False,False,False,0.074,-0.002,True,False,LOW
158.607,,4.79,-166.84,-0.07,-0.7,9.06,1.07,False,False,False,False,False,False,0.07,-0.005,True,False,LOW
158.78,,5.05,-166.95,-0.16,-0.8,8.65,1.04,False,False,False,False,False,False,0.069,-0.006,True,False,LOW
158.803,,5.08,-166.9,-0.18,-0.81,8.61,1.04,False,False,False,False,False,False,0.067,-0.005,True,False,LOW
158.988,,5.09,-166.46,-0.23,-0.83,8.69,0.99,False,False,False,False,False,False,0.037,-0.003,True,False,LOW
159.01,,5.43,-165.91,-0.32,-0.79,8.77,0.97,False,False,False,False,False,False,-0.019,0.005,True,False,LOW
159.185,,5.62,-165.73,-0.35,-0.55,9.16,0.89,False,False,False,False,False,False,-0.012,0.0,True,False,LOW
159.211,,5.75,-165.7,-0.28,-0.5,9.21,0.89,False,False,False,False,False,False,-0.014,-0.003,True,False,LOW
159.399,,5.24,-166.01,-0.32,-0.61,9.22,0.87,False,False,False,False,False,False,-0.007,0.001,True,False,LOW
159.423,,5.68,-165.46,-0.29,-0.56,9.29,0.87,False,False,False,False,False,False,-0.005,-0.001,True,False,LOW
159.589,,5.28,-166.23,-0.28,-0.62,9.14,0.88,False,False,False,False,False,False,-0.007,0.001,True,False,LOW
159.61,,5.28,-166.21,-0.33,-0.62,9.13,0.88,False,False,False,False,False,False,-0.007,-0.0,True,False,LOW
159.793,,5.41,-166.57,-0.28,-0.58,8.88,0.89,False,False,False,False,False,False,-0.011,0.0,True,False,LOW
159.818,,5.38,-166.56,-0.27,-0.57,8.85,0.89,False,False,False,False,False,False,-0.013,-0.001,True,False,LOW
159.986,,5.3,-166.32,-0.26,-0.61,8.88,0.9,False,False,False,False,False,False,-0.011,0.001,True,False,LOW
160.013,,5.59,-166.58,-0.26,-0.57,8.85,0.9,False,False,False,False,False,False,-0.014,0.001,True,False,LOW
160.194,,4.87,-166.98,-0.36,-0.84,8.53,0.86,False,False,False,False,False,False,-0.013,0.001,True,False,LOW
160.218,,4.26,-166.05,-0.42,-0.96,8.62,0.84,False,False,False,False,False,False,-0.01,0.003,True,False,LOW
160.394,,4.75,-166.2,-0.29,-1.08,8.83,0.87,False,False,False,False,False,False,-0.013,0.002,True,False,LOW
160.418,,4.16,-167.07,-0.41,-1.18,8.75,0.85,False,False,False,False,False,False,-0.011,0.001,True,False,LOW
160.585,,4.49,-166.41,-0.37,-1.32,8.78,0.83,False,False,False,False,False,False,-0.008,0.002,True,False,LOW
160.606,,4.17,-166.88,-0.33,-1.38,8.73,0.83,False,False,False,False,False,False,-0.008,0.003,True,False,LOW
160.776,,4.38,-166.02,-0.41,-1.48,8.98,0.8,False,False,False,False,False,False,-0.007,0.003,True,False,LOW
160.8,,4.38,-166.32,-0.34,-1.49,8.97,0.8,False,False,False,False,False,False,-0.009,0.002,True,False,LOW
160.985,,4.41,-166.46,-0.26,-1.51,8.86,0.86,False,False,False,False,False,False,-0.009,0.003,True,False,LOW
161.009,,4.47,-166.5,-0.31,-1.51,8.84,0.86,False,False,False,False,False,False,-0.01,0.002,True,False,LOW
161.179,,4.48,-166.7,-0.4,-1.49,8.68,0.82,False,False,False,False,False,False,-0.012,0.004,True,False,LOW
161.204,,4.32,-166.12,-0.51,-1.5,8.74,0.8,False,False,False,False,False,False,-0.017,0.026,True,False,LOW
161.38,,4.35,-165.73,-0.51,-1.55,9.14,0.73,False,False,False,False,False,False,-0.001,-0.003,True,False,LOW
161.403,,5.08,-165.83,-0.28,-1.46,9.18,0.75,False,False,False,False,False,False,0.005,-0.016,True,False,LOW
161.575,,4.82,-165.9,-0.27,-1.29,9.26,0.83,False,False,False,False,False,False,0.034,-0.01,True,False,LOW
161.6,,5.05,-165.89,-0.35,-1.23,9.27,0.83,False,False,False,False,False,False,0.033,-0.009,True,False,LOW
161.785,,4.9,-166.42,-0.27,-1.13,9.02,0.87,False,False,False,False,False,False,0.035,-0.009,True,False,LOW
161.808,,4.69,-165.78,-0.51,-1.15,9.08,0.84,False,False,False,False,False,False,-0.024,-0.011,True,False,LOW
161.98,,4.78,-165.34,-0.6,-1.16,9.5,0.7,False,False,False,False,False,False,-0.03,-0.01,True,False,LOW
162.008,,4.93,-165.54,-0.57,-1.13,9.53,0.69,False,False,False,False,False,False,-0.023,-0.013,True,False,LOW
162.186,,5.29,-165.85,-0.49,-0.88,9.45,0.69,False,False,False,False,False,False,-0.021,-0.013,True,False,LOW
162.21,,4.72,-165.65,-0.36,-0.93,9.47,0.7,False,False,False,False,False,False,-0.024,0.018,True,False,LOW
162.382,,4.51,-166.17,-0.44,-1.19,9.26,0.72,False,False,False,False,False,False,0.029,0.012,True,False,LOW
162.405,,4.01,-165.88,-0.36,-1.29,9.27,0.73,False,False,False,False,False,False,0.038,-0.01,True,False,LOW
162.586,,4.26,-165.21,-0.66,-1.5,9.67,0.62,False,False,False,False,False,False,0.018,0.053,False,False,LOW
162.61,,4.06,-166.14,-0.58,-1.55,9.6,0.61,False,False,False,False,False,False,0.018,0.053,False,False,LOW
162.778,,3.79,-165.63,-0.63,-1.87,9.6,0.58,False,False,False,False,False,False,0.021,0.015,True,False,LOW
162.802,,3.72,-166.03,-0.49,-1.92,9.54,0.59,False,False,False,False,False,False,0.035,-0.006,True,False,LOW
162.989,,4.13,-166.03,-0.44,-1.86,9.36,0.67,False,False,False,False,False,False,0.034,-0.009,True,False,LOW
163.014,,4.42,-166.24,-0.34,-1.81,9.31,0.69,False,False,False,False,False,False,0.038,-0.009,True,False,LOW
163.182,,4.6,-166.09,-0.41,-1.57,9.22,0.73,False,False,False,False,False,False,-0.018,0.011,True,False,LOW
163.205,,4.39,-165.87,-0.44,-1.57,9.24,0.73,False,False,False,False,False,False,-0.015,0.005,True,False,LOW
163.388,,4.59,-165.78,-0.38,-1.45,9.35,0.76,False,False,False,False,False,False,-0.014,0.002,True,False,LOW
163.411,,4.1,-166.08,-0.43,-1.5,9.33,0.76,False,False,False,False,False,False,-0.013,0.001,True,False,LOW
163.58,,4.63,-166.07,-0.37,-1.41,9.24,0.78,False,False,False,False,False,False,-0.021,0.001,True,False,LOW
163.603,,4.37,-166.32,-0.42,-1.43,9.2,0.78,False,False,False,False,False,False,-0.015,0.002,True,False,LOW
163.788,,4.66,-166.15,-0.44,-1.35,9.13,0.76,False,False,False,False,False,False,-0.016,0.002,True,False,LOW
163.809,,4.33,-166.13,-0.46,-1.38,9.13,0.75,False,False,False,False,False,False,-0.017,0.001,True,False,LOW
163.987,,4.1,-165.95,-0.53,-1.63,9.21,0.7,False,False,False,False,False,False,-0.015,0.003,True,False,LOW
164.01,,4.23,-166.08,-0.53,-1.64,9.2,0.69,False,False,False,False,False,False,-0.006,0.005,True,False,LOW
164.173,,4.11,-165.85,-0.5,-1.74,9.29,0.68,False,False,False,False,False,False,-0.005,0.003,True,False,LOW
164.201,,3.98,-165.78,-0.51,-1.77,9.32,0.68,False,False,False,False,False,False,-0.004,0.002,True,False,LOW
164.377,,4.32,-166.06,-0.49,-1.7,9.24,0.68,False,False,False,False,False,False,-0.008,0.003,True,False,LOW
164.402,,4.22,-165.69,-0.37,-1.7,9.28,0.7,False,False,False,False,False,False,0.017,-0.005,True,False,LOW
164.569,,4.97,-165.9,-0.34,-1.33,9.31,0.77,False,False,False,False,False,False,0.032,-0.009,True,False,LOW
164.6,,4.77,-165.88,-0.31,-1.3,9.31,0.78,False,False,False,False,False,False,0.031,-0.008,True,False,LOW
164.783,,4.18,-165.68,-0.56,-1.55,9.44,0.69,False,False,False,False,False,False,0.018,0.053,False,False,LOW
164.807,,4.01,-165.21,-0.54,-1.6,9.52,0.69,False,False,False,False,False,False,0.018,0.053,False,False,LOW
164.971,,4.12,-165.84,-0.46,-1.72,9.45,0.7,False,False,False,False,False,False,0.038,0.0,True,False,LOW
164.998,,3.74,-166.36,-0.46,-1.79,9.37,0.7,False,False,False,False,False,False,0.033,-0.012,True,False,LOW
165.185,,4.26,-166.17,-0.37,-1.73,9.2,0.76,False,False,False,False,False,False,0.033,-0.01,True,False,LOW
165.211,,4.17,-166.64,-0.38,-1.74,9.11,0.76,False,False,False,False,False,False,0.035,-0.009,True,False,LOW
165.371,,4.26,-166.33,-0.41,-1.71,9.0,0.76,False,False,False,False,False,False,0.036,-0.01,True,False,LOW
165.399,,4.58,-165.81,-0.35,-1.66,9.07,0.77,False,False,False,False,False,False,0.038,-0.009,True,False,LOW
165.576,,4.48,-166.66,-0.34,-1.56,8.8,0.81,False,False,False,False,False,False,0.039,-0.011,True,False,LOW
165.597,,4.64,-166.88,-0.31,-1.53,8.75,0.81,False,False,False,False,False,False,0.039,-0.011,True,False,LOW
165.77,,4.09,-166.96,-0.36,-1.7,8.5,0.81,False,False,False,False,False,False,0.038,-0.01,True,False,LOW
165.8,,4.45,-166.68,-0.36,-1.67,8.51,0.81,False,False,False,False,False,False,0.038,-0.011,True,False,LOW
165.986,,4.01,-167.02,-0.49,-1.81,8.35,0.74,False,False,False,False,False,False,0.036,-0.008,True,False,LOW
166.008,,4.4,-165.62,-0.42,-1.78,8.5,0.75,False,False,False,False,False,False,0.022,0.009,True,False,LOW
166.171,,4.03,-165.73,-0.64,-1.85,9.02,0.64,False,False,False,False,False,False,0.018,0.053,False,False,LOW
166.2,,4.14,-166.14,-0.61,-1.84,9.03,0.63,False,False,False,False,False,False,0.018,0.053,False,False,LOW
166.376,,3.95,-166.43,-0.45,-1.92,8.91,0.68,False,False,False,False,False,False,0.021,0.001,True,False,LOW
166.4,,4.18,-166.76,-0.32,-1.9,8.85,0.7,False,False,False,False,False,False,0.016,-0.013,True,False,LOW
166.569,,3.38,-166.48,-0.41,-2.24,8.8,0.73,False,False,False,False,False,False,0.024,-0.008,True,False,LOW
166.598,,4.34,-166.81,-0.57,-2.14,8.74,0.71,False,False,False,False,False,False,0.03,-0.008,True,False,LOW
166.783,,4.39,-166.89,-0.4,-1.82,8.52,0.75,False,False,False,False,False,False,0.033,-0.009,True,False,LOW
166.807,,4.63,-166.26,-0.18,-1.76,8.58,0.78,False,False,False,False,False,False,0.031,-0.01,True,False,LOW
166.967,,4.72,-166.58,-0.11,-1.49,8.62,0.92,False,False,False,False,False,False,0.035,-0.012,True,False,LOW
166.998,,4.3,-166.72,-0.13,-1.51,8.6,0.94,False,False,False,False,False,False,0.035,-0.006,True,False,LOW
167.176,,4.57,-165.93,-0.14,-1.44,8.97,0.99,False,False,False,False,False,False,0.036,-0.009,True,False,LOW
167.2,,4.82,-165.93,-0.04,-1.4,9.02,1.01,False,False,False,False,False,False,0.04,-0.009,True,False,LOW
167.377,,5.05,-165.75,0.1,-1.13,9.26,1.15,False,False,False,False,False,False,0.053,-0.002,True,False,LOW
167.4,,3.46,-165.38,-0.09,-1.31,9.34,1.14,False,False,False,False,False,False,0.057,0.008,True,False,LOW
167.589,,0.14,-165.34,-0.16,-3.86,9.64,1.07,False,False,False,False,False,False,0.062,0.016,True,False,LOW
167.612,,-0.32,-165.39,-0.13,-4.21,9.67,1.07,False,False,False,False,False,False,0.054,0.018,True,False,LOW
167.776,,1.49,-167.2,0.16,-4.34,8.83,1.2,False,False,False,False,False,False,0.054,0.005,True,False,LOW
167.799,,2.12,-169.09,-0.05,-4.27,8.45,1.19,False,False,False,False,False,False,0.053,0.003,True,False,LOW
167.986,,2.69,-168.47,-0.33,-3.72,7.5,1.01,False,False,False,False,False,False,0.026,-0.01,True,False,LOW
168.009,,1.58,-168.32,-0.26,-3.8,7.42,0.99,False,False,False,False,False,False,0.028,-0.014,True,False,LOW
168.179,,3.18,-168.75,-0.72,-3.27,6.92,0.71,False,False,False,False,False,False,0.011,0.015,True,False,LOW
168.202,,6.0,-169.28,-0.62,-2.8,6.79,0.69,False,False,False,False,False,False,0.042,0.013,True,False,LOW
168.375,,6.33,-168.36,-0.82,-1.04,6.83,0.52,False,False,False,False,False,False,0.018,0.053,False,False,LOW
168.398,,7.06,-170.45,-1.79,-0.72,6.55,0.37,False,False,False,False,False,False,0.025,0.008,True,False,LOW
168.57,,5.47,-171.36,-2.47,-0.59,5.08,-0.52,False,False,False,False,False,False,0.034,-0.005,True,False,LOW
168.603,,4.53,-171.68,-2.34,-0.74,4.79,-0.64,False,False,False,False,False,False,0.02,-0.008,True,False,LOW
168.777,,1.65,-168.38,-1.93,-2.64,5.88,-0.7,False,False,False,False,False,False,0.0,-0.004,True,False,LOW
168.802,,2.07,-168.54,-1.62,-2.82,5.99,-0.67,False,False,False,False,False,False,0.006,-0.005,True,False,LOW
168.966,,2.62,-168.08,-1.23,-3.08,6.59,-0.36,False,False,False,False,False,False,-0.0,-0.004,True,False,LOW
168.998,,3.72,-168.67,-1.01,-2.94,6.58,-0.27,False,False,False,False,False,False,0.001,-0.003,True,False,LOW
169.179,,2.92,-169.34,-0.61,-2.98,6.21,0.18,False,False,False,False,False,False,-0.001,-0.007,True,False,LOW
169.204,,2.45,-168.72,-0.57,-3.06,6.25,0.24,False,False,False,False,False,False,0.0,-0.013,True,False,LOW
169.369,,1.92,-168.24,-0.58,-3.56,6.63,0.42,False,False,False,False,False,False,0.014,-0.003,True,False,LOW
169.399,,1.03,-167.32,-0.79,-3.79,6.85,0.42,False,False,False,False,False,False,0.009,-0.004,True,False,LOW
169.575,,0.32,-168.54,-0.93,-4.79,6.76,0.33,False,False,False,False,False,False,0.016,0.001,True,False,LOW
169.598,,0.61,-168.98,-0.98,-4.86,6.7,0.31,False,False,False,False,False,False,0.015,-0.001,True,False,LOW
169.767,,0.49,-168.8,-0.9,-5.17,6.56,0.29,False,False,False,False,False,False,0.022,-0.01,True,False,LOW
169.798,,-0.17,-169.86,-0.95,-5.34,6.36,0.28,False,False,False,False,False,False,0.045,0.015,True,False,LOW
169.975,,0.81,-168.19,-1.34,-5.23,6.72,0.04,False,False,False,False,False,False,0.018,0.053,False,False,LOW
170.118,,2.21,-168.75,-1.0,-4.52,6.61,0.11,False,False,False,False,False,False,0.01,0.007,True,False,LOW
170.229,,1.35,-168.91,-1.16,-4.55,6.49,0.07,False,False,False,False,False,False,0.006,-0.01,True,False,LOW
170.253,,1.85,-169.31,-1.26,-4.49,6.41,0.05,False,False,False,False,False,False,0.014,-0.009,True,False,LOW
170.377,,1.52,-168.31,-1.1,-4.46,6.63,0.06,False,False,False,False,False,False,0.009,-0.005,True,False,LOW
170.399,,2.29,-168.88,-1.08,-4.36,6.6,0.06,False,False,False,False,False,False,0.019,-0.005,True,False,LOW
170.565,,1.86,-168.79,-1.03,-4.22,6.52,0.11,False,False,False,False,False,False,0.017,-0.009,True,False,LOW
170.598,,0.79,-168.38,-1.11,-4.38,6.57,0.1,False,False,False,False,False,False,0.016,-0.008,True,False,LOW
170.776,,0.89,-168.67,-0.99,-4.74,6.57,0.14,False,False,False,False,False,False,-0.022,-0.001,True,False,LOW
170.799,,-0.56,-169.53,-1.19,-4.98,6.45,0.12,False,False,False,False,False,False,-0.026,-0.005,True,False,LOW
170.966,,0.83,-168.53,-1.07,-5.05,6.58,0.11,False,False,False,False,False,False,-0.025,-0.004,True,False,LOW
171.0,,0.83,-168.55,-0.85,-5.06,6.6,0.15,False,False,False,False,False,False,-0.031,-0.004,True,False,LOW
171.179,,1.28,-168.72,-0.93,-4.85,6.55,0.2,False,False,False,False,False,False,-0.033,-0.003,True,False,LOW
171.201,,0.82,-168.58,-1.1,-4.88,6.56,0.19,False,False,False,False,False,False,-0.028,-0.005,True,False,LOW
171.372,,0.12,-168.81,-1.03,-5.38,6.49,0.16,False,False,False,False,False,False,-0.034,-0.004,True,False,LOW
171.4,,-0.16,-169.43,-0.85,-5.49,6.38,0.19,False,False,False,False,False,False,0.013,0.001,True,False,LOW
171.575,,-0.25,-168.02,-1.12,-5.87,6.82,0.12,False,False,False,False,False,False,0.018,-0.005,True,False,LOW
171.597,,-0.15,-169.2,-1.04,-5.9,6.72,0.12,False,False,False,False,False,False,0.018,-0.009,True,False,LOW
171.764,,-0.64,-168.75,-0.86,-6.25,6.6,0.22,False,False,False,False,False,False,0.021,0.001,True,False,LOW
171.798,,-0.36,-169.17,-1.09,-6.26,6.5,0.2,False,False,False,False,False,False,0.018,0.053,False,False,LOW
171.978,,-0.5,-168.99,-1.13,-6.36,6.36,0.12,False,False,False,False,False,False,0.011,-0.001,True,False,LOW
172.001,,-1.42,-169.37,-1.11,-6.49,6.29,0.11,False,False,False,False,False,False,0.018,0.053,False,False,LOW
172.168,,-0.28,-168.61,-1.06,-6.35,6.46,0.11,False,False,False,False,False,False,0.006,-0.009,True,False,LOW
172.199,,-1.05,-168.79,-1.12,-6.46,6.46,0.1,False,False,False,False,False,False,-0.005,-0.004,True,False,LOW
172.376,,-0.73,-168.88,-1.15,-6.58,6.4,0.06,False,False,False,False,False,False,0.006,-0.006,True,False,LOW
172.399,,-1.09,-169.43,-1.22,-6.64,6.32,0.05,False,False,False,False,False,False,0.001,-0.006,True,False,LOW
172.566,,-0.81,-169.13,-1.29,-6.7,6.21,-0.04,False,False,False,False,False,False,0.022,-0.005,True,False,LOW
172.598,,-0.74,-169.67,-1.23,-6.7,6.09,-0.04,False,False,False,False,False,False,0.013,-0.008,True,False,LOW
172.776,,-0.46,-168.98,-1.25,-6.54,6.18,-0.06,False,False,False,False,False,False,0.014,-0.008,True,False,LOW
172.798,,-1.35,-168.9,-1.27,-6.64,6.2,-0.06,False,False,False,False,False,False,0.011,-0.008,True,False,LOW
172.967,,-1.36,-169.04,-1.2,-6.98,6.19,-0.04,False,False,False,False,False,False,0.018,-0.008,True,False,LOW
173.0,,-1.08,-169.23,-1.23,-6.99,6.16,-0.05,False,False,False,False,False,False,0.016,-0.007,True,False,LOW
173.182,,-1.33,-169.43,-1.26,-7.14,5.97,-0.07,False,False,False,False,False,False,0.015,-0.006,True,False,LOW
173.204,,-1.05,-168.73,-1.39,-7.12,6.03,-0.09,False,False,False,False,False,False,0.018,-0.004,True,False,LOW
173.369,,-1.05,-168.85,-1.28,-7.06,6.21,-0.1,False,False,False,False,False,False,0.016,-0.004,True,False,LOW
173.399,,-1.08,-168.61,-1.3,-7.05,6.28,-0.1,False,False,False,False,False,False,0.017,-0.005,True,False,LOW
173.578,,-1.15,-169.42,-1.3,-7.08,6.03,-0.11,False,False,False,False,False,False,0.013,-0.007,True,False,LOW
173.601,,-1.4,-169.32,-1.36,-7.11,6.01,-0.12,False,False,False,False,False,False,0.013,-0.007,True,False,LOW
173.77,,-1.32,-168.82,-1.46,-7.19,6.22,-0.21,False,False,False,False,False,False,0.018,-0.006,True,False,LOW
173.801,,-1.37,-168.62,-1.28,-7.21,6.28,-0.19,False,False,False,False,False,False,0.021,-0.005,True,False,LOW
173.977,,-1.06,-169.03,-1.48,-7.1,6.24,-0.25,False,False,False,False,False,False,0.018,0.053,False,False,LOW
174.0,,-0.78,-169.32,-1.49,-7.05,6.2,-0.26,False,False,False,False,False,False,0.018,0.053,False,False,LOW
174.17,,-0.72,-168.68,-1.47,-6.85,6.38,-0.28,False,False,False,False,False,False,0.021,0.013,True,False,LOW
174.202,,-0.89,-168.42,-1.5,-6.85,6.45,-0.29,False,False,False,False,False,False,0.017,0.001,True,False,LOW
174.379,,-0.69,-168.34,-1.44,-6.74,6.69,-0.27,False,False,False,False,False,False,0.008,-0.002,True,False,LOW
174.402,,-0.74,-168.43,-1.41,-6.73,6.7,-0.27,False,False,False,False,False,False,0.001,-0.003,True,False,LOW
174.572,,-0.37,-168.62,-1.32,-6.51,6.65,-0.21,False,False,False,False,False,False,0.002,-0.005,True,False,LOW
174.6,,-0.5,-167.82,-1.4,-6.5,6.77,-0.21,False,False,False,False,False,False,-0.007,-0.003,True,False,LOW
174.779,,-0.53,-167.79,-1.58,-6.49,7.13,-0.31,False,False,False,False,False,False,-0.005,-0.003,True,False,LOW
174.802,,-0.13,-167.89,-1.56,-6.44,7.16,-0.32,False,False,False,False,False,False,-0.012,-0.003,True,False,LOW
174.973,,0.03,-168.48,-1.51,-6.16,6.95,-0.33,False,False,False,False,False,False,-0.009,-0.004,True,False,LOW
175.0,,-0.13,-168.53,-1.48,-6.15,6.91,-0.33,False,False,False,False,False,False,-0.009,-0.004,True,False,LOW
175.181,,-0.38,-168.43,-1.43,-6.24,6.85,-0.29,False,False,False,False,False,False,-0.008,-0.004,True,False,LOW
175.205,,-0.35,-168.79,-1.45,-6.25,6.8,-0.29,False,False,False,False,False,False,0.005,-0.001,True,False,LOW
175.38,,-0.37,-168.34,-1.43,-6.28,6.85,-0.27,False,False,False,False,False,False,0.009,-0.003,True,False,LOW
175.404,,-0.19,-168.5,-1.4,-6.26,6.83,-0.26,False,False,False,False,False,False,0.008,-0.003,True,False,LOW
175.585,,0.01,-168.58,-1.43,-6.09,6.73,-0.26,False,False,False,False,False,False,0.008,-0.004,True,False,LOW
175.609,,-0.12,-168.61,-1.45,-6.09,6.72,-0.26,False,False,False,False,False,False,0.008,-0.004,True,False,LOW
175.777,,0.01,-168.57,-1.42,-6.01,6.69,-0.25,False,False,False,False,False,False,0.01,0.008,True,False,LOW
175.8,,-0.0,-168.53,-1.79,-6.0,6.69,-0.3,False,False,False,False,False,False,0.018,0.053,False,False,LOW
175.986,,0.1,-168.51,-1.7,-5.92,6.71,-0.42,False,False,False,False,False,False,0.027,0.011,True,False,LOW
176.011,,-0.4,-167.98,-1.47,-5.97,6.78,-0.4,False,False,False,False,False,False,0.011,0.002,True,False,LOW
176.185,,-0.17,-168.29,-1.5,-6.05,6.86,-0.36,False,False,False,False,False,False,0.009,-0.001,True,False,LOW
176.21,,-0.28,-168.83,-1.59,-6.07,6.8,-0.37,False,False,False,False,False,False,-0.024,0.002,True,False,LOW
176.377,,-0.64,-168.66,-1.65,-6.34,6.68,-0.42,False,False,False,False,False,False,-0.026,0.002,True,False,LOW
176.4,,-0.26,-168.41,-1.56,-6.32,6.7,-0.42,False,False,False,False,False,False,0.005,-0.001,True,False,LOW
176.567,,-0.29,-168.16,-1.64,-6.28,6.89,-0.44,False,False,False,False,False,False,0.014,-0.007,True,False,LOW
176.591,,-0.09,-168.19,-1.58,-6.24,6.91,-0.44,False,False,False,False,False,False,0.017,-0.006,True,False,LOW
176.774,,0.16,-168.58,-1.58,-6.0,6.77,-0.42,False,False,False,False,False,False,0.013,-0.008,True,False,LOW
176.797,,0.11,-168.25,-1.55,-5.98,6.8,-0.41,False,False,False,False,False,False,0.015,-0.006,True,False,LOW
176.969,,0.5,-168.27,-1.46,-5.7,6.88,-0.35,False,False,False,False,False,False,0.005,-0.005,True,False,LOW
176.992,,0.47,-168.33,-1.46,-5.67,6.88,-0.34,False,False,False,False,False,False,0.001,-0.005,True,False,LOW
177.185,,0.54,-168.43,-1.45,-5.52,6.84,-0.3,False,False,False,False,False,False,0.003,-0.007,True,False,LOW
177.209,,0.67,-168.72,-1.45,-5.49,6.79,-0.3,False,False,False,False,False,False,0.013,-0.005,True,False,LOW
177.369,,1.05,-168.45,-1.25,-5.19,6.79,-0.19,False,False,False,False,False,False,0.014,-0.009,True,False,LOW
177.391,,0.59,-169.26,-1.29,-5.21,6.68,-0.18,False,False,False,False,False,False,0.016,-0.005,True,False,LOW
177.577,,0.22,-168.53,-1.35,-5.49,6.69,-0.18,False,False,False,False,False,False,0.02,-0.008,True,False,LOW
177.599,,0.16,-168.98,-1.31,-5.52,6.64,-0.17,False,False,False,False,False,False,0.001,0.007,True,False,LOW
177.769,,0.12,-168.76,-1.54,-5.68,6.55,-0.27,False,False,False,False,False,False,0.018,0.053,False,False,LOW
177.793,,-0.23,-168.4,-1.56,-5.75,6.59,-0.29,False,False,False,False,False,False,0.021,-0.007,True,False,LOW
177.974,,0.01,-167.97,-1.31,-5.85,6.95,-0.21,False,False,False,False,False,False,0.018,-0.008,True,False,LOW
177.998,,-0.22,-168.72,-1.31,-5.89,6.89,-0.2,False,False,False,False,False,False,0.019,-0.007,True,False,LOW
178.167,,-0.55,-168.52,-1.31,-6.21,6.8,-0.16,False,False,False,False,False,False,0.018,-0.006,True,False,LOW
178.19,,-0.29,-168.81,-1.35,-6.21,6.75,-0.17,False,False,False,False,False,False,0.021,-0.008,True,False,LOW
178.377,,-0.96,-168.7,-1.44,-6.59,6.63,-0.22,False,False,False,False,False,False,0.014,-0.006,True,False,LOW
178.4,,-0.78,-168.88,-1.41,-6.61,6.59,-0.22,False,False,False,False,False,False,0.015,-0.005,True,False,LOW
178.567,,-0.53,-169.09,-1.39,-6.54,6.36,-0.22,False,False,False,False,False,False,0.018,-0.005,True,False,LOW
178.59,,-0.92,-168.53,-1.37,-6.58,6.4,-0.22,False,False,False,False,False,False,0.013,-0.006,True,False,LOW
178.776,,-0.36,-168.86,-1.39,-6.43,6.38,-0.22,False,False,False,False,False,False,0.044,-0.002,True,False,LOW
178.799,,-0.66,-168.86,-1.4,-6.45,6.38,-0.22,False,False,False,False,False,False,0.041,-0.003,True,False,LOW
178.97,,-0.39,-168.33,-1.42,-6.39,6.65,-0.23,False,False,False,False,False,False,0.019,-0.004,True,False,LOW
178.993,,-0.29,-168.51,-1.41,-6.37,6.66,-0.23,False,False,False,False,False,False,0.021,-0.006,True,False,LOW
179.178,,-0.47,-168.44,-1.36,-6.4,6.73,-0.21,False,False,False,False,False,False,0.02,-0.007,True,False,LOW
179.2,,-0.39,-168.02,-1.37,-6.39,6.79,-0.21,False,False,False,False,False,False,0.021,-0.006,True,False,LOW
179.37,,-0.29,-168.0,-1.37,-6.31,7.02,-0.2,False,False,False,False,False,False,0.021,-0.007,True,False,LOW
179.395,,-0.05,-168.44,-1.54,-6.27,6.99,-0.22,False,False,False,False,False,False,0.018,0.053,False,False,LOW
179.579,,0.21,-168.38,-1.74,-5.98,6.91,-0.41,False,False,False,False,False,False,0.018,0.053,False,False,LOW
179.605,,0.53,-167.82,-1.64,-5.9,6.98,-0.42,False,False,False,False,False,False,0.026,0.011,True,False,LOW
179.772,,-0.13,-167.61,-1.59,-5.99,7.31,-0.42,False,False,False,False,False,False,0.017,-0.003,True,False,LOW
179.795,,-0.0,-167.94,-1.43,-5.98,7.31,-0.39,False,False,False,False,False,False,0.017,-0.002,True,False,LOW
179.979,,-0.27,-168.18,-1.4,-6.11,7.17,-0.3,False,False,False,False,False,False,0.018,-0.004,True,False,LOW
180.006,,-0.45,-167.94,-1.38,-6.15,7.19,-0.29,False,False,False,False,False,False,0.013,-0.003,True,False,LOW
180.174,,-0.39,-168.21,-1.43,-6.25,7.1,-0.27,False,False,False,False,False,False,0.019,-0.004,True,False,LOW
180.196,,0.15,-168.06,-1.27,-6.19,7.11,-0.25,False,False,False,False,False,False,0.019,-0.003,True,False,LOW
180.379,,-0.15,-168.81,-1.21,-6.14,6.74,-0.13,False,False,False,False,False,False,0.015,-0.005,True,False,LOW
180.403,,0.23,-167.52,-1.15,-6.08,6.87,-0.11,False,False,False,False,False,False,0.017,0.0,True,False,LOW
180.572,,0.51,-168.59,-1.08,-5.75,6.75,-0.01,False,False,False,False,False,False,0.018,-0.001,True,False,LOW
180.593,,-0.32,-168.99,-1.01,-5.81,6.69,0.01,False,False,False,False,False,False,0.021,-0.003,True,False,LOW
180.781,,0.0,-169.05,-1.03,-5.88,6.41,0.09,False,False,False,False,False,False,0.019,-0.005,True,False,LOW
180.807,,-0.19,-169.13,-1.05,-5.92,6.37,0.09,False,False,False,False,False,False,0.017,-0.005,True,False,LOW
180.977,,0.03,-168.94,-1.06,-5.92,6.33,0.1,False,False,False,False,False,False,0.015,-0.005,True,False,LOW
181.0,,-0.27,-168.92,-1.08,-5.95,6.32,0.1,False,False,False,False,False,False,0.013,-0.005,True,False,LOW
181.182,,-0.66,-169.1,-1.19,-6.3,6.22,0.04,False,False,False,False,False,False,0.012,-0.006,True,False,LOW
181.204,,-0.61,-168.76,-1.2,-6.34,6.25,0.03,False,False,False,False,False,False,0.014,-0.005,True,False,LOW
181.375,,-0.5,-168.98,-1.22,-6.39,6.25,-0.01,False,False,False,False,False,False,0.015,-0.004,True,False,LOW
181.398,,-0.67,-168.94,-1.25,-6.42,6.26,-0.02,False,False,False,False,False,False,0.016,-0.006,True,False,LOW
181.582,,-0.57,-168.89,-1.35,-6.47,6.3,-0.1,False,False,False,False,False,False,0.015,0.008,True,False,LOW
181.604,,-0.17,-168.36,-1.24,-6.43,6.37,-0.1,False,False,False,False,False,False,-0.004,0.011,True,False,LOW
181.771,,-0.39,-168.68,-1.49,-6.38,6.46,-0.21,False,False,False,False,False,False,0.018,0.053,False,False,LOW
181.794,,0.37,-167.94,-1.38,-6.27,6.58,-0.21,False,False,False,False,False,False,0.015,0.001,True,False,LOW
181.983,,-1.11,-168.5,-1.4,-6.7,6.66,-0.22,False,False,False,False,False,False,0.0,0.002,True,False,LOW
182.012,,-1.03,-168.75,-1.41,-6.74,6.63,-0.22,False,False,False,False,False,False,0.009,-0.0,True,False,LOW
182.174,,-0.74,-169.04,-1.28,-6.71,6.41,-0.16,False,False,False,False,False,False,0.008,-0.001,True,False,LOW
182.197,,-0.17,-168.59,-1.29,-6.64,6.44,-0.16,False,False,False,False,False,False,0.008,-0.001,True,False,LOW
182.378,,-0.48,-168.62,-1.4,-6.52,6.53,-0.19,False,False,False,False,False,False,0.005,0.001,True,False,LOW
182.401,,-0.49,-168.29,-1.26,-6.51,6.58,-0.18,False,False,False,False,False,False,0.0,0.005,True,False,LOW
182.572,,-0.59,-168.41,-1.33,-6.52,6.71,-0.17,False,False,False,False,False,False,-0.001,0.005,True,False,LOW
182.593,,-1.05,-168.7,-1.45,-6.58,6.69,-0.18,False,False,False,False,False,False,0.004,0.0,True,False,LOW
182.778,,-0.66,-168.66,-1.48,-6.59,6.62,-0.25,False,False,False,False,False,False,0.006,-0.002,True,False,LOW
182.801,,-0.47,-168.18,-1.57,-6.57,6.68,-0.27,False,False,False,False,False,False,0.014,-0.003,True,False,LOW
182.973,,-0.61,-168.27,-1.47,-6.56,6.82,-0.28,False,False,False,False,False,False,0.013,-0.001,True,False,LOW
182.995,,-0.45,-168.48,-1.48,-6.54,6.82,-0.28,False,False,False,False,False,False,0.013,-0.003,True,False,LOW
183.18,,-0.57,-168.08,-1.57,-6.53,7.0,-0.34,False,False,False,False,False,False,0.011,-0.004,True,False,LOW
183.205,,-0.57,-168.24,-1.57,-6.53,7.0,-0.35,False,False,False,False,False,False,0.015,-0.002,True,False,LOW
183.383,,-0.64,-168.25,-1.46,-6.56,6.99,-0.32,False,False,False,False,False,False,0.015,-0.002,True,False,LOW
183.406,,-0.59,-167.94,-1.45,-6.55,7.03,-0.31,False,False,False,False,False,False,0.017,-0.003,True,False,LOW
183.588,,-0.71,-168.25,-1.43,-6.61,7.0,-0.28,False,False,False,False,False,False,0.012,-0.004,True,False,LOW
183.612,,-0.83,-168.58,-1.47,-6.63,6.96,-0.28,False,False,False,False,False,False,0.01,-0.002,True,False,LOW
183.778,,-0.76,-168.67,-1.42,-6.67,6.75,-0.26,False,False,False,False,False,False,0.008,-0.003,True,False,LOW
183.801,,-0.79,-168.74,-1.45,-6.68,6.72,-0.26,False,False,False,False,False,False,0.005,-0.003,True,False,LOW
183.977,,-0.76,-168.84,-1.4,-6.69,6.54,-0.24,False,False,False,False,False,False,0.003,-0.002,True,False,LOW
183.999,,-0.52,-169.28,-1.32,-6.66,6.47,-0.23,False,False,False,False,False,False,0.003,-0.003,True,False,LOW
184.17,,-0.65,-169.08,-1.47,-6.63,6.3,-0.26,False,False,False,False,False,False,0.005,-0.005,True,False,LOW
184.205,,-0.54,-168.72,-1.47,-6.6,6.34,-0.27,False,False,False,False,False,False,0.002,-0.003,True,False,LOW
184.37,,-0.69,-168.55,-1.49,-6.62,6.51,-0.29,False,False,False,False,False,False,0.002,-0.004,True,False,LOW
184.396,,-0.5,-168.45,-1.68,-6.59,6.55,-0.32,False,False,False,False,False,False,-0.034,-0.0,True,False,LOW
184.56,,-0.28,-168.51,-1.61,-6.41,6.64,-0.38,False,False,False,False,False,False,-0.03,-0.001,True,False,LOW
184.584,,-0.7,-168.51,-1.64,-6.44,6.65,-0.39,False,False,False,False,False,False,-0.028,-0.003,True,False,LOW
184.768,,-0.38,-167.99,-1.66,-6.38,6.97,-0.44,False,False,False,False,False,False,-0.008,-0.002,True,False,LOW
184.792,,-0.36,-168.33,-1.61,-6.37,6.96,-0.44,False,False,False,False,False,False,-0.008,-0.004,True,False,LOW
184.958,,-0.21,-168.15,-1.68,-6.26,7.02,-0.47,False,False,False,False,False,False,-0.009,-0.004,True,False,LOW
