elapsed_seconds,scenario_label,raw_yaw,raw_pitch,raw_roll,yaw,pitch,roll,yaw_suspicious,pitch_suspicious,roll_suspicious,dropout_suspicious,gaze_suspicious,suspicious,gaze_x,gaze_y,gaze_valid,device_detected,risk_level
19.075,,9.0,-172.06,-1.73,-0.09,-0.35,0.17,False,False,False,False,False,False,-0.002,-0.005,True,False,LOW
19.096,,8.86,-171.59,-1.76,-0.1,-0.29,0.17,False,False,False,False,False,False,0.002,-0.007,True,False,LOW
19.187,,8.88,-172.16,-1.81,-0.14,-0.35,0.14,False,False,False,False,False,False,0.002,-0.004,True,False,LOW
19.209,,8.74,-172.2,-1.83,-0.16,-0.37,0.13,False,False,False,False,False,False,0.001,-0.004,True,False,LOW
19.301,,8.87,-172.11,-1.77,-0.18,-0.38,0.13,False,False,False,False,False,False,0.001,-0.006,True,False,LOW
19.323,,8.65,-171.95,-1.81,-0.21,-0.36,0.13,False,False,False,False,False,False,0.0,-0.004,True,False,LOW
19.419,,8.3,-171.92,-1.73,-0.43,-0.3,0.14,False,False,False,False,False,False,-0.001,-0.005,True,False,LOW
19.441,,8.43,-172.08,-1.86,-0.46,-0.31,0.13,False,False,False,False,False,False,0.0,-0.006,True,False,LOW
19.63,,8.66,-172.19,-1.8,-0.44,-0.4,0.11,False,False,False,False,False,False,-0.003,-0.005,True,False,LOW
19.653,,8.1,-172.02,-1.96,-0.51,-0.39,0.09,False,False,False,False,False,False,-0.001,-0.002,True,False,LOW
19.831,,9.26,-171.94,-1.68,-0.15,-0.31,0.16,False,False,False,False,False,False,-0.001,-0.005,True,False,LOW
19.855,,8.54,-172.15,-1.96,-0.2,-0.32,0.13,False,False,False,False,False,False,-0.001,-0.002,True,False,LOW
20.033,,9.1,-171.93,-1.82,-0.09,-0.27,0.1,False,False,False,False,False,False,0.003,-0.007,True,False,LOW
20.056,,8.4,-172.05,-1.77,-0.17,-0.28,0.11,False,False,False,False,False,False,0.007,-0.007,True,False,LOW
20.22,,8.69,-172.22,-1.72,-0.28,-0.4,0.14,False,False,False,False,False,False,0.007,-0.004,True,False,LOW
20.243,,8.39,-172.75,-1.73,-0.34,-0.48,0.15,False,False,False,False,False,False,0.012,-0.006,True,False,LOW
20.431,,8.04,-172.06,-1.61,-0.73,-0.41,0.22,False,False,False,False,False,False,0.015,-0.005,True,False,LOW
20.457,,8.08,-171.35,-1.59,-0.77,-0.3,0.24,False,False,False,False,False,False,0.021,-0.006,True,False,LOW
20.622,,8.23,-171.2,-1.83,-0.81,0.12,0.15,False,False,False,False,False,False,0.018,-0.004,True,False,LOW
20.644,,8.84,-171.61,-1.8,-0.74,0.12,0.15,False,False,False,False,False,False,0.027,-0.006,True,False,LOW
20.829,,9.07,-171.51,-1.77,-0.35,0.16,0.14,False,False,False,False,False,False,0.026,-0.006,True,False,LOW
20.852,,9.11,-172.07,-1.68,-0.3,0.09,0.15,False,False,False,False,False,False,0.03,-0.007,True,False,LOW
21.025,,9.2,-172.1,-1.61,-0.08,-0.16,0.22,False,False,False,False,False,False,0.028,-0.008,True,False,LOW
21.046,,9.02,-172.41,-1.55,-0.08,-0.22,0.24,False,False,False,False,False,False,0.038,0.005,True,False,LOW
21.23,,8.7,-172.59,-1.65,-0.24,-0.58,0.24,False,False,False,False,False,False,0.035,0.007,True,False,LOW
21.254,,9.11,-172.08,-1.48,-0.21,-0.55,0.27,False,False,False,False,False,False,0.042,0.008,True,False,LOW
21.43,,8.88,-172.51,-1.53,-0.21,-0.68,0.32,False,False,False,False,False,False,0.043,0.003,True,False,LOW
21.453,,9.15,-172.0,-1.57,-0.17,-0.63,0.32,False,False,False,False,False,False,0.043,0.002,True,False,LOW
21.631,,9.04,-172.03,-1.44,-0.1,-0.47,0.4,False,False,False,False,False,False,0.044,-0.002,True,False,LOW
21.654,,9.21,-171.15,-1.42,-0.08,-0.33,0.41,False,False,False,False,False,False,0.041,-0.002,True,False,LOW
21.825,,9.04,-171.64,-1.46,-0.06,-0.12,0.42,False,False,False,False,False,False,0.033,-0.007,True,False,LOW
21.847,,9.01,-172.27,-1.44,-0.06,-0.17,0.43,False,False,False,False,False,False,0.035,-0.009,True,False,LOW
22.033,,8.71,-171.38,-1.39,-0.23,0.1,0.47,False,False,False,False,False,False,0.035,-0.007,True,False,LOW
22.057,,8.67,-171.45,-1.44,-0.25,0.12,0.47,False,False,False,False,False,False,0.032,-0.005,True,False,LOW
22.225,,8.43,-171.66,-1.43,-0.46,0.08,0.47,False,False,False,False,False,False,0.032,-0.005,True,False,LOW
22.252,,8.45,-171.37,-1.38,-0.49,0.12,0.48,False,False,False,False,False,False,0.03,-0.007,True,False,LOW
22.43,,8.43,-171.53,-1.47,-0.58,0.15,0.45,False,False,False,False,False,False,0.031,-0.006,True,False,LOW
22.452,,8.49,-171.81,-1.41,-0.58,0.12,0.46,False,False,False,False,False,False,0.037,-0.001,True,False,LOW
22.622,,8.87,-171.79,-1.33,-0.39,0.02,0.52,False,False,False,False,False,False,0.035,-0.003,True,False,LOW
22.646,,9.21,-171.87,-1.34,-0.32,-0.01,0.52,False,False,False,False,False,False,0.042,-0.003,True,False,LOW
22.824,,8.68,-171.69,-1.42,-0.37,0.01,0.5,False,False,False,False,False,False,0.036,-0.004,True,False,LOW
22.848,,8.75,-171.71,-1.44,-0.36,0.01,0.49,False,False,False,False,False,False,0.04,-0.005,True,False,LOW
23.025,,8.96,-171.74,-1.34,-0.24,-0.01,0.53,False,False,False,False,False,False,0.043,-0.002,True,False,LOW
23.05,,8.8,-171.78,-1.3,-0.24,-0.02,0.54,False,False,False,False,False,False,0.044,-0.001,True,False,LOW
23.229,,8.52,-171.64,-1.44,-0.41,0.03,0.5,False,False,False,False,False,False,0.03,-0.006,True,False,LOW
23.255,,9.05,-171.63,-1.56,-0.36,0.03,0.47,False,False,False,False,False,False,0.026,-0.006,True,False,LOW
23.53,,9.14,-171.41,-1.52,-0.1,0.2,0.41,False,False,False,False,False,False,0.021,-0.008,True,False,LOW
23.552,,8.77,-171.28,-1.66,-0.12,0.23,0.39,False,False,False,False,False,False,0.02,-0.007,True,False,LOW
23.655,,9.01,-171.19,-1.7,-0.1,0.35,0.32,False,False,False,False,False,False,0.016,-0.007,True,False,LOW
23.678,,9.12,-171.98,-1.7,-0.09,0.27,0.3,False,False,False,False,False,False,0.019,-0.011,True,False,LOW
23.819,,9.21,-172.64,-1.79,0.01,-0.3,0.21,False,False,False,False,False,False,0.007,0.025,True,False,LOW
23.842,,9.25,-171.83,-1.67,0.03,-0.28,0.21,False,False,False,False,False,False,0.016,-0.007,True,False,LOW
24.046,,8.82,-171.58,-1.65,-0.13,-0.05,0.23,False,False,False,False,False,False,0.017,-0.007,True,False,LOW
25.147,,9.39,-172.03,-1.83,0.25,-0.29,0.09,False,False,False,False,False,False,0.015,-0.006,True,False,LOW
25.246,,9.14,-171.96,-1.77,0.17,-0.27,0.11,False,False,False,False,False,False,0.011,-0.008,True,False,LOW
25.271,,9.33,-171.43,-1.62,0.18,-0.2,0.13,False,False,False,False,False,False,0.026,-0.01,True,False,LOW
25.371,,9.31,-171.86,-1.78,0.2,-0.18,0.13,False,False,False,False,False,False,0.022,-0.003,True,False,LOW
25.396,,9.36,-171.94,-1.69,0.21,-0.19,0.14,False,False,False,False,False,False,0.024,-0.007,True,False,LOW
25.507,,9.23,-171.93,-1.72,0.18,-0.2,0.15,False,False,False,False,False,False,0.025,-0.007,True,False,LOW
25.53,,9.45,-172.06,-1.71,0.21,-0.22,0.16,False,False,False,False,False,False,0.033,-0.01,True,False,LOW
25.715,,9.6,-171.72,-1.65,0.37,-0.11,0.21,False,False,False,False,False,False,0.034,-0.008,True,False,LOW
25.739,,9.29,-172.21,-1.84,0.35,-0.16,0.19,False,False,False,False,False,False,0.016,0.009,True,False,LOW
25.908,,9.03,-170.91,-1.74,0.14,0.34,0.17,False,False,False,False,False,False,0.014,0.008,True,False,LOW
25.933,,9.17,-171.34,-1.8,0.13,0.34,0.16,False,False,False,False,False,False,0.026,0.011,True,False,LOW
26.131,,9.07,-172.48,-1.75,0.05,-0.28,0.16,False,False,False,False,False,False,0.029,0.01,True,False,LOW
26.155,,9.16,-171.76,-1.46,0.05,-0.25,0.19,False,False,False,False,False,False,0.034,0.001,True,False,LOW
26.314,,8.96,-172.13,-1.55,-0.04,-0.33,0.27,False,False,False,False,False,False,0.032,-0.002,True,False,LOW
26.34,,9.55,-170.93,-1.43,0.04,-0.17,0.3,False,False,False,False,False,False,0.023,-0.003,True,False,LOW
26.535,,9.32,-171.35,-1.59,0.15,0.12,0.31,False,False,False,False,False,False,0.022,-0.001,True,False,LOW
26.559,,9.54,-170.77,-1.69,0.19,0.24,0.29,False,False,False,False,False,False,0.025,-0.002,True,False,LOW
26.716,,9.12,-170.54,-1.6,0.11,0.71,0.3,False,False,False,False,False,False,0.018,-0.009,True,False,LOW
26.74,,9.44,-170.72,-1.68,0.14,0.75,0.29,False,False,False,False,False,False,0.019,0.001,True,False,LOW
26.925,,9.51,-171.35,-1.79,0.3,0.54,0.19,False,False,False,False,False,False,0.019,-0.003,True,False,LOW
26.947,,9.39,-171.19,-1.88,0.3,0.54,0.17,False,False,False,False,False,False,0.021,-0.001,True,False,LOW
27.127,,9.91,-171.57,-1.93,0.58,0.33,0.06,False,False,False,False,False,False,0.024,0.001,True,False,LOW
27.149,,9.4,-171.19,-1.87,0.55,0.35,0.06,False,False,False,False,False,False,0.025,-0.002,True,False,LOW
27.321,,9.67,-171.8,-1.89,0.57,0.12,0.03,False,False,False,False,False,False,0.02,0.004,True,False,LOW
27.344,,9.45,-171.69,-2.02,0.54,0.11,0.01,False,False,False,False,False,False,0.023,0.001,True,False,LOW
27.528,,9.41,-171.04,-2.1,0.42,0.41,-0.1,False,False,False,False,False,False,0.022,-0.001,True,False,LOW
27.551,,9.54,-171.3,-2.06,0.43,0.41,-0.11,False,False,False,False,False,False,0.026,-0.003,True,False,LOW
27.735,,9.66,-171.36,-2.14,0.51,0.38,-0.18,False,False,False,False,False,False,0.033,-0.004,True,False,LOW
27.761,,9.45,-171.31,-2.09,0.49,0.38,-0.18,False,False,False,False,False,False,0.034,-0.004,True,False,LOW
27.917,,9.66,-171.45,-1.97,0.53,0.32,-0.13,False,False,False,False,False,False,0.034,-0.003,True,False,LOW
27.962,,9.58,-171.19,-1.84,0.52,0.36,-0.09,False,False,False,False,False,False,0.035,-0.003,True,False,LOW
28.124,,9.45,-170.71,-2.01,0.44,0.69,-0.1,False,False,False,False,False,False,0.034,-0.0,True,False,LOW
28.146,,9.89,-171.9,-2.47,0.49,0.58,-0.16,False,False,False,False,False,False,-0.008,0.032,True,False,LOW
28.329,,9.7,-171.55,-1.99,0.56,0.35,-0.12,False,False,False,False,False,False,0.039,0.008,True,False,LOW
28.36,,9.99,-171.42,-1.99,0.61,0.34,-0.12,False,False,False,False,False,False,0.044,0.004,True,False,LOW
28.523,,10.25,-170.76,-1.96,0.9,0.65,-0.09,False,False,False,False,False,False,0.029,-0.002,True,False,LOW
28.546,,9.93,-169.99,-2.21,0.89,0.79,-0.12,False,False,False,False,False,False,-0.009,-0.002,True,False,LOW
28.716,,10.76,-170.29,-1.94,1.3,1.12,-0.08,False,False,False,False,False,False,-0.001,-0.009,True,False,LOW
28.74,,9.78,-170.51,-2.26,1.22,1.13,-0.11,False,False,False,False,False,False,-0.003,-0.004,True,False,LOW
28.922,,10.38,-170.49,-2.19,1.26,1.18,-0.21,False,False,False,False,False,False,0.002,-0.01,True,False,LOW
28.945,,9.67,-170.51,-2.07,1.17,1.18,-0.2,False,False,False,False,False,False,0.036,0.004,True,False,LOW
29.113,,9.98,-171.81,-2.03,1.03,0.52,-0.17,False,False,False,False,False,False,0.038,0.002,True,False,LOW
29.135,,9.41,-171.61,-1.87,0.94,0.47,-0.14,False,False,False,False,False,False,0.042,0.005,True,False,LOW
29.319,,10.33,-171.65,-1.71,1.1,0.25,0.04,False,False,False,False,False,False,0.043,0.003,True,False,LOW
29.343,,9.9,-170.67,-1.63,1.07,0.35,0.07,False,False,False,False,False,False,0.041,0.0,True,False,LOW
29.536,,9.79,-170.52,-1.6,0.87,0.81,0.2,False,False,False,False,False,False,0.04,-0.003,True,False,LOW
29.56,,9.65,-170.42,-1.7,0.83,0.88,0.2,False,False,False,False,False,False,0.038,-0.003,True,False,LOW
29.733,,9.26,-170.36,-1.66,0.48,1.13,0.22,False,False,False,False,False,False,0.041,-0.002,True,False,LOW
29.762,,9.47,-170.37,-1.6,0.47,1.16,0.23,False,False,False,False,False,False,0.04,-0.003,True,False,LOW
29.916,,9.52,-169.98,-1.64,0.45,1.44,0.25,False,False,False,False,False,False,0.043,-0.003,True,False,LOW
29.939,,9.4,-169.99,-1.67,0.43,1.48,0.24,False,False,False,False,False,False,0.044,-0.002,True,False,LOW
30.122,,9.92,-169.55,-1.69,0.65,1.85,0.23,False,False,False,False,False,False,0.027,-0.004,True,False,LOW
30.144,,9.68,-170.83,-1.67,0.64,1.73,0.23,False,False,False,False,False,False,0.016,-0.009,True,False,LOW
30.316,,9.54,-170.28,-1.98,0.54,1.57,0.07,False,False,False,False,False,False,-0.008,-0.004,True,False,LOW
30.34,,9.63,-169.79,-2.05,0.54,1.62,0.04,False,False,False,False,False,False,-0.006,-0.005,True,False,LOW
30.527,,9.65,-170.54,-2.06,0.56,1.38,-0.07,False,False,False,False,False,False,0.009,0.001,True,False,LOW
30.55,,9.71,-170.26,-2.04,0.56,1.39,-0.08,False,False,False,False,False,False,0.01,0.0,True,False,LOW
30.714,,9.73,-170.44,-2.04,0.61,1.33,-0.11,False,False,False,False,False,False,0.015,-0.001,True,False,LOW
30.736,,9.65,-171.21,-1.95,0.6,1.22,-0.1,False,False,False,False,False,False,0.002,0.029,True,False,LOW
30.929,,9.52,-170.87,-1.83,0.51,1.01,-0.01,False,False,False,False,False,False,0.052,0.006,True,False,LOW
30.952,,9.93,-170.52,-1.72,0.55,1.03,0.02,False,False,False,False,False,False,0.052,0.001,True,False,LOW
31.121,,9.71,-171.22,-1.82,0.59,0.75,0.05,False,False,False,False,False,False,0.047,0.001,True,False,LOW
31.143,,9.33,-171.44,-2.04,0.55,0.69,0.03,False,False,False,False,False,False,0.033,0.002,True,False,LOW
31.325,,10.66,-171.05,-2.13,1.1,0.67,-0.11,False,False,False,False,False,False,0.041,0.007,True,False,LOW
31.348,,10.28,-171.46,-2.13,1.11,0.62,-0.13,False,False,False,False,False,False,0.045,0.0,True,False,LOW
31.517,,10.0,-172.5,-1.6,1.01,-0.12,0.09,False,False,False,False,False,False,0.05,0.005,True,False,LOW
31.539,,7.48,-171.72,-1.2,0.67,-0.11,0.17,False,False,False,False,False,False,0.047,-0.002,True,False,LOW
31.725,,5.97,-172.68,-1.56,-1.48,-0.58,0.26,False,False,False,False,False,False,0.04,0.008,True,False,LOW
31.748,,6.71,-172.58,-1.0,-1.61,-0.62,0.35,False,False,False,False,False,False,0.037,0.008,True,False,LOW
31.917,,5.38,-172.29,-1.42,-2.74,-0.6,0.42,False,False,False,False,False,False,0.029,0.006,True,False,LOW
31.94,,5.44,-172.84,-1.82,-2.87,-0.67,0.37,False,False,False,False,False,False,0.043,0.009,True,False,LOW
32.135,,5.69,-170.94,-1.13,-3.17,0.13,0.59,False,False,False,False,False,False,0.042,0.009,True,False,LOW
32.159,,5.0,-170.63,-1.27,-3.3,0.26,0.6,False,False,False,False,False,False,0.044,0.013,True,False,LOW
32.325,,6.02,-171.35,-1.12,-3.18,0.31,0.69,False,False,False,False,False,False,0.051,0.004,True,False,LOW
32.347,,4.66,-172.28,-1.22,-3.34,0.2,0.69,False,False,False,False,False,False,0.038,0.006,True,False,LOW
32.533,,5.19,-172.55,-1.04,-3.65,-0.37,0.78,False,False,False,False,False,False,0.035,0.008,True,False,LOW
32.556,,5.53,-172.93,-1.06,-3.63,-0.48,0.79,False,False,False,False,False,False,0.04,0.008,True,False,LOW
32.73,,5.06,-172.86,-1.11,-3.84,-0.84,0.79,False,False,False,False,False,False,0.052,0.011,True,False,LOW
32.753,,5.71,-173.36,-0.92,-3.78,-0.94,0.81,False,False,False,False,False,False,0.063,0.003,True,False,LOW
32.944,,5.89,-171.44,-0.8,-3.46,-0.28,0.97,False,False,False,False,False,False,0.061,0.005,True,False,LOW
32.969,,5.87,-171.68,-0.99,-3.43,-0.24,0.96,False,False,False,False,False,False,0.059,0.003,True,False,LOW
33.118,,6.57,-171.97,-1.19,-2.98,-0.25,0.84,False,False,False,False,False,False,0.058,0.009,True,False,LOW
33.142,,6.62,-171.72,-1.12,-2.91,-0.22,0.83,False,False,False,False,False,False,0.054,0.004,True,False,LOW
33.327,,6.87,-171.71,-1.13,-2.53,-0.1,0.8,False,False,False,False,False,False,0.064,0.003,True,False,LOW
33.35,,6.48,-170.77,-0.99,-2.54,0.04,0.81,False,False,False,False,False,False,0.066,-0.001,True,False,LOW
33.516,,6.36,-170.92,-0.8,-2.64,0.43,0.96,False,False,False,False,False,False,0.061,0.007,True,False,LOW
33.538,,5.93,-171.35,-0.83,-2.7,0.42,0.97,False,False,False,False,False,False,0.055,0.004,True,False,LOW
33.726,,6.17,-169.91,-0.77,-2.82,1.18,1.06,False,False,False,False,False,False,0.057,0.003,True,False,LOW
33.749,,6.25,-170.51,-0.67,-2.82,1.18,1.08,False,False,False,False,False,False,0.003,0.062,False,False,LOW
33.913,,6.44,-169.25,-1.25,-2.73,1.85,0.86,False,False,False,False,False,False,-0.026,0.004,True,False,LOW
33.937,,6.24,-170.23,-1.28,-2.75,1.8,0.83,False,False,False,False,False,False,-0.032,-0.001,True,False,LOW
34.124,,6.55,-170.07,-1.35,-2.63,1.71,0.68,False,False,False,False,False,False,-0.039,0.0,True,False,LOW
34.146,,6.83,-170.51,-1.36,-2.59,1.65,0.66,False,False,False,False,False,False,-0.034,-0.001,True,False,LOW
34.316,,6.54,-170.77,-1.51,-2.56,1.28,0.52,False,False,False,False,False,False,-0.034,-0.002,True,False,LOW
34.34,,6.47,-170.73,-1.56,-2.57,1.24,0.5,False,False,False,False,False,False,-0.036,-0.002,True,False,LOW
34.523,,6.68,-170.84,-1.62,-2.48,1.04,0.38,False,False,False,False,False,False,-0.036,-0.002,True,False,LOW
34.546,,6.5,-170.27,-1.47,-2.5,1.09,0.39,False,False,False,False,False,False,-0.033,-0.001,True,False,LOW
34.714,,6.32,-170.42,-1.49,-2.63,1.19,0.4,False,False,False,False,False,False,-0.032,-0.002,True,False,LOW
34.736,,6.35,-170.43,-1.5,-2.65,1.2,0.4,False,False,False,False,False,False,-0.03,-0.002,True,False,LOW
34.928,,6.2,-170.33,-1.61,-2.78,1.3,0.34,False,False,False,False,False,False,-0.03,-0.002,True,False,LOW
34.95,,6.47,-170.23,-1.57,-2.76,1.32,0.34,False,False,False,False,False,False,-0.03,-0.003,True,False,LOW
35.119,,5.93,-170.72,-1.48,-2.96,1.15,0.38,False,False,False,False,False,False,-0.04,0.009,True,False,LOW
35.142,,5.48,-171.15,-1.53,-3.05,1.07,0.38,False,False,False,False,False,False,-0.039,0.009,True,False,LOW
35.327,,5.93,-170.91,-1.58,-3.11,0.93,0.35,False,False,False,False,False,False,-0.036,0.008,True,False,LOW
35.352,,5.85,-170.66,-1.57,-3.12,0.94,0.34,False,False,False,False,False,False,-0.035,0.006,True,False,LOW
35.518,,5.51,-170.68,-1.6,-3.36,0.99,0.32,False,False,False,False,False,False,-0.035,0.006,True,False,LOW
35.542,,5.71,-171.11,-1.62,-3.36,0.94,0.32,False,False,False,False,False,False,-0.035,0.004,True,False,LOW
35.71,,6.16,-171.87,-1.73,-3.14,0.36,0.24,False,False,False,False,False,False,-0.036,0.005,True,False,LOW
35.74,,6.01,-171.88,-1.78,-3.13,0.28,0.22,False,False,False,False,False,False,-0.032,0.005,True,False,LOW
35.919,,5.67,-170.55,-1.52,-3.28,0.74,0.31,False,False,False,False,False,False,-0.045,0.034,True,False,LOW
35.943,,5.69,-170.29,-1.5,-3.29,0.84,0.32,False,False,False,False,False,False,-0.015,0.003,True,False,LOW
36.11,,5.67,-170.82,-1.53,-3.36,0.86,0.34,False,False,False,False,False,False,-0.014,-0.005,True,False,LOW
36.141,,5.67,-170.98,-1.35,-3.37,0.84,0.38,False,False,False,False,False,False,0.049,0.004,True,False,LOW
36.317,,5.32,-171.02,-1.13,-3.58,0.76,0.59,False,False,False,False,False,False,0.045,0.007,True,False,LOW
36.339,,5.25,-170.98,-1.2,-3.61,0.76,0.6,False,False,False,False,False,False,0.051,0.006,True,False,LOW
36.515,,5.26,-170.53,-1.12,-3.72,0.98,0.69,False,False,False,False,False,False,0.044,0.005,True,False,LOW
36.54,,5.25,-171.31,-1.26,-3.74,0.9,0.69,False,False,False,False,False,False,0.045,0.005,True,False,LOW
36.719,,5.19,-171.01,-1.26,-3.82,0.79,0.66,False,False,False,False,False,False,0.051,0.003,True,False,LOW
36.742,,5.36,-171.13,-1.23,-3.81,0.77,0.66,False,False,False,False,False,False,0.056,0.002,True,False,LOW
36.912,,5.53,-171.66,-1.21,-3.68,0.39,0.68,False,False,False,False,False,False,0.061,-0.001,True,False,LOW
36.939,,5.94,-171.36,-1.37,-3.6,0.39,0.66,False,False,False,False,False,False,0.045,0.004,True,False,LOW
37.119,,5.57,-171.28,-1.44,-3.55,0.41,0.55,False,False,False,False,False,False,0.045,0.005,True,False,LOW
37.143,,6.05,-171.2,-1.31,-3.49,0.42,0.56,False,False,False,False,False,False,0.04,0.0,True,False,LOW
37.31,,5.89,-171.41,-1.37,-3.34,0.36,0.54,False,False,False,False,False,False,0.041,0.003,True,False,LOW
37.34,,5.64,-170.86,-1.41,-3.35,0.44,0.53,False,False,False,False,False,False,0.03,0.001,True,False,LOW
37.521,,5.64,-170.98,-1.48,-3.4,0.59,0.47,False,False,False,False,False,False,0.031,0.001,True,False,LOW
37.546,,5.97,-170.69,-1.54,-3.36,0.65,0.46,False,False,False,False,False,False,0.005,-0.001,True,False,LOW
37.714,,5.78,-169.82,-1.53,-3.33,1.3,0.41,False,False,False,False,False,False,0.006,-0.001,True,False,LOW
37.74,,5.7,-169.79,-1.57,-3.34,1.39,0.4,False,False,False,False,False,False,0.01,0.008,True,False,LOW
37.921,,5.57,-169.92,-1.46,-3.43,1.61,0.42,False,False,False,False,False,False,0.003,0.004,True,False,LOW
37.944,,5.85,-170.36,-1.5,-3.41,1.57,0.42,False,False,False,False,False,False,0.004,0.004,True,False,LOW
38.112,,5.74,-170.44,-1.61,-3.38,1.42,0.35,False,False,False,False,False,False,0.005,0.002,True,False,LOW
38.142,,5.7,-170.05,-1.49,-3.38,1.46,0.36,False,False,False,False,False,False,0.003,0.019,True,False,LOW
38.322,,5.58,-170.21,-1.57,-3.45,1.48,0.34,False,False,False,False,False,False,-0.006,0.013,True,False,LOW
38.348,,5.83,-170.28,-1.62,-3.42,1.47,0.34,False,False,False,False,False,False,0.003,0.011,True,False,LOW
38.514,,6.14,-170.36,-1.57,-3.18,1.41,0.33,False,False,False,False,False,False,0.005,0.01,True,False,LOW
38.541,,5.96,-170.53,-1.6,-3.17,1.38,0.33,False,False,False,False,False,False,0.007,0.01,True,False,LOW
38.72,,5.78,-170.47,-1.52,-3.24,1.3,0.36,False,False,False,False,False,False,0.008,0.011,True,False,LOW
38.743,,5.58,-170.86,-1.5,-3.27,1.25,0.36,False,False,False,False,False,False,0.006,0.009,True,False,LOW
38.91,,5.68,-171.07,-1.45,-3.34,0.93,0.41,False,False,False,False,False,False,0.006,0.008,True,False,LOW
38.939,,5.32,-171.18,-1.54,-3.41,0.87,0.4,False,False,False,False,False,False,0.004,0.01,True,False,LOW
39.12,,5.77,-171.3,-1.58,-3.36,0.62,0.36,False,False,False,False,False,False,0.006,0.01,True,False,LOW
39.142,,6.13,-170.7,-1.44,-3.31,0.67,0.37,False,False,False,False,False,False,0.006,0.004,True,False,LOW
39.314,,5.96,-171.28,-1.55,-3.21,0.54,0.36,False,False,False,False,False,False,0.004,0.003,True,False,LOW
39.34,,6.34,-171.28,-1.61,-3.15,0.53,0.35,False,False,False,False,False,False,0.005,0.006,True,False,LOW
39.518,,5.8,-170.56,-1.57,-3.22,0.86,0.34,False,False,False,False,False,False,0.005,0.008,True,False,LOW
39.542,,5.68,-170.9,-1.61,-3.24,0.85,0.33,False,False,False,False,False,False,0.004,0.008,True,False,LOW
39.713,,5.82,-170.96,-1.59,-3.25,0.8,0.32,False,False,False,False,False,False,0.006,0.009,True,False,LOW
39.74,,5.7,-171.58,-1.66,-3.27,0.7,0.31,False,False,False,False,False,False,0.004,0.007,True,False,LOW
39.921,,5.82,-171.53,-1.61,-3.27,0.42,0.3,False,False,False,False,False,False,0.004,0.006,True,False,LOW
39.944,,5.66,-171.16,-1.58,-3.29,0.44,0.3,False,False,False,False,False,False,0.006,0.008,True,False,LOW
40.124,,5.54,-171.19,-1.53,-3.43,0.48,0.34,False,False,False,False,False,False,0.008,0.007,True,False,LOW
40.146,,5.6,-170.82,-1.36,-3.43,0.53,0.36,False,False,False,False,False,False,0.051,-0.0,True,False,LOW
40.328,,5.82,-171.18,-1.29,-3.34,0.53,0.5,False,False,False,False,False,False,0.05,0.003,True,False,LOW
40.352,,6.38,-171.27,-1.26,-3.26,0.52,0.51,False,False,False,False,False,False,0.048,0.002,True,False,LOW
40.52,,5.81,-168.44,-1.04,-3.27,1.97,0.69,False,False,False,False,False,False,0.043,0.002,True,False,LOW
40.543,,7.39,-163.02,-1.37,-3.06,3.04,0.67,False,False,False,False,False,False,0.012,0.006,True,False,LOW
40.844,,7.74,-156.63,-1.27,-1.92,11.58,0.64,False,True,False,False,False,True,0.005,0.001,True,False,LOW
40.866,,5.32,-153.17,-1.93,-2.15,12.79,0.56,False,True,False,False,False,True,-0.006,-0.014,True,False,LOW
40.979,,3.19,-150.54,-2.09,-3.8,17.14,0.24,False,True,False,False,False,True,-0.012,-0.017,True,False,LOW
41.001,,1.71,-147.92,-2.06,-4.32,18.42,0.19,False,True,False,False,False,True,0.011,-0.017,True,False,LOW
41.118,,-1.13,-145.21,-3.39,-7.19,22.81,-0.55,False,True,False,False,False,True,0.002,0.017,True,False,LOW
41.14,,-0.5,-145.25,-3.36,-7.56,23.5,-0.67,False,True,False,False,False,True,0.003,0.009,True,False,LOW
41.308,,-0.74,-144.74,-2.78,-8.83,25.57,-0.78,False,True,False,False,False,True,-0.014,-0.005,True,False,LOW
41.341,,-0.41,-145.57,-2.56,-8.97,25.7,-0.76,False,True,False,False,False,True,-0.007,-0.01,True,False,LOW
41.514,,-0.86,-145.33,-2.82,-9.5,26.08,-0.84,False,True,False,False,False,True,-0.019,-0.012,True,False,LOW
41.539,,-0.7,-145.82,-2.83,-9.54,26.05,-0.86,False,True,False,False,False,True,-0.014,-0.013,True,False,LOW
41.709,,-0.31,-145.44,-2.75,-9.47,26.17,-0.85,False,True,False,False,False,True,-0.013,-0.009,True,False,LOW
41.74,,-0.18,-145.91,-2.71,-9.43,26.11,-0.85,False,True,False,False,False,True,-0.01,-0.025,True,False,LOW
41.916,,-0.19,-146.71,-2.42,-9.35,25.52,-0.67,False,True,False,False,False,True,-0.008,-0.026,True,False,LOW
41.939,,0.17,-146.96,-2.24,-9.29,25.42,-0.63,False,True,False,False,False,True,-0.005,-0.031,True,False,LOW
42.111,,0.35,-146.02,-2.11,-9.0,25.56,-0.41,False,True,False,False,False,True,-0.006,-0.03,True,False,LOW
42.139,,0.62,-146.2,-2.18,-8.92,25.55,-0.39,False,True,False,False,False,True,-0.015,-0.002,True,False,LOW
42.317,,0.89,-145.55,-1.87,-8.53,25.88,-0.17,False,True,False,False,True,True,-0.02,0.07,True,False,LOW
42.341,,0.69,-146.01,-1.86,-8.51,25.85,-0.14,False,True,False,False,True,True,-0.01,0.057,True,False,LOW
42.51,,-0.21,-146.33,-2.15,-8.92,25.61,-0.2,False,True,False,False,True,True,-0.011,0.051,True,False,LOW
42.541,,-0.53,-146.57,-2.15,-9.03,25.53,-0.21,False,True,False,False,True,True,-0.008,0.038,True,False,LOW
42.72,,-0.63,-146.76,-2.07,-9.4,25.22,-0.19,False,True,False,False,False,True,-0.011,0.024,True,False,LOW
42.743,,-0.61,-146.54,-2.31,-9.44,25.21,-0.21,False,True,False,False,False,True,-0.015,0.029,True,False,LOW
42.911,,-0.7,-146.63,-2.32,-9.62,25.14,-0.32,False,True,False,False,False,True,-0.017,0.031,True,False,LOW
42.94,,-0.41,-146.73,-2.35,-9.6,25.12,-0.34,False,True,False,False,False,True,-0.014,0.028,True,False,LOW
43.121,,-0.49,-146.65,-2.39,-9.59,25.09,-0.42,False,True,False,False,False,True,-0.024,0.026,True,False,MODERATE
43.144,,-0.59,-147.08,-2.35,-9.6,25.03,-0.42,False,True,False,False,False,True,-0.017,0.007,True,False,MODERATE
43.311,,-0.29,-146.92,-2.21,-9.48,24.91,-0.37,False,True,False,False,False,True,-0.016,0.006,True,False,MODERATE
43.34,,-0.49,-146.95,-2.29,-9.5,24.88,-0.37,False,True,False,False,False,True,-0.019,0.004,True,False,MODERATE
43.519,,-0.44,-147.31,-2.21,-9.51,24.62,-0.34,False,True,False,False,False,True,-0.018,0.005,True,False,MODERATE
43.544,,-0.1,-147.02,-2.14,-9.47,24.63,-0.33,False,True,False,False,False,True,-0.019,0.007,True,False,MODERATE
43.715,,-0.37,-146.92,-2.25,-9.46,24.71,-0.34,False,True,False,False,False,True,-0.021,-0.002,True,False,MODERATE
43.741,,-0.17,-147.06,-2.27,-9.43,24.71,-0.34,False,True,False,False,False,True,-0.021,-0.007,True,False,MODERATE
43.919,,-0.48,-147.19,-2.31,-9.5,24.61,-0.38,False,True,False,False,False,True,-0.017,-0.008,True,False,MODERATE
44.599,,-5.93,-161.04,-1.72,-14.01,13.08,0.07,False,True,False,False,False,True,0.002,0.006,True,False,MODERATE
44.731,,-6.2,-165.06,-1.68,-14.6,9.85,0.14,False,False,False,False,False,False,0.009,-0.001,True,False,MODERATE
44.754,,-8.38,-164.69,-1.73,-15.0,9.42,0.14,False,False,False,False,False,False,0.028,0.001,True,False,MODERATE
44.916,,-8.92,-165.33,-1.9,-16.62,7.73,0.07,False,False,False,False,False,False,0.032,0.005,True,False,MODERATE
44.94,,-8.75,-165.66,-2.0,-16.8,7.47,0.05,False,False,False,False,False,False,0.032,0.009,True,False,MODERATE
45.121,,-8.93,-165.67,-2.1,-17.48,6.66,-0.08,False,False,False,False,False,False,0.04,0.002,True,False,MODERATE
45.148,,-8.52,-165.55,-2.35,-17.5,6.58,-0.14,False,False,False,False,False,False,0.03,0.003,True,False,MODERATE
45.314,,-7.73,-165.65,-2.08,-17.14,6.3,-0.16,False,False,False,False,False,False,0.028,0.006,True,False,MODERATE
45.339,,-8.14,-166.35,-1.97,-17.16,6.16,-0.15,False,False,False,False,False,False,0.028,0.004,True,False,MODERATE
45.519,,-7.24,-165.67,-1.76,-16.71,6.1,0.01,False,False,False,False,False,False,0.026,0.003,True,False,MODERATE
45.541,,-7.63,-166.47,-1.98,-16.71,5.99,-0.01,False,False,False,False,False,False,0.024,0.011,True,False,MODERATE
45.714,,-7.3,-165.91,-2.12,-16.54,5.89,-0.12,False,False,False,False,False,False,0.022,0.011,True,False,MODERATE
45.738,,-7.25,-166.51,-2.08,-16.52,5.8,-0.13,False,False,False,False,False,False,0.029,0.004,True,False,MODERATE
45.924,,-6.67,-166.15,-2.1,-16.1,5.67,-0.17,False,False,False,False,False,False,0.022,0.007,True,False,MODERATE
45.95,,-6.63,-165.92,-2.04,-16.04,5.68,-0.16,False,False,False,False,False,False,0.02,0.004,True,False,MODERATE
46.115,,-5.98,-166.08,-1.88,-15.54,5.66,-0.07,False,False,False,False,False,False,0.022,0.002,True,False,MODERATE
46.139,,-6.13,-165.97,-1.91,-15.49,5.67,-0.06,False,False,False,False,False,False,0.023,0.004,True,False,MODERATE
46.318,,-5.94,-165.56,-1.92,-15.24,5.92,-0.04,False,False,False,False,False,False,0.02,0.0,True,False,MODERATE
46.342,,-5.29,-165.45,-1.92,-15.12,5.97,-0.04,False,False,False,False,False,False,0.021,0.001,True,False,MODERATE
46.511,,-5.34,-165.33,-1.88,-14.76,6.18,-0.01,False,False,False,False,False,False,0.022,0.004,True,False,MODERATE
46.534,,-4.95,-165.35,-1.81,-14.66,6.21,0.0,False,False,False,False,False,False,0.029,0.004,True,False,MODERATE
46.719,,-4.4,-165.25,-1.61,-14.01,6.34,0.16,False,False,False,False,False,False,0.026,0.005,True,False,MODERATE
46.744,,-4.72,-165.22,-1.64,-13.98,6.36,0.17,False,False,False,False,False,False,0.021,0.004,True,False,MODERATE
46.912,,-4.28,-165.24,-1.87,-13.66,6.42,0.1,False,False,False,False,False,False,0.019,0.001,True,False,MODERATE
46.936,,-4.34,-164.62,-2.24,-13.63,6.51,0.04,False,False,False,False,False,False,-0.032,-0.004,True,False,MODERATE
47.122,,-4.7,-164.81,-2.31,-13.71,6.72,-0.2,False,False,False,False,False,False,-0.025,-0.011,True,False,MODERATE
47.145,,-4.15,-164.82,-2.32,-13.65,6.74,-0.23,False,False,False,False,False,False,-0.023,-0.008,True,False,MODERATE
47.311,,-4.19,-167.37,-1.9,-13.46,5.49,-0.11,False,False,False,False,False,False,-0.031,0.003,True,False,MODERATE
47.336,,-5.72,-169.0,-2.0,-13.64,5.07,-0.11,False,False,False,False,False,False,-0.027,0.002,True,False,MODERATE
47.519,,-6.58,-172.15,-1.96,-14.75,1.9,-0.08,False,False,False,False,False,False,-0.029,0.007,True,False,MODERATE
47.543,,-6.55,-173.15,-1.73,-14.88,1.36,-0.05,False,False,False,False,False,False,-0.016,-0.004,True,False,MODERATE
47.715,,-5.88,-173.43,-1.67,-14.92,-0.38,0.1,False,False,False,False,False,False,-0.012,-0.007,True,False,MODERATE
47.744,,-5.01,-171.63,-1.96,-14.8,-0.3,0.07,False,False,False,False,False,False,-0.015,-0.01,True,False,MODERATE
47.917,,-4.12,-171.2,-1.91,-13.95,0.13,0.03,False,False,False,False,False,False,-0.012,-0.011,True,False,MODERATE
47.939,,-4.24,-171.18,-1.91,-13.87,0.18,0.02,False,False,False,False,False,False,-0.016,0.015,True,False,MODERATE
48.125,,-3.89,-170.78,-1.73,-13.38,0.59,0.1,False,False,False,False,False,False,-0.016,0.009,True,False,MODERATE
48.151,,-2.88,-170.98,-1.89,-13.17,0.61,0.09,False,False,False,False,False,False,-0.015,0.001,True,False,MODERATE
48.328,,-2.94,-171.46,-2.07,-12.55,0.42,-0.05,False,False,False,False,False,False,-0.014,-0.006,True,False,MODERATE
48.353,,-2.83,-170.65,-2.36,-12.46,0.51,-0.1,False,False,False,False,False,False,-0.013,-0.002,True,False,MODERATE
48.519,,-3.25,-171.97,-2.29,-12.39,0.11,-0.25,False,False,False,False,False,False,-0.016,-0.004,True,False,MODERATE
48.541,,-3.54,-172.35,-2.19,-12.42,0.02,-0.26,False,False,False,False,False,False,-0.018,-0.004,True,False,LOW
48.727,,-2.99,-172.85,-2.3,-12.23,-0.62,-0.33,False,False,False,False,False,False,-0.011,0.001,True,False,LOW
48.75,,-2.61,-173.2,-2.4,-12.16,-0.73,-0.36,False,False,False,False,False,False,-0.01,-0.002,True,False,LOW
48.918,,-3.31,-174.09,-2.45,-12.28,-1.61,-0.46,False,False,False,False,False,False,-0.021,0.003,True,False,LOW
48.942,,-3.36,-174.2,-2.39,-12.3,-1.73,-0.46,False,False,False,False,False,False,-0.021,0.004,True,False,LOW
49.115,,-2.94,-174.54,-2.43,-12.16,-2.32,-0.5,False,False,False,False,False,False,-0.019,0.007,True,False,LOW
49.137,,-2.11,-174.09,-2.45,-12.04,-2.33,-0.5,False,False,False,False,False,False,-0.021,0.008,True,False,LOW
49.311,,-2.3,-173.67,-2.33,-11.69,-2.13,-0.46,False,False,False,False,False,False,-0.027,0.011,True,False,LOW
49.335,,-2.54,-173.99,-2.16,-11.68,-2.15,-0.44,False,False,False,False,False,False,0.026,0.013,True,False,LOW
49.515,,-2.3,-174.26,-2.05,-11.52,-2.37,-0.28,False,False,False,False,False,False,0.025,0.01,True,False,LOW
49.539,,-1.82,-174.25,-2.01,-11.44,-2.39,-0.26,False,False,False,False,False,False,0.028,0.011,True,False,LOW
49.708,,-1.38,-173.93,-1.94,-10.93,-2.3,-0.15,False,False,False,False,False,False,0.031,0.009,True,False,LOW
49.733,,-1.56,-174.19,-2.05,-10.89,-2.33,-0.15,False,False,False,False,False,False,0.031,0.009,True,False,LOW
49.915,,-1.47,-173.87,-1.98,-10.71,-2.24,-0.11,False,False,False,False,False,False,0.031,0.008,True,False,LOW
49.938,,-1.11,-173.77,-1.9,-10.64,-2.21,-0.1,False,False,False,False,False,False,0.027,0.011,True,False,LOW
50.109,,-1.24,-173.77,-2.02,-10.47,-2.13,-0.11,False,False,False,False,False,False,0.025,0.01,True,False,LOW
50.133,,-0.99,-173.36,-1.98,-10.42,-2.07,-0.11,False,False,False,False,False,False,0.026,0.011,True,False,LOW
50.315,,-1.3,-173.34,-2.01,-10.4,-1.83,-0.11,False,False,False,False,False,False,0.04,0.012,True,False,LOW
50.338,,-1.2,-173.41,-2.0,-10.39,-1.82,-0.11,False,False,False,False,False,False,0.042,0.011,True,False,LOW
50.51,,-1.05,-173.08,-1.99,-10.25,-1.58,-0.1,False,False,False,False,False,False,0.029,0.014,True,False,LOW
50.535,,-1.28,-173.24,-1.99,-10.27,-1.57,-0.1,False,False,False,False,False,False,0.03,0.012,True,False,LOW
50.717,,-0.99,-173.39,-2.05,-10.17,-1.63,-0.13,False,False,False,False,False,False,-0.012,0.018,True,False,LOW
50.739,,-1.14,-173.64,-2.02,-10.17,-1.67,-0.12,False,False,False,False,False,False,-0.011,0.019,True,False,LOW
50.91,,-0.54,-173.73,-2.01,-9.89,-1.85,-0.12,False,False,False,False,False,False,-0.007,0.016,True,False,LOW
50.933,,-0.83,-173.05,-1.97,-9.89,-1.79,-0.11,False,False,False,False,False,False,-0.008,0.018,True,False,LOW
51.117,,-0.94,-173.4,-2.11,-9.96,-1.73,-0.16,False,False,False,False,False,False,-0.007,0.017,True,False,LOW
51.139,,-1.17,-173.0,-1.87,-10.0,-1.68,-0.14,False,False,False,False,False,False,0.023,0.015,True,False,LOW
51.309,,-1.13,-172.86,-1.95,-10.11,-1.4,-0.09,False,False,False,False,False,False,0.026,0.01,True,False,LOW
51.333,,-1.08,-172.92,-1.87,-10.12,-1.38,-0.08,False,False,False,False,False,False,0.027,0.01,True,False,LOW
51.518,,-1.49,-173.17,-1.91,-10.37,-1.42,-0.04,False,False,False,False,False,False,0.028,0.007,True,False,LOW
51.541,,-0.66,-173.01,-2.04,-10.29,-1.41,-0.05,False,False,False,False,False,False,-0.011,0.015,True,False,LOW
51.709,,-0.31,-172.56,-1.99,-9.82,-1.12,-0.07,False,False,False,False,False,False,-0.009,0.015,True,False,LOW
51.732,,0.04,-172.14,-2.15,-9.72,-1.03,-0.09,False,False,False,False,True,True,-0.023,0.043,True,False,LOW
51.919,,-0.88,-172.02,-2.1,-9.85,-0.63,-0.15,False,False,False,False,False,False,0.018,0.017,True,False,LOW
51.942,,-0.66,-172.68,-2.0,-9.84,-0.68,-0.15,False,False,False,False,False,False,0.03,0.012,True,False,LOW
52.109,,-0.37,-172.52,-2.03,-9.64,-0.75,-0.14,False,False,False,False,False,False,0.03,0.01,True,False,LOW
52.131,,-0.08,-172.92,-1.89,-9.58,-0.8,-0.12,False,False,False,False,False,False,0.03,0.012,True,False,LOW
52.317,,-0.42,-172.29,-1.91,-9.54,-0.68,-0.06,False,False,False,False,False,False,0.028,0.012,True,False,LOW
52.341,,-0.69,-172.04,-1.78,-9.57,-0.64,-0.04,False,False,False,False,False,False,0.024,0.012,True,False,LOW
52.512,,-0.36,-171.01,-2.39,-9.5,0.07,-0.27,False,False,False,False,False,False,-0.021,0.017,True,False,LOW
52.535,,0.16,-171.55,-2.28,-9.43,0.08,-0.29,False,False,False,False,False,False,-0.008,0.016,True,False,LOW
52.721,,-0.22,-172.11,-2.18,-9.36,-0.18,-0.28,False,False,False,False,False,False,-0.009,0.014,True,False,LOW
52.745,,-0.12,-172.12,-2.36,-9.34,-0.21,-0.31,False,False,False,False,False,False,-0.006,0.014,True,False,LOW
52.91,,-0.38,-171.94,-2.31,-9.4,-0.22,-0.36,False,False,False,False,False,False,0.035,0.007,True,False,LOW
52.933,,-0.45,-172.56,-2.28,-9.42,-0.3,-0.36,False,False,False,False,False,False,0.03,0.009,True,False,LOW
53.12,,-0.43,-172.87,-2.2,-9.47,-0.77,-0.33,False,False,False,False,False,False,0.036,0.01,True,False,LOW
53.143,,-0.21,-173.06,-2.1,-9.45,-0.85,-0.31,False,False,False,False,False,False,0.037,0.009,True,False,LOW
53.311,,-0.54,-173.12,-1.97,-9.54,-1.14,-0.19,False,False,False,False,False,False,0.039,0.013,True,False,LOW
53.335,,-0.81,-173.45,-1.94,-9.59,-1.22,-0.17,False,False,False,False,False,False,0.038,0.01,True,False,LOW
53.517,,-0.23,-173.11,-1.93,-9.44,-1.32,-0.09,False,False,False,False,False,False,0.04,0.012,True,False,LOW
53.539,,-0.46,-172.82,-1.98,-9.45,-1.29,-0.09,False,False,False,False,False,False,0.035,0.014,True,False,LOW
53.712,,-0.94,-173.13,-1.94,-9.75,-1.36,-0.07,False,False,False,False,False,False,0.037,0.011,True,False,LOW
53.736,,-0.54,-172.47,-1.89,-9.74,-1.28,-0.06,False,False,False,False,False,False,0.039,0.011,True,False,LOW
53.918,,-0.42,-172.43,-1.95,-9.61,-0.98,-0.05,False,False,False,False,False,False,0.033,0.014,True,False,LOW
53.94,,-0.49,-172.37,-2.18,-9.61,-0.94,-0.08,False,False,False,False,False,False,-0.0,0.014,True,False,LOW
54.113,,0.0,-171.62,-2.14,-9.33,-0.39,-0.16,False,False,False,False,False,False,-0.004,0.013,True,False,LOW
54.137,,-0.51,-171.93,-2.2,-9.37,-0.37,-0.18,False,False,False,False,False,False,-0.005,0.013,True,False,LOW
54.32,,-0.57,-171.47,-2.11,-9.52,-0.04,-0.2,False,False,False,False,False,False,-0.012,0.013,True,False,LOW
54.345,,-0.52,-171.24,-2.21,-9.53,0.03,-0.21,False,False,False,False,False,False,-0.01,0.013,True,False,LOW
54.513,,-0.65,-171.13,-2.19,-9.64,0.32,-0.25,False,False,False,False,False,False,0.025,0.005,True,False,LOW
54.537,,-0.62,-171.12,-2.06,-9.65,0.35,-0.24,False,False,False,False,False,False,0.026,0.007,True,False,LOW
54.719,,-0.48,-171.25,-2.07,-9.6,0.41,-0.2,False,False,False,False,False,False,0.027,0.009,True,False,LOW
54.741,,-0.21,-171.56,-2.16,-9.57,0.38,-0.21,False,False,False,False,False,False,-0.005,0.018,True,False,LOW
54.91,,0.2,-171.46,-2.22,-9.21,0.31,-0.27,False,False,False,False,False,False,-0.002,0.015,True,False,LOW
54.933,,-0.1,-171.35,-2.25,-9.21,0.32,-0.28,False,False,False,False,False,False,-0.003,0.015,True,False,LOW
55.121,,-0.13,-171.17,-2.24,-9.21,0.44,-0.31,False,False,False,False,False,False,-0.005,0.016,True,False,LOW
55.144,,-0.24,-170.62,-2.18,-9.23,0.52,-0.31,False,False,False,False,False,False,-0.003,0.015,True,False,LOW
55.311,,0.08,-168.87,-2.3,-9.11,1.75,-0.35,False,False,False,False,False,False,-0.006,0.007,True,False,LOW
55.338,,2.07,-165.35,-2.07,-8.79,2.54,-0.33,False,False,False,False,False,False,-0.004,0.004,True,False,LOW
55.522,,3.5,-159.61,-1.69,-6.99,8.28,-0.04,False,False,False,False,False,False,-0.005,-0.004,True,False,LOW
55.545,,2.68,-154.53,-1.46,-6.91,9.96,0.02,False,False,False,False,False,False,-0.006,-0.016,True,False,LOW
55.71,,0.5,-151.46,-1.68,-7.77,16.25,0.12,False,True,False,False,False,True,-0.019,0.031,True,False,LOW
55.734,,-0.68,-148.99,-2.22,-8.05,17.57,0.07,False,True,False,False,True,True,0.0,0.045,True,False,LOW
55.919,,-1.25,-147.18,-2.34,-9.32,21.96,-0.21,False,True,False,False,True,True,-0.024,0.083,True,False,LOW
55.942,,-0.79,-146.45,-2.12,-9.39,22.55,-0.21,False,True,False,False,True,True,-0.025,0.072,True,False,LOW
56.123,,-0.6,-146.54,-2.36,-9.55,24.12,-0.34,False,True,False,False,True,True,-0.032,0.057,True,False,LOW
56.147,,-0.64,-146.61,-2.25,-9.58,24.28,-0.34,False,True,False,False,True,True,-0.021,0.053,True,False,LOW
56.31,,-0.84,-147.7,-2.41,-9.75,24.13,-0.43,False,True,False,False,True,True,-0.026,0.047,True,False,LOW
56.334,,-0.55,-147.85,-2.21,-9.74,24.1,-0.41,False,True,False,False,True,True,-0.025,0.044,True,False,LOW
56.52,,-0.45,-148.77,-1.97,-9.63,23.46,-0.23,False,True,False,False,False,True,-0.024,0.035,True,False,LOW
56.542,,-0.45,-148.56,-1.98,-9.62,23.42,-0.21,False,True,False,False,False,True,-0.027,0.026,True,False,LOW
56.713,,-0.34,-148.82,-1.78,-9.52,23.15,-0.04,False,True,False,False,False,True,-0.025,0.023,True,False,LOW
56.735,,-0.41,-149.5,-1.65,-9.51,23.03,-0.0,False,True,False,False,False,True,-0.025,0.021,True,False,LOW
56.924,,-0.46,-149.05,-1.8,-9.53,22.83,0.05,False,True,False,False,False,True,-0.021,0.016,True,False,LOW
56.946,,-0.68,-149.22,-1.97,-9.56,22.78,0.04,False,True,False,False,False,True,-0.025,0.009,True,False,LOW
57.1,,-1.04,-149.33,-1.87,-9.84,22.58,0.03,False,True,False,False,False,True,-0.025,0.004,True,False,LOW
57.131,,-1.25,-149.58,-1.99,-9.92,22.51,0.01,False,True,False,False,False,True,-0.025,0.002,True,False,LOW
57.43,,-1.3,-149.54,-1.99,-10.23,22.29,-0.05,False,True,False,False,False,True,-0.024,0.004,True,False,LOW
57.451,,-1.21,-149.81,-2.04,-10.23,22.24,-0.06,False,True,False,False,False,True,-0.02,0.002,True,False,LOW
57.555,,-1.01,-149.34,-2.0,-10.18,22.29,-0.08,False,True,False,False,False,True,-0.014,0.005,True,False,LOW
57.577,,-1.21,-150.19,-1.91,-10.19,22.19,-0.07,False,True,False,False,False,True,-0.017,0.009,True,False,LOW
57.707,,-1.19,-150.54,-1.64,-10.23,21.72,0.08,False,True,False,False,False,True,-0.015,0.01,True,False,LOW
57.731,,-1.09,-150.17,-1.68,-10.22,21.7,0.1,False,True,False,False,False,True,-0.017,0.013,True,False,LOW
57.9,,-1.11,-151.54,-1.5,-10.21,20.89,0.25,False,True,False,False,False,True,-0.017,0.017,True,False,MODERATE
57.932,,-1.35,-150.47,-1.98,-10.25,20.95,0.2,False,True,False,False,False,True,-0.022,0.007,True,False,MODERATE
58.108,,-0.95,-150.98,-1.75,-10.14,20.83,0.17,False,True,False,False,False,True,-0.012,0.003,True,False,MODERATE
58.13,,-1.18,-150.08,-1.81,-10.15,20.94,0.16,False,True,False,False,False,True,-0.021,0.003,True,False,MODERATE
58.301,,-0.66,-149.97,-1.73,-9.94,21.36,0.17,False,True,False,False,False,True,-0.016,0.005,True,False,MODERATE
58.331,,-0.96,-150.65,-1.7,-9.96,21.31,0.17,False,True,False,False,False,True,-0.017,0.007,True,False,MODERATE
58.509,,-1.56,-150.96,-1.74,-10.32,21.01,0.17,False,True,False,False,False,True,-0.015,-0.001,True,False,MODERATE
58.533,,-1.5,-150.91,-1.66,-10.36,20.99,0.17,False,True,False,False,False,True,-0.019,-0.003,True,False,MODERATE
58.701,,-1.57,-151.08,-1.64,-10.51,20.8,0.22,False,True,False,False,False,True,-0.022,-0.003,True,False,MODERATE
58.809,,-1.35,-150.57,-1.76,-10.48,20.94,0.19,False,True,False,False,False,True,-0.025,-0.004,True,False,MODERATE
58.913,,-1.56,-150.52,-1.9,-10.55,21.04,0.11,False,True,False,False,False,True,-0.025,-0.004,True,False,MODERATE
58.936,,-1.73,-150.58,-1.83,-10.58,21.05,0.11,False,True,False,False,False,True,-0.024,-0.007,True,False,MODERATE
59.1,,-1.21,-150.12,-1.64,-10.44,21.33,0.18,False,True,False,False,False,True,-0.026,-0.018,True,False,MODERATE
59.132,,-1.49,-150.96,-1.57,-10.46,21.23,0.21,False,True,False,False,False,True,-0.017,-0.021,True,False,MODERATE
59.312,,-0.51,-152.07,-1.17,-10.0,20.37,0.49,False,True,False,False,False,True,0.002,-0.005,True,False,MODERATE
59.336,,-0.25,-157.96,-1.27,-9.91,19.3,0.51,False,True,False,False,False,True,0.005,0.003,True,False,MODERATE
59.499,,-3.03,-163.39,-1.8,-11.04,12.87,0.3,False,True,False,False,False,True,0.007,0.001,True,False,MODERATE
59.531,,-6.69,-168.86,-1.6,-11.96,10.34,0.3,False,True,False,False,False,True,0.033,0.013,True,False,MODERATE
59.713,,-9.03,-170.53,-1.15,-15.54,4.54,0.54,False,False,False,False,False,False,0.022,0.013,True,False,MODERATE
59.739,,-8.52,-171.64,-1.24,-15.9,3.61,0.56,False,False,False,False,False,False,0.027,0.011,True,False,MODERATE
59.906,,-8.27,-171.9,-1.66,-16.7,1.37,0.4,False,False,False,False,False,False,0.035,0.015,True,False,MODERATE
59.933,,-5.74,-173.25,-1.5,-16.4,0.79,0.4,False,False,False,False,False,False,0.018,0.015,True,False,MODERATE
60.109,,-5.09,-174.02,-1.52,-15.22,-1.02,0.39,False,False,False,False,False,False,-0.018,0.009,True,False,MODERATE
60.131,,-4.07,-174.39,-1.56,-14.95,-1.27,0.38,False,False,False,False,False,False,-0.009,0.007,True,False,MODERATE
60.304,,-5.13,-175.08,-1.63,-14.56,-2.46,0.32,False,False,False,False,False,False,-0.005,0.009,True,False,MODERATE
60.333,,-5.0,-174.5,-1.71,-14.48,-2.51,0.3,False,False,False,False,False,False,-0.001,0.01,True,False,MODERATE
60.512,,-5.02,-174.79,-1.84,-14.28,-2.83,0.17,False,False,False,False,False,False,-0.004,0.011,True,False,MODERATE
60.536,,-4.97,-174.87,-2.07,-14.25,-2.87,0.13,False,False,False,False,False,False,-0.019,-0.004,True,False,MODERATE
60.702,,-5.66,-176.02,-2.19,-14.5,-3.63,-0.09,False,False,False,False,False,False,-0.026,0.002,True,False,MODERATE
60.732,,-5.21,-175.21,-2.32,-14.47,-3.61,-0.14,False,False,False,False,False,False,-0.016,0.009,True,False,MODERATE
60.914,,-5.28,-175.12,-2.35,-14.41,-3.5,-0.31,False,False,False,False,False,False,-0.026,0.015,True,False,MODERATE
60.936,,-4.82,-174.73,-2.29,-14.35,-3.44,-0.32,False,False,False,False,False,False,-0.015,0.002,True,False,MODERATE
61.103,,-4.99,-175.25,-2.25,-14.21,-3.49,-0.33,False,False,False,False,False,False,-0.013,-0.001,True,False,MODERATE
61.132,,-5.04,-175.04,-2.22,-14.19,-3.47,-0.33,False,False,False,False,False,False,-0.011,-0.005,True,False,MODERATE
61.309,,-4.5,-174.27,-2.27,-13.87,-2.99,-0.35,False,False,False,False,False,False,-0.011,-0.004,True,False,MODERATE
61.333,,-4.44,-174.41,-2.21,-13.82,-2.95,-0.35,False,False,False,False,False,False,-0.011,-0.004,True,False,MODERATE
61.506,,-4.05,-174.87,-2.09,-13.46,-3.06,-0.26,False,False,False,False,False,False,-0.01,-0.004,True,False,MODERATE
61.531,,-4.03,-174.53,-2.26,-13.41,-3.03,-0.28,False,False,False,False,False,False,-0.013,-0.001,True,False,MODERATE
61.71,,-3.4,-174.55,-2.19,-12.91,-2.93,-0.28,False,False,False,False,False,False,0.001,0.005,True,False,MODERATE
61.734,,-3.33,-175.09,-2.16,-12.84,-2.99,-0.28,False,False,False,False,False,False,0.001,0.005,True,False,MODERATE
61.903,,-3.25,-175.3,-2.19,-12.58,-3.3,-0.29,False,False,False,False,False,False,-0.012,0.005,True,False,MODERATE
61.931,,-3.52,-174.73,-2.12,-12.58,-3.26,-0.28,False,False,False,False,False,False,-0.011,0.003,True,False,MODERATE
62.112,,-3.69,-173.57,-1.92,-12.69,-2.5,-0.14,False,False,False,False,False,False,0.015,0.019,True,False,MODERATE
62.135,,-2.42,-174.04,-1.62,-12.53,-2.48,-0.09,False,False,False,False,False,False,0.021,0.014,True,False,MODERATE
62.302,,-1.56,-175.73,-1.53,-11.53,-3.28,0.15,False,False,False,False,False,False,0.025,0.013,True,False,MODERATE
62.332,,-1.45,-174.75,-1.66,-11.36,-3.24,0.16,False,False,False,False,False,False,0.03,0.021,True,False,MODERATE
62.512,,-0.99,-173.21,-1.57,-10.66,-2.3,0.25,False,False,False,False,False,False,0.028,0.021,True,False,MODERATE
62.536,,-0.76,-173.82,-1.61,-10.55,-2.28,0.26,False,False,False,False,False,False,0.026,0.017,True,False,MODERATE
62.702,,-0.72,-174.72,-1.73,-10.16,-2.65,0.21,False,False,False,False,False,False,0.036,0.018,True,False,MODERATE
62.731,,-0.95,-174.3,-1.71,-10.14,-2.64,0.21,False,False,False,False,False,False,0.035,0.016,True,False,MODERATE
62.911,,-1.16,-174.41,-1.64,-10.19,-2.67,0.24,False,False,False,False,False,False,0.035,0.02,True,False,MODERATE
62.934,,-0.89,-174.69,-1.55,-10.17,-2.71,0.25,False,False,False,False,False,False,0.03,0.019,True,False,MODERATE
63.104,,-1.17,-175.35,-1.74,-10.21,-3.2,0.2,False,False,False,False,False,False,0.023,0.024,True,False,MODERATE
63.132,,-0.8,-175.26,-1.65,-10.16,-3.25,0.21,False,False,False,False,False,False,0.022,0.018,True,False,MODERATE
63.314,,1.09,-174.3,-1.89,-8.98,-2.9,0.1,False,False,False,False,False,False,-0.014,0.01,True,False,MODERATE
63.338,,2.57,-177.19,-1.89,-8.63,-3.25,0.09,False,False,False,False,False,False,-0.008,0.005,True,False,MODERATE
63.505,,3.33,-179.15,-1.89,-7.06,-5.54,0.05,False,False,False,False,False,False,-0.017,0.034,True,False,MODERATE
63.531,,2.1,-178.92,-2.08,-7.05,-5.81,0.02,False,False,False,False,False,False,-0.008,0.02,True,False,MODERATE
63.711,,1.63,-177.68,-2.18,-7.27,-5.9,-0.14,False,False,False,False,False,False,-0.007,0.015,True,False,LOW
63.736,,1.38,-177.7,-2.06,-7.33,-5.91,-0.14,False,False,False,False,False,False,-0.017,0.013,True,False,LOW
63.904,,0.67,-177.12,-2.07,-7.89,-5.65,-0.16,False,False,False,False,False,False,-0.023,0.019,True,False,LOW
63.93,,0.68,-176.83,-2.07,-7.96,-5.58,-0.16,False,False,False,False,False,False,-0.01,0.02,True,False,LOW
64.123,,1.45,-176.76,-1.97,-7.78,-5.29,-0.11,False,False,False,False,False,False,-0.024,0.022,True,False,LOW
64.147,,3.73,-177.35,-1.95,-7.44,-5.33,-0.1,False,False,False,False,False,False,-0.008,0.018,True,False,LOW
64.312,,4.04,-176.59,-1.98,-6.17,-5.1,-0.09,False,False,False,False,False,False,-0.009,0.02,True,False,LOW
64.335,,3.69,-176.97,-1.8,-6.06,-5.12,-0.07,False,False,False,False,False,False,0.04,0.032,True,False,LOW
64.52,,2.51,-175.05,-1.54,-6.34,-4.15,0.16,False,False,False,False,False,False,0.033,0.028,True,False,LOW
64.544,,1.93,-175.73,-1.85,-6.45,-4.13,0.15,False,False,False,False,False,False,0.027,0.023,True,False,LOW
64.708,,1.67,-176.14,-1.78,-6.94,-4.28,0.13,False,False,False,False,False,False,0.029,0.025,True,False,LOW
64.732,,2.46,-176.43,-1.63,-6.9,-4.34,0.15,False,False,False,False,False,False,0.028,0.028,True,False,LOW
64.918,,3.21,-175.0,-1.71,-6.34,-3.77,0.17,False,False,False,False,False,False,-0.003,0.01,True,False,LOW
64.941,,2.99,-175.21,-1.87,-6.31,-3.74,0.15,False,False,False,False,False,False,-0.01,0.011,True,False,LOW
65.101,,3.27,-175.61,-1.83,-6.06,-3.82,0.11,False,False,False,False,False,False,0.003,0.018,True,False,LOW
65.132,,2.9,-175.3,-1.71,-6.08,-3.78,0.12,False,False,False,False,False,False,-0.002,0.022,True,False,LOW
65.312,,3.13,-175.68,-1.73,-6.01,-3.88,0.15,False,False,False,False,False,False,0.013,0.027,True,False,LOW
65.336,,2.57,-175.41,-1.56,-6.08,-3.86,0.17,False,False,False,False,False,False,0.012,0.023,True,False,LOW
65.502,,2.56,-175.64,-1.7,-6.31,-3.89,0.19,False,False,False,False,False,False,-0.0,0.029,True,False,LOW
65.531,,2.82,-176.06,-1.77,-6.3,-3.97,0.18,False,False,False,False,False,False,-0.0,0.027,True,False,LOW
65.708,,3.18,-175.48,-1.97,-6.09,-3.86,0.05,False,False,False,False,True,True,-0.0,0.048,True,False,LOW
65.732,,3.08,-176.67,-1.86,-6.08,-4.01,0.05,False,False,False,False,False,False,-0.009,0.031,True,False,LOW
65.9,,2.27,-175.05,-1.79,-6.46,-3.67,0.08,False,False,False,False,False,False,-0.008,0.026,True,False,LOW
65.935,,2.12,-174.74,-1.79,-6.55,-3.55,0.08,False,False,False,False,False,False,0.032,0.026,True,False,LOW
66.109,,2.34,-174.7,-1.72,-6.65,-3.25,0.13,False,False,False,False,False,False,0.026,0.027,True,False,LOW
66.132,,2.61,-175.12,-1.82,-6.63,-3.27,0.13,False,False,False,False,False,False,0.034,0.026,True,False,LOW
66.3,,2.02,-174.98,-1.83,-6.86,-3.27,0.1,False,False,False,False,False,False,0.035,0.025,True,False,LOW
66.331,,2.72,-174.15,-1.91,-6.78,-3.13,0.08,False,False,False,False,False,False,0.04,0.026,True,False,LOW
66.509,,2.43,-175.14,-1.68,-6.71,-3.29,0.15,False,False,False,False,False,False,0.039,0.025,True,False,LOW
66.531,,2.66,-174.71,-1.72,-6.68,-3.25,0.16,False,False,False,False,False,False,0.041,0.025,True,False,LOW
66.699,,2.5,-175.2,-1.65,-6.63,-3.38,0.2,False,False,False,False,False,False,0.039,0.025,True,False,LOW
66.721,,3.02,-175.2,-1.49,-6.56,-3.39,0.23,False,False,False,False,False,False,0.042,0.026,True,False,LOW
66.909,,2.31,-175.72,-1.47,-6.68,-3.73,0.34,False,False,False,False,False,False,0.04,0.025,True,False,LOW
66.933,,2.82,-175.35,-1.47,-6.62,-3.72,0.35,False,False,False,False,False,False,0.041,0.025,True,False,LOW
67.102,,2.77,-175.72,-1.49,-6.46,-3.87,0.38,False,False,False,False,False,False,0.041,0.023,True,False,LOW
67.125,,3.24,-175.13,-1.48,-6.38,-3.81,0.39,False,False,False,False,False,False,0.044,0.025,True,False,LOW
67.311,,2.79,-175.25,-1.48,-6.33,-3.66,0.4,False,False,False,False,False,False,0.034,0.028,True,False,LOW
67.334,,3.09,-175.63,-1.47,-6.29,-3.7,0.41,False,False,False,False,False,False,0.034,0.022,True,False,LOW
67.505,,2.68,-175.68,-1.5,-6.35,-3.84,0.4,False,False,False,False,False,False,0.041,0.024,True,False,LOW
67.529,,2.36,-175.22,-1.38,-6.4,-3.8,0.42,False,False,False,False,False,False,0.042,0.025,True,False,LOW
67.709,,2.15,-175.25,-1.38,-6.69,-3.66,0.47,False,False,False,False,False,False,0.045,0.025,True,False,LOW
67.732,,1.78,-175.07,-1.37,-6.77,-3.62,0.48,False,False,False,False,False,False,0.046,0.025,True,False,LOW
67.9,,2.21,-175.1,-1.38,-6.82,-3.5,0.5,False,False,False,False,False,False,0.045,0.026,True,False,LOW
67.922,,2.7,-175.4,-1.36,-6.77,-3.52,0.51,False,False,False,False,False,False,0.055,0.025,True,False,LOW
68.107,,2.62,-175.48,-1.36,-6.61,-3.66,0.52,False,False,False,False,False,False,0.05,0.027,True,False,LOW
68.131,,2.59,-175.37,-1.37,-6.59,-3.66,0.52,False,False,False,False,False,False,0.051,0.028,True,False,LOW
68.303,,2.45,-175.4,-1.4,-6.61,-3.67,0.51,False,False,False,False,False,False,0.047,0.024,True,False,LOW
68.326,,2.56,-175.4,-1.4,-6.6,-3.68,0.51,False,False,False,False,False,False,0.044,0.025,True,False,LOW
68.508,,2.55,-175.29,-1.46,-6.57,-3.62,0.47,False,False,False,False,False,False,0.043,0.024,True,False,LOW
68.532,,2.35,-175.59,-1.42,-6.59,-3.66,0.47,False,False,False,False,False,False,0.039,0.025,True,False,LOW
68.705,,2.76,-175.66,-1.36,-6.45,-3.81,0.51,False,False,False,False,False,False,0.042,0.024,True,False,LOW
68.727,,3.0,-176.01,-1.46,-6.41,-3.87,0.5,False,False,False,False,False,False,0.032,0.029,True,False,LOW
68.911,,3.28,-175.66,-1.28,-6.08,-3.91,0.56,False,False,False,False,False,False,0.03,0.024,True,False,LOW
68.934,,2.91,-175.28,-1.53,-6.09,-3.87,0.54,False,False,False,False,False,False,0.032,0.026,True,False,LOW
69.103,,3.03,-175.17,-1.52,-6.07,-3.66,0.46,False,False,False,False,False,False,0.035,0.025,True,False,LOW
69.125,,3.13,-174.55,-1.5,-6.06,-3.55,0.45,False,False,False,False,False,False,0.037,0.024,True,False,LOW
69.311,,3.31,-174.53,-1.53,-5.9,-3.15,0.41,False,False,False,False,False,False,0.036,0.022,True,False,LOW
69.334,,3.04,-175.06,-1.52,-5.92,-3.18,0.4,False,False,False,False,False,False,0.034,0.023,True,False,LOW
69.503,,2.7,-175.1,-1.75,-6.16,-3.29,0.27,False,False,False,False,False,False,0.03,0.026,True,False,LOW
69.526,,2.96,-174.75,-1.8,-6.16,-3.26,0.25,False,False,False,False,False,False,0.03,0.025,True,False,LOW
69.712,,2.9,-174.57,-1.84,-6.17,-3.04,0.15,False,False,False,False,False,False,0.031,0.023,True,False,LOW
69.736,,2.66,-174.51,-1.8,-6.21,-3.01,0.14,False,False,False,False,False,False,0.033,0.024,True,False,LOW
69.906,,3.1,-174.53,-1.74,-6.09,-2.91,0.15,False,False,False,False,False,False,0.031,0.024,True,False,LOW
69.929,,2.43,-174.56,-1.63,-6.16,-2.9,0.17,False,False,False,False,False,False,0.027,0.022,True,False,LOW
70.113,,2.43,-174.19,-1.77,-6.43,-2.67,0.15,False,False,False,False,False,False,0.029,0.023,True,False,LOW
70.135,,2.6,-174.11,-1.73,-6.44,-2.64,0.15,False,False,False,False,False,False,0.026,0.021,True,False,LOW
70.303,,2.73,-173.51,-1.8,-6.39,-2.2,0.12,False,False,False,False,False,False,-0.005,0.023,True,False,LOW
70.326,,2.82,-173.28,-1.81,-6.38,-2.12,0.12,False,False,False,False,False,False,-0.003,0.022,True,False,LOW
70.513,,2.8,-173.34,-1.84,-6.33,-1.85,0.09,False,False,False,False,False,False,-0.0,0.021,True,False,LOW
70.536,,2.82,-173.58,-1.88,-6.32,-1.85,0.08,False,False,False,False,False,False,0.001,0.02,True,False,LOW
70.704,,3.19,-172.84,-1.66,-6.1,-1.48,0.16,False,False,False,False,False,False,-0.004,0.021,True,False,LOW
70.726,,3.39,-172.47,-1.75,-6.05,-1.39,0.16,False,False,False,False,False,False,-0.004,0.018,True,False,LOW
70.91,,3.47,-172.71,-1.78,-5.81,-1.18,0.14,False,False,False,False,False,False,-0.001,0.016,True,False,LOW
70.933,,4.04,-171.95,-1.69,-5.71,-1.05,0.15,False,False,False,False,False,False,0.002,0.016,True,False,LOW
71.104,,3.28,-171.17,-1.49,-5.76,-0.2,0.28,False,False,False,False,False,False,0.004,0.02,True,False,LOW
71.126,,3.54,-170.66,-1.62,-5.73,-0.04,0.28,False,False,False,False,False,False,0.005,0.019,True,False,LOW
71.311,,4.11,-169.16,-1.68,-5.32,1.42,0.25,False,False,False,False,False,False,0.004,0.021,True,False,LOW
71.334,,5.17,-162.87,-1.83,-5.13,2.65,0.23,False,False,False,False,True,True,-0.005,0.053,True,False,LOW
71.508,,4.55,-151.48,-1.68,-4.81,13.7,0.22,False,True,False,False,True,True,0.016,0.079,True,False,LOW
71.532,,1.24,-146.77,-2.43,-5.23,16.21,0.12,False,True,False,False,True,True,-0.005,0.1,True,False,LOW
71.711,,0.78,-144.58,-2.23,-6.93,23.31,-0.12,False,True,False,False,True,True,-0.006,0.084,True,False,LOW
71.734,,0.5,-145.12,-2.15,-7.17,23.96,-0.14,False,True,False,False,False,True,-0.024,0.024,True,False,LOW
71.904,,0.18,-146.06,-1.68,-8.11,24.96,0.05,False,True,False,False,False,True,-0.026,0.03,True,False,LOW
71.927,,0.67,-146.5,-1.74,-8.15,25.0,0.06,False,True,False,False,False,True,-0.016,0.025,True,False,LOW
72.123,,0.61,-146.54,-2.04,-8.33,25.1,-0.05,False,True,False,False,False,True,-0.024,0.028,True,False,LOW
72.146,,0.36,-146.65,-2.02,-8.39,25.09,-0.06,False,True,False,False,False,True,-0.021,0.022,True,False,LOW
72.312,,0.53,-146.61,-1.84,-8.47,25.1,0.0,False,True,False,False,False,True,-0.024,0.019,True,False,LOW
72.336,,0.19,-146.31,-2.02,-8.53,25.14,-0.01,False,True,False,False,False,True,-0.026,0.013,True,False,LOW
72.518,,0.68,-146.14,-1.77,-8.46,25.37,0.06,False,True,False,False,False,True,-0.023,0.006,True,False,LOW
72.542,,0.41,-146.55,-1.83,-8.49,25.34,0.06,False,True,False,False,False,True,-0.025,0.005,True,False,LOW
72.71,,0.31,-146.71,-1.8,-8.64,25.17,0.08,False,True,False,False,False,True,-0.02,-0.018,True,False,LOW
72.733,,0.44,-148.72,-1.68,-8.64,24.87,0.1,False,True,False,False,False,True,-0.001,-0.028,True,False,LOW
72.917,,1.75,-154.09,-0.81,-7.93,20.68,0.64,False,True,False,False,False,True,-0.012,-0.015,True,False,LOW
72.94,,2.78,-159.99,-0.8,-7.71,19.08,0.7,False,True,False,False,False,True,-0.002,-0.017,True,False,LOW
73.102,,1.65,-165.79,-1.39,-7.57,11.05,0.6,False,True,False,False,False,True,0.004,0.0,True,False,LOW
73.125,,-1.96,-171.5,-1.34,-8.04,8.73,0.6,False,False,False,False,False,False,-0.011,0.005,True,False,LOW
73.308,,-3.38,-172.95,-1.73,-10.54,2.26,0.37,False,False,False,False,False,False,-0.018,0.001,True,False,LOW
73.33,,-4.06,-173.81,-2.26,-10.93,1.4,0.27,False,False,False,False,False,False,-0.019,0.002,True,False,LOW
73.499,,-3.61,-175.26,-2.11,-11.9,-1.6,0.02,False,False,False,False,False,False,-0.021,-0.002,True,False,LOW
73.522,,-3.56,-174.61,-2.13,-12.0,-1.82,-0.01,False,False,False,False,False,False,-0.025,0.0,True,False,LOW
73.832,,-3.38,-173.27,-2.26,-12.31,-1.64,-0.24,False,False,False,False,False,False,-0.02,0.001,True,False,LOW
73.853,,-2.34,-172.71,-2.25,-12.21,-1.56,-0.26,False,False,False,False,False,False,-0.021,0.001,True,False,LOW
73.955,,-1.83,-172.5,-2.29,-11.7,-1.25,-0.31,False,False,False,False,False,False,-0.021,0.001,True,False,LOW
73.977,,-1.86,-172.09,-2.29,-11.6,-1.15,-0.32,False,False,False,False,False,False,-0.025,0.001,True,False,LOW
74.112,,-1.45,-172.44,-2.16,-11.1,-0.95,-0.29,False,False,False,False,False,False,-0.021,-0.0,True,False,LOW
74.137,,-1.74,-172.65,-1.69,-11.06,-0.95,-0.22,False,False,False,False,False,False,0.029,0.013,True,False,LOW
74.302,,-0.31,-172.84,-1.3,-10.19,-1.04,0.2,False,False,False,False,False,False,0.027,0.019,True,False,LOW
74.326,,-1.21,-171.4,-1.43,-10.2,-0.86,0.24,False,False,False,False,False,False,0.035,0.02,True,False,LOW
74.509,,-0.59,-171.53,-1.1,-9.92,-0.29,0.54,False,False,False,False,False,False,0.04,0.022,True,False,LOW
74.532,,-0.41,-171.23,-1.22,-9.86,-0.19,0.56,False,False,False,False,False,False,0.038,0.021,True,False,LOW
74.712,,0.1,-170.32,-1.39,-9.39,0.67,0.53,False,False,False,False,False,False,0.052,0.021,True,False,LOW
74.735,,0.05,-170.8,-1.27,-9.34,0.71,0.55,False,False,False,False,False,False,0.051,0.018,True,False,LOW
74.913,,0.46,-170.69,-1.13,-8.96,0.87,0.66,False,False,False,False,False,False,0.053,0.021,True,False,LOW
74.936,,0.89,-171.13,-0.92,-8.86,0.84,0.71,False,False,False,False,False,False,0.058,0.021,True,False,LOW
75.103,,0.85,-170.95,-1.02,-8.53,0.8,0.8,False,False,False,False,False,False,0.055,0.016,True,False,LOW
75.125,,1.26,-170.51,-1.12,-8.44,0.85,0.79,False,False,False,False,False,False,0.055,0.017,True,False,LOW
75.311,,1.22,-171.19,-1.2,-8.12,0.67,0.74,False,False,False,False,False,False,0.05,0.021,True,False,LOW
75.334,,1.04,-170.68,-1.1,-8.11,0.72,0.75,False,False,False,False,False,False,0.05,0.017,True,False,LOW
75.504,,1.18,-171.15,-1.12,-8.0,0.64,0.77,False,False,False,False,False,False,0.025,0.021,True,False,LOW
75.528,,1.28,-171.01,-1.29,-7.98,0.64,0.75,False,False,False,False,False,False,0.034,0.02,True,False,LOW
75.707,,1.45,-170.85,-1.37,-7.79,0.76,0.63,False,False,False,False,False,False,0.037,0.018,True,False,LOW
75.73,,1.46,-171.16,-1.39,-7.77,0.73,0.62,False,False,False,False,False,False,0.037,0.018,True,False,LOW
75.902,,1.51,-171.02,-1.46,-7.67,0.71,0.52,False,False,False,False,False,False,0.037,0.016,True,False,LOW
75.925,,1.37,-171.06,-1.45,-7.68,0.7,0.51,False,False,False,False,False,False,0.036,0.015,True,False,LOW
76.109,,1.89,-170.65,-1.32,-7.42,0.89,0.55,False,False,False,False,False,False,0.058,0.018,True,False,LOW
76.131,,1.89,-170.41,-1.3,-7.39,0.94,0.56,False,False,False,False,False,False,0.056,0.016,True,False,LOW
76.299,,1.94,-170.56,-1.25,-7.26,1.05,0.6,False,False,False,False,False,False,0.057,0.015,True,False,LOW
76.323,,1.98,-170.49,-1.19,-7.24,1.07,0.62,False,False,False,False,False,False,0.056,0.016,True,False,LOW
76.51,,1.67,-170.24,-1.24,-7.34,1.29,0.64,False,False,False,False,False,False,0.054,0.028,True,False,LOW
76.533,,1.77,-169.48,-1.51,-7.33,1.41,0.61,False,False,False,False,False,False,0.039,0.025,True,False,LOW
76.703,,1.55,-169.51,-1.36,-7.44,1.83,0.57,False,False,False,False,False,False,0.038,0.019,True,False,LOW
76.727,,1.68,-169.67,-1.3,-7.43,1.86,0.58,False,False,False,False,False,False,0.036,0.014,True,False,LOW
76.909,,2.01,-169.97,-1.19,-7.24,1.79,0.65,False,False,False,False,False,False,0.031,0.011,True,False,LOW
76.931,,1.93,-169.79,-1.39,-7.23,1.81,0.63,False,False,False,False,False,False,0.033,0.014,True,False,LOW
77.101,,1.92,-169.72,-1.35,-7.2,1.9,0.59,False,False,False,False,False,False,0.03,0.013,True,False,LOW
77.122,,2.01,-170.08,-1.38,-7.18,1.87,0.58,False,False,False,False,False,False,0.032,0.015,True,False,LOW
77.301,,1.75,-169.72,-1.38,-7.26,1.93,0.55,False,False,False,False,False,False,0.028,0.012,True,False,LOW
77.327,,1.79,-169.58,-1.36,-7.27,1.96,0.55,False,False,False,False,False,False,0.029,0.011,True,False,LOW
77.508,,1.92,-169.93,-1.48,-7.21,1.87,0.48,False,False,False,False,False,False,0.037,0.011,True,False,LOW
77.532,,2.24,-170.28,-1.47,-7.16,1.81,0.47,False,False,False,False,False,False,0.037,0.011,True,False,LOW
77.692,,1.98,-170.54,-1.65,-7.13,1.48,0.36,False,False,False,False,False,False,0.039,0.011,True,False,LOW
77.723,,1.66,-170.31,-1.59,-7.18,1.47,0.35,False,False,False,False,False,False,0.038,0.013,True,False,LOW
77.904,,1.88,-170.94,-1.38,-7.19,1.09,0.44,False,False,False,False,False,False,0.038,0.014,True,False,LOW
77.93,,1.6,-170.15,-1.53,-7.24,1.16,0.43,False,False,False,False,False,False,0.037,0.011,True,False,LOW
78.096,,2.29,-169.83,-1.41,-7.01,1.53,0.46,False,False,False,False,False,False,0.037,0.012,True,False,LOW
78.124,,2.53,-169.21,-1.34,-6.94,1.69,0.48,False,False,False,False,False,False,0.033,0.013,True,False,LOW
78.304,,2.74,-169.61,-1.33,-6.62,1.91,0.53,False,False,False,False,False,False,0.036,0.011,True,False,LOW
78.327,,2.29,-170.24,-1.36,-6.64,1.85,0.53,False,False,False,False,False,False,0.034,0.011,True,False,LOW
78.497,,3.03,-170.49,-1.26,-6.34,1.52,0.59,False,False,False,False,False,False,0.037,0.01,True,False,LOW
78.529,,2.7,-169.8,-1.27,-6.35,1.59,0.59,False,False,False,False,False,False,0.035,0.013,True,False,LOW
78.702,,2.38,-169.92,-1.56,-6.53,1.69,0.46,False,False,False,False,False,False,0.005,0.004,True,False,LOW
78.725,,2.06,-169.15,-1.74,-6.6,1.81,0.42,False,False,False,False,False,False,-0.011,0.001,True,False,LOW
78.895,,3.06,-169.62,-1.55,-6.3,1.96,0.39,False,False,False,False,False,False,-0.004,0.009,True,False,LOW
78.923,,2.45,-169.71,-1.73,-6.35,1.96,0.35,False,False,False,False,False,False,0.002,0.016,True,False,LOW
79.103,,2.99,-170.07,-1.6,-6.22,1.79,0.32,False,False,False,False,False,False,0.004,0.016,True,False,LOW
79.127,,2.99,-169.3,-1.57,-6.2,1.87,0.33,False,False,False,False,False,False,0.006,0.015,True,False,LOW
79.297,,2.59,-169.27,-1.68,-6.35,2.17,0.27,False,False,False,False,False,False,0.005,0.017,True,False,LOW
79.323,,2.69,-169.77,-1.42,-6.36,2.14,0.3,False,False,False,False,False,False,0.042,0.013,True,False,LOW
79.504,,2.46,-169.89,-1.41,-6.5,1.97,0.4,False,False,False,False,False,False,0.036,0.011,True,False,LOW
79.528,,2.71,-170.0,-1.45,-6.48,1.93,0.41,False,False,False,False,False,False,0.037,0.011,True,False,LOW
79.695,,2.65,-170.04,-1.45,-6.46,1.8,0.43,False,False,False,False,False,False,0.04,0.01,True,False,LOW
79.725,,2.44,-169.13,-1.38,-6.49,1.92,0.44,False,False,False,False,False,False,0.04,0.01,True,False,LOW
79.903,,2.31,-168.85,-1.35,-6.64,2.42,0.5,False,False,False,False,False,False,0.044,0.01,True,False,LOW
79.926,,2.28,-169.06,-1.25,-6.66,2.45,0.52,False,False,False,False,False,False,0.041,0.011,True,False,LOW
80.108,,2.17,-169.88,-1.3,-6.8,2.12,0.56,False,False,False,False,False,False,0.043,0.011,True,False,LOW
80.13,,2.35,-168.93,-1.32,-6.79,2.2,0.56,False,False,False,False,False,False,0.04,0.011,True,False,LOW
80.313,,2.59,-169.5,-1.3,-6.63,2.21,0.58,False,False,False,False,False,False,0.04,0.009,True,False,LOW
80.338,,2.48,-169.32,-1.29,-6.63,2.23,0.59,False,False,False,False,False,False,0.04,0.009,True,False,LOW
80.501,,2.63,-169.33,-1.27,-6.54,2.31,0.61,False,False,False,False,False,False,0.04,0.008,True,False,LOW
80.526,,2.68,-168.86,-1.26,-6.52,2.38,0.61,False,False,False,False,False,False,0.041,0.008,True,False,LOW
80.71,,2.6,-169.31,-1.3,-6.5,2.39,0.61,False,False,False,False,False,False,0.041,0.009,True,False,LOW
80.734,,2.8,-168.85,-1.23,-6.47,2.45,0.61,False,False,False,False,False,False,0.041,0.006,True,False,LOW
80.903,,2.76,-169.21,-1.3,-6.4,2.48,0.61,False,False,False,False,False,False,0.04,0.008,True,False,LOW
80.926,,2.75,-168.82,-1.25,-6.39,2.53,0.61,False,False,False,False,False,False,0.043,0.007,True,False,LOW
81.103,,2.53,-168.64,-1.3,-6.48,2.82,0.61,False,False,False,False,False,False,0.042,0.009,True,False,LOW
81.126,,2.53,-168.91,-1.36,-6.49,2.82,0.6,False,False,False,False,False,False,0.042,0.008,True,False,LOW
81.293,,2.55,-168.72,-1.28,-6.51,2.91,0.61,False,False,False,False,False,False,0.041,0.009,True,False,LOW
81.324,,2.53,-169.08,-1.19,-6.52,2.86,0.63,False,False,False,False,False,False,0.038,0.009,True,False,LOW
81.5,,2.84,-168.63,-1.19,-6.37,2.98,0.67,False,False,False,False,False,False,0.039,0.009,True,False,LOW
81.524,,2.92,-169.19,-1.17,-6.35,2.92,0.68,False,False,False,False,False,False,0.038,0.009,True,False,LOW
81.691,,2.62,-168.61,-1.16,-6.41,3.01,0.71,False,False,False,False,False,False,0.038,0.01,True,False,LOW
81.723,,2.9,-169.02,-1.11,-6.37,2.96,0.72,False,False,False,False,False,False,0.038,0.008,True,False,LOW
81.901,,2.75,-169.3,-1.17,-6.35,2.67,0.73,False,False,False,False,False,False,0.039,0.009,True,False,LOW
81.924,,3.03,-168.61,-1.23,-6.31,2.72,0.72,False,False,False,False,False,False,0.034,0.015,True,False,LOW
82.091,,3.67,-167.68,-1.14,-5.85,3.4,0.74,False,False,False,False,False,False,0.033,0.014,True,False,LOW
82.123,,5.11,-166.28,-1.0,-5.52,3.76,0.77,False,False,False,False,False,False,0.041,0.01,True,False,LOW
82.299,,6.57,-166.01,-0.82,-3.86,4.82,0.93,False,False,False,False,False,False,0.044,0.009,True,False,LOW
82.323,,7.17,-164.98,-1.08,-3.57,5.1,0.92,False,False,False,False,False,False,0.045,0.009,True,False,LOW
82.491,,8.03,-159.55,-1.39,-2.2,9.08,0.71,False,False,False,False,True,True,0.009,0.047,True,False,LOW
82.524,,8.14,-151.7,-1.8,-1.96,11.78,0.6,False,True,False,False,True,True,0.006,0.085,True,False,LOW
82.7,,6.2,-149.27,-1.79,-2.46,18.43,0.34,False,True,False,False,True,True,-0.031,0.051,True,False,LOW
82.722,,4.63,-146.64,-2.02,-2.71,19.69,0.28,False,True,False,False,True,True,-0.025,0.052,True,False,LOW
82.892,,3.82,-144.42,-1.88,-4.07,24.37,0.15,False,True,False,False,True,True,-0.019,0.049,True,False,LOW
82.922,,3.49,-143.52,-1.38,-4.33,25.24,0.21,False,True,False,False,False,True,-0.024,0.027,True,False,LOW
83.105,,3.83,-143.4,-1.7,-4.84,27.09,0.2,False,True,False,False,False,True,-0.02,0.015,True,False,LOW
83.128,,3.73,-142.92,-1.75,-4.91,27.37,0.2,False,True,False,False,False,True,-0.021,0.002,True,False,LOW
83.294,,3.2,-143.05,-2.06,-5.42,28.09,0.01,False,True,False,False,True,True,0.001,0.043,True,False,LOW
83.323,,2.82,-143.6,-1.8,-5.56,28.09,0.03,False,True,False,False,True,True,0.002,0.041,True,False,LOW
83.5,,2.57,-143.62,-1.9,-6.08,28.09,0.01,False,True,False,False,True,True,-0.008,0.038,True,False,LOW
83.522,,2.19,-143.96,-1.73,-6.18,28.05,0.03,False,True,False,False,True,True,-0.006,0.04,True,False,LOW
83.695,,2.16,-144.03,-1.87,-6.58,27.85,0.03,False,True,False,False,False,True,-0.006,0.033,True,False,LOW
83.724,,1.88,-143.93,-1.89,-6.68,27.84,0.03,False,True,False,False,False,True,-0.009,0.034,True,False,LOW
83.9,,1.73,-144.09,-1.85,-7.04,27.73,0.04,False,True,False,False,True,True,-0.011,0.037,True,False,LOW
83.923,,2.35,-143.56,-1.81,-7.0,27.78,0.05,False,True,False,False,True,True,-0.008,0.063,True,False,LOW
84.096,,2.1,-143.72,-1.86,-6.99,27.89,0.04,False,True,False,False,True,True,0.0,0.058,True,False,LOW
84.124,,2.15,-144.01,-1.91,-6.98,27.86,0.03,False,True,False,False,True,True,-0.004,0.062,True,False,LOW
84.303,,2.67,-143.81,-1.78,-6.68,27.88,0.08,False,True,False,False,True,True,0.007,0.06,True,False,LOW
84.327,,2.59,-143.31,-1.85,-6.66,27.95,0.08,False,True,False,False,True,True,-0.03,0.088,True,False,LOW
84.495,,2.49,-143.35,-1.93,-6.63,28.16,0.02,False,True,False,False,True,True,-0.019,0.079,True,False,LOW
84.523,,2.37,-143.68,-1.95,-6.64,28.14,0.01,False,True,False,False,True,True,-0.016,0.084,True,False,LOW
84.703,,2.43,-143.76,-1.91,-6.65,28.04,-0.0,False,True,False,False,True,True,-0.014,0.083,True,False,MODERATE
84.727,,2.25,-143.73,-1.8,-6.67,28.03,0.01,False,True,False,False,True,True,-0.02,0.08,True,False,MODERATE
84.894,,2.44,-143.65,-1.59,-6.66,28.05,0.17,False,True,False,False,True,True,-0.018,0.084,True,False,MODERATE
84.923,,2.29,-143.83,-1.76,-6.68,28.02,0.16,False,True,False,False,True,True,-0.007,0.074,True,False,MODERATE
85.103,,2.72,-143.9,-1.61,-6.51,27.91,0.23,False,True,False,False,True,True,-0.006,0.075,True,False,MODERATE
85.126,,2.41,-143.77,-1.66,-6.53,27.91,0.23,False,True,False,False,True,True,-0.013,0.081,True,False,MODERATE
85.3,,2.71,-143.7,-1.7,-6.45,27.96,0.21,False,True,False,False,True,True,-0.023,0.049,True,False,MODERATE
85.33,,3.17,-143.76,-1.65,-6.36,27.96,0.22,False,True,False,False,False,True,-0.012,-0.031,True,False,MODERATE
85.502,,2.72,-143.89,-1.73,-6.36,27.89,0.19,False,True,False,False,False,True,-0.014,-0.027,True,False,MODERATE
85.69,,2.18,-144.44,-1.73,-6.66,27.55,0.18,False,True,False,False,False,True,-0.01,-0.034,True,False,MODERATE
85.797,,0.85,-148.79,-1.99,-7.31,25.55,0.07,False,True,False,False,False,True,-0.016,-0.015,True,False,MODERATE
85.82,,0.7,-155.6,-1.76,-7.45,23.89,0.08,False,True,False,False,False,True,-0.022,-0.01,True,False,MODERATE
85.929,,1.05,-162.94,-1.88,-7.7,15.81,0.06,False,True,False,False,False,True,-0.037,0.008,True,False,MODERATE
85.952,,1.02,-166.99,-1.4,-7.75,13.3,0.11,False,True,False,False,False,True,-0.013,-0.014,True,False,MODERATE
86.093,,-1.36,-170.19,-1.22,-9.08,6.04,0.38,False,False,False,False,False,False,0.033,0.003,True,False,MODERATE
86.125,,0.85,-170.07,-0.95,-8.94,4.88,0.48,False,False,False,False,False,False,0.03,0.007,True,False,MODERATE
86.301,,2.64,-169.3,-1.03,-7.61,3.35,0.69,False,False,False,False,False,False,0.043,0.012,True,False,MODERATE
86.325,,3.52,-169.19,-1.08,-7.32,3.21,0.7,False,False,False,False,False,False,0.048,0.007,True,False,MODERATE
86.495,,4.25,-169.44,-0.87,-5.97,2.68,0.87,False,False,False,False,False,False,0.049,0.008,True,False,MODERATE
86.525,,3.47,-169.58,-0.8,-5.91,2.57,0.91,False,False,False,False,False,False,0.043,0.002,True,False,MODERATE
86.698,,3.27,-170.31,-0.83,-5.86,1.93,0.99,False,False,False,False,False,False,0.046,0.001,True,False,MODERATE
86.721,,3.32,-168.68,-0.97,-5.85,2.08,0.99,False,False,False,False,False,False,0.047,0.002,True,False,MODERATE
86.892,,3.52,-169.31,-0.79,-5.7,2.25,1.05,False,False,False,False,False,False,0.049,-0.0,True,False,MODERATE
86.915,,3.66,-169.13,-0.73,-5.66,2.29,1.07,False,False,False,False,False,False,0.048,-0.001,True,False,MODERATE
87.102,,3.57,-169.7,-0.67,-5.58,2.14,1.15,False,False,False,False,False,False,0.048,0.004,True,False,MODERATE
87.125,,4.6,-170.22,-0.51,-5.43,2.05,1.19,False,False,False,False,False,False,0.046,0.004,True,False,MODERATE
87.292,,5.24,-169.66,-0.64,-4.6,2.05,1.22,False,False,False,False,False,False,0.049,0.003,True,False,MODERATE
87.315,,4.79,-169.17,-0.69,-4.56,2.11,1.22,False,False,False,False,False,False,0.049,0.003,True,False,MODERATE
87.504,,4.77,-169.71,-0.71,-4.42,2.05,1.2,False,False,False,False,False,False,0.046,0.004,True,False,MODERATE
87.528,,5.17,-168.82,-0.66,-4.35,2.17,1.21,False,False,False,False,False,False,0.03,0.024,True,False,MODERATE
87.692,,5.38,-168.9,-0.64,-4.02,2.5,1.24,False,False,False,False,False,False,0.06,0.005,True,False,MODERATE
87.715,,5.56,-169.14,-0.44,-3.95,2.51,1.26,False,False,False,False,False,False,0.051,0.003,True,False,MODERATE
87.901,,4.83,-168.89,-0.45,-4.12,2.68,1.36,False,False,False,False,False,False,0.047,0.005,True,False,MODERATE
87.924,,4.51,-168.83,-0.44,-4.17,2.7,1.38,False,False,False,False,False,False,0.044,0.003,True,False,MODERATE
88.106,,5.22,-168.2,-0.65,-4.01,3.14,1.31,False,False,False,False,False,False,0.011,-0.002,True,False,MODERATE
88.13,,4.92,-167.92,-0.69,-4.03,3.23,1.3,False,False,False,False,False,False,0.006,0.004,True,False,MODERATE
88.311,,4.92,-168.55,-0.67,-4.1,3.19,1.26,False,False,False,False,False,False,0.007,0.004,True,False,MODERATE
88.336,,4.97,-168.47,-0.72,-4.1,3.2,1.25,False,False,False,False,False,False,0.013,-0.002,True,False,MODERATE
88.501,,4.84,-168.12,-0.71,-4.18,3.4,1.22,False,False,False,False,False,False,0.013,-0.001,True,False,MODERATE
88.525,,5.12,-168.55,-0.69,-4.15,3.37,1.22,False,False,False,False,False,False,0.017,0.004,True,False,MODERATE
88.713,,4.73,-168.34,-0.71,-4.26,3.37,1.2,False,False,False,False,False,False,0.016,0.006,True,False,MODERATE
88.736,,4.28,-168.04,-0.83,-4.33,3.41,1.19,False,False,False,False,False,False,0.007,-0.004,True,False,MODERATE
88.902,,3.8,-168.83,-1.1,-4.83,3.14,0.99,False,False,False,False,False,False,0.006,0.001,True,False,MODERATE
88.924,,1.71,-169.84,-1.34,-5.17,2.98,0.93,False,False,False,False,False,False,-0.007,0.005,True,False,MODERATE
89.1,,0.85,-172.27,-1.74,-6.87,1.04,0.52,False,False,False,False,False,False,-0.011,-0.005,True,False,MODERATE
89.123,,0.78,-173.05,-1.76,-7.07,0.69,0.47,False,False,False,False,False,False,-0.009,-0.002,True,False,MODERATE
89.295,,2.44,-172.13,-1.27,-6.84,0.09,0.55,False,False,False,False,False,False,-0.006,-0.002,True,False,MODERATE
89.319,,3.22,-172.98,-1.01,-6.71,-0.11,0.6,False,False,False,False,False,False,0.006,0.007,True,False,MODERATE
89.499,,3.66,-171.2,-0.83,-6.02,0.23,0.85,False,False,False,False,False,False,-0.006,0.009,True,False,MODERATE
89.522,,3.25,-170.25,-0.89,-6.0,0.38,0.87,False,False,False,False,False,False,-0.021,0.013,True,False,MODERATE
89.694,,2.81,-170.42,-1.13,-6.14,0.86,0.82,False,False,False,False,False,False,-0.004,-0.001,True,False,MODERATE
89.718,,3.35,-171.59,-0.99,-6.09,0.76,0.83,False,False,False,False,False,False,-0.006,-0.007,True,False,MODERATE
89.901,,3.52,-172.15,-1.47,-5.81,0.11,0.62,False,False,False,False,False,False,-0.008,-0.007,True,False,MODERATE
89.925,,3.7,-172.13,-1.69,-5.75,0.04,0.56,False,False,False,False,False,False,-0.007,-0.003,True,False,LOW
90.092,,2.87,-172.26,-1.91,-5.99,-0.27,0.27,False,False,False,False,False,False,-0.005,-0.005,True,False,LOW
90.115,,3.25,-172.01,-1.92,-5.97,-0.27,0.23,False,False,False,False,False,False,-0.009,-0.001,True,False,LOW
90.303,,3.65,-172.21,-1.84,-5.68,-0.4,0.14,False,False,False,False,False,False,-0.006,-0.004,True,False,LOW
90.451,,3.33,-172.62,-1.96,-5.72,-0.65,0.04,False,False,False,False,False,False,-0.011,-0.002,True,False,LOW
90.553,,2.85,-171.86,-1.78,-5.92,-0.45,0.07,False,False,False,False,False,False,-0.01,0.003,True,False,LOW
90.576,,2.92,-170.82,-1.64,-5.95,-0.28,0.1,False,False,False,False,False,False,-0.013,-0.003,True,False,LOW
90.701,,3.29,-171.12,-1.53,-5.88,0.12,0.22,False,False,False,False,False,False,-0.009,-0.003,True,False,LOW
90.723,,1.96,-171.23,-1.96,-6.04,0.16,0.18,False,False,False,False,False,False,-0.006,-0.001,True,False,LOW
90.893,,2.62,-169.0,-1.87,-6.26,1.53,0.1,False,False,False,False,False,False,-0.006,-0.004,True,False,LOW
90.916,,2.47,-170.05,-1.99,-6.31,1.55,0.08,False,False,False,False,False,False,-0.018,0.027,True,False,LOW
91.102,,2.89,-170.23,-1.91,-6.25,1.51,0.03,False,False,False,False,False,False,0.0,0.002,True,False,LOW
91.124,,2.5,-170.21,-1.79,-6.29,1.51,0.04,False,False,False,False,False,False,-0.005,-0.006,True,False,LOW
91.292,,2.46,-169.42,-1.67,-6.46,1.92,0.14,False,False,False,False,False,False,-0.004,-0.005,True,False,LOW
91.315,,2.42,-170.36,-1.86,-6.49,1.84,0.13,False,False,False,False,False,False,0.006,-0.001,True,False,LOW
91.5,,2.18,-170.16,-1.86,-6.71,1.69,0.08,False,False,False,False,False,False,0.003,-0.002,True,False,LOW
91.522,,2.63,-169.98,-1.88,-6.68,1.69,0.07,False,False,False,False,False,False,0.007,-0.002,True,False,LOW
91.696,,3.33,-168.87,-1.79,-6.19,2.3,0.09,False,False,False,False,False,False,0.004,0.0,True,False,LOW
91.72,,3.2,-168.47,-1.83,-6.15,2.43,0.09,False,False,False,False,False,False,0.011,0.003,True,False,LOW
91.9,,3.08,-168.59,-1.93,-6.07,2.8,0.03,False,False,False,False,False,False,0.011,0.003,True,False,LOW
91.923,,3.44,-169.07,-1.95,-6.02,2.78,0.02,False,False,False,False,False,False,0.009,0.003,True,False,LOW
92.097,,3.21,-169.23,-1.95,-5.94,2.62,-0.02,False,False,False,False,False,False,0.011,0.003,True,False,LOW
92.119,,3.67,-169.3,-2.03,-5.88,2.6,-0.03,False,False,False,False,False,False,0.01,0.003,True,False,LOW
92.303,,3.2,-169.32,-2.0,-5.88,2.49,-0.07,False,False,False,False,False,False,0.0,-0.002,True,False,LOW
92.327,,3.5,-169.22,-1.88,-5.84,2.49,-0.06,False,False,False,False,False,False,-0.006,-0.002,True,False,LOW
92.495,,2.87,-168.5,-2.03,-6.03,2.86,-0.09,False,False,False,False,False,False,-0.006,-0.0,True,False,LOW
92.519,,3.6,-167.69,-1.98,-5.96,3.02,-0.09,False,False,False,False,False,False,-0.006,-0.0,True,False,LOW
92.702,,3.51,-168.33,-1.69,-5.75,3.22,0.07,False,False,False,False,False,False,0.003,0.062,False,False,LOW
92.725,,3.37,-168.94,-1.82,-5.75,3.16,0.07,False,False,False,False,False,False,-0.011,0.006,True,False,LOW
92.893,,3.1,-169.18,-1.85,-5.87,2.83,0.06,False,False,False,False,False,False,-0.006,-0.002,True,False,LOW
92.915,,3.26,-168.83,-1.95,-5.86,2.84,0.05,False,False,False,False,False,False,-0.005,-0.003,True,False,LOW
93.102,,3.45,-168.8,-2.0,-5.74,2.88,-0.03,False,False,False,False,False,False,-0.002,-0.005,True,False,LOW
93.125,,3.35,-168.85,-2.01,-5.74,2.88,-0.04,False,False,False,False,False,False,-0.001,-0.003,True,False,LOW
93.303,,3.36,-168.79,-2.11,-5.73,2.9,-0.13,False,False,False,False,False,False,0.002,-0.002,True,False,LOW
93.329,,3.49,-169.01,-2.08,-5.71,2.87,-0.14,False,False,False,False,False,False,0.003,-0.001,True,False,LOW
93.503,,3.62,-168.74,-2.0,-5.58,2.92,-0.12,False,False,False,False,False,False,0.015,0.004,True,False,LOW
93.525,,3.92,-169.13,-2.05,-5.53,2.88,-0.12,False,False,False,False,False,False,0.007,0.011,True,False,LOW
93.698,,3.45,-169.51,-2.15,-5.59,2.52,-0.19,False,False,False,False,False,False,0.005,0.008,True,False,LOW
93.721,,3.55,-169.53,-2.07,-5.58,2.48,-0.19,False,False,False,False,False,False,0.005,0.009,True,False,LOW
93.9,,3.73,-170.06,-2.2,-5.46,2.03,-0.25,False,False,False,False,False,False,-0.002,0.009,True,False,LOW
93.922,,3.79,-169.23,-2.07,-5.44,2.09,-0.24,False,False,False,False,False,False,-0.006,0.002,True,False,LOW
94.097,,3.4,-168.98,-2.2,-5.57,2.43,-0.27,False,False,False,False,False,False,-0.006,0.004,True,False,LOW
94.126,,3.6,-168.65,-2.17,-5.56,2.53,-0.27,False,False,False,False,False,False,-0.006,0.004,True,False,LOW
94.306,,4.11,-168.9,-2.22,-5.25,2.68,-0.3,False,False,False,False,False,False,-0.005,-0.003,True,False,LOW
94.33,,4.57,-168.46,-1.97,-5.15,2.76,-0.27,False,False,False,False,False,False,-0.011,-0.004,True,False,LOW
94.497,,3.75,-169.46,-1.98,-5.24,2.5,-0.17,False,False,False,False,False,False,-0.021,0.029,True,False,LOW
94.52,,3.93,-169.13,-2.17,-5.23,2.51,-0.18,False,False,False,False,False,False,-0.022,0.01,True,False,LOW
94.703,,3.58,-169.66,-2.21,-5.38,2.26,-0.25,False,False,False,False,False,False,-0.023,0.025,True,False,LOW
94.725,,4.0,-169.21,-2.39,-5.34,2.29,-0.28,False,False,False,False,False,False,-0.021,0.016,True,False,LOW
94.895,,3.54,-169.23,-2.21,-5.45,2.39,-0.3,False,False,False,False,False,False,-0.005,0.008,True,False,LOW
94.917,,3.88,-168.77,-2.09,-5.42,2.45,-0.28,False,False,False,False,False,False,-0.005,0.005,True,False,LOW
95.101,,3.77,-169.38,-2.1,-5.36,2.39,-0.24,False,False,False,False,False,False,0.002,0.002,True,False,LOW
95.126,,3.94,-169.6,-2.12,-5.33,2.35,-0.24,False,False,False,False,False,False,0.001,0.003,True,False,LOW
95.298,,4.02,-169.94,-2.04,-5.19,2.05,-0.19,False,False,False,False,False,False,0.002,0.003,True,False,LOW
95.322,,4.09,-169.51,-2.18,-5.17,2.07,-0.2,False,False,False,False,False,False,-0.006,-0.003,True,False,LOW
95.503,,4.31,-169.44,-2.06,-4.96,2.18,-0.18,False,False,False,False,False,False,-0.007,-0.002,True,False,LOW
95.526,,4.06,-169.35,-2.11,-4.97,2.2,-0.18,False,False,False,False,False,False,-0.004,-0.003,True,False,LOW
95.696,,4.13,-169.47,-2.25,-4.96,2.22,-0.27,False,False,False,False,False,False,-0.002,-0.002,True,False,LOW
95.721,,4.03,-167.31,-2.15,-4.97,2.54,-0.27,False,False,False,False,False,False,-0.007,0.003,True,False,LOW
95.906,,3.86,-168.78,-2.26,-5.11,2.75,-0.32,False,False,False,False,False,False,0.0,0.012,True,False,LOW
95.929,,4.04,-168.51,-2.1,-5.1,2.81,-0.3,False,False,False,False,False,False,0.003,0.009,True,False,LOW
96.107,,4.39,-168.94,-2.01,-4.89,2.79,-0.2,False,False,False,False,False,False,0.013,0.011,True,False,LOW
96.13,,4.58,-168.64,-1.89,-4.84,2.83,-0.17,False,False,False,False,False,False,0.014,0.011,True,False,LOW
96.312,,4.23,-168.86,-1.96,-4.85,2.84,-0.11,False,False,False,False,False,False,0.014,0.01,True,False,LOW
96.337,,4.63,-169.12,-1.81,-4.79,2.81,-0.08,False,False,False,False,False,False,0.015,0.009,True,False,LOW
96.505,,4.78,-169.29,-1.68,-4.54,2.61,0.07,False,False,False,False,False,False,0.015,0.009,True,False,LOW
96.528,,4.32,-168.1,-1.88,-4.57,2.74,0.07,False,False,False,False,False,False,0.015,0.008,True,False,LOW
96.712,,4.46,-166.33,-1.69,-4.6,4.2,0.14,False,False,False,False,False,False,0.021,0.018,True,False,LOW
96.736,,5.04,-163.79,-1.76,-4.52,4.77,0.14,False,False,False,False,False,False,0.018,0.026,True,False,LOW
96.902,,6.71,-157.08,-1.83,-3.4,10.47,0.11,False,True,False,False,True,True,0.002,0.054,True,False,LOW
96.925,,6.4,-150.81,-1.41,-3.3,12.5,0.15,False,True,False,False,True,True,0.024,0.074,True,False,LOW
97.102,,4.48,-148.19,-1.17,-3.99,19.47,0.46,False,True,False,False,True,True,0.019,0.101,True,False,LOW
97.125,,3.04,-146.25,-0.81,-4.27,20.66,0.54,False,True,False,False,True,True,-0.002,0.089,True,False,LOW
97.292,,2.67,-145.07,-0.83,-5.41,24.29,0.82,False,True,False,False,True,True,-0.035,0.096,True,False,LOW
97.313,,2.64,-144.85,-0.61,-5.54,24.72,0.87,False,True,False,False,True,True,-0.027,0.078,True,False,LOW
97.502,,2.09,-145.15,-0.7,-6.36,25.83,1.05,False,True,False,False,True,True,-0.024,0.055,True,False,LOW
97.525,,2.2,-145.26,-1.21,-6.43,25.92,1.01,False,True,False,False,True,True,-0.029,0.057,True,False,LOW
97.692,,2.36,-145.69,-1.18,-6.58,25.98,0.86,False,True,False,False,True,True,-0.001,0.049,True,False,LOW
97.715,,2.05,-145.89,-1.45,-6.65,25.95,0.81,False,True,False,False,True,True,-0.015,0.042,True,False,LOW
97.898,,1.75,-146.05,-1.42,-7.02,25.79,0.63,False,True,False,False,False,True,-0.021,0.035,True,False,LOW
97.921,,1.37,-146.68,-1.59,-7.11,25.7,0.59,False,True,False,False,False,True,-0.024,0.031,True,False,LOW
98.097,,1.03,-147.01,-1.48,-7.62,25.17,0.5,False,True,False,False,False,True,-0.031,0.03,True,False,LOW
98.121,,0.99,-147.29,-1.48,-7.69,25.06,0.49,False,True,False,False,False,True,-0.025,0.03,True,False,LOW
98.285,,0.81,-147.27,-1.51,-7.99,24.74,0.44,False,True,False,False,False,True,-0.028,0.03,True,False,LOW
98.315,,0.74,-147.28,-1.63,-8.05,24.69,0.41,False,True,False,False,False,True,-0.024,0.028,True,False,LOW
98.489,,0.83,-147.23,-1.65,-8.16,24.58,0.33,False,True,False,False,False,True,-0.027,0.016,True,False,LOW
98.513,,1.1,-146.97,-1.62,-8.14,24.6,0.32,False,True,False,False,False,True,-0.038,0.015,True,False,LOW
98.686,,1.26,-147.14,-1.57,-7.97,24.58,0.33,False,True,False,False,False,True,-0.029,0.008,True,False,LOW
98.715,,1.08,-147.61,-1.53,-7.98,24.51,0.33,False,True,False,False,False,True,-0.032,0.001,True,False,LOW
98.893,,1.19,-147.72,-1.5,-7.93,24.23,0.37,False,True,False,False,False,True,-0.027,0.002,True,False,LOW
98.916,,0.59,-147.89,-1.58,-8.01,24.18,0.36,False,True,False,False,False,True,-0.028,0.001,True,False,LOW
99.084,,0.27,-147.84,-1.53,-8.43,24.02,0.37,False,True,False,False,False,True,-0.026,0.002,True,False,MODERATE
99.115,,-0.01,-148.02,-1.64,-8.54,23.96,0.35,False,True,False,False,False,True,-0.028,0.002,True,False,MODERATE
99.295,,0.11,-148.01,-1.52,-8.78,23.82,0.37,False,True,False,False,False,True,-0.029,-0.004,True,False,MODERATE
99.318,,0.15,-148.18,-1.37,-8.8,23.78,0.39,False,True,False,False,False,True,-0.031,-0.005,True,False,MODERATE
99.485,,0.17,-148.26,-1.35,-8.86,23.61,0.47,False,True,False,False,False,True,-0.03,-0.009,True,False,MODERATE
99.515,,0.42,-148.23,-1.34,-8.83,23.59,0.48,False,True,False,False,False,True,-0.028,-0.014,True,False,MODERATE
99.696,,0.46,-148.17,-1.29,-8.72,23.56,0.55,False,True,False,False,False,True,-0.025,-0.018,True,False,MODERATE
99.72,,0.56,-148.6,-1.4,-8.69,23.5,0.54,False,True,False,False,False,True,-0.02,-0.019,True,False,MODERATE
99.885,,0.34,-149.0,-1.72,-8.72,23.09,0.36,False,True,False,False,False,True,-0.021,-0.029,True,False,MODERATE
100.045,,1.6,-151.25,-0.84,-8.09,21.73,0.71,False,True,False,False,False,True,-0.012,-0.018,True,False,MODERATE
100.151,,2.18,-154.37,-0.96,-7.61,19.82,0.8,False,True,False,False,False,True,-0.01,-0.016,True,False,MODERATE
100.174,,2.33,-160.75,-1.27,-7.49,18.26,0.78,False,True,False,False,False,True,-0.001,-0.006,True,False,MODERATE
100.286,,1.91,-164.87,-1.51,-7.36,12.25,0.62,False,True,False,False,False,True,0.005,-0.001,True,False,MODERATE
100.316,,-1.06,-168.9,-1.8,-7.82,9.83,0.54,False,False,False,False,False,False,-0.053,0.028,True,False,MODERATE
100.492,,-1.59,-171.93,-1.89,-9.38,3.4,0.26,False,False,False,False,False,False,-0.029,0.007,True,False,MODERATE
100.515,,-3.83,-174.54,-1.86,-9.9,2.13,0.23,False,False,False,False,False,False,-0.025,0.008,True,False,MODERATE
100.685,,-5.11,-176.13,-1.88,-12.31,-1.91,0.12,False,False,False,False,False,False,-0.019,0.004,True,False,MODERATE
100.716,,-5.49,-177.58,-1.77,-12.76,-2.86,0.12,False,False,False,False,False,False,-0.018,0.001,True,False,MODERATE
100.897,,-4.99,-177.3,-1.83,-13.5,-4.5,0.09,False,False,False,False,False,False,-0.024,0.012,True,False,MODERATE
100.92,,-4.31,-176.07,-1.95,-13.49,-4.48,0.08,False,False,False,False,False,False,-0.016,0.006,True,False,MODERATE
101.088,,-4.84,-174.59,-2.03,-13.72,-3.62,-0.03,False,False,False,False,False,False,-0.01,0.006,True,False,MODERATE
101.115,,-4.46,-176.08,-1.95,-13.69,-3.74,-0.03,False,False,False,False,False,False,-0.009,0.007,True,False,MODERATE
101.295,,-4.33,-175.41,-1.82,-13.54,-3.72,0.03,False,False,False,False,False,False,0.004,0.006,True,False,MODERATE
101.316,,-4.17,-174.69,-1.71,-13.51,-3.63,0.05,False,False,False,False,False,False,0.002,0.007,True,False,MODERATE
101.491,,-3.91,-174.36,-1.64,-13.24,-3.11,0.16,False,False,False,False,False,False,-0.011,0.007,True,False,MODERATE
101.515,,-3.63,-174.66,-1.72,-13.17,-3.09,0.16,False,False,False,False,False,False,-0.01,0.009,True,False,MODERATE
101.695,,-2.62,-174.46,-2.06,-12.38,-2.91,-0.01,False,False,False,False,False,False,-0.014,0.012,True,False,MODERATE
101.718,,-2.85,-174.82,-2.2,-12.32,-2.93,-0.05,False,False,False,False,False,False,-0.017,0.005,True,False,MODERATE
101.886,,-1.63,-172.79,-2.34,-11.47,-1.96,-0.25,False,False,False,False,False,False,-0.018,0.013,True,False,MODERATE
101.915,,-1.66,-174.24,-2.27,-11.35,-2.05,-0.27,False,False,False,False,False,False,-0.018,0.004,True,False,MODERATE
102.095,,-2.16,-174.31,-2.28,-11.29,-2.34,-0.33,False,False,False,False,False,False,-0.018,0.006,True,False,MODERATE
102.117,,-2.76,-174.22,-1.97,-11.36,-2.36,-0.3,False,False,False,False,False,False,-0.002,0.008,True,False,MODERATE
102.285,,-2.64,-174.57,-1.57,-11.55,-2.62,0.03,False,False,False,False,False,False,-0.006,0.004,True,False,MODERATE
102.315,,-2.84,-173.93,-1.52,-11.61,-2.56,0.08,False,False,False,False,False,False,-0.012,0.0,True,False,MODERATE
102.498,,-2.65,-174.06,-1.37,-11.68,-2.45,0.32,False,False,False,False,False,False,-0.009,0.007,True,False,MODERATE
102.52,,-2.09,-173.57,-1.52,-11.62,-2.37,0.33,False,False,False,False,False,False,-0.007,0.006,True,False,MODERATE
102.685,,-2.26,-172.87,-1.44,-11.48,-1.74,0.4,False,False,False,False,False,False,-0.012,0.006,True,False,MODERATE
102.715,,-2.07,-172.02,-1.53,-11.42,-1.5,0.39,False,False,False,False,False,False,-0.011,0.006,True,False,MODERATE
102.894,,-2.37,-172.29,-1.7,-11.44,-1.0,0.29,False,False,False,False,False,False,-0.011,0.005,True,False,MODERATE
102.916,,-2.09,-172.73,-1.69,-11.41,-1.0,0.28,False,False,False,False,False,False,-0.01,0.004,True,False,MODERATE
103.088,,-1.85,-173.23,-1.68,-11.16,-1.27,0.25,False,False,False,False,False,False,-0.009,0.006,True,False,MODERATE
103.116,,-2.25,-173.26,-1.92,-11.19,-1.32,0.21,False,False,False,False,False,False,-0.007,0.004,True,False,MODERATE
103.295,,-2.63,-173.1,-1.88,-11.47,-1.35,0.11,False,False,False,False,False,False,-0.004,0.005,True,False,MODERATE
103.317,,-2.99,-172.74,-1.66,-11.55,-1.31,0.12,False,False,False,False,False,False,-0.01,0.003,True,False,MODERATE
103.486,,-2.74,-172.73,-1.88,-11.69,-1.16,0.07,False,False,False,False,False,False,-0.014,0.002,True,False,MODERATE
103.516,,-2.6,-172.67,-1.79,-11.69,-1.13,0.08,False,False,False,False,False,False,-0.018,0.007,True,False,MODERATE
103.697,,-1.4,-173.28,-1.94,-11.04,-1.36,0.01,False,False,False,False,False,False,-0.017,0.01,True,False,MODERATE
103.719,,-0.53,-172.92,-1.83,-10.86,-1.34,0.02,False,False,False,False,False,False,-0.011,0.003,True,False,MODERATE
103.889,,-0.77,-172.69,-1.75,-10.33,-1.16,0.09,False,False,False,False,False,False,-0.012,0.004,True,False,MODERATE
103.915,,-1.15,-172.89,-1.96,-10.31,-1.16,0.07,False,False,False,False,False,False,-0.012,0.004,True,False,MODERATE
104.109,,-1.69,-173.12,-1.99,-10.57,-1.3,-0.02,False,False,False,False,False,False,-0.009,0.004,True,False,MODERATE
104.135,,-1.81,-173.03,-1.81,-10.61,-1.3,-0.0,False,False,False,False,False,False,-0.01,0.002,True,False,LOW
104.293,,-1.27,-171.9,-1.67,-10.48,-0.74,0.11,False,False,False,False,True,True,-0.009,0.041,True,False,LOW
104.315,,-1.4,-173.62,-1.72,-10.48,-0.89,0.12,False,False,False,False,False,False,-0.035,0.011,True,False,LOW
104.501,,-1.25,-172.85,-1.83,-10.4,-1.02,0.09,False,False,False,False,False,False,-0.02,0.013,True,False,LOW
104.524,,-0.93,-171.95,-2.0,-10.35,-0.92,0.07,False,False,False,False,False,False,-0.014,0.001,True,False,LOW
104.695,,-1.76,-171.78,-2.12,-10.61,-0.48,-0.08,False,False,False,False,False,False,-0.016,0.004,True,False,LOW
104.718,,-1.78,-172.31,-1.97,-10.64,-0.49,-0.08,False,False,False,False,False,False,-0.009,0.003,True,False,LOW
104.903,,-1.78,-172.28,-1.83,-10.76,-0.53,0.0,False,False,False,False,False,False,-0.012,0.004,True,False,LOW
104.926,,-1.3,-171.49,-1.82,-10.71,-0.44,0.01,False,False,False,False,False,False,-0.007,0.003,True,False,LOW
105.083,,-1.75,-172.05,-1.76,-10.77,-0.39,0.07,False,False,False,False,False,False,-0.005,0.005,True,False,LOW
105.115,,-1.43,-171.2,-1.63,-10.73,-0.23,0.11,False,False,False,False,False,False,-0.005,0.003,True,False,LOW
105.294,,-1.01,-172.41,-1.73,-10.39,-0.48,0.14,False,False,False,False,False,False,-0.008,0.004,True,False,LOW
105.317,,-0.81,-171.85,-1.91,-10.33,-0.43,0.12,False,False,False,False,False,False,-0.001,0.001,True,False,LOW
105.483,,-1.16,-171.57,-1.9,-10.28,-0.14,0.06,False,False,False,False,False,False,-0.002,0.003,True,False,LOW
105.516,,-1.41,-171.62,-2.0,-10.32,-0.1,0.03,False,False,False,False,False,False,-0.003,0.002,True,False,LOW
105.692,,-0.92,-171.47,-1.93,-10.15,0.08,-0.0,False,False,False,False,False,False,0.001,0.003,True,False,LOW
105.714,,-1.05,-171.32,-1.88,-10.15,0.12,0.0,False,False,False,False,False,False,0.001,0.005,True,False,LOW
105.884,,-1.09,-171.97,-1.75,-10.16,-0.08,0.08,False,False,False,False,False,False,-0.002,0.002,True,False,LOW
105.916,,-0.6,-171.77,-1.69,-10.08,-0.07,0.1,False,False,False,False,False,False,-0.003,0.002,True,False,LOW
106.09,,-0.64,-171.44,-1.76,-9.89,0.11,0.12,False,False,False,False,False,False,-0.0,0.004,True,False,LOW
106.113,,-0.53,-171.57,-1.83,-9.86,0.11,0.11,False,False,False,False,False,False,-0.002,0.002,True,False,LOW
106.283,,-1.23,-171.09,-2.31,-10.09,0.38,-0.16,False,False,False,False,False,False,0.008,0.006,True,False,LOW
106.315,,-0.97,-171.96,-1.9,-10.09,0.27,-0.13,False,False,False,False,False,False,0.007,0.007,True,False,LOW
106.497,,-1.16,-170.77,-1.95,-10.17,0.63,-0.09,False,False,False,False,False,False,0.006,0.006,True,False,LOW
106.52,,-0.67,-171.18,-1.73,-10.12,0.62,-0.06,False,False,False,False,False,False,0.008,0.003,True,False,LOW
106.683,,-0.71,-171.43,-1.86,-9.95,0.45,-0.01,False,False,False,False,False,False,-0.01,0.003,True,False,LOW
106.714,,-0.37,-171.01,-1.86,-9.87,0.49,0.0,False,False,False,False,True,True,-0.016,0.041,True,False,LOW
106.895,,-0.4,-170.27,-2.11,-9.66,1.0,-0.11,False,False,False,False,False,False,-0.03,0.032,True,False,LOW
106.918,,-0.43,-171.5,-2.09,-9.64,0.9,-0.12,False,False,False,False,False,False,-0.017,0.01,True,False,LOW
107.21,,-0.53,-171.69,-2.14,-9.63,0.33,-0.2,False,False,False,False,False,False,-0.011,0.009,True,False,LOW
107.232,,-0.54,-171.14,-2.06,-9.63,0.36,-0.19,False,False,False,False,False,False,-0.006,0.01,True,False,LOW
107.339,,-0.51,-171.64,-2.06,-9.61,0.24,-0.18,False,False,False,False,False,False,0.0,0.008,True,False,LOW
107.363,,-0.45,-171.96,-1.99,-9.6,0.17,-0.17,False,False,False,False,False,False,0.001,0.007,True,False,LOW
107.485,,-0.52,-171.62,-2.03,-9.6,0.14,-0.15,False,False,False,False,False,False,-0.01,0.004,True,False,LOW
107.517,,-0.6,-171.57,-2.06,-9.62,0.14,-0.15,False,False,False,False,False,False,-0.005,0.006,True,False,LOW
107.694,,-0.85,-171.57,-2.11,-9.79,0.14,-0.18,False,False,False,False,False,False,-0.004,0.007,True,False,LOW
107.718,,-0.47,-171.28,-1.96,-9.75,0.18,-0.17,False,False,False,False,False,False,-0.003,0.005,True,False,LOW
107.887,,-0.83,-171.67,-2.05,-9.84,0.11,-0.16,False,False,False,False,False,False,-0.003,0.003,True,False,LOW
107.915,,-0.54,-171.58,-2.08,-9.81,0.11,-0.16,False,False,False,False,False,False,-0.0,0.003,True,False,LOW
108.097,,-0.53,-171.19,-2.19,-9.7,0.33,-0.23,False,False,False,False,False,False,-0.003,0.002,True,False,LOW
108.121,,-1.05,-171.06,-2.0,-9.76,0.37,-0.21,False,False,False,False,False,False,-0.001,0.008,True,False,LOW
108.285,,-0.63,-171.05,-2.05,-9.74,0.52,-0.18,False,False,False,False,False,False,0.001,0.011,True,False,LOW
108.316,,-0.36,-171.42,-1.81,-9.69,0.48,-0.14,False,False,False,False,False,False,0.002,0.01,True,False,LOW
108.497,,-0.11,-170.55,-1.86,-9.42,0.85,-0.04,False,False,False,False,False,False,0.003,0.011,True,False,LOW
108.52,,-0.21,-170.72,-1.88,-9.41,0.87,-0.03,False,False,False,False,False,False,0.004,0.01,True,False,LOW
108.685,,-0.03,-171.01,-1.94,-9.26,0.78,-0.04,False,False,False,False,False,False,0.005,0.01,True,False,LOW
108.708,,-0.17,-171.28,-1.95,-9.26,0.74,-0.04,False,False,False,False,False,False,0.003,0.01,True,False,LOW
108.895,,-0.49,-171.23,-1.88,-9.43,0.6,-0.01,False,False,False,False,False,False,0.005,0.009,True,False,LOW
108.916,,-0.26,-171.01,-1.92,-9.42,0.61,-0.01,False,False,False,False,False,False,0.006,0.007,True,False,LOW
109.085,,-0.56,-171.17,-1.91,-9.54,0.57,-0.01,False,False,False,False,False,False,0.004,0.007,True,False,LOW
109.109,,-0.25,-170.84,-1.88,-9.51,0.61,-0.01,False,False,False,False,False,False,-0.001,0.007,True,False,LOW
109.294,,-0.24,-170.8,-1.76,-9.41,0.77,0.07,False,False,False,False,False,False,-0.014,0.004,True,False,LOW
109.317,,0.03,-171.19,-1.87,-9.36,0.74,0.07,False,False,False,False,False,False,-0.013,0.005,True,False,LOW
109.486,,-0.02,-170.46,-1.86,-9.23,1.0,0.05,False,False,False,False,False,False,-0.022,-0.0,True,False,LOW
109.509,,-0.19,-171.01,-1.95,-9.24,0.97,0.04,False,False,False,False,False,False,-0.018,0.001,True,False,LOW
109.695,,-0.26,-170.3,-1.95,-9.29,1.21,-0.01,False,False,False,False,False,False,-0.006,0.019,True,False,LOW
109.718,,-0.38,-170.47,-1.86,-9.32,1.21,-0.0,False,False,False,False,False,False,-0.01,0.018,True,False,LOW
109.887,,-0.39,-170.54,-1.88,-9.4,1.19,0.01,False,False,False,False,False,False,-0.003,0.017,True,False,LOW
109.909,,-0.26,-171.53,-1.9,-9.39,1.06,0.01,False,False,False,False,False,False,-0.003,0.013,True,False,LOW
110.095,,0.46,-171.14,-1.6,-8.98,0.79,0.17,False,False,False,False,False,False,0.026,0.015,True,False,LOW
110.118,,0.51,-170.91,-1.47,-8.92,0.79,0.2,False,False,False,False,False,False,0.032,0.008,True,False,LOW
110.288,,0.54,-169.98,-1.56,-8.73,1.28,0.27,False,False,False,False,False,False,0.028,0.01,True,False,LOW
110.311,,1.57,-167.76,-1.4,-8.56,1.65,0.3,False,False,False,False,False,False,0.025,0.01,True,False,LOW
110.495,,5.42,-166.54,-1.39,-5.8,3.64,0.41,False,False,False,False,False,False,0.0,0.003,True,False,LOW
110.518,,7.44,-160.91,-1.31,-5.13,4.83,0.44,False,False,False,False,True,True,-0.009,0.043,True,False,LOW
110.686,,9.13,-154.01,-1.05,-2.19,12.64,0.65,False,True,False,False,True,True,-0.002,0.069,True,False,LOW
110.708,,5.61,-150.39,-1.33,-2.37,14.32,0.64,False,True,False,False,True,True,0.017,0.073,True,False,LOW
110.897,,2.5,-149.75,-1.97,-4.67,19.2,0.25,False,True,False,False,True,True,0.025,0.064,True,False,LOW
110.92,,1.47,-149.52,-1.85,-5.08,19.75,0.23,False,True,False,False,True,True,-0.005,0.039,True,False,LOW
111.084,,0.96,-150.19,-1.94,-6.72,20.77,0.09,False,True,False,False,False,True,-0.011,0.032,True,False,LOW
111.106,,2.05,-150.78,-1.92,-6.76,20.79,0.08,False,True,False,False,False,True,-0.011,0.02,True,False,LOW
111.294,,2.04,-150.81,-1.93,-6.92,20.85,0.02,False,True,False,False,False,True,-0.011,0.025,True,False,LOW
111.317,,1.56,-150.75,-1.84,-7.0,20.87,0.02,False,True,False,False,False,True,-0.017,0.025,True,False,LOW
111.488,,1.7,-150.02,-1.8,-7.2,21.31,0.06,False,True,False,False,True,True,-0.021,0.053,True,False,LOW
111.517,,1.81,-150.01,-1.76,-7.21,21.37,0.08,False,True,False,False,True,True,-0.018,0.049,True,False,LOW
111.696,,1.86,-150.08,-1.78,-7.22,21.51,0.1,False,True,False,False,True,True,-0.015,0.054,True,False,LOW
111.72,,1.56,-150.19,-1.91,-7.26,21.51,0.08,False,True,False,False,True,True,-0.013,0.059,True,False,LOW
111.888,,1.53,-149.96,-2.11,-7.41,21.64,-0.07,False,True,False,False,True,True,-0.021,0.045,True,False,LOW
111.911,,1.78,-149.98,-2.12,-7.4,21.65,-0.09,False,True,False,False,True,True,-0.027,0.049,True,False,LOW
112.108,,1.7,-149.96,-1.99,-7.39,21.7,-0.09,False,True,False,False,True,True,-0.027,0.05,True,False,LOW
112.132,,1.57,-149.94,-2.15,-7.41,21.71,-0.11,False,True,False,False,True,True,-0.029,0.052,True,False,LOW
112.294,,1.16,-149.81,-1.99,-7.67,21.81,-0.1,False,True,False,False,True,True,-0.032,0.047,True,False,LOW
112.317,,1.89,-149.27,-1.95,-7.61,21.89,-0.09,False,True,False,False,True,True,-0.029,0.056,True,False,LOW
112.504,,1.82,-149.65,-1.92,-7.42,21.98,-0.05,False,True,False,False,True,True,-0.025,0.039,True,False,LOW
112.53,,1.76,-149.61,-1.84,-7.41,22.0,-0.04,False,True,False,False,True,True,-0.031,0.039,True,False,LOW
112.693,,1.49,-149.45,-1.75,-7.5,22.13,0.06,False,True,False,False,False,True,-0.048,0.028,True,False,LOW
112.716,,1.26,-149.48,-2.08,-7.54,22.14,0.03,False,True,False,False,False,True,-0.046,0.024,True,False,LOW
112.903,,0.99,-149.18,-2.11,-7.84,22.35,-0.1,False,True,False,False,False,True,-0.038,0.023,True,False,MODERATE
112.928,,1.09,-149.0,-1.99,-7.86,22.4,-0.1,False,True,False,False,False,True,-0.039,0.02,True,False,MODERATE
113.084,,0.47,-148.94,-1.8,-8.24,22.59,-0.0,False,True,False,False,False,True,-0.021,0.017,True,False,MODERATE
113.106,,0.82,-149.52,-2.0,-8.24,22.54,-0.01,False,True,False,False,False,True,-0.03,-0.025,True,False,MODERATE
113.292,,0.48,-150.28,-2.02,-8.44,21.94,-0.07,False,True,False,False,False,True,-0.024,-0.025,True,False,MODERATE
113.314,,0.93,-150.01,-1.98,-8.41,21.91,-0.07,False,True,False,False,False,True,-0.03,-0.018,True,False,MODERATE
113.483,,1.19,-149.98,-2.08,-8.14,21.81,-0.13,False,True,False,False,False,True,-0.025,-0.03,True,False,MODERATE
113.506,,1.56,-150.66,-2.2,-8.06,21.71,-0.15,False,True,False,False,False,True,-0.025,-0.03,True,False,MODERATE
113.694,,1.35,-152.41,-1.72,-7.88,20.37,0.03,False,True,False,False,False,True,-0.015,-0.018,True,False,MODERATE
113.88,,2.06,-154.42,-1.62,-7.41,18.64,0.16,False,True,False,False,False,True,-0.004,-0.005,True,False,MODERATE
113.983,,1.56,-158.88,-1.77,-7.46,16.08,0.15,False,True,False,False,False,True,-0.002,-0.007,True,False,MODERATE
114.007,,0.34,-164.81,-1.99,-7.63,14.36,0.12,False,True,False,False,False,True,-0.013,-0.013,True,False,MODERATE
114.113,,0.25,-167.11,-1.22,-8.13,9.37,0.34,False,False,False,False,False,False,-0.01,0.001,True,False,MODERATE
114.136,,-1.86,-169.44,-1.04,-8.54,7.9,0.41,False,False,False,False,False,False,-0.008,0.009,True,False,MODERATE
114.285,,-2.01,-170.51,-0.7,-9.86,3.93,0.8,False,False,False,False,False,False,-0.021,-0.001,True,False,MODERATE
114.308,,-3.73,-172.54,-1.1,-10.29,3.03,0.8,False,False,False,False,False,False,-0.021,0.0,True,False,MODERATE
114.492,,-3.19,-172.25,-0.99,-11.42,0.83,0.86,False,False,False,False,False,False,-0.017,0.003,True,False,MODERATE
114.515,,-1.84,-172.41,-0.78,-11.36,0.57,0.89,False,False,False,False,False,False,-0.015,0.006,True,False,MODERATE
114.685,,-1.48,-172.91,-0.78,-10.94,-0.43,1.01,False,False,False,False,False,False,-0.047,0.021,True,False,MODERATE
114.708,,-1.11,-173.43,-0.86,-10.85,-0.63,1.01,False,False,False,False,False,False,-0.042,0.03,True,False,MODERATE
114.893,,0.2,-173.13,-0.94,-9.77,-1.08,0.99,False,False,False,False,False,False,-0.045,0.016,True,False,MODERATE
114.916,,1.2,-172.34,-0.77,-9.51,-1.02,1.0,False,False,False,False,False,False,-0.025,0.013,True,False,MODERATE
115.086,,0.03,-172.95,-0.9,-9.27,-1.13,1.0,False,False,False,False,False,False,-0.022,0.006,True,False,MODERATE
115.108,,0.3,-172.5,-0.96,-9.21,-1.09,0.99,False,False,False,False,False,False,0.021,0.024,True,False,MODERATE
115.292,,1.0,-174.3,-1.13,-8.59,-1.91,0.87,False,False,False,False,False,False,0.036,0.026,True,False,MODERATE
115.314,,1.58,-175.34,-1.31,-8.45,-2.14,0.84,False,False,False,False,False,False,0.034,0.027,True,False,MODERATE
115.485,,3.18,-174.49,-1.25,-7.07,-2.48,0.74,False,False,False,False,False,False,0.047,0.023,True,False,MODERATE
115.508,,2.51,-174.72,-1.49,-7.0,-2.55,0.7,False,False,False,False,False,False,0.042,0.024,True,False,MODERATE
115.693,,1.4,-174.6,-1.46,-7.38,-2.74,0.56,False,False,False,False,False,False,0.037,0.024,True,False,MODERATE
115.716,,0.72,-175.93,-1.09,-7.5,-2.94,0.59,False,False,False,False,False,False,0.034,0.024,True,False,MODERATE
115.883,,0.58,-172.71,-1.04,-8.02,-1.94,0.73,False,False,False,False,False,False,0.043,0.021,True,False,MODERATE
115.906,,0.81,-173.1,-0.86,-8.05,-1.87,0.77,False,False,False,False,False,False,0.041,0.019,True,False,MODERATE
116.096,,1.2,-173.76,-0.86,-7.96,-1.97,0.92,False,False,False,False,False,False,0.04,0.022,True,False,MODERATE
116.118,,1.03,-173.33,-0.52,-7.97,-1.93,0.97,False,False,False,False,False,False,0.036,0.022,True,False,MODERATE
116.286,,0.48,-173.99,-0.84,-8.3,-2.11,1.02,False,False,False,False,False,False,0.03,0.022,True,False,MODERATE
116.31,,0.35,-173.4,-1.05,-8.36,-2.05,1.0,False,False,False,False,False,False,0.034,0.018,True,False,MODERATE
116.494,,0.92,-172.99,-1.23,-8.25,-1.63,0.82,False,False,False,False,False,False,0.036,0.017,True,False,MODERATE
116.518,,1.33,-172.84,-1.18,-8.19,-1.57,0.81,False,False,False,False,False,False,0.036,0.017,True,False,MODERATE
116.685,,1.24,-171.72,-1.01,-8.01,-0.75,0.85,False,False,False,False,False,False,0.045,0.016,True,False,MODERATE
116.708,,0.64,-171.91,-0.87,-8.07,-0.68,0.87,False,False,False,False,False,False,0.041,0.013,True,False,MODERATE
116.905,,0.78,-172.13,-0.81,-8.2,-0.53,0.99,False,False,False,False,False,False,0.04,0.014,True,False,MODERATE
116.929,,-0.11,-171.93,-0.67,-8.33,-0.49,1.02,False,False,False,False,False,False,0.038,0.017,True,False,MODERATE
117.086,,-0.55,-171.32,-0.73,-8.99,-0.05,1.1,False,False,False,False,False,False,0.026,0.014,True,False,MODERATE
117.108,,1.71,-173.05,-0.48,-8.79,-0.21,1.14,False,False,False,False,False,False,0.034,0.016,True,False,MODERATE
117.294,,2.06,-172.79,-0.41,-7.82,-0.68,1.33,False,False,False,False,False,False,0.029,0.021,True,False,MODERATE
117.316,,1.85,-172.77,-0.32,-7.74,-0.73,1.36,False,False,False,False,False,False,0.032,0.02,True,False,MODERATE
117.492,,1.97,-172.61,-0.27,-7.41,-0.82,1.5,False,False,False,False,False,False,0.042,0.016,True,False,MODERATE
117.514,,1.29,-173.01,-0.44,-7.46,-0.88,1.5,False,False,False,False,False,False,0.044,0.014,True,False,MODERATE
117.694,,0.74,-173.47,-0.49,-7.93,-1.36,1.45,False,False,False,False,False,False,0.032,0.018,True,False,MODERATE
117.719,,1.66,-172.43,-0.93,-7.86,-1.27,1.39,False,False,False,False,False,False,-0.0,0.004,True,False,MODERATE
117.886,,1.74,-172.11,-1.09,-7.59,-0.82,1.09,False,False,False,False,False,False,-0.011,-0.002,True,False,MODERATE
117.909,,1.97,-172.7,-1.14,-7.53,-0.84,1.05,False,False,False,False,False,False,-0.006,-0.002,True,False,MODERATE
118.095,,1.97,-171.64,-1.28,-7.3,-0.35,0.81,False,False,False,False,False,False,-0.013,0.007,True,False,LOW
118.117,,1.01,-171.16,-1.57,-7.4,-0.23,0.75,False,False,False,False,False,False,-0.032,0.016,True,False,LOW
118.286,,1.01,-171.87,-1.34,-7.75,-0.19,0.65,False,False,False,False,True,True,-0.006,0.043,True,False,LOW
118.309,,1.5,-171.01,-1.3,-7.73,-0.08,0.65,False,False,False,False,False,False,-0.028,0.008,True,False,LOW
118.497,,2.26,-170.81,-1.26,-7.24,0.46,0.64,False,False,False,False,False,False,-0.02,0.002,True,False,LOW
118.521,,1.46,-170.76,-1.47,-7.29,0.53,0.61,False,False,False,False,False,False,-0.018,-0.001,True,False,LOW
118.686,,1.16,-170.54,-1.55,-7.61,0.86,0.48,False,False,False,False,False,False,-0.014,-0.002,True,False,LOW
118.707,,1.33,-171.64,-1.49,-7.63,0.77,0.47,False,False,False,False,False,False,-0.012,-0.004,True,False,LOW
118.894,,1.8,-171.96,-1.64,-7.44,0.21,0.36,False,False,False,False,False,False,-0.009,0.002,True,False,LOW
118.916,,1.58,-171.77,-1.43,-7.45,0.18,0.37,False,False,False,False,False,False,0.042,0.017,True,False,LOW
119.085,,1.38,-172.11,-1.42,-7.58,-0.12,0.43,False,False,False,False,False,False,0.041,0.015,True,False,LOW
119.109,,1.76,-171.9,-1.33,-7.55,-0.13,0.45,False,False,False,False,False,False,0.036,0.016,True,False,LOW
119.294,,2.04,-171.95,-1.13,-7.28,-0.19,0.62,False,False,False,False,False,False,0.043,0.019,True,False,LOW
119.317,,1.77,-171.2,-1.09,-7.28,-0.1,0.64,False,False,False,False,False,False,0.043,0.02,True,False,LOW
119.485,,1.65,-170.93,-1.32,-7.36,0.36,0.61,False,False,False,False,False,False,0.039,0.017,True,False,LOW
119.508,,1.54,-170.47,-1.5,-7.38,0.47,0.58,False,False,False,False,False,False,0.038,0.011,True,False,LOW
119.697,,1.75,-170.18,-1.61,-7.36,1.06,0.42,False,False,False,False,False,False,0.046,0.012,True,False,LOW
119.72,,1.75,-170.4,-1.64,-7.35,1.09,0.4,False,False,False,False,False,False,0.008,0.006,True,False,LOW
119.888,,2.52,-169.96,-1.39,-6.95,1.44,0.46,False,False,False,False,False,False,0.001,0.034,True,False,LOW
119.998,,2.38,-170.61,-1.65,-6.85,1.3,0.37,False,False,False,False,False,False,-0.015,0.004,True,False,LOW
120.12,,2.04,-170.24,-1.54,-6.93,1.37,0.37,False,False,False,False,False,False,-0.012,0.007,True,False,LOW
120.144,,2.28,-170.31,-1.62,-6.92,1.38,0.36,False,False,False,False,False,False,-0.015,0.001,True,False,LOW
120.299,,2.48,-170.37,-1.62,-6.76,1.36,0.32,False,False,False,False,True,True,-0.014,0.043,True,False,LOW
120.396,,2.06,-171.02,-1.75,-6.86,1.1,0.25,False,False,False,False,False,False,-0.01,0.013,True,False,LOW
120.508,,2.41,-171.27,-1.64,-6.78,0.83,0.26,False,False,False,False,False,False,-0.007,0.014,True,False,LOW
120.532,,2.44,-170.75,-1.64,-6.77,0.84,0.26,False,False,False,False,False,False,-0.016,0.006,True,False,LOW
120.697,,2.87,-170.95,-1.67,-6.48,0.8,0.24,False,False,False,False,False,False,-0.005,0.003,True,False,LOW
120.797,,2.47,-169.64,-1.79,-6.54,1.3,0.19,False,False,False,False,False,False,-0.011,0.001,True,False,LOW
120.909,,2.75,-169.41,-1.88,-6.45,1.72,0.12,False,False,False,False,False,False,-0.008,-0.001,True,False,LOW
120.932,,2.33,-169.62,-1.93,-6.49,1.77,0.1,False,False,False,False,False,False,-0.007,-0.002,True,False,LOW
121.082,,2.27,-169.68,-1.74,-6.65,1.9,0.13,False,False,False,False,False,False,-0.019,0.011,True,False,LOW
121.195,,2.61,-170.33,-1.9,-6.58,1.68,0.08,False,False,False,False,False,False,-0.019,0.003,True,False,LOW
121.3,,2.5,-170.31,-1.98,-6.58,1.57,0.01,False,False,False,False,False,False,-0.015,0.004,True,False,LOW
121.323,,2.75,-170.39,-1.61,-6.55,1.54,0.05,False,False,False,False,False,False,-0.011,0.004,True,False,LOW
121.48,,2.42,-170.88,-1.37,-6.61,1.18,0.29,False,False,False,False,False,False,0.004,0.008,True,False,LOW
121.595,,2.36,-170.57,-1.58,-6.66,1.16,0.3,False,False,False,False,False,False,-0.009,0.001,True,False,LOW
121.696,,2.42,-170.65,-1.63,-6.66,1.12,0.29,False,False,False,False,False,False,-0.008,0.002,True,False,LOW
121.718,,2.51,-170.23,-1.64,-6.65,1.17,0.29,False,False,False,False,False,False,-0.009,0.002,True,False,LOW
121.886,,2.42,-170.39,-1.7,-6.66,1.25,0.24,False,False,False,False,False,False,-0.007,0.004,True,False,LOW
121.996,,2.8,-170.15,-1.91,-6.51,1.37,0.14,False,False,False,False,False,False,-0.005,0.003,True,False,LOW
122.1,,2.85,-169.99,-1.95,-6.4,1.51,0.06,False,False,False,False,False,False,-0.003,-0.0,True,False,LOW
122.122,,2.95,-169.38,-1.65,-6.36,1.62,0.09,False,False,False,False,False,False,0.006,0.005,True,False,LOW
122.283,,2.65,-169.82,-1.5,-6.4,1.76,0.25,False,False,False,False,False,False,0.007,0.004,True,False,LOW
122.396,,2.62,-169.57,-1.52,-6.43,1.92,0.3,False,False,False,False,False,False,0.001,-0.004,True,False,LOW
122.5,,2.37,-169.72,-1.54,-6.54,1.95,0.32,False,False,False,False,False,False,0.0,-0.005,True,False,LOW
122.521,,2.21,-169.91,-1.57,-6.58,1.93,0.33,False,False,False,False,False,False,-0.006,-0.009,True,False,LOW
122.682,,2.13,-169.48,-1.63,-6.77,2.08,0.3,False,False,False,False,False,False,-0.006,-0.005,True,False,LOW
122.796,,2.38,-169.68,-1.8,-6.74,2.06,0.21,False,False,False,False,False,False,-0.01,-0.002,True,False,LOW
122.903,,2.08,-169.7,-1.72,-6.85,2.04,0.2,False,False,False,False,False,False,-0.011,-0.003,True,False,LOW
122.927,,3.05,-169.23,-1.7,-6.74,2.1,0.2,False,False,False,False,False,False,-0.011,-0.001,True,False,LOW
123.085,,3.05,-169.45,-1.4,-6.38,2.18,0.35,False,False,False,False,False,False,-0.004,-0.002,True,False,LOW
123.196,,2.64,-169.14,-1.59,-6.41,2.34,0.33,False,False,False,False,False,False,0.001,-0.007,True,False,LOW
123.301,,2.86,-168.79,-1.52,-6.34,2.58,0.35,False,False,False,False,False,False,-0.003,-0.004,True,False,LOW
123.323,,2.67,-169.17,-1.48,-6.34,2.57,0.36,False,False,False,False,False,False,-0.005,-0.005,True,False,LOW
123.483,,3.13,-168.02,-1.39,-6.15,3.14,0.44,False,False,False,False,False,False,-0.002,-0.002,True,False,LOW
123.595,,2.17,-167.62,-1.13,-6.47,3.54,0.57,False,False,False,False,False,False,-0.007,-0.006,True,False,LOW
123.701,,1.66,-166.62,-1.36,-6.86,4.19,0.56,False,False,False,False,False,False,-0.006,-0.007,True,False,LOW
123.839,,3.14,-166.3,-1.29,-6.43,4.77,0.58,False,False,False,False,False,False,-0.004,-0.005,True,False,LOW
123.946,,2.98,-166.32,-1.12,-6.3,5.03,0.66,False,False,False,False,False,False,-0.004,0.012,True,False,LOW
123.994,,3.21,-155.63,-1.06,-6.2,8.34,0.7,False,False,False,False,True,True,-0.006,0.071,True,False,LOW
124.102,,4.64,-155.89,-0.95,-5.47,12.04,0.8,False,True,False,False,True,True,-0.005,0.069,True,False,LOW
124.125,,4.67,-150.5,-1.8,-5.32,13.88,0.71,False,True,False,False,True,True,0.008,0.072,True,False,LOW
124.286,,3.25,-148.53,-2.01,-5.58,19.59,0.29,False,True,False,False,True,True,0.017,0.081,True,False,LOW
124.395,,2.49,-148.9,-2.0,-6.0,21.18,0.13,False,True,False,False,True,True,-0.002,0.073,True,False,LOW
124.502,,3.32,-148.63,-1.92,-5.9,22.07,0.07,False,True,False,False,True,True,-0.009,0.081,True,False,LOW
124.524,,2.43,-148.11,-1.74,-6.0,22.3,0.08,False,True,False,False,True,True,-0.019,0.083,True,False,LOW
124.685,,3.18,-147.78,-1.38,-5.95,23.19,0.3,False,True,False,False,True,True,-0.005,0.092,True,False,LOW
124.796,,3.07,-148.09,-1.17,-5.98,23.38,0.48,False,True,False,False,True,True,-0.005,0.088,True,False,LOW
124.902,,3.14,-148.03,-1.17,-5.96,23.51,0.58,False,True,False,False,True,True,-0.003,0.086,True,False,LOW
124.924,,3.2,-147.62,-1.08,-5.95,23.58,0.61,False,True,False,False,True,True,-0.007,0.086,True,False,LOW
125.086,,3.1,-147.98,-1.24,-5.97,23.66,0.64,False,True,False,False,True,True,-0.024,0.094,True,False,LOW
125.196,,2.66,-147.74,-1.5,-6.16,23.79,0.54,False,True,False,False,True,True,-0.011,0.084,True,False,LOW
125.305,,2.49,-147.08,-1.35,-6.34,24.14,0.54,False,True,False,False,True,True,-0.033,0.079,True,False,LOW
125.329,,2.72,-146.38,-1.45,-6.34,24.31,0.53,False,True,False,False,True,True,-0.023,0.083,True,False,LOW
125.488,,2.19,-146.55,-1.77,-6.62,24.75,0.33,False,True,False,False,True,True,-0.018,0.067,True,False,LOW
125.594,,1.78,-146.83,-1.58,-6.9,24.8,0.33,False,True,False,False,True,True,-0.027,0.05,True,False,LOW
125.703,,1.76,-146.64,-1.56,-7.08,24.91,0.33,False,True,False,False,True,True,-0.027,0.059,True,False,LOW
125.727,,1.65,-146.61,-1.63,-7.12,24.94,0.32,False,True,False,False,True,True,-0.03,0.056,True,False,LOW
125.886,,1.71,-146.51,-1.68,-7.25,25.07,0.27,False,True,False,False,True,True,-0.018,0.062,True,False,LOW
125.996,,2.29,-146.61,-2.08,-7.07,25.08,0.09,False,True,False,False,True,True,-0.023,0.064,True,False,LOW
126.101,,2.21,-146.03,-1.91,-6.99,25.32,0.05,False,True,False,False,True,True,-0.019,0.065,True,False,LOW
126.125,,1.79,-146.31,-1.79,-7.03,25.33,0.06,False,True,False,False,True,True,-0.018,0.054,True,False,LOW
126.289,,1.07,-146.0,-1.7,-7.54,25.53,0.13,False,True,False,False,True,True,-0.024,0.054,True,False,MODERATE
126.394,,1.07,-146.35,-1.43,-7.73,25.46,0.27,False,True,False,False,False,True,-0.021,0.026,True,False,MODERATE
126.499,,1.49,-146.58,-1.36,-7.68,25.33,0.38,False,True,False,False,False,True,-0.021,0.028,True,False,MODERATE
126.522,,1.1,-147.49,-1.88,-7.72,25.18,0.33,False,True,False,False,False,True,-0.012,-0.021,True,False,MODERATE
126.686,,0.72,-148.01,-1.65,-8.05,24.41,0.29,False,True,False,False,False,True,-0.017,-0.021,True,False,MODERATE
126.796,,0.89,-150.38,-1.4,-8.11,23.07,0.38,False,True,False,False,False,True,-0.005,-0.027,True,False,MODERATE
126.902,,1.11,-151.2,-1.18,-8.06,21.97,0.51,False,True,False,False,False,True,-0.014,-0.026,True,False,MODERATE
126.924,,1.56,-154.95,-0.94,-7.99,21.16,0.57,False,True,False,False,False,True,-0.018,-0.016,True,False,MODERATE
127.084,,-0.25,-160.88,-0.82,-8.67,15.15,0.83,False,True,False,False,False,True,0.002,0.003,True,False,MODERATE
127.196,,-4.67,-172.32,-0.77,-10.94,6.72,0.95,False,False,False,False,False,False,-0.003,0.017,True,False,MODERATE
127.305,,-4.63,-170.94,-1.26,-12.17,3.67,0.83,False,False,False,False,False,False,0.002,0.012,True,False,MODERATE
127.328,,-4.74,-174.21,-1.02,-12.41,2.46,0.83,False,False,False,False,False,False,-0.016,0.012,True,False,MODERATE
127.485,,-5.66,-174.82,-1.16,-13.65,-0.84,0.79,False,False,False,False,False,False,-0.006,0.015,True,False,MODERATE
127.595,,-6.18,-173.32,-1.35,-14.36,-1.21,0.69,False,False,False,False,True,True,-0.021,0.041,True,False,MODERATE
127.699,,-6.13,-172.48,-1.58,-14.72,-1.02,0.54,False,False,False,False,True,True,-0.025,0.039,True,False,MODERATE
127.721,,-5.44,-172.73,-1.54,-14.69,-1.02,0.52,False,False,False,False,False,False,-0.015,0.022,True,False,MODERATE
127.888,,-4.64,-172.75,-1.64,-14.19,-1.03,0.39,False,False,False,False,False,False,-0.016,0.018,True,False,MODERATE
127.996,,-3.86,-171.23,-1.43,-13.68,-0.42,0.42,False,False,False,False,False,False,-0.011,0.012,True,False,MODERATE
128.112,,-3.82,-171.21,-1.45,-13.35,-0.03,0.43,False,False,False,False,False,False,-0.011,0.015,True,False,MODERATE
128.135,,-3.27,-170.52,-1.35,-13.22,0.14,0.45,False,False,False,False,False,False,-0.003,0.012,True,False,MODERATE
128.295,,-3.67,-170.97,-1.41,-12.98,0.45,0.47,False,False,False,False,False,False,-0.004,0.01,True,False,MODERATE
128.396,,-2.66,-170.54,-1.45,-12.48,0.73,0.46,False,False,False,False,False,False,-0.011,0.014,True,False,MODERATE
128.508,,-2.89,-170.21,-1.55,-12.27,1.06,0.42,False,False,False,False,False,False,-0.009,0.013,True,False,MODERATE
128.533,,-2.76,-169.98,-1.61,-12.21,1.15,0.4,False,False,False,False,False,False,-0.005,0.014,True,False,MODERATE
128.694,,-2.7,-169.93,-1.54,-11.99,1.48,0.38,False,False,False,False,False,False,-0.004,0.014,True,False,MODERATE
128.795,,-2.23,-169.99,-1.57,-11.72,1.57,0.36,False,False,False,False,False,False,-0.002,0.009,True,False,MODERATE
128.911,,-2.14,-169.82,-1.44,-11.51,1.71,0.4,False,False,False,False,False,False,-0.002,0.008,True,False,MODERATE
128.934,,-1.98,-170.0,-1.52,-11.45,1.71,0.4,False,False,False,False,False,False,-0.007,0.009,True,False,MODERATE
129.084,,-1.93,-170.05,-1.48,-11.23,1.68,0.41,False,False,False,False,False,False,-0.011,0.01,True,False,MODERATE
129.195,,-2.38,-169.28,-1.53,-11.33,2.0,0.39,False,False,False,False,False,False,-0.014,0.018,True,False,MODERATE
129.298,,-2.1,-169.24,-1.71,-11.27,2.19,0.31,False,False,False,False,False,False,-0.008,0.015,True,False,MODERATE
129.32,,-2.09,-169.75,-1.46,-11.26,2.16,0.33,False,False,False,False,False,False,-0.009,0.014,True,False,MODERATE
129.484,,-1.51,-169.51,-1.52,-10.92,2.18,0.35,False,False,False,False,False,False,-0.007,0.013,True,False,MODERATE
129.596,,-1.55,-169.77,-1.68,-10.8,2.08,0.3,False,False,False,False,False,False,-0.002,0.011,True,False,MODERATE
129.698,,-1.32,-170.04,-1.63,-10.64,1.92,0.29,False,False,False,False,False,False,-0.007,0.012,True,False,MODERATE
129.721,,-1.58,-170.12,-1.65,-10.65,1.88,0.28,False,False,False,False,False,False,-0.006,0.012,True,False,MODERATE
129.885,,-1.34,-170.36,-1.71,-10.53,1.61,0.24,False,False,False,False,False,False,-0.012,0.01,True,False,MODERATE
129.997,,-1.25,-169.98,-1.97,-10.45,1.66,0.11,False,False,False,False,False,False,-0.01,0.011,True,False,MODERATE
130.103,,-0.28,-169.76,-1.82,-10.01,1.77,0.1,False,False,False,False,False,False,-0.007,0.01,True,False,MODERATE
130.129,,-0.64,-169.71,-1.87,-9.97,1.81,0.09,False,False,False,False,False,False,-0.009,0.009,True,False,MODERATE
130.286,,-0.55,-169.98,-1.39,-9.8,1.77,0.3,False,False,False,False,False,False,0.003,0.062,False,False,MODERATE
130.395,,-0.67,-169.97,-1.36,-9.78,1.76,0.4,False,False,False,False,False,False,-0.015,0.017,True,False,MODERATE
130.577,,-1.07,-168.94,-1.6,-9.98,2.3,0.35,False,False,False,False,False,False,-0.007,0.012,True,False,MODERATE
130.605,,-0.87,-168.88,-1.53,-9.98,2.38,0.35,False,False,False,False,False,False,-0.011,0.011,True,False,MODERATE
130.711,,-1.53,-169.32,-1.6,-10.24,2.39,0.33,False,False,False,False,False,False,-0.008,0.01,True,False,MODERATE
130.797,,-1.88,-169.73,-1.36,-10.5,2.24,0.4,False,False,False,False,False,False,-0.013,0.008,True,False,MODERATE
130.972,,-0.34,-169.34,-1.15,-9.93,2.31,0.59,False,False,False,False,False,False,-0.01,0.006,True,False,MODERATE
130.996,,0.28,-169.08,-1.22,-9.78,2.35,0.6,False,False,False,False,False,False,-0.009,0.006,True,False,MODERATE
131.098,,-0.57,-169.45,-1.53,-9.73,2.32,0.51,False,False,False,False,False,False,-0.009,0.004,True,False,LOW
131.195,,-0.4,-170.21,-1.47,-9.64,2.0,0.48,False,False,False,False,True,True,-0.02,0.036,True,False,LOW
131.371,,-0.51,-169.12,-1.63,-9.61,2.31,0.37,False,False,False,False,False,False,-0.015,0.016,True,False,LOW
131.395,,-0.4,-169.14,-1.67,-9.6,2.35,0.35,False,False,False,False,False,False,-0.01,0.017,True,False,LOW
131.501,,-0.57,-169.19,-1.84,-9.62,2.42,0.23,False,False,False,False,False,False,-0.013,0.016,True,False,LOW
131.595,,-0.99,-169.37,-1.87,-9.79,2.39,0.16,False,False,False,False,False,False,-0.004,0.008,True,False,LOW
131.777,,-1.25,-168.86,-1.72,-10.08,2.64,0.17,False,False,False,False,False,False,-0.005,0.008,True,False,LOW
131.804,,-1.12,-168.86,-1.72,-10.1,2.67,0.17,False,False,False,False,False,False,-0.004,0.008,True,False,LOW
131.91,,-1.2,-168.4,-1.66,-10.18,2.93,0.2,False,False,False,False,False,False,-0.004,0.007,True,False,LOW
131.996,,-0.44,-168.17,-1.69,-9.95,3.15,0.2,False,False,False,False,False,False,-0.009,0.01,True,False,LOW
132.174,,0.31,-167.86,-1.66,-9.32,3.52,0.22,False,False,False,False,False,False,-0.005,0.007,True,False,LOW
132.197,,0.39,-167.89,-1.66,-9.24,3.56,0.22,False,False,False,False,False,False,-0.006,0.007,True,False,LOW
132.303,,0.21,-168.34,-1.82,-9.09,3.48,0.17,False,False,False,False,False,False,-0.003,0.006,True,False,LOW
132.394,,0.07,-168.28,-1.78,-9.06,3.46,0.15,False,False,False,False,False,False,-0.002,0.006,True,False,LOW
132.572,,0.38,-168.22,-1.76,-8.87,3.48,0.14,False,False,False,False,False,False,0.0,0.008,True,False,LOW
132.595,,0.54,-168.14,-1.8,-8.83,3.49,0.14,False,False,False,False,False,False,0.001,0.008,True,False,LOW
132.698,,0.46,-167.99,-1.81,-8.75,3.58,0.12,False,False,False,False,False,False,0.001,0.007,True,False,LOW
132.795,,0.91,-167.78,-1.76,-8.53,3.71,0.13,False,False,False,False,False,False,-0.006,0.01,True,False,LOW
132.974,,0.56,-167.74,-1.75,-8.53,3.85,0.14,False,False,False,False,False,False,-0.007,0.004,True,False,LOW
132.998,,0.58,-167.86,-1.78,-8.52,3.85,0.14,False,False,False,False,False,False,-0.008,0.005,True,False,LOW
133.103,,-0.04,-167.18,-2.06,-8.76,4.12,0.02,False,False,False,False,False,False,-0.005,0.008,True,False,LOW
133.194,,0.7,-167.91,-1.93,-8.63,4.01,0.0,False,False,False,False,False,False,-0.009,0.016,True,False,LOW
133.375,,1.28,-167.87,-1.98,-8.18,3.92,-0.04,False,False,False,False,False,False,0.0,0.008,True,False,LOW
133.397,,0.88,-167.64,-2.0,-8.19,3.94,-0.05,False,False,False,False,False,False,0.003,0.01,True,False,LOW
133.505,,0.67,-166.99,-2.03,-8.28,4.26,-0.08,False,False,False,False,False,False,0.003,0.062,False,False,LOW
133.594,,0.91,-167.42,-2.09,-8.24,4.27,-0.12,False,False,False,False,False,False,-0.009,0.01,True,False,LOW
133.771,,0.77,-167.57,-2.23,-8.28,4.2,-0.23,False,False,False,False,False,False,-0.01,0.01,True,False,LOW
133.795,,0.3,-168.21,-2.22,-8.35,4.1,-0.24,False,False,False,False,False,False,-0.012,0.009,True,False,LOW
133.9,,0.83,-168.41,-2.27,-8.31,3.78,-0.29,False,False,False,False,False,False,-0.014,0.01,True,False,LOW
133.995,,0.94,-168.14,-2.11,-8.25,3.7,-0.26,False,False,False,False,False,False,-0.011,0.009,True,False,LOW
134.172,,0.65,-167.03,-2.3,-8.35,4.22,-0.33,False,False,False,False,False,False,-0.007,0.011,True,False,LOW
134.197,,1.76,-166.78,-2.16,-8.2,4.32,-0.32,False,False,False,False,False,False,-0.005,0.008,True,False,LOW
134.298,,1.65,-167.47,-2.14,-7.9,4.29,-0.29,False,False,False,False,False,False,-0.006,0.007,True,False,LOW
134.394,,1.55,-167.5,-2.19,-7.76,4.26,-0.29,False,False,False,False,False,False,-0.003,0.007,True,False,LOW
134.572,,1.48,-167.37,-2.0,-7.68,4.3,-0.19,False,False,False,False,False,False,-0.001,0.007,True,False,LOW
134.595,,1.27,-167.65,-2.03,-7.69,4.27,-0.18,False,False,False,False,False,False,-0.004,0.006,True,False,LOW
134.699,,1.5,-167.46,-2.04,-7.65,4.26,-0.17,False,False,False,False,False,False,-0.001,0.004,True,False,LOW
134.794,,1.51,-167.32,-2.18,-7.62,4.31,-0.21,False,False,False,False,False,False,-0.002,0.005,True,False,LOW
134.972,,1.9,-167.51,-1.95,-7.39,4.25,-0.12,False,False,False,False,False,False,0.002,0.006,True,False,LOW
134.994,,2.05,-167.82,-1.96,-7.34,4.21,-0.12,False,False,False,False,False,False,0.004,0.006,True,False,LOW
135.097,,1.66,-167.46,-2.0,-7.38,4.22,-0.11,False,False,False,False,False,False,0.004,0.007,True,False,LOW
135.196,,1.53,-167.23,-2.08,-7.44,4.32,-0.14,False,False,False,False,False,False,0.001,0.006,True,False,LOW
135.377,,1.47,-167.67,-2.08,-7.54,4.17,-0.16,False,False,False,False,False,False,0.001,0.006,True,False,LOW
135.404,,1.51,-167.66,-2.05,-7.54,4.15,-0.16,False,False,False,False,False,False,0.0,0.005,True,False,LOW
135.515,,1.51,-167.81,-2.01,-7.56,4.05,-0.14,False,False,False,False,False,False,0.002,0.005,True,False,LOW
135.596,,1.53,-168.07,-2.17,-7.56,3.91,-0.18,False,False,False,False,False,False,-0.001,0.006,True,False,LOW
135.775,,1.66,-167.84,-2.07,-7.49,3.89,-0.18,False,False,False,False,False,False,0.0,0.006,True,False,LOW
135.799,,1.67,-168.14,-2.05,-7.48,3.85,-0.17,False,False,False,False,False,False,0.004,0.005,True,False,LOW
135.904,,1.33,-167.51,-2.01,-7.59,3.99,-0.15,False,False,False,False,False,False,0.002,0.008,True,False,LOW
136.004,,1.44,-167.08,-2.08,-7.61,4.24,-0.16,False,False,False,False,False,False,0.004,0.008,True,False,LOW
136.181,,1.33,-167.49,-2.25,-7.69,4.23,-0.26,False,False,False,False,False,False,0.001,0.007,True,False,LOW
136.205,,1.6,-167.37,-2.28,-7.66,4.24,-0.28,False,False,False,False,False,False,0.004,0.006,True,False,LOW
136.32,,1.54,-167.05,-2.26,-7.61,4.42,-0.31,False,False,False,False,False,False,0.003,0.005,True,False,LOW
136.395,,1.81,-166.99,-2.07,-7.5,4.52,-0.27,False,False,False,False,False,False,0.006,0.006,True,False,LOW
136.584,,1.44,-167.08,-2.37,-7.58,4.58,-0.38,False,False,False,False,False,False,0.005,0.006,True,False,LOW
136.608,,0.36,-167.73,-2.47,-7.74,4.5,-0.4,False,False,False,False,False,False,-0.002,0.013,True,False,LOW
136.721,,0.76,-167.63,-2.28,-7.99,4.32,-0.39,False,False,False,False,False,False,-0.008,0.013,True,False,LOW
136.797,,1.49,-166.74,-2.19,-7.86,4.53,-0.36,False,False,False,False,False,False,-0.001,0.014,True,False,LOW
136.984,,1.99,-166.12,-2.2,-7.44,5.11,-0.33,False,False,False,False,False,False,0.0,0.009,True,False,LOW
137.007,,1.64,-166.37,-2.23,-7.44,5.14,-0.33,False,False,False,False,False,False,-0.001,0.011,True,False,LOW
137.108,,1.75,-166.71,-2.15,-7.4,5.09,-0.3,False,False,False,False,False,False,0.0,0.013,True,False,LOW
137.195,,1.17,-167.13,-2.33,-7.58,4.91,-0.34,False,False,False,False,False,False,0.002,0.013,True,False,LOW
137.385,,2.03,-165.2,-1.85,-7.3,5.79,-0.13,False,False,False,False,False,False,-0.002,0.018,True,False,LOW
137.412,,2.11,-164.69,-1.88,-7.25,5.97,-0.11,False,False,False,False,False,False,-0.002,0.017,True,False,LOW
137.52,,3.17,-164.35,-2.1,-6.69,6.56,-0.15,False,False,False,False,False,False,0.003,0.013,True,False,LOW
137.596,,4.56,-158.72,-1.82,-5.95,8.96,-0.07,False,False,False,False,False,False,-0.002,0.01,True,False,LOW
137.773,,4.3,-152.31,-2.09,-5.32,15.19,-0.13,False,True,False,False,False,True,-0.01,0.035,True,False,LOW
137.797,,4.35,-153.06,-1.85,-5.23,15.8,-0.11,False,True,False,False,False,True,-0.006,0.024,True,False,LOW
137.902,,3.63,-149.76,-2.65,-5.32,18.76,-0.36,False,True,False,False,True,True,-0.007,0.065,True,False,LOW
137.996,,2.17,-146.66,-3.33,-5.92,21.66,-0.77,False,True,False,False,True,True,-0.049,0.107,True,False,LOW
138.176,,2.08,-145.57,-3.16,-6.5,24.32,-1.03,False,True,False,False,True,True,-0.004,0.095,True,False,LOW
138.201,,2.46,-145.52,-2.96,-6.52,24.65,-1.04,False,True,False,False,True,True,0.002,0.102,True,False,LOW
138.308,,2.58,-145.72,-2.78,-6.52,25.26,-0.97,False,True,False,False,True,True,-0.007,0.09,True,False,LOW
138.395,,2.25,-145.41,-2.88,-6.63,25.67,-0.98,False,True,False,False,True,True,-0.002,0.086,True,False,LOW
138.572,,1.89,-145.19,-3.06,-6.93,26.14,-1.07,False,True,False,False,True,True,-0.006,0.091,True,False,LOW
138.594,,1.97,-145.31,-3.03,-6.95,26.17,-1.08,False,True,False,False,True,True,-0.002,0.091,True,False,LOW
138.697,,1.83,-145.36,-2.88,-7.07,26.24,-1.04,False,True,False,False,True,True,-0.039,0.082,True,False,LOW
138.797,,2.14,-144.39,-2.74,-7.02,26.68,-0.96,False,True,False,False,True,True,-0.023,0.094,True,False,LOW
138.977,,1.9,-143.73,-3.0,-7.11,27.39,-1.04,False,True,False,False,True,True,-0.034,0.11,True,False,LOW
139.003,,1.67,-143.84,-3.1,-7.15,27.46,-1.06,False,True,False,False,True,True,-0.021,0.105,True,False,LOW
139.108,,1.27,-143.67,-2.99,-7.42,27.7,-1.07,False,True,False,False,True,True,0.006,0.099,True,False,LOW
139.195,,1.49,-144.03,-2.94,-7.48,27.69,-1.06,False,True,False,False,True,True,0.011,0.109,True,False,LOW
139.373,,1.49,-144.38,-2.98,-7.54,27.5,-1.07,False,True,False,False,True,True,0.015,0.103,True,False,LOW
139.398,,1.19,-144.55,-3.01,-7.59,27.45,-1.08,False,True,False,False,True,True,0.014,0.099,True,False,LOW
139.507,,1.15,-144.31,-2.87,-7.73,27.43,-1.03,False,True,False,False,True,True,0.0,0.095,True,False,LOW
139.596,,1.22,-144.13,-2.83,-7.78,27.48,-1.0,False,True,False,False,True,True,-0.025,0.091,True,False,LOW
139.774,,1.5,-144.11,-2.68,-7.68,27.55,-0.88,False,True,False,False,True,True,-0.055,0.093,True,False,LOW
139.797,,1.78,-143.91,-2.69,-7.63,27.58,-0.87,False,True,False,False,True,True,-0.049,0.092,True,False,LOW
139.9,,1.14,-144.58,-2.73,-7.75,27.4,-0.85,False,True,False,False,True,True,-0.042,0.055,True,False,MODERATE
139.996,,0.13,-144.47,-2.59,-8.22,27.34,-0.79,False,True,False,False,False,True,-0.042,0.019,True,False,MODERATE
140.296,,0.4,-143.85,-2.98,-8.52,27.68,-0.98,False,True,False,False,False,True,-0.028,-0.002,True,False,MODERATE
140.317,,0.21,-144.08,-2.99,-8.57,27.67,-0.99,False,True,False,False,False,True,-0.03,-0.004,True,False,MODERATE
140.417,,0.24,-144.27,-3.11,-8.68,27.58,-1.08,False,True,False,False,False,True,-0.021,-0.024,True,False,MODERATE
140.441,,-0.33,-145.51,-3.46,-8.78,27.39,-1.14,False,True,False,False,False,True,-0.018,-0.023,True,False,MODERATE
140.572,,-0.67,-146.6,-3.53,-9.23,26.32,-1.37,False,True,False,False,False,True,-0.022,-0.019,True,False,MODERATE
140.596,,-1.91,-149.45,-3.06,-9.48,25.68,-1.34,False,True,False,False,False,True,-0.03,-0.013,True,False,MODERATE
140.699,,-0.65,-150.34,-2.92,-9.59,23.75,-1.21,False,True,False,False,False,True,-0.027,-0.012,True,False,MODERATE
140.795,,-0.35,-158.37,-1.85,-9.53,18.9,-0.73,False,True,False,False,False,True,-0.025,-0.009,True,False,MODERATE
140.973,,-1.67,-165.27,-2.32,-10.19,11.16,-0.56,False,True,False,False,False,True,-0.014,-0.003,True,False,MODERATE
140.996,,-5.01,-169.46,-2.0,-10.76,9.36,-0.5,False,False,False,False,False,False,0.001,0.009,True,False,MODERATE
141.099,,-5.85,-168.12,-2.13,-12.6,6.43,-0.39,False,False,False,False,False,False,-0.003,0.006,True,False,MODERATE
141.196,,-6.63,-173.24,-1.75,-13.93,2.5,-0.18,False,False,False,False,False,False,0.006,0.011,True,False,MODERATE
141.376,,-6.98,-173.19,-1.74,-15.14,0.08,0.0,False,False,False,False,False,False,-0.012,0.014,True,False,MODERATE
141.401,,-5.56,-171.82,-2.09,-15.07,0.05,-0.03,False,False,False,False,False,False,0.003,0.062,False,False,MODERATE
141.509,,-6.3,-170.38,-2.47,-15.2,0.61,-0.25,False,False,False,False,False,False,0.003,0.062,False,False,MODERATE
141.596,,-4.78,-171.96,-2.02,-14.73,0.28,-0.2,False,False,False,False,False,False,-0.018,0.018,True,False,MODERATE
141.775,,-4.35,-172.24,-2.23,-14.04,-0.16,-0.27,False,False,False,False,False,False,-0.012,0.018,True,False,MODERATE
141.799,,-4.48,-171.54,-2.43,-13.97,-0.12,-0.3,False,False,False,False,False,False,-0.009,0.021,True,False,MODERATE
141.903,,-4.37,-171.93,-2.35,-13.76,-0.16,-0.36,False,False,False,False,False,False,-0.004,0.021,True,False,MODERATE
141.995,,-4.41,-170.9,-1.89,-13.66,0.2,-0.23,False,False,False,False,False,False,-0.007,0.017,True,False,MODERATE
142.174,,-5.69,-171.26,-1.83,-14.25,0.33,-0.07,False,False,False,False,False,False,-0.005,0.013,True,False,MODERATE
142.196,,-5.72,-170.66,-2.01,-14.33,0.42,-0.07,False,False,False,False,False,False,-0.017,0.013,True,False,MODERATE
142.302,,-6.15,-171.05,-2.05,-14.7,0.52,-0.1,False,False,False,False,False,False,-0.012,0.014,True,False,MODERATE
142.395,,-3.61,-173.42,-2.4,-13.95,-0.33,-0.25,False,False,False,False,False,False,-0.003,0.016,True,False,MODERATE
142.573,,-4.78,-172.81,-2.23,-13.9,-0.74,-0.29,False,False,False,False,False,False,-0.004,0.016,True,False,MODERATE
142.595,,-4.04,-173.39,-2.02,-13.8,-0.86,-0.27,False,False,False,False,False,False,-0.003,0.011,True,False,MODERATE
142.699,,-4.19,-173.66,-1.95,-13.59,-1.31,-0.18,False,False,False,False,False,False,-0.003,0.014,True,False,MODERATE
142.797,,-6.99,-172.82,-2.56,-14.56,-1.23,-0.37,False,False,False,False,False,False,-0.009,0.015,True,False,MODERATE
142.973,,-6.71,-172.76,-2.59,-15.22,-1.14,-0.54,False,False,False,False,False,False,-0.008,0.012,True,False,MODERATE
142.995,,-6.14,-173.1,-2.47,-15.22,-1.17,-0.54,False,False,False,False,False,False,-0.006,0.015,True,False,MODERATE
143.099,,-6.11,-173.22,-2.49,-15.21,-1.3,-0.56,False,False,False,False,False,False,-0.007,0.014,True,False,MODERATE
143.197,,-5.7,-173.36,-2.41,-15.05,-1.44,-0.54,False,False,False,False,False,False,-0.007,0.014,True,False,MODERATE
143.377,,-3.22,-173.7,-2.37,-13.55,-1.73,-0.5,False,False,False,False,False,False,-0.019,0.005,True,False,MODERATE
143.401,,-0.71,-174.43,-2.1,-12.98,-1.87,-0.46,False,False,False,False,False,False,-0.008,0.016,True,False,MODERATE
143.507,,-1.39,-173.94,-2.11,-11.88,-2.02,-0.36,False,False,False,False,False,False,-0.003,0.014,True,False,MODERATE
143.595,,0.47,-175.87,-1.61,-10.57,-2.82,-0.13,False,False,False,False,False,False,-0.003,0.024,True,False,MODERATE
143.774,,0.59,-175.24,-1.94,-9.4,-3.21,-0.08,False,False,False,False,False,False,-0.002,0.028,True,False,MODERATE
143.796,,0.49,-174.53,-2.0,-9.29,-3.16,-0.08,False,False,False,False,True,True,0.01,0.035,True,False,MODERATE
143.902,,0.83,-173.85,-2.06,-8.85,-2.75,-0.11,False,False,False,False,True,True,0.005,0.038,True,False,MODERATE
143.995,,-0.33,-172.93,-2.01,-9.07,-2.17,-0.11,False,False,False,False,True,True,0.032,0.036,True,False,MODERATE
144.182,,0.13,-171.86,-1.62,-9.01,-1.05,0.1,False,False,False,False,False,False,0.038,0.033,True,False,MODERATE
144.207,,0.84,-169.95,-1.6,-8.9,-0.62,0.13,False,False,False,False,False,False,0.033,0.031,True,False,MODERATE
144.321,,0.63,-171.22,-1.71,-8.71,-0.12,0.15,False,False,False,False,False,False,0.032,0.032,True,False,MODERATE
144.397,,1.99,-167.31,-2.04,-8.16,1.53,0.06,False,False,False,False,False,False,0.003,0.062,False,False,MODERATE
144.582,,1.2,-170.78,-1.97,-8.01,1.19,-0.01,False,False,False,False,False,False,-0.011,0.028,True,False,MODERATE
144.606,,1.25,-170.8,-2.22,-7.99,1.15,-0.05,False,False,False,False,False,False,-0.001,0.019,True,False,MODERATE
144.72,,1.62,-171.16,-2.12,-7.76,0.9,-0.12,False,False,False,False,False,False,0.002,0.02,True,False,MODERATE
144.796,,1.65,-169.73,-1.62,-7.66,1.26,0.01,False,False,False,False,False,False,0.007,0.017,True,False,MODERATE
144.984,,1.77,-169.09,-1.79,-7.47,2.01,0.06,False,False,False,False,False,False,0.005,0.023,True,False,LOW
145.007,,1.28,-169.83,-2.1,-7.51,1.99,0.03,False,False,False,False,False,False,0.001,0.016,True,False,LOW
145.112,,1.72,-169.78,-1.87,-7.45,1.97,0.03,False,False,False,False,False,False,0.001,0.017,True,False,LOW
145.194,,0.08,-167.79,-2.27,-8.0,2.67,-0.11,False,False,False,False,False,False,-0.001,0.018,True,False,LOW
145.372,,0.22,-168.06,-1.95,-8.46,3.2,-0.08,False,False,False,False,False,False,-0.001,0.017,True,False,LOW
145.396,,0.4,-166.45,-1.83,-8.49,3.5,-0.06,False,False,False,False,False,False,0.003,0.062,False,False,LOW
145.5,,0.76,-167.51,-2.13,-8.43,3.79,-0.13,False,False,False,False,False,False,0.003,0.062,False,False,LOW
145.597,,1.63,-168.4,-1.86,-8.05,3.6,-0.06,False,False,False,False,False,False,-0.008,0.02,True,False,LOW
145.772,,2.25,-169.59,-1.84,-7.41,2.82,0.0,False,False,False,False,False,False,-0.001,0.02,True,False,LOW
145.795,,2.44,-169.17,-1.98,-7.31,2.79,-0.01,False,False,False,False,False,False,0.004,0.016,True,False,LOW
145.9,,2.17,-169.22,-1.98,-7.15,2.67,-0.04,False,False,False,False,False,False,0.001,0.017,True,False,LOW
145.996,,1.79,-169.34,-1.92,-7.2,2.55,-0.03,False,False,False,False,False,False,-0.002,0.008,True,False,LOW
146.174,,1.6,-169.17,-1.84,-7.35,2.55,0.02,False,False,False,False,False,False,-0.005,0.011,True,False,LOW
146.197,,1.69,-168.99,-1.87,-7.36,2.57,0.02,False,False,False,False,False,False,-0.002,0.012,True,False,LOW
146.304,,1.72,-168.82,-1.88,-7.36,2.7,0.02,False,False,False,False,False,False,-0.003,0.013,True,False,LOW
146.395,,1.3,-169.2,-1.91,-7.52,2.63,0.01,False,False,False,False,False,False,-0.004,0.011,True,False,LOW
146.574,,1.64,-168.38,-1.8,-7.48,3.0,0.06,False,False,False,False,False,False,-0.003,0.009,True,False,LOW
146.597,,1.7,-168.02,-1.82,-7.47,3.09,0.06,False,False,False,False,False,False,-0.005,0.009,True,False,LOW
146.7,,1.63,-167.97,-1.84,-7.46,3.35,0.06,False,False,False,False,False,False,-0.005,0.008,True,False,LOW
146.796,,1.19,-167.43,-1.98,-7.63,3.71,0.01,False,False,False,False,False,False,-0.023,0.024,True,False,LOW
146.973,,1.07,-168.51,-2.03,-7.83,3.44,-0.07,False,False,False,False,False,False,-0.017,0.009,True,False,LOW
146.997,,1.02,-168.28,-1.97,-7.86,3.44,-0.07,False,False,False,False,False,False,-0.018,0.008,True,False,LOW
147.101,,-0.59,-169.83,-2.01,-8.61,2.81,-0.08,False,False,False,False,False,False,-0.015,0.004,True,False,LOW
147.194,,0.47,-167.73,-2.0,-8.61,3.24,-0.09,False,False,False,False,False,False,-0.004,0.006,True,False,LOW
147.372,,0.5,-167.48,-2.03,-8.6,3.77,-0.11,False,False,False,False,False,False,-0.011,0.012,True,False,LOW
147.394,,0.46,-168.34,-2.16,-8.6,3.72,-0.13,False,False,False,False,False,False,-0.01,0.015,True,False,LOW
147.5,,0.74,-168.23,-2.06,-8.5,3.62,-0.14,False,False,False,False,False,False,-0.01,0.014,True,False,LOW
147.594,,0.89,-168.09,-2.02,-8.39,3.62,-0.13,False,False,False,False,False,False,-0.002,0.013,True,False,LOW
147.775,,0.85,-167.78,-2.08,-8.31,3.79,-0.16,False,False,False,False,False,False,-0.004,0.013,True,False,LOW
147.8,,-0.07,-167.35,-2.37,-8.42,3.87,-0.2,False,False,False,False,False,False,-0.008,0.014,True,False,LOW
147.903,,-0.35,-167.69,-2.42,-8.83,3.93,-0.33,False,False,False,False,False,False,-0.006,0.009,True,False,LOW
147.998,,0.41,-167.1,-2.04,-8.77,4.19,-0.26,False,False,False,False,False,False,0.003,0.062,False,False,LOW
148.168,,1.21,-167.44,-2.11,-8.31,4.23,-0.23,False,False,False,False,False,False,-0.012,0.029,True,False,LOW
148.19,,1.67,-168.68,-1.99,-8.19,4.08,-0.22,False,False,False,False,False,False,0.002,0.019,True,False,LOW
148.299,,1.98,-168.72,-1.93,-7.74,3.63,-0.14,False,False,False,False,False,False,0.003,0.021,True,False,LOW
148.395,,2.29,-168.21,-1.75,-7.37,3.58,-0.03,False,False,False,False,False,False,-0.0,0.017,True,False,LOW
148.575,,2.05,-166.52,-1.67,-7.19,4.44,0.11,False,False,False,False,False,False,-0.004,0.013,True,False,LOW
148.599,,0.55,-166.14,-2.0,-7.37,4.6,0.08,False,False,False,False,False,False,-0.004,0.014,True,False,LOW
148.707,,0.3,-166.06,-2.2,-7.96,5.04,-0.07,False,False,False,False,False,False,-0.004,0.013,True,False,LOW
148.798,,0.55,-166.67,-2.09,-8.17,5.04,-0.12,False,False,False,False,False,False,-0.003,0.008,True,False,LOW
148.973,,0.69,-166.75,-1.96,-8.29,5.0,-0.09,False,False,False,False,False,False,-0.003,0.009,True,False,LOW
148.996,,0.95,-166.82,-2.01,-8.27,4.98,-0.09,False,False,False,False,False,False,-0.005,0.01,True,False,LOW
149.103,,1.09,-166.67,-1.93,-8.16,5.01,-0.07,False,False,False,False,False,False,-0.004,0.011,True,False,LOW
149.194,,1.27,-167.6,-2.07,-8.03,4.68,-0.1,False,False,False,False,False,False,-0.004,0.007,True,False,LOW
149.375,,1.55,-167.3,-1.98,-7.77,4.53,-0.09,False,False,False,False,False,False,-0.003,0.013,True,False,LOW
149.402,,1.54,-167.17,-1.99,-7.73,4.53,-0.09,False,False,False,False,False,False,0.001,0.013,True,False,LOW
149.51,,0.82,-167.4,-2.12,-7.95,4.44,-0.14,False,False,False,False,False,False,-0.004,0.01,True,False,LOW
149.595,,1.27,-167.2,-2.17,-7.9,4.47,-0.19,False,False,False,False,False,False,-0.02,0.031,True,False,LOW
149.77,,1.46,-165.97,-2.31,-7.76,5.14,-0.3,False,False,False,False,False,False,-0.014,0.021,True,False,LOW
149.793,,1.42,-167.24,-2.44,-7.74,5.05,-0.34,False,False,False,False,False,False,-0.007,0.014,True,False,LOW
149.896,,1.28,-167.92,-2.42,-7.77,4.54,-0.41,False,False,False,False,False,False,-0.006,0.017,True,False,LOW
149.996,,1.04,-168.73,-2.7,-7.88,3.92,-0.56,False,False,False,False,False,False,-0.007,0.003,True,False,LOW
150.174,,1.5,-168.75,-2.77,-7.72,3.4,-0.73,False,False,False,False,False,False,0.004,0.009,True,False,LOW
150.196,,1.74,-168.46,-2.47,-7.68,3.38,-0.71,False,False,False,False,False,False,-0.004,0.01,True,False,LOW
150.299,,2.19,-168.76,-2.53,-7.36,3.21,-0.68,False,False,False,False,False,False,-0.0,0.015,True,False,LOW
150.395,,1.69,-168.21,-2.6,-7.38,3.32,-0.69,False,False,False,False,False,False,0.002,0.019,True,False,LOW
150.574,,0.97,-167.97,-2.69,-7.77,3.54,-0.74,False,False,False,False,False,False,-0.003,0.01,True,False,LOW
150.596,,0.69,-167.59,-2.74,-7.85,3.61,-0.75,False,False,False,False,False,False,-0.002,0.01,True,False,LOW
150.701,,0.93,-167.54,-2.72,-7.97,3.84,-0.78,False,False,False,False,False,False,-0.001,0.01,True,False,LOW
150.796,,0.51,-166.63,-2.38,-8.2,4.32,-0.67,False,False,False,False,False,False,0.0,0.009,True,False,LOW
150.974,,0.45,-166.47,-2.4,-8.43,4.81,-0.58,False,False,False,False,False,False,0.001,0.008,True,False,LOW
150.996,,0.16,-166.81,-2.38,-8.49,4.83,-0.57,False,False,False,False,False,False,-0.001,0.009,True,False,LOW
151.101,,-0.26,-166.95,-2.48,-8.84,4.8,-0.57,False,False,False,False,False,False,-0.004,0.009,True,False,LOW
151.195,,-0.33,-167.43,-2.63,-9.06,4.61,-0.63,False,False,False,False,False,False,-0.005,0.01,True,False,LOW
151.377,,0.51,-165.07,-2.61,-8.8,5.71,-0.67,False,False,False,False,False,False,-0.002,0.012,True,False,LOW
151.405,,0.49,-164.04,-2.54,-8.77,6.03,-0.67,False,False,False,False,False,False,-0.001,0.002,True,False,LOW
151.566,,2.07,-158.73,-2.4,-7.87,9.85,-0.58,False,False,False,False,True,True,0.004,0.06,True,False,LOW
151.594,,1.45,-150.28,-2.62,-7.83,12.4,-0.6,False,True,False,False,True,True,-0.015,0.067,True,False,LOW
151.772,,0.95,-147.41,-2.6,-7.99,19.92,-0.65,False,True,False,False,True,True,0.032,0.1,True,False,LOW
151.795,,0.84,-146.55,-2.9,-8.03,20.94,-0.7,False,True,False,False,True,True,-0.004,0.089,True,False,LOW
151.963,,0.29,-146.3,-2.95,-8.42,23.62,-0.88,False,True,False,False,True,True,-0.006,0.09,True,False,LOW
151.996,,0.9,-145.2,-2.84,-8.38,24.29,-0.89,False,True,False,False,True,True,-0.016,0.099,True,False,LOW
152.183,,0.64,-145.4,-3.12,-8.42,25.49,-1.07,False,True,False,False,True,True,-0.017,0.09,True,False,LOW
152.207,,0.95,-145.95,-3.23,-8.38,25.53,-1.1,False,True,False,False,True,True,-0.013,0.081,True,False,LOW
152.377,,0.26,-145.23,-3.34,-8.61,26.05,-1.28,False,True,False,False,True,True,-0.019,0.079,True,False,LOW
152.401,,0.49,-145.62,-2.98,-8.61,26.06,-1.25,False,True,False,False,True,True,-0.016,0.074,True,False,LOW
152.582,,0.13,-145.2,-3.21,-8.79,26.3,-1.28,False,True,False,False,True,True,-0.02,0.077,True,False,LOW
152.606,,-0.02,-145.91,-3.09,-8.83,26.24,-1.27,False,True,False,False,True,True,-0.02,0.078,True,False,LOW
152.775,,0.29,-145.69,-3.07,-8.81,26.12,-1.22,False,True,False,False,True,True,-0.017,0.082,True,False,LOW
152.799,,0.19,-146.07,-3.1,-8.82,26.06,-1.22,False,True,False,False,True,True,-0.013,0.084,True,False,LOW
152.981,,0.12,-145.77,-3.05,-8.9,26.0,-1.18,False,True,False,False,True,True,-0.008,0.081,True,False,LOW
153.004,,0.1,-145.95,-2.96,-8.91,25.97,-1.17,False,True,False,False,True,True,-0.015,0.081,True,False,LOW
153.163,,0.28,-145.56,-2.96,-8.86,26.06,-1.11,False,True,False,False,True,True,-0.024,0.09,True,False,LOW
153.194,,0.23,-145.47,-2.94,-8.86,26.09,-1.1,False,True,False,False,True,True,-0.028,0.087,True,False,LOW
153.376,,0.49,-144.83,-2.86,-8.72,26.51,-1.03,False,True,False,False,True,True,-0.01,0.089,True,False,LOW
153.4,,0.27,-145.43,-2.92,-8.73,26.48,-1.02,False,True,False,False,True,True,-0.015,0.085,True,False,LOW
153.563,,0.1,-145.62,-3.14,-8.86,26.28,-1.13,False,True,False,False,True,True,-0.03,0.077,True,False,LOW
153.595,,-0.43,-145.62,-3.21,-8.97,26.25,-1.16,False,True,False,False,True,True,-0.035,0.081,True,False,LOW
153.773,,-0.31,-145.76,-3.21,-9.2,26.09,-1.24,False,True,False,False,True,True,-0.038,0.073,True,False,MODERATE
153.796,,-0.03,-145.82,-3.32,-9.19,26.07,-1.26,False,True,False,False,True,True,-0.032,0.077,True,False,MODERATE
153.963,,-0.18,-146.43,-3.13,-9.23,25.66,-1.25,False,True,False,False,True,True,-0.023,0.05,True,False,MODERATE
153.996,,-0.08,-146.47,-3.06,-9.22,25.58,-1.23,False,True,False,False,False,True,-0.016,0.027,True,False,MODERATE
154.174,,-0.14,-146.8,-3.18,-9.22,25.22,-1.26,False,True,False,False,False,True,-0.023,-0.004,True,False,MODERATE
154.197,,-0.13,-146.67,-3.12,-9.22,25.2,-1.25,False,True,False,False,False,True,-0.015,-0.035,True,False,MODERATE
154.364,,-0.63,-146.84,-3.23,-9.47,25.03,-1.29,False,True,False,False,False,True,-0.011,-0.024,True,False,MODERATE
154.395,,-2.24,-150.03,-3.94,-9.79,24.43,-1.41,False,True,False,False,False,True,-0.012,-0.01,True,False,MODERATE
154.572,,-1.57,-153.63,-3.27,-10.26,20.79,-1.39,False,True,False,False,False,True,-0.022,-0.005,True,False,MODERATE
154.682,,-1.6,-158.46,-3.07,-10.44,17.2,-1.3,False,True,False,False,False,True,-0.013,0.008,True,False,MODERATE
154.787,,-2.84,-165.46,-2.79,-11.05,11.79,-1.14,False,True,False,False,False,True,-0.004,0.011,True,False,MODERATE
154.81,,-2.22,-166.82,-2.62,-11.08,10.44,-1.08,False,True,False,False,False,True,-0.001,0.003,True,False,MODERATE
154.975,,-2.49,-166.42,-2.73,-11.34,7.35,-0.95,False,False,False,False,False,False,-0.008,0.007,True,False,MODERATE
154.998,,-2.46,-166.45,-2.99,-11.37,6.98,-0.97,False,False,False,False,False,False,-0.007,0.001,True,False,MODERATE
155.164,,-1.98,-165.74,-2.99,-11.21,6.41,-1.03,False,False,False,False,False,False,-0.028,0.002,True,False,MODERATE
155.195,,-1.59,-167.31,-2.64,-11.12,6.0,-0.98,False,False,False,False,False,False,-0.02,-0.005,True,False,MODERATE
155.371,,-2.42,-166.46,-3.25,-11.32,5.58,-1.18,False,False,False,False,False,False,0.003,0.062,False,False,MODERATE
155.394,,-2.15,-166.99,-3.04,-11.31,5.46,-1.17,False,False,False,False,False,False,-0.017,0.011,True,False,MODERATE
155.565,,-1.88,-167.38,-2.87,-11.13,4.85,-1.07,False,False,False,False,False,False,-0.012,0.006,True,False,MODERATE
155.596,,-2.66,-167.31,-3.04,-11.23,4.77,-1.08,False,False,False,False,False,False,-0.014,0.007,True,False,MODERATE
155.772,,-2.7,-166.05,-3.18,-11.53,5.24,-1.18,False,False,False,False,False,False,-0.009,0.009,True,False,MODERATE
155.796,,-2.76,-167.25,-3.07,-11.57,5.13,-1.18,False,False,False,False,False,False,-0.007,0.006,True,False,MODERATE
155.966,,-2.25,-166.95,-2.87,-11.45,4.94,-1.07,False,False,False,False,False,False,-0.001,0.004,True,False,MODERATE
155.996,,-2.05,-167.18,-2.92,-11.4,4.87,-1.06,False,False,False,False,False,False,-0.008,0.007,True,False,MODERATE
156.174,,-1.19,-166.49,-3.15,-10.8,5.06,-1.16,False,False,False,False,False,False,-0.014,0.023,True,False,MODERATE
156.198,,-1.09,-167.02,-2.89,-10.71,5.01,-1.14,False,False,False,False,False,False,-0.012,0.004,True,False,MODERATE
156.366,,-1.28,-167.44,-2.75,-10.53,4.62,-0.99,False,False,False,False,False,False,-0.013,-0.001,True,False,MODERATE
156.395,,-1.31,-167.51,-2.84,-10.51,4.56,-0.98,False,False,False,False,False,False,-0.013,-0.001,True,False,MODERATE
156.571,,-1.08,-167.41,-2.71,-10.33,4.42,-0.89,False,False,False,False,False,False,-0.017,0.0,True,False,MODERATE
156.594,,-1.59,-167.4,-2.87,-10.37,4.41,-0.9,False,False,False,False,False,False,-0.008,0.0,True,False,MODERATE
156.764,,-2.01,-166.85,-3.02,-10.75,4.64,-1.01,False,False,False,False,False,False,-0.013,-0.002,True,False,MODERATE
156.795,,-2.55,-167.0,-3.05,-10.9,4.65,-1.04,False,False,False,False,False,False,-0.014,0.0,True,False,MODERATE
156.975,,-2.89,-166.46,-3.03,-11.48,4.97,-1.09,False,False,False,False,False,False,-0.012,-0.004,True,False,MODERATE
156.999,,-3.04,-166.69,-2.97,-11.57,4.98,-1.08,False,False,False,False,False,False,-0.021,-0.004,True,False,MODERATE
157.292,,-1.85,-166.41,-2.86,-11.16,5.19,-1.0,False,False,False,False,False,False,-0.024,-0.004,True,False,MODERATE
157.313,,-1.56,-166.17,-3.18,-11.1,5.23,-1.04,False,False,False,False,False,False,-0.02,-0.006,True,False,MODERATE
157.417,,-0.49,-166.0,-2.79,-10.48,5.42,-0.98,False,False,False,False,False,False,-0.017,-0.008,True,False,MODERATE
157.441,,-0.09,-166.54,-3.1,-10.3,5.39,-1.01,False,False,False,False,False,False,-0.021,-0.004,True,False,MODERATE
157.564,,0.42,-165.7,-3.27,-9.55,5.66,-1.17,False,False,False,False,False,False,-0.019,-0.001,True,False,MODERATE
157.595,,-0.72,-164.84,-3.2,-9.59,5.87,-1.19,False,False,False,False,False,False,-0.013,-0.007,True,False,MODERATE
157.777,,-1.76,-164.7,-2.96,-10.26,6.49,-1.12,False,False,False,False,False,False,-0.017,-0.006,True,False,MODERATE
157.8,,-1.67,-164.77,-3.07,-10.33,6.55,-1.13,False,False,False,False,False,False,-0.014,-0.006,True,False,MODERATE
157.965,,-0.99,-165.22,-3.16,-10.2,6.52,-1.19,False,False,False,False,False,False,-0.024,0.033,True,False,MODERATE
157.995,,-0.66,-165.75,-3.04,-10.13,6.43,-1.19,False,False,False,False,False,False,-0.035,0.004,True,False,MODERATE
158.174,,-1.23,-165.64,-3.01,-10.23,6.24,-1.15,False,False,False,False,False,False,-0.022,-0.004,True,False,MODERATE
158.198,,-1.73,-166.09,-3.35,-10.3,6.16,-1.18,False,False,False,False,False,False,-0.02,-0.007,True,False,MODERATE
158.369,,-1.74,-164.77,-3.28,-10.58,6.57,-1.29,False,False,False,False,False,False,-0.018,-0.009,True,False,MODERATE
158.4,,-2.45,-164.76,-3.35,-10.74,6.63,-1.31,False,False,False,False,False,False,-0.019,-0.006,True,False,MODERATE
158.571,,-2.3,-165.21,-3.2,-11.08,6.56,-1.31,False,False,False,False,False,False,-0.018,-0.005,True,False,MODERATE
158.595,,-1.65,-164.6,-3.2,-11.03,6.64,-1.31,False,False,False,False,False,False,-0.015,-0.01,True,False,MODERATE
158.762,,-1.47,-164.8,-3.25,-10.79,6.78,-1.33,False,False,False,False,False,False,-0.021,-0.007,True,False,MODERATE
158.797,,-1.02,-164.24,-3.24,-10.66,6.91,-1.33,False,False,False,False,False,False,-0.021,-0.003,True,False,MODERATE
158.972,,-0.92,-164.8,-3.24,-10.31,6.91,-1.34,False,False,False,False,False,False,-0.022,-0.008,True,False,LOW
158.995,,-0.65,-164.88,-3.39,-10.24,6.9,-1.36,False,False,False,False,False,False,-0.017,-0.002,True,False,LOW
159.163,,-0.81,-164.38,-3.24,-10.06,7.12,-1.35,False,False,False,False,False,False,-0.017,-0.003,True,False,LOW
159.195,,-0.7,-164.4,-3.21,-10.01,7.15,-1.34,False,False,False,False,False,False,-0.014,-0.006,True,False,LOW
159.373,,-1.49,-164.82,-3.25,-10.31,7.01,-1.35,False,False,False,False,False,False,-0.017,-0.007,True,False,LOW
159.396,,-1.14,-164.82,-3.28,-10.3,7.0,-1.35,False,False,False,False,False,False,-0.019,-0.007,True,False,LOW
159.565,,-1.25,-164.92,-3.29,-10.32,6.89,-1.37,False,False,False,False,False,False,-0.019,-0.006,True,False,LOW
159.595,,-0.92,-165.09,-3.27,-10.27,6.85,-1.37,False,False,False,False,False,False,0.003,0.062,False,False,LOW
159.774,,-0.96,-164.74,-3.02,-10.15,6.91,-1.24,False,False,False,False,False,False,-0.008,0.008,True,False,LOW
159.796,,-0.86,-165.16,-2.92,-10.12,6.87,-1.21,False,False,False,False,False,False,-0.005,0.008,True,False,LOW
159.964,,-1.71,-165.85,-3.21,-10.47,6.34,-1.26,False,False,False,False,False,False,-0.006,0.009,True,False,LOW
159.995,,-1.49,-165.84,-2.98,-10.49,6.27,-1.23,False,False,False,False,False,False,-0.004,0.01,True,False,LOW
160.181,,-0.95,-165.58,-2.79,-10.24,6.19,-1.05,False,False,False,False,False,False,0.0,0.007,True,False,LOW
160.206,,-0.6,-165.59,-2.67,-10.16,6.18,-1.01,False,False,False,False,False,False,0.001,0.009,True,False,LOW
160.376,,-0.02,-164.84,-2.61,-9.61,6.54,-0.85,False,False,False,False,False,False,0.003,0.01,True,False,LOW
160.399,,-1.17,-164.6,-2.5,-9.69,6.61,-0.82,False,False,False,False,False,False,-0.007,0.014,True,False,LOW
160.584,,-0.07,-165.16,-2.2,-9.4,6.58,-0.54,False,False,False,False,False,False,-0.008,-0.004,True,False,LOW
160.609,,0.24,-165.57,-1.84,-9.32,6.52,-0.45,False,False,False,False,False,False,-0.011,-0.002,True,False,LOW
160.772,,0.16,-164.83,-1.17,-9.12,6.7,0.16,False,False,False,False,False,False,0.004,0.013,True,False,LOW
160.795,,0.92,-164.43,-1.46,-8.99,6.78,0.2,False,False,False,False,False,False,0.003,0.015,True,False,LOW
160.984,,0.15,-164.23,-1.59,-8.96,7.16,0.26,False,False,False,False,False,False,0.007,0.007,True,False,LOW
161.008,,-0.13,-164.59,-1.61,-8.99,7.16,0.26,False,False,False,False,False,False,0.001,0.009,True,False,LOW
161.164,,-0.45,-164.75,-1.87,-9.26,7.06,0.15,False,False,False,False,False,False,0.001,0.004,True,False,LOW
161.196,,0.73,-164.94,-2.05,-9.11,7.01,0.1,False,False,False,False,False,False,-0.007,0.007,True,False,LOW
161.372,,-0.39,-164.45,-2.0,-9.3,7.14,-0.01,False,False,False,False,False,False,0.0,0.008,True,False,LOW
161.395,,-0.61,-165.13,-2.01,-9.35,7.07,-0.02,False,False,False,False,False,False,0.005,0.003,True,False,LOW
161.566,,-0.82,-165.79,-2.11,-9.64,6.46,-0.12,False,False,False,False,False,False,0.002,0.005,True,False,LOW
161.589,,-0.94,-165.76,-2.19,-9.69,6.4,-0.14,False,False,False,False,False,False,-0.009,0.012,True,False,LOW
161.771,,0.52,-164.56,-2.26,-9.09,6.8,-0.26,False,False,False,False,False,False,-0.011,0.004,True,False,LOW
161.795,,0.35,-164.5,-2.47,-9.04,6.85,-0.3,False,False,False,False,False,False,-0.019,0.002,True,False,LOW
161.965,,0.79,-164.66,-2.26,-8.65,6.96,-0.33,False,False,False,False,False,False,-0.003,0.007,True,False,LOW
161.988,,0.05,-165.5,-2.18,-8.7,6.86,-0.32,False,False,False,False,False,False,-0.003,0.01,True,False,LOW
162.174,,0.31,-165.9,-2.22,-8.74,6.29,-0.32,False,False,False,False,True,True,-0.023,0.04,True,False,LOW
162.197,,0.11,-165.85,-2.28,-8.77,6.23,-0.33,False,False,False,False,True,True,-0.026,0.037,True,False,LOW
162.365,,-0.74,-165.67,-2.6,-9.32,6.13,-0.52,False,False,False,False,False,False,-0.013,0.016,True,False,LOW
162.388,,0.5,-165.65,-2.22,-9.23,6.12,-0.5,False,False,False,False,False,False,-0.011,0.011,True,False,LOW
162.573,,-0.47,-165.29,-2.41,-9.4,6.28,-0.5,False,False,False,False,False,False,-0.018,0.004,True,False,LOW
162.596,,-0.24,-165.43,-2.19,-9.39,6.28,-0.48,False,False,False,False,False,False,-0.012,0.002,True,False,LOW
162.765,,0.17,-165.38,-2.34,-9.15,6.31,-0.46,False,False,False,False,False,False,-0.008,0.001,True,False,LOW
162.786,,0.42,-165.97,-2.06,-9.09,6.24,-0.42,False,False,False,False,False,False,0.005,0.001,True,False,LOW
162.975,,0.24,-165.77,-2.14,-8.96,6.08,-0.32,False,False,False,False,False,False,0.002,0.005,True,False,LOW
163.0,,0.03,-165.68,-2.16,-8.97,6.07,-0.31,False,False,False,False,False,False,-0.002,0.004,True,False,LOW
163.163,,-0.11,-165.99,-2.08,-9.08,5.89,-0.25,False,False,False,False,False,False,-0.002,0.003,True,False,LOW
163.186,,-0.61,-165.66,-2.44,-9.16,5.91,-0.28,False,False,False,False,False,False,-0.003,0.003,True,False,LOW
163.37,,-0.33,-165.55,-2.56,-9.3,6.04,-0.49,False,False,False,False,False,False,-0.0,0.005,True,False,LOW
163.393,,-0.35,-164.2,-2.19,-9.32,6.24,-0.46,False,False,False,False,False,False,0.001,0.001,True,False,LOW
163.567,,-0.36,-164.07,-2.21,-9.38,6.99,-0.38,False,False,False,False,False,False,-0.005,0.005,True,False,LOW
163.589,,-0.18,-163.44,-2.28,-9.37,7.16,-0.38,False,False,False,False,False,False,-0.004,0.008,True,False,LOW
163.774,,-0.15,-163.28,-2.29,-9.3,7.86,-0.39,False,False,False,False,False,False,0.001,0.009,True,False,LOW
163.798,,-0.3,-163.18,-2.2,-9.31,7.96,-0.37,False,False,False,False,False,False,0.004,0.001,True,False,LOW
163.963,,0.36,-162.63,-1.97,-9.01,8.55,-0.22,False,False,False,False,False,False,0.003,0.003,True,False,LOW
163.986,,1.06,-162.77,-2.11,-8.88,8.6,-0.22,False,False,False,False,False,False,-0.008,-0.003,True,False,LOW
164.172,,1.15,-162.29,-2.25,-8.36,9.05,-0.29,False,False,False,False,False,False,-0.011,-0.009,True,False,LOW
164.195,,0.72,-161.54,-2.13,-8.36,9.2,-0.28,False,False,False,False,False,False,-0.006,0.011,True,False,LOW
164.366,,1.47,-156.98,-2.37,-7.97,12.27,-0.38,False,True,False,False,True,True,-0.005,0.062,True,False,LOW
164.39,,0.99,-152.36,-2.37,-7.99,13.51,-0.39,False,True,False,False,False,True,0.003,0.062,False,False,LOW
164.571,,-1.18,-149.29,-3.41,-9.22,18.94,-0.99,False,True,False,False,True,True,0.002,0.093,True,False,LOW
164.594,,-2.15,-147.61,-3.73,-9.5,19.88,-1.1,False,True,False,False,True,True,0.005,0.114,True,False,LOW
164.766,,-1.28,-146.86,-3.35,-9.96,22.83,-1.29,False,True,False,False,True,True,-0.007,0.093,True,False,LOW
164.79,,-1.12,-146.93,-3.0,-10.0,23.17,-1.26,False,True,False,False,True,True,-0.027,0.09,True,False,LOW
164.972,,-1.21,-146.89,-3.12,-10.16,24.13,-1.24,False,True,False,False,True,True,-0.015,0.094,True,False,LOW
164.995,,-1.12,-147.13,-3.03,-10.16,24.2,-1.23,False,True,False,False,True,True,-0.01,0.102,True,False,LOW
165.164,,-1.0,-146.96,-2.84,-10.12,24.5,-1.08,False,True,False,False,True,True,0.005,0.101,True,False,LOW
165.188,,-1.12,-147.25,-2.69,-10.13,24.49,-1.04,False,True,False,False,False,True,0.003,0.062,False,False,LOW
165.372,,-1.26,-147.79,-2.73,-10.25,24.18,-0.93,False,True,False,False,True,True,0.014,0.094,True,False,LOW
165.396,,-1.22,-147.42,-2.72,-10.26,24.2,-0.91,False,True,False,False,True,True,-0.004,0.094,True,False,LOW
165.563,,-1.1,-146.96,-2.19,-10.22,24.48,-0.59,False,True,False,False,True,True,0.013,0.108,True,False,LOW
165.589,,-1.63,-147.07,-2.31,-10.29,24.5,-0.57,False,True,False,False,False,True,0.003,0.062,False,False,LOW
165.771,,-1.7,-146.78,-2.63,-10.56,24.73,-0.65,False,True,False,False,True,True,0.005,0.104,True,False,LOW
165.796,,-1.95,-146.52,-2.8,-10.62,24.8,-0.69,False,True,False,False,True,True,0.006,0.105,True,False,LOW
165.963,,-2.19,-146.95,-2.87,-10.96,24.78,-0.83,False,True,False,False,True,True,0.012,0.093,True,False,LOW
165.986,,-2.61,-147.15,-2.95,-11.06,24.75,-0.86,False,True,False,False,True,True,0.004,0.096,True,False,LOW
166.174,,-1.98,-146.81,-2.74,-11.06,24.83,-0.85,False,True,False,False,True,True,0.026,0.099,True,False,LOW
166.197,,-2.23,-147.66,-2.55,-11.1,24.73,-0.82,False,True,False,False,True,True,0.024,0.095,True,False,LOW
166.365,,-2.2,-147.27,-2.92,-11.19,24.58,-0.92,False,True,False,False,True,True,-0.011,0.079,True,False,LOW
166.388,,-2.56,-147.81,-2.92,-11.25,24.49,-0.94,False,True,False,False,True,True,-0.011,0.045,True,False,LOW
166.574,,-2.52,-147.82,-2.84,-11.45,24.16,-0.94,False,True,False,False,False,True,0.001,0.032,True,False,MODERATE
166.597,,-3.17,-148.2,-2.96,-11.55,24.08,-0.95,False,True,False,False,False,True,-0.003,0.021,True,False,MODERATE
166.764,,-3.2,-147.59,-3.07,-11.93,24.1,-1.07,False,True,False,False,False,True,-0.006,0.024,True,False,MODERATE
166.789,,-3.8,-147.76,-3.23,-12.07,24.08,-1.1,False,True,False,False,False,True,-0.009,0.021,True,False,MODERATE
166.972,,-3.3,-147.58,-3.18,-12.24,24.11,-1.2,False,True,False,False,False,True,-0.006,0.023,True,False,MODERATE
166.994,,-3.39,-147.71,-3.33,-12.27,24.09,-1.23,False,True,False,False,False,True,-0.004,0.023,True,False,MODERATE
167.164,,-3.5,-147.66,-3.2,-12.44,24.07,-1.26,False,True,False,False,False,True,-0.004,0.026,True,False,MODERATE
167.188,,-3.74,-147.84,-3.4,-12.49,24.04,-1.3,False,True,False,False,True,True,-0.018,0.059,True,False,MODERATE
167.37,,-4.42,-150.43,-3.29,-13.04,22.53,-1.35,False,True,False,False,False,True,-0.02,-0.012,True,False,MODERATE
167.48,,-3.94,-152.92,-2.65,-13.03,20.88,-1.1,False,True,False,False,False,True,-0.014,-0.015,True,False,MODERATE
167.582,,-3.63,-155.82,-2.63,-12.91,18.7,-0.95,False,True,False,False,False,True,-0.02,-0.008,True,False,MODERATE
167.605,,-3.58,-159.93,-2.53,-12.88,17.5,-0.91,False,True,False,False,False,True,-0.029,0.003,True,False,MODERATE
167.773,,-3.36,-163.02,-2.74,-12.65,12.23,-0.88,False,True,False,False,False,True,-0.018,0.001,True,False,MODERATE
167.796,,-3.56,-164.55,-2.57,-12.65,11.3,-0.85,False,True,False,False,False,True,-0.013,-0.004,True,False,MODERATE
167.964,,-2.57,-165.69,-2.47,-12.14,8.17,-0.7,False,False,False,False,False,False,-0.012,-0.005,True,False,MODERATE
167.986,,-2.01,-165.34,-2.21,-12.0,7.87,-0.65,False,False,False,False,False,False,-0.05,0.033,True,False,MODERATE
168.183,,-2.11,-165.49,-2.24,-11.54,6.88,-0.48,False,False,False,False,False,False,-0.023,0.004,True,False,MODERATE
168.208,,-2.65,-165.9,-2.39,-11.57,6.71,-0.48,False,False,False,False,False,False,-0.018,-0.001,True,False,MODERATE
168.376,,-2.95,-165.56,-2.6,-11.81,6.41,-0.59,False,False,False,False,False,False,-0.021,-0.002,True,False,MODERATE
168.4,,-2.35,-165.79,-2.48,-11.76,6.33,-0.59,False,False,False,False,False,False,-0.017,-0.003,True,False,MODERATE
168.581,,-3.37,-165.6,-2.68,-12.13,6.21,-0.69,False,False,False,False,False,False,-0.017,-0.008,True,False,MODERATE
168.605,,-3.63,-165.41,-2.67,-12.21,6.22,-0.7,False,False,False,False,False,False,-0.015,-0.003,True,False,MODERATE
168.776,,-3.78,-164.91,-2.68,-12.55,6.52,-0.74,False,False,False,False,False,False,-0.015,-0.007,True,False,MODERATE
168.8,,-3.1,-164.5,-2.59,-12.51,6.61,-0.74,False,False,False,False,False,False,-0.016,-0.005,True,False,MODERATE
168.985,,-2.95,-164.76,-2.44,-12.25,6.8,-0.63,False,False,False,False,False,False,-0.014,-0.006,True,False,MODERATE
169.007,,-2.87,-164.45,-2.05,-12.22,6.85,-0.57,False,False,False,False,False,False,-0.014,-0.005,True,False,MODERATE
169.165,,-3.7,-163.8,-2.22,-12.5,7.39,-0.44,False,False,False,False,False,False,-0.018,-0.009,True,False,MODERATE
169.188,,-3.38,-164.71,-2.03,-12.5,7.34,-0.4,False,False,False,False,False,False,-0.017,-0.004,True,False,MODERATE
169.374,,-3.27,-164.67,-2.13,-12.42,7.18,-0.31,False,False,False,False,False,False,-0.022,-0.006,True,False,MODERATE
169.398,,-2.71,-165.17,-2.23,-12.34,7.09,-0.31,False,False,False,False,False,False,-0.013,-0.006,True,False,MODERATE
169.565,,-2.19,-165.15,-2.48,-11.78,6.82,-0.45,False,False,False,False,False,False,-0.008,-0.007,True,False,MODERATE
169.587,,-1.85,-165.04,-2.55,-11.67,6.8,-0.47,False,False,False,False,False,False,-0.009,-0.006,True,False,MODERATE
169.77,,-2.39,-165.1,-2.6,-11.57,6.7,-0.6,False,False,False,False,False,False,-0.007,-0.003,True,False,MODERATE
169.794,,-2.94,-165.19,-2.57,-11.63,6.67,-0.61,False,False,False,False,False,False,-0.009,-0.005,True,False,MODERATE
169.964,,-3.24,-165.45,-2.48,-11.99,6.46,-0.59,False,False,False,False,False,False,-0.007,-0.004,True,False,MODERATE
169.986,,-3.46,-165.73,-2.59,-12.06,6.4,-0.6,False,False,False,False,False,False,-0.012,-0.005,True,False,MODERATE
170.172,,-3.03,-165.78,-2.67,-12.09,6.14,-0.69,False,False,False,False,False,False,-0.009,0.005,True,False,MODERATE
170.195,,-2.68,-165.35,-2.53,-12.05,6.17,-0.69,False,False,False,False,False,False,-0.027,0.013,True,False,MODERATE
170.363,,-3.08,-165.3,-2.73,-12.11,6.29,-0.76,False,False,False,False,False,False,-0.013,-0.001,True,False,MODERATE
170.386,,-3.13,-165.11,-2.13,-12.12,6.33,-0.69,False,False,False,False,False,False,-0.006,-0.002,True,False,MODERATE
170.573,,-2.29,-165.57,-2.15,-11.72,6.23,-0.45,False,False,False,False,False,False,0.002,-0.003,True,False,MODERATE
170.596,,-1.75,-165.73,-1.92,-11.6,6.2,-0.4,False,False,False,False,False,False,-0.0,-0.003,True,False,MODERATE
170.765,,-2.33,-165.53,-1.77,-11.5,6.19,-0.12,False,False,False,False,False,False,-0.009,-0.003,True,False,MODERATE
170.789,,-2.9,-165.95,-1.79,-11.56,6.13,-0.09,False,False,False,False,False,False,-0.019,-0.0,True,False,MODERATE
170.971,,-0.54,-166.04,-1.69,-10.51,5.88,0.07,False,False,False,False,False,False,-0.011,-0.006,True,False,MODERATE
170.993,,-0.15,-166.5,-1.68,-10.34,5.8,0.09,False,False,False,False,False,False,-0.01,-0.005,True,False,MODERATE
171.164,,-1.23,-167.37,-2.14,-10.33,5.02,-0.08,False,False,False,False,False,False,-0.012,-0.003,True,False,MODERATE
171.188,,-0.76,-167.1,-2.18,-10.26,4.97,-0.11,False,False,False,False,False,False,-0.012,-0.002,True,False,MODERATE
171.375,,0.66,-166.65,-1.7,-9.24,5.02,0.06,False,False,False,False,False,False,0.0,-0.001,True,False,MODERATE
171.399,,-1.26,-166.83,-1.69,-9.39,5.0,0.08,False,False,False,False,False,False,-0.012,0.007,True,False,MODERATE
171.573,,-0.65,-166.14,-1.52,-9.57,5.3,0.24,False,False,False,False,False,False,-0.009,-0.004,True,False,MODERATE
171.597,,-0.42,-166.35,-1.83,-9.56,5.31,0.21,False,False,False,False,False,False,-0.012,-0.003,True,False,MODERATE
171.758,,-2.84,-165.87,-2.26,-10.78,5.58,-0.08,False,False,False,False,False,False,-0.024,-0.003,True,False,MODERATE
171.786,,-0.44,-165.22,-2.05,-10.59,5.72,-0.09,False,False,False,False,False,False,-0.007,-0.008,True,False,MODERATE
171.963,,-2.38,-166.12,-2.35,-11.05,5.65,-0.28,False,False,False,False,False,False,-0.017,-0.007,True,False,LOW
171.986,,-1.92,-165.83,-2.81,-11.05,5.68,-0.36,False,False,False,False,False,False,-0.012,-0.007,True,False,LOW
172.156,,-0.98,-166.06,-2.74,-10.54,5.66,-0.61,False,False,False,False,False,False,-0.014,-0.006,True,False,LOW
172.186,,-2.82,-166.46,-3.04,-10.76,5.6,-0.7,False,False,False,False,False,False,-0.018,-0.002,True,False,LOW
172.363,,-1.53,-166.41,-2.72,-10.68,5.44,-0.76,False,False,False,False,False,False,-0.014,-0.004,True,False,LOW
172.386,,-1.65,-166.44,-2.61,-10.69,5.42,-0.76,False,False,False,False,False,False,-0.014,-0.007,True,False,LOW
172.557,,-1.45,-166.7,-2.79,-10.61,5.21,-0.83,False,False,False,False,False,False,-0.017,0.0,True,False,LOW
172.585,,-0.39,-165.55,-2.54,-10.43,5.35,-0.8,False,False,False,False,False,False,-0.01,0.011,True,False,LOW
172.762,,-0.7,-166.78,-1.84,-10.09,5.13,-0.34,False,False,False,False,False,False,-0.005,0.007,True,False,LOW
172.786,,0.68,-167.37,-1.64,-9.85,5.02,-0.26,False,False,False,False,False,False,-0.004,0.006,True,False,LOW
172.956,,-0.01,-166.88,-1.97,-9.45,4.92,-0.16,False,False,False,False,False,False,-0.011,0.012,True,False,LOW
172.986,,0.09,-167.13,-2.23,-9.37,4.87,-0.19,False,False,False,False,False,False,-0.004,0.013,True,False,LOW
173.164,,-0.44,-167.19,-2.51,-9.45,4.68,-0.41,False,False,False,False,False,False,0.001,0.01,True,False,LOW
173.186,,0.29,-166.16,-2.16,-9.37,4.79,-0.39,False,False,False,False,False,False,-0.015,0.013,True,False,LOW
173.48,,0.67,-167.33,-2.24,-8.74,4.52,-0.36,False,False,False,False,False,False,-0.01,0.011,True,False,LOW
173.502,,-0.15,-167.32,-2.39,-8.8,4.51,-0.37,False,False,False,False,False,False,-0.007,0.008,True,False,LOW
173.604,,-0.62,-166.55,-2.67,-9.16,4.76,-0.53,False,False,False,False,False,False,0.003,0.062,False,False,LOW
173.63,,0.33,-166.13,-2.55,-9.1,4.88,-0.55,False,False,False,False,False,False,-0.016,0.014,True,False,LOW
173.749,,-0.41,-166.56,-2.8,-9.27,5.0,-0.7,False,False,False,False,False,False,-0.049,0.018,True,False,LOW
173.789,,0.11,-167.01,-2.64,-9.21,4.94,-0.71,False,False,False,False,False,False,-0.046,0.017,True,False,LOW
173.954,,0.42,-166.62,-2.65,-8.93,5.02,-0.73,False,False,False,False,False,False,-0.04,0.017,True,False,LOW
173.988,,0.76,-166.16,-3.06,-8.82,5.11,-0.81,False,False,False,False,False,False,-0.042,0.015,True,False,LOW
174.148,,1.17,-166.07,-3.09,-8.36,5.38,-1.0,False,False,False,False,False,False,-0.04,0.017,True,False,LOW
174.187,,0.03,-166.19,-3.18,-8.5,5.41,-1.06,False,False,False,False,False,False,-0.033,0.009,True,False,LOW
174.354,,-0.31,-167.44,-3.06,-8.96,4.82,-1.11,False,False,False,False,False,False,-0.024,0.011,True,False,LOW
174.378,,-0.04,-167.16,-2.92,-8.98,4.79,-1.1,False,False,False,False,False,False,-0.03,0.01,True,False,LOW
174.544,,-1.44,-166.46,-2.79,-9.79,5.02,-0.99,False,False,False,False,False,False,-0.028,0.013,True,False,LOW
174.586,,-2.13,-164.61,-2.82,-10.1,5.48,-0.98,False,False,False,False,False,False,-0.043,0.034,True,False,LOW
174.753,,-1.49,-164.51,-2.92,-10.35,6.39,-1.0,False,False,False,False,True,True,-0.035,0.05,True,False,LOW
174.778,,-2.28,-165.45,-2.96,-10.5,6.37,-1.01,False,False,False,False,True,True,-0.025,0.048,True,False,LOW
174.941,,-2.74,-166.56,-3.39,-11.19,5.75,-1.25,False,False,False,False,True,True,-0.024,0.044,True,False,LOW
174.986,,-3.79,-167.33,-3.26,-11.59,5.44,-1.28,False,False,False,False,False,False,-0.039,0.018,True,False,LOW
175.15,,-4.28,-166.86,-3.14,-12.53,5.14,-1.26,False,False,False,False,False,False,-0.038,-0.008,True,False,LOW
175.178,,-4.87,-167.11,-3.1,-12.77,5.05,-1.25,False,False,False,False,False,False,-0.031,-0.005,True,False,LOW
175.346,,-4.65,-167.18,-3.04,-13.28,4.78,-1.19,False,False,False,False,False,False,-0.03,-0.003,True,False,LOW
