elapsed_seconds,scenario_label,raw_yaw,raw_pitch,raw_roll,yaw,pitch,roll,yaw_suspicious,pitch_suspicious,roll_suspicious,dropout_suspicious,gaze_suspicious,suspicious,gaze_x,gaze_y,gaze_valid,device_detected,risk_level
17.442,,5.06,-168.83,-0.4,2.54,-0.62,-0.4,False,False,False,False,False,False,0.003,-0.001,True,False,LOW
17.465,,5.71,-168.61,-0.46,2.62,-0.59,-0.41,False,False,False,False,False,False,0.004,-0.0,True,False,LOW
17.577,,5.71,-168.87,-0.44,2.86,-0.62,-0.42,False,False,False,False,False,False,-0.002,-0.004,True,False,LOW
17.603,,5.58,-168.9,-0.55,2.89,-0.63,-0.44,False,False,False,False,False,False,0.003,-0.004,True,False,LOW
17.717,,5.57,-169.24,-0.36,2.96,-0.8,-0.41,False,False,False,False,False,False,0.021,-0.001,True,False,LOW
17.742,,5.59,-168.75,-0.28,2.97,-0.76,-0.39,False,False,False,False,False,False,0.038,-0.011,True,False,LOW
17.847,,5.55,-168.69,-0.27,3.0,-0.65,-0.34,False,False,False,False,False,False,0.035,-0.01,True,False,LOW
17.872,,5.83,-168.7,-0.25,3.04,-0.63,-0.33,False,False,False,False,False,False,0.036,-0.011,True,False,LOW
18.047,,5.8,-168.47,-0.24,3.17,-0.43,-0.28,False,False,False,False,False,False,0.04,-0.011,True,False,LOW
18.07,,6.05,-168.75,-0.23,3.21,-0.45,-0.28,False,False,False,False,False,False,0.039,-0.01,True,False,LOW
18.242,,6.17,-168.43,-0.31,3.44,-0.33,-0.29,False,False,False,False,False,False,0.042,-0.011,True,False,LOW
18.273,,6.06,-168.18,-0.21,3.46,-0.27,-0.28,False,False,False,False,False,False,0.048,0.001,True,False,LOW
18.451,,5.82,-168.83,-0.47,3.37,-0.45,-0.38,False,False,False,False,False,False,0.015,0.057,False,False,LOW
18.474,,6.36,-168.55,-0.42,3.43,-0.44,-0.39,False,False,False,False,False,False,-0.005,0.002,True,False,LOW
18.64,,5.99,-168.73,-0.47,3.45,-0.48,-0.43,False,False,False,False,False,False,0.001,-0.002,True,False,LOW
18.676,,5.73,-168.76,-0.52,3.41,-0.49,-0.45,False,False,False,False,False,False,-0.008,-0.0,True,False,LOW
18.849,,6.2,-168.25,-0.69,3.55,-0.26,-0.57,False,False,False,False,False,False,0.004,-0.003,True,False,LOW
18.871,,6.16,-168.38,-0.67,3.56,-0.25,-0.59,False,False,False,False,False,False,-0.009,0.002,True,False,LOW
19.04,,6.14,-168.96,-0.63,3.59,-0.51,-0.61,False,False,False,False,False,False,-0.011,0.001,True,False,LOW
19.073,,5.89,-168.91,-0.66,3.55,-0.54,-0.62,False,False,False,False,False,False,-0.014,-0.002,True,False,LOW
19.25,,5.79,-168.79,-0.7,3.4,-0.56,-0.66,False,False,False,False,False,False,-0.017,-0.002,True,False,LOW
19.273,,5.7,-168.99,-0.72,3.38,-0.59,-0.67,False,False,False,False,False,False,-0.014,-0.001,True,False,LOW
19.444,,6.16,-168.41,-0.66,3.51,-0.39,-0.66,False,False,False,False,False,False,-0.007,-0.002,True,False,LOW
19.473,,5.75,-168.66,-0.63,3.47,-0.4,-0.66,False,False,False,False,False,False,-0.012,-0.003,True,False,LOW
19.65,,5.55,-167.95,-0.95,3.24,-0.05,-0.81,False,False,False,False,False,False,0.015,0.057,False,False,LOW
19.673,,3.71,-166.81,-0.47,2.96,0.14,-0.77,False,False,False,False,False,False,-0.011,0.024,True,False,LOW
19.841,,1.26,-166.75,-1.04,0.66,0.84,-0.91,False,False,False,False,False,False,-0.014,0.033,True,False,LOW
19.872,,-0.57,-165.6,-1.14,-0.07,1.16,-0.95,False,False,False,False,False,False,-0.019,0.02,True,False,LOW
20.052,,-1.64,-165.69,-0.97,-2.43,1.91,-0.96,False,False,False,False,False,False,-0.024,0.012,True,False,LOW
20.075,,-2.49,-166.1,-1.04,-2.83,1.93,-0.97,False,False,False,False,False,False,-0.027,0.005,True,False,LOW
20.243,,-0.83,-166.14,-0.61,-3.11,2.01,-0.78,False,False,False,False,False,False,-0.022,0.005,True,False,LOW
20.272,,-1.0,-166.39,-0.89,-3.18,1.98,-0.8,False,False,False,False,False,False,-0.016,0.009,True,False,LOW
20.452,,-1.86,-166.62,-0.92,-3.84,1.77,-0.86,False,False,False,False,False,False,-0.017,0.003,True,False,LOW
20.476,,-0.97,-165.86,-0.81,-3.8,1.85,-0.86,False,False,False,False,False,False,-0.016,0.004,True,False,LOW
20.646,,0.19,-166.79,-0.62,-3.04,1.63,-0.73,False,False,False,False,False,False,-0.029,0.005,True,False,LOW
20.673,,0.07,-167.19,-0.85,-2.95,1.53,-0.75,False,False,False,False,False,False,-0.03,0.004,True,False,LOW
20.852,,-0.43,-166.86,-0.9,-2.95,1.44,-0.83,False,False,False,False,False,False,-0.028,0.004,True,False,LOW
20.875,,0.01,-166.62,-0.72,-2.89,1.46,-0.82,False,False,False,False,False,False,-0.022,0.004,True,False,LOW
21.044,,0.46,-167.03,-0.65,-2.46,1.31,-0.73,False,False,False,False,False,False,-0.018,0.004,True,False,LOW
21.072,,-0.54,-166.28,-0.93,-2.55,1.41,-0.76,False,False,False,False,False,False,-0.024,0.006,True,False,LOW
21.251,,0.48,-165.84,-0.79,-2.28,1.92,-0.78,False,False,False,False,False,False,-0.018,0.003,True,False,LOW
21.393,,0.71,-165.98,-0.74,-2.06,2.07,-0.76,False,False,False,False,False,False,-0.018,0.002,True,False,LOW
21.5,,1.03,-165.91,-0.75,-1.82,2.16,-0.76,False,False,False,False,False,False,-0.013,0.003,True,False,LOW
21.528,,0.95,-166.34,-0.78,-1.79,2.12,-0.76,False,False,False,False,False,False,-0.012,0.001,True,False,LOW
21.66,,1.33,-166.25,-0.89,-1.51,2.05,-0.82,False,False,False,False,False,False,-0.005,0.001,True,False,LOW
21.685,,0.94,-166.79,-0.82,-1.52,1.96,-0.82,False,False,False,False,False,False,-0.009,0.003,True,False,LOW
21.851,,1.19,-166.76,-0.89,-1.42,1.7,-0.86,False,False,False,False,False,False,-0.007,0.0,True,False,LOW
21.875,,0.89,-166.94,-0.84,-1.45,1.64,-0.85,False,False,False,False,False,False,-0.01,0.003,True,False,LOW
22.06,,0.76,-167.25,-0.84,-1.62,1.27,-0.85,False,False,False,False,False,False,-0.011,0.004,True,False,LOW
22.084,,0.95,-167.2,-0.81,-1.61,1.23,-0.84,False,False,False,False,False,False,-0.01,0.004,True,False,LOW
22.255,,1.01,-167.28,-0.77,-1.56,1.07,-0.8,False,False,False,False,False,False,-0.014,0.004,True,False,LOW
22.279,,1.06,-166.86,-0.85,-1.55,1.11,-0.81,False,False,False,False,False,False,-0.012,0.005,True,False,LOW
22.458,,1.29,-167.04,-0.78,-1.38,1.14,-0.79,False,False,False,False,False,False,-0.011,0.005,True,False,LOW
22.483,,0.9,-166.88,-0.77,-1.41,1.17,-0.79,False,False,False,False,False,False,-0.013,0.005,True,False,LOW
22.64,,1.24,-166.22,-0.88,-1.35,1.58,-0.84,False,False,False,False,False,False,-0.01,0.006,True,False,LOW
22.673,,0.31,-166.34,-1.04,-1.5,1.63,-0.87,False,False,False,False,False,False,-0.014,0.007,True,False,LOW
22.849,,-0.25,-166.97,-1.03,-2.18,1.43,-0.95,False,False,False,False,False,False,-0.009,0.004,True,False,LOW
22.87,,-1.2,-166.07,-1.11,-2.38,1.51,-0.97,False,False,False,False,False,False,-0.014,0.004,True,False,LOW
23.04,,-1.1,-166.31,-1.13,-3.04,1.71,-1.05,False,False,False,False,False,False,-0.012,0.003,True,False,LOW
23.073,,-0.2,-166.33,-1.04,-2.98,1.74,-1.05,False,False,False,False,False,False,-0.016,0.005,True,False,LOW
23.249,,0.25,-165.87,-1.12,-2.61,2.06,-1.09,False,False,False,False,False,False,-0.015,0.003,True,False,LOW
23.272,,0.88,-165.73,-1.16,-2.48,2.11,-1.1,False,False,False,False,False,False,0.015,0.057,False,False,LOW
23.445,,0.94,-166.16,-1.17,-2.01,2.08,-1.14,False,False,False,False,False,False,-0.039,0.01,True,False,LOW
23.472,,1.34,-165.87,-0.92,-1.88,2.12,-1.1,False,False,False,False,False,False,-0.03,0.007,True,False,LOW
23.65,,1.54,-166.57,-0.72,-1.39,1.87,-0.9,False,False,False,False,False,False,-0.006,-0.001,True,False,LOW
23.675,,1.22,-166.82,-0.71,-1.38,1.8,-0.87,False,False,False,False,False,False,-0.01,-0.001,True,False,LOW
23.84,,1.05,-166.61,-0.83,-1.43,1.7,-0.85,False,False,False,False,False,False,-0.007,-0.0,True,False,LOW
23.873,,1.19,-166.44,-0.8,-1.41,1.71,-0.84,False,False,False,False,False,False,-0.003,-0.006,True,False,LOW
24.046,,1.45,-166.49,-0.7,-1.23,1.72,-0.77,False,False,False,False,False,False,-0.001,-0.007,True,False,LOW
24.067,,1.57,-166.49,-0.49,-1.2,1.72,-0.74,False,False,False,False,False,False,0.025,0.0,True,False,LOW
24.241,,1.95,-166.82,-0.18,-0.87,1.55,-0.44,False,False,False,False,False,False,0.025,0.001,True,False,LOW
24.273,,2.25,-166.66,-0.29,-0.76,1.55,-0.42,False,False,False,False,False,False,0.033,0.001,True,False,LOW
24.454,,2.1,-166.93,-0.16,-0.58,1.4,-0.28,False,False,False,False,False,False,0.031,-0.001,True,False,LOW
24.477,,2.2,-166.31,-0.31,-0.55,1.47,-0.28,False,False,False,False,False,False,0.034,0.002,True,False,LOW
24.641,,2.42,-166.91,-0.46,-0.32,1.38,-0.37,False,False,False,False,False,False,0.03,-0.002,True,False,LOW
24.674,,2.26,-166.61,-0.18,-0.31,1.42,-0.34,False,False,False,False,False,False,0.024,-0.004,True,False,LOW
24.852,,1.86,-165.99,-0.54,-0.49,1.85,-0.45,False,False,False,False,False,False,0.015,0.057,False,False,LOW
24.875,,2.11,-166.18,-0.11,-0.48,1.87,-0.4,False,False,False,False,False,False,0.033,0.011,True,False,LOW
25.043,,2.31,-166.84,-0.15,-0.34,1.61,-0.27,False,False,False,False,False,False,0.048,0.004,True,False,LOW
25.072,,2.65,-167.03,0.07,-0.27,1.55,-0.22,False,False,False,False,False,False,0.053,-0.001,True,False,LOW
25.248,,3.17,-167.56,0.15,0.22,1.07,-0.02,False,False,False,False,False,False,0.055,-0.002,True,False,LOW
25.271,,3.26,-167.91,0.2,0.29,0.97,0.01,False,False,False,False,False,False,0.056,-0.001,True,False,LOW
25.441,,3.39,-168.5,0.1,0.59,0.3,0.05,False,False,False,False,False,False,0.054,-0.003,True,False,LOW
25.464,,3.27,-167.94,-0.1,0.61,0.3,0.03,False,False,False,False,False,False,0.055,-0.003,True,False,LOW
25.649,,3.18,-168.3,-0.12,0.64,0.09,-0.05,False,False,False,False,False,False,0.055,-0.003,True,False,LOW
25.674,,3.18,-167.85,-0.1,0.64,0.12,-0.06,False,False,False,False,False,False,0.054,-0.003,True,False,LOW
25.842,,3.2,-168.07,-0.2,0.66,0.13,-0.13,False,False,False,False,False,False,0.053,-0.002,True,False,LOW
25.866,,3.34,-167.44,-0.12,0.68,0.22,-0.13,False,False,False,False,False,False,0.054,-0.003,True,False,LOW
26.049,,3.31,-167.49,-0.14,0.74,0.49,-0.13,False,False,False,False,False,False,0.054,-0.003,True,False,LOW
26.072,,3.06,-167.65,-0.18,0.71,0.5,-0.14,False,False,False,False,False,False,0.054,-0.001,True,False,LOW
26.243,,3.32,-167.4,-0.16,0.76,0.66,-0.15,False,False,False,False,False,False,0.038,0.004,True,False,LOW
26.273,,3.2,-167.47,-0.18,0.75,0.67,-0.16,False,False,False,False,False,False,0.03,-0.002,True,False,LOW
26.449,,3.61,-167.09,-0.24,0.93,0.91,-0.2,False,False,False,False,False,False,0.033,0.001,True,False,LOW
26.473,,2.85,-167.84,-0.3,0.85,0.84,-0.21,False,False,False,False,False,False,0.034,0.001,True,False,LOW
26.644,,3.09,-168.01,-0.27,0.7,0.51,-0.24,False,False,False,False,False,False,0.046,-0.001,True,False,LOW
26.669,,2.82,-168.12,-0.43,0.65,0.45,-0.27,False,False,False,False,False,False,0.05,0.001,True,False,LOW
26.85,,2.56,-166.71,-0.6,0.32,1.01,-0.45,False,False,False,False,False,False,0.015,0.02,True,False,LOW
26.873,,2.4,-166.63,-0.56,0.26,1.08,-0.46,False,False,False,False,False,False,-0.003,0.019,True,False,LOW
27.044,,2.8,-166.27,-0.37,0.27,1.53,-0.41,False,False,False,False,False,False,0.016,0.008,True,False,LOW
27.068,,3.35,-166.74,-0.58,0.35,1.53,-0.44,False,False,False,False,False,False,0.013,-0.004,True,False,LOW
27.255,,3.23,-166.58,-0.51,0.54,1.58,-0.48,False,False,False,False,False,False,0.013,-0.009,True,False,LOW
27.277,,3.31,-166.57,-0.47,0.57,1.59,-0.48,False,False,False,False,False,False,0.002,-0.009,True,False,LOW
27.443,,3.34,-166.94,-0.49,0.7,1.43,-0.48,False,False,False,False,False,False,0.002,-0.011,True,False,LOW
27.465,,2.18,-166.8,-0.51,0.57,1.42,-0.49,False,False,False,False,False,False,0.015,0.057,False,False,LOW
27.654,,2.82,-166.3,-0.66,0.42,1.69,-0.58,False,False,False,False,False,False,-0.033,0.008,True,False,LOW
27.679,,3.25,-167.26,-0.64,0.46,1.59,-0.59,False,False,False,False,False,False,-0.012,-0.005,True,False,LOW
27.843,,3.85,-166.97,-0.56,0.91,1.41,-0.57,False,False,False,False,False,False,-0.006,-0.009,True,False,LOW
27.866,,3.89,-167.6,-0.55,0.97,1.3,-0.57,False,False,False,False,False,False,-0.003,-0.013,True,False,LOW
28.051,,3.31,-166.96,-0.64,0.87,1.27,-0.61,False,False,False,False,False,False,-0.007,-0.009,True,False,LOW
28.075,,3.26,-166.77,-0.59,0.85,1.3,-0.61,False,False,False,False,False,False,-0.002,-0.008,True,False,LOW
28.247,,2.71,-166.61,-0.62,0.51,1.45,-0.61,False,False,False,False,False,False,0.0,-0.007,True,False,LOW
28.269,,2.56,-167.08,-0.67,0.45,1.41,-0.62,False,False,False,False,False,False,-0.001,-0.009,True,False,LOW
28.459,,2.27,-166.92,-0.8,0.06,1.35,-0.72,False,False,False,False,False,False,-0.0,-0.007,True,False,LOW
28.487,,2.37,-167.05,-0.79,0.03,1.32,-0.73,False,False,False,False,False,False,0.001,-0.007,True,False,LOW
28.642,,2.66,-167.58,-0.71,0.09,0.97,-0.72,False,False,False,False,False,False,0.014,-0.002,True,False,LOW
28.665,,2.83,-167.4,-0.71,0.11,0.95,-0.72,False,False,False,False,False,False,0.017,-0.005,True,False,LOW
28.851,,3.19,-166.98,-0.63,0.41,1.1,-0.67,False,False,False,False,False,False,0.022,-0.002,True,False,LOW
28.875,,3.29,-167.4,-0.55,0.46,1.06,-0.65,False,False,False,False,False,False,0.03,-0.001,True,False,LOW
29.043,,3.49,-167.44,-0.58,0.73,0.91,-0.62,False,False,False,False,False,False,0.031,-0.001,True,False,LOW
29.065,,2.99,-167.35,-0.46,0.69,0.91,-0.6,False,False,False,False,False,False,0.027,0.001,True,False,LOW
29.252,,2.69,-167.38,-0.47,0.41,0.86,-0.53,False,False,False,False,False,False,0.028,0.002,True,False,LOW
29.276,,2.96,-167.64,-0.52,0.41,0.83,-0.53,False,False,False,False,False,False,0.03,0.002,True,False,LOW
29.443,,3.56,-168.25,-0.45,0.74,0.38,-0.49,False,False,False,False,False,False,0.033,-0.0,True,False,LOW
29.466,,3.51,-168.35,-0.52,0.77,0.31,-0.49,False,False,False,False,False,False,0.032,0.001,True,False,LOW
29.663,,3.58,-168.2,-0.49,0.93,0.14,-0.49,False,False,False,False,False,False,0.035,0.002,True,False,LOW
29.689,,3.34,-166.83,-0.54,0.92,0.32,-0.5,False,False,False,False,False,False,0.014,0.01,True,False,LOW
29.853,,2.89,-167.62,-0.57,0.64,0.46,-0.53,False,False,False,False,False,False,0.026,0.003,True,False,LOW
29.877,,2.49,-167.29,-0.43,0.55,0.52,-0.52,False,False,False,False,False,False,0.048,0.0,True,False,LOW
30.06,,3.23,-167.69,-0.43,0.63,0.52,-0.47,False,False,False,False,False,False,0.057,-0.002,True,False,LOW
30.091,,3.21,-168.35,-0.48,0.64,0.41,-0.47,False,False,False,False,False,False,0.06,-0.001,True,False,LOW
30.251,,3.45,-168.44,-0.45,0.79,0.09,-0.46,False,False,False,False,False,False,0.06,-0.002,True,False,LOW
30.276,,3.26,-168.16,-0.45,0.78,0.08,-0.46,False,False,False,False,False,False,0.059,-0.002,True,False,LOW
30.456,,3.3,-168.14,-0.55,0.78,0.08,-0.51,False,False,False,False,False,False,0.059,-0.002,True,False,LOW
30.478,,2.88,-167.78,-0.46,0.73,0.12,-0.5,False,False,False,False,False,False,0.056,-0.002,True,False,LOW
30.64,,2.61,-167.86,-0.53,0.4,0.24,-0.52,False,False,False,False,False,False,0.056,-0.001,True,False,LOW
30.664,,2.77,-167.84,-0.48,0.38,0.25,-0.51,False,False,False,False,False,False,0.055,0.0,True,False,LOW
30.849,,2.88,-167.8,-0.58,0.37,0.34,-0.55,False,False,False,False,False,False,0.055,-0.0,True,False,LOW
30.871,,2.71,-167.96,-0.65,0.35,0.33,-0.56,False,False,False,False,False,False,0.048,0.003,True,False,LOW
31.048,,3.11,-167.92,-0.72,0.48,0.31,-0.64,False,False,False,False,False,False,0.027,0.004,True,False,LOW
31.072,,3.01,-167.36,-0.71,0.48,0.38,-0.65,False,False,False,False,False,False,0.029,-0.001,True,False,LOW
31.252,,3.33,-167.28,-0.52,0.65,0.67,-0.58,False,False,False,False,False,False,0.052,-0.0,True,False,LOW
31.276,,3.37,-167.83,-0.48,0.68,0.64,-0.57,False,False,False,False,False,False,0.052,0.0,True,False,LOW
31.446,,3.32,-168.17,-0.66,0.74,0.33,-0.62,False,False,False,False,False,False,0.055,0.0,True,False,LOW
31.471,,2.94,-167.91,-0.65,0.7,0.32,-0.62,False,False,False,False,False,False,0.053,0.0,True,False,LOW
31.647,,2.72,-167.97,-0.64,0.44,0.28,-0.63,False,False,False,False,False,False,0.053,-0.0,True,False,LOW
31.67,,3.15,-165.86,-0.83,0.46,0.56,-0.66,False,False,False,False,False,False,0.015,0.057,False,False,LOW
31.841,,2.97,-166.97,-0.7,0.45,0.92,-0.68,False,False,False,False,False,False,-0.024,0.009,True,False,LOW
31.866,,2.75,-167.31,-0.82,0.43,0.92,-0.7,False,False,False,False,False,False,-0.005,0.004,True,False,LOW
32.048,,2.7,-167.14,-0.7,0.29,1.0,-0.7,False,False,False,False,False,False,-0.004,0.0,True,False,LOW
32.075,,2.66,-167.37,-0.79,0.27,0.98,-0.71,False,False,False,False,False,False,-0.004,0.002,True,False,LOW
32.242,,2.97,-167.38,-0.7,0.36,0.9,-0.71,False,False,False,False,False,False,-0.003,-0.002,True,False,LOW
32.266,,2.46,-167.25,-0.71,0.31,0.91,-0.71,False,False,False,False,False,False,-0.003,0.0,True,False,LOW
32.449,,2.41,-167.2,-0.68,0.08,0.96,-0.69,False,False,False,False,False,False,0.0,0.001,True,False,LOW
32.47,,2.42,-167.17,-0.56,0.06,0.97,-0.68,False,False,False,False,False,False,0.0,0.001,True,False,LOW
32.645,,2.2,-167.31,-0.67,-0.14,0.93,-0.67,False,False,False,False,False,False,0.001,0.001,True,False,LOW
32.669,,2.28,-167.22,-0.64,-0.15,0.94,-0.67,False,False,False,False,False,False,0.007,0.002,True,False,LOW
32.852,,1.85,-167.1,-0.6,-0.43,1.03,-0.63,False,False,False,False,False,False,0.009,0.002,True,False,LOW
32.875,,2.36,-167.16,-0.51,-0.4,1.03,-0.62,False,False,False,False,False,False,0.03,-0.0,True,False,LOW
33.045,,2.82,-167.53,-0.49,-0.04,0.85,-0.55,False,False,False,False,False,False,0.033,-0.001,True,False,LOW
33.068,,2.89,-168.35,-0.43,0.02,0.72,-0.54,False,False,False,False,False,False,0.048,0.001,True,False,LOW
33.252,,3.26,-168.84,-0.47,0.41,-0.02,-0.5,False,False,False,False,False,False,0.052,-0.002,True,False,LOW
33.277,,2.88,-168.95,-0.64,0.4,-0.12,-0.52,False,False,False,False,False,False,0.052,0.0,True,False,LOW
33.445,,2.52,-168.35,-0.65,0.2,-0.13,-0.59,False,False,False,False,False,False,0.054,0.0,True,False,LOW
33.467,,2.81,-168.09,-0.67,0.21,-0.1,-0.6,False,False,False,False,False,False,0.039,0.003,True,False,LOW
33.653,,1.83,-166.83,-0.75,-0.28,0.7,-0.68,False,False,False,False,False,False,0.023,0.008,True,False,LOW
33.678,,1.52,-167.12,-0.93,-0.38,0.76,-0.71,False,False,False,False,False,False,0.007,0.03,True,False,LOW
33.845,,1.57,-166.15,-0.84,-0.68,1.44,-0.78,False,False,False,False,False,False,0.001,0.024,True,False,LOW
33.868,,1.79,-166.72,-0.72,-0.68,1.45,-0.77,False,False,False,False,False,False,0.021,0.003,True,False,LOW
34.052,,1.57,-167.26,-0.62,-0.83,1.18,-0.69,False,False,False,False,False,False,0.021,0.005,True,False,LOW
34.075,,1.66,-167.41,-0.65,-0.83,1.13,-0.69,False,False,False,False,False,False,0.022,0.003,True,False,LOW
34.245,,1.21,-167.35,-0.79,-1.08,0.99,-0.74,False,False,False,False,False,False,0.022,0.001,True,False,LOW
34.268,,1.27,-167.64,-0.72,-1.1,0.94,-0.74,False,False,False,False,False,False,0.024,0.001,True,False,LOW
34.454,,1.68,-167.26,-0.75,-0.96,0.94,-0.74,False,False,False,False,False,False,0.027,-0.0,True,False,LOW
34.482,,1.35,-167.39,-0.82,-0.99,0.92,-0.76,False,False,False,False,False,False,0.025,-0.002,True,False,LOW
34.643,,1.32,-167.58,-0.82,-1.1,0.78,-0.79,False,False,False,False,False,False,0.026,-0.001,True,False,LOW
34.665,,1.37,-167.21,-0.61,-1.1,0.8,-0.77,False,False,False,False,False,False,0.047,0.0,True,False,LOW
34.855,,1.49,-167.64,-0.68,-1.06,0.68,-0.72,False,False,False,False,False,False,0.052,0.001,True,False,LOW
34.879,,1.73,-167.88,-0.58,-1.03,0.63,-0.7,False,False,False,False,False,False,0.05,0.001,True,False,LOW
35.047,,1.82,-167.7,-0.7,-0.86,0.57,-0.7,False,False,False,False,False,False,0.051,0.001,True,False,LOW
35.07,,2.13,-167.64,-0.76,-0.8,0.57,-0.71,False,False,False,False,False,False,0.052,-0.001,True,False,LOW
35.252,,2.02,-167.57,-0.68,-0.64,0.61,-0.69,False,False,False,False,False,False,0.051,-0.001,True,False,LOW
35.274,,2.32,-167.62,-0.62,-0.58,0.6,-0.68,False,False,False,False,False,False,0.051,-0.002,True,False,LOW
35.443,,2.11,-167.41,-0.66,-0.49,0.71,-0.67,False,False,False,False,False,False,0.027,0.001,True,False,LOW
35.466,,2.23,-167.89,-0.55,-0.47,0.66,-0.66,False,False,False,False,False,False,0.027,0.0,True,False,LOW
35.636,,2.36,-167.48,-0.58,-0.31,0.7,-0.62,False,False,False,False,False,False,0.026,-0.0,True,False,LOW
35.666,,2.39,-167.13,-0.67,-0.28,0.76,-0.63,False,False,False,False,False,False,0.03,0.0,True,False,LOW
35.842,,2.77,-168.14,-0.61,0.0,0.39,-0.62,False,False,False,False,False,False,0.031,-0.003,True,False,LOW
35.866,,2.82,-167.73,-0.67,0.04,0.41,-0.62,False,False,False,False,False,False,0.029,-0.003,True,False,LOW
36.034,,2.38,-167.34,-0.74,-0.05,0.65,-0.68,False,False,False,False,False,False,0.026,-0.001,True,False,LOW
36.065,,2.5,-167.24,-0.67,-0.05,0.7,-0.68,False,False,False,False,False,False,0.022,-0.001,True,False,LOW
36.245,,2.31,-167.0,-0.75,-0.13,0.97,-0.72,False,False,False,False,False,False,0.022,-0.002,True,False,LOW
36.267,,2.12,-167.49,-0.73,-0.17,0.94,-0.72,False,False,False,False,False,False,0.023,-0.001,True,False,LOW
36.434,,2.04,-167.38,-0.62,-0.33,0.88,-0.67,False,False,False,False,False,False,0.023,-0.001,True,False,LOW
36.464,,2.27,-167.41,-0.63,-0.31,0.87,-0.66,False,False,False,False,False,False,0.023,-0.001,True,False,LOW
36.646,,2.27,-167.22,-0.61,-0.28,0.93,-0.63,False,False,False,False,False,False,0.026,-0.001,True,False,LOW
36.669,,2.09,-167.24,-0.69,-0.3,0.94,-0.64,False,False,False,False,False,False,0.026,-0.001,True,False,LOW
36.838,,1.91,-167.35,-0.71,-0.46,0.9,-0.68,False,False,False,False,False,False,0.026,-0.003,True,False,LOW
36.866,,2.19,-167.87,-0.64,-0.44,0.81,-0.67,False,False,False,False,False,False,0.029,-0.001,True,False,LOW
37.042,,1.75,-167.65,-0.7,-0.61,0.68,-0.69,False,False,False,False,False,False,0.026,-0.001,True,False,LOW
37.064,,1.53,-168.14,-0.83,-0.66,0.6,-0.7,False,False,False,False,False,False,0.027,0.0,True,False,LOW
37.235,,1.47,-167.54,-0.74,-0.86,0.64,-0.72,False,False,False,False,False,False,0.028,0.0,True,False,LOW
37.265,,1.47,-167.87,-0.84,-0.89,0.59,-0.74,False,False,False,False,False,False,0.029,-0.001,True,False,LOW
37.441,,1.8,-167.74,-0.84,-0.8,0.53,-0.79,False,False,False,False,False,False,0.022,0.0,True,False,LOW
37.462,,2.21,-167.32,-0.7,-0.74,0.57,-0.78,False,False,False,False,False,False,0.024,0.001,True,False,LOW
37.646,,-0.58,-163.74,-0.59,-2.03,2.74,-0.68,False,False,False,False,False,False,0.041,0.014,True,False,LOW
37.811,,-7.19,-163.55,-1.59,-6.27,3.75,-1.15,False,False,False,False,False,False,0.051,0.026,True,False,LOW
37.927,,-11.82,-158.58,-2.36,-10.2,6.48,-1.67,False,False,False,False,False,False,0.062,0.02,True,False,LOW
37.951,,-14.94,-154.31,-2.76,-11.62,7.86,-1.83,False,False,False,False,True,True,0.039,0.046,True,False,LOW
38.067,,-18.06,-152.95,-2.17,-16.36,11.66,-1.98,False,True,False,False,True,True,0.053,0.058,True,False,LOW
38.092,,-21.23,-152.92,-2.76,-17.96,12.36,-2.09,False,True,False,False,True,True,0.062,0.036,True,False,LOW
38.252,,-21.65,-153.01,-3.16,-21.7,13.98,-2.64,False,True,False,False,False,True,0.072,0.025,True,True,LOW
38.276,,-22.17,-153.13,-3.44,-22.25,14.16,-2.75,False,True,False,False,False,True,0.076,0.015,True,True,LOW
38.445,,-22.67,-153.28,-3.45,-23.98,14.59,-3.12,False,True,False,False,False,True,0.075,0.013,True,False,LOW
38.468,,-22.86,-153.24,-3.78,-24.21,14.64,-3.21,False,True,False,False,False,True,0.07,0.012,True,False,LOW
38.643,,-21.99,-152.68,-3.66,-24.38,15.13,-3.45,False,True,False,False,False,True,0.065,0.014,True,True,LOW
38.666,,-21.82,-153.48,-3.44,-24.37,15.07,-3.45,False,True,False,False,False,True,0.057,0.017,True,True,LOW
38.832,,-21.45,-153.25,-3.49,-24.16,15.02,-3.47,False,True,False,False,False,True,0.06,0.016,True,True,LOW
38.864,,-21.23,-153.2,-3.49,-24.09,15.01,-3.47,False,True,False,False,False,True,0.065,0.021,True,True,LOW
39.042,,-22.02,-153.55,-3.53,-24.33,14.83,-3.5,False,True,False,False,False,True,0.068,0.02,True,True,LOW
39.065,,-21.82,-153.68,-3.62,-24.33,14.79,-3.52,False,True,False,False,False,True,0.067,0.018,True,True,LOW
39.235,,-21.54,-153.66,-3.63,-24.19,14.66,-3.58,False,True,False,False,False,True,0.068,0.01,True,True,LOW
39.264,,-22.15,-153.63,-3.87,-24.27,14.65,-3.62,False,True,False,False,False,True,0.066,0.011,True,True,LOW
39.441,,-22.31,-153.49,-3.94,-24.57,14.69,-3.79,False,True,False,False,False,True,0.051,0.013,True,True,LOW
39.464,,-22.01,-153.43,-3.82,-24.56,14.7,-3.79,False,True,False,False,False,True,0.041,0.006,True,True,LOW
39.632,,-22.21,-153.56,-3.94,-24.65,14.67,-3.87,False,True,False,False,False,True,0.045,0.008,True,True,LOW
39.664,,-21.75,-153.64,-3.84,-24.58,14.66,-3.86,False,True,False,False,False,True,0.046,0.006,True,True,LOW
39.839,,-21.58,-153.95,-3.67,-24.33,14.45,-3.76,False,True,False,False,False,True,0.024,0.007,True,True,LOW
39.863,,-21.57,-154.35,-3.43,-24.3,14.37,-3.72,False,True,False,False,False,True,0.021,-0.006,True,True,LOW
40.033,,-21.48,-153.43,-3.45,-24.14,14.58,-3.58,False,True,False,False,False,True,0.041,0.003,True,True,LOW
40.065,,-21.62,-153.78,-3.36,-24.14,14.56,-3.54,False,True,False,False,False,True,0.033,-0.001,True,True,LOW
40.244,,-22.19,-153.88,-3.36,-24.44,14.44,-3.45,False,True,False,False,False,True,0.032,-0.001,True,True,MODERATE
40.267,,-22.24,-153.82,-3.44,-24.48,14.43,-3.44,False,True,False,False,False,True,0.029,-0.001,True,True,MODERATE
40.434,,-22.35,-153.89,-3.41,-24.68,14.37,-3.43,False,True,False,False,False,True,0.052,0.0,True,True,MODERATE
40.465,,-22.23,-154.11,-3.31,-24.69,14.33,-3.41,False,True,False,False,False,True,0.052,-0.001,True,True,MODERATE
40.644,,-22.66,-154.75,-3.26,-24.95,13.86,-3.33,False,True,False,False,False,True,0.048,-0.004,True,True,MODERATE
40.668,,-22.9,-154.25,-3.48,-25.02,13.88,-3.35,False,True,False,False,False,True,0.045,-0.007,True,True,MODERATE
40.835,,-22.72,-154.88,-3.58,-25.13,13.6,-3.47,False,True,False,False,False,True,0.011,-0.004,True,True,MODERATE
40.864,,-22.44,-154.36,-4.23,-25.1,13.64,-3.59,False,True,False,False,False,True,-0.036,-0.011,True,True,MODERATE
41.042,,-22.3,-154.5,-4.18,-24.95,13.67,-3.91,False,True,False,False,False,True,-0.023,-0.019,True,True,MODERATE
41.781,,-21.42,-154.25,-4.22,-24.12,13.91,-4.16,False,True,False,False,False,True,-0.002,-0.016,True,True,HIGH
41.887,,-21.34,-154.57,-3.96,-24.01,13.8,-4.08,False,True,False,False,False,True,0.006,-0.017,True,True,HIGH
41.91,,-22.03,-154.7,-3.98,-24.08,13.76,-4.07,False,True,False,False,False,True,0.015,-0.006,True,True,HIGH
42.038,,-21.56,-154.3,-3.83,-24.08,13.83,-3.96,False,True,False,False,False,True,0.011,-0.012,True,True,HIGH
42.064,,-21.46,-154.19,-3.7,-24.07,13.86,-3.92,False,True,False,False,False,True,0.007,-0.014,True,True,HIGH
42.243,,-21.96,-153.92,-3.73,-24.29,14.09,-3.82,False,True,False,False,False,True,0.023,-0.003,True,True,HIGH
42.265,,-22.4,-154.06,-3.55,-24.37,14.09,-3.79,False,True,False,False,False,True,0.053,0.004,True,True,HIGH
42.444,,-21.71,-154.12,-3.45,-24.29,14.09,-3.61,False,True,False,False,False,True,0.048,0.001,True,True,HIGH
42.467,,-21.91,-153.84,-3.68,-24.31,14.13,-3.62,False,True,False,False,False,True,0.042,0.005,True,True,HIGH
42.64,,-21.86,-153.52,-4.09,-24.35,14.42,-3.86,False,True,False,False,False,True,0.015,0.057,False,True,HIGH
44.715,,-14.2,-163.16,-2.03,-17.25,5.7,-2.16,False,False,False,False,False,False,0.006,0.012,True,True,HIGH
44.908,,-13.22,-164.22,-2.48,-16.41,4.74,-2.34,False,False,False,False,False,False,0.002,-0.001,True,False,HIGH
44.93,,-13.14,-163.11,-2.26,-16.31,4.79,-2.33,False,False,False,False,False,False,-0.001,-0.003,True,False,HIGH
45.079,,-13.09,-163.09,-2.32,-15.96,4.95,-2.32,False,False,False,False,False,False,0.001,-0.003,True,False,HIGH
45.102,,-12.79,-162.73,-2.31,-15.88,5.02,-2.32,False,False,False,False,False,False,-0.002,-0.004,True,False,HIGH
45.227,,-12.75,-162.83,-2.4,-15.6,5.18,-2.36,False,False,False,False,False,False,-0.012,-0.003,True,False,HIGH
45.249,,-12.53,-163.09,-2.39,-15.53,5.17,-2.36,False,False,False,False,False,False,-0.005,-0.004,True,False,HIGH
45.357,,-12.19,-162.94,-2.29,-15.19,5.21,-2.33,False,False,False,False,False,False,-0.005,-0.005,True,False,HIGH
45.382,,-11.97,-162.74,-2.28,-15.09,5.25,-2.32,False,False,False,False,False,False,0.002,-0.007,True,False,HIGH
45.487,,-12.2,-162.95,-2.26,-14.94,5.25,-2.3,False,False,False,False,False,False,0.005,-0.007,True,False,HIGH
45.512,,-12.04,-162.75,-2.32,-14.88,5.28,-2.3,False,False,False,False,False,False,0.005,-0.005,True,False,HIGH
45.644,,-12.03,-162.42,-2.23,-14.73,5.51,-2.27,False,False,False,False,False,False,0.005,-0.004,True,False,HIGH
45.666,,-12.25,-162.9,-2.24,-14.73,5.49,-2.27,False,False,False,False,False,False,0.005,-0.006,True,False,HIGH
45.854,,-12.06,-162.37,-2.45,-14.65,5.68,-2.37,False,False,False,False,False,False,0.024,0.001,True,False,HIGH
45.877,,-12.11,-162.51,-2.35,-14.65,5.68,-2.36,False,False,False,False,False,False,0.022,-0.001,True,False,HIGH
46.045,,-12.32,-162.61,-2.36,-14.75,5.64,-2.36,False,False,False,False,False,False,0.022,-0.003,True,False,HIGH
46.069,,-12.37,-162.41,-2.24,-14.77,5.66,-2.35,False,False,False,False,False,False,0.029,-0.002,True,False,HIGH
46.26,,-12.65,-162.46,-2.32,-14.99,5.71,-2.33,False,False,False,False,False,False,0.027,-0.0,True,False,HIGH
46.283,,-12.56,-162.75,-2.23,-15.0,5.68,-2.32,False,False,False,False,False,False,0.044,0.007,True,False,HIGH
46.443,,-12.35,-162.7,-2.27,-14.93,5.59,-2.29,False,False,False,False,False,False,0.043,0.002,True,False,HIGH
46.466,,-12.2,-162.81,-2.3,-14.91,5.57,-2.3,False,False,False,False,False,False,0.023,0.003,True,False,HIGH
46.642,,-12.24,-162.88,-2.33,-14.83,5.44,-2.31,False,False,False,False,False,False,0.023,0.001,True,False,HIGH
46.664,,-12.53,-162.96,-2.41,-14.86,5.42,-2.33,False,False,False,False,False,False,0.021,-0.002,True,False,HIGH
46.833,,-12.24,-163.12,-2.37,-14.81,5.25,-2.35,False,False,False,False,False,False,0.01,0.006,True,False,HIGH
46.857,,-12.41,-162.47,-2.46,-14.82,5.31,-2.36,False,False,False,False,False,False,-0.0,0.006,True,False,HIGH
47.04,,-11.59,-161.29,-3.01,-14.44,6.19,-2.71,False,False,False,False,False,False,-0.005,0.022,True,False,HIGH
47.063,,-11.12,-161.02,-3.17,-14.33,6.32,-2.77,False,False,False,False,False,False,-0.042,0.011,True,False,MODERATE
47.236,,-11.11,-161.81,-2.93,-13.96,6.36,-2.85,False,False,False,False,False,False,0.002,0.006,True,False,MODERATE
47.259,,-11.12,-163.17,-2.57,-13.92,6.19,-2.82,False,False,False,False,False,False,-0.014,0.005,True,False,MODERATE
47.443,,-11.5,-164.0,-2.57,-13.97,5.11,-2.69,False,False,False,False,False,False,-0.009,0.001,True,False,MODERATE
47.467,,-10.85,-163.86,-2.67,-13.89,5.0,-2.68,False,False,False,False,False,False,0.001,-0.003,True,False,MODERATE
47.633,,-10.75,-163.97,-2.69,-13.57,4.6,-2.69,False,False,False,False,False,False,-0.01,-0.003,True,False,MODERATE
47.655,,-10.99,-163.73,-2.65,-13.56,4.59,-2.68,False,False,False,False,False,False,-0.002,0.002,True,False,MODERATE
47.84,,-11.6,-163.9,-2.56,-13.86,4.44,-2.62,False,False,False,False,False,False,0.005,-0.001,True,False,MODERATE
47.959,,-10.98,-163.1,-2.54,-13.71,4.72,-2.58,False,False,False,False,False,False,0.011,-0.007,True,False,MODERATE
48.063,,-11.1,-163.78,-2.56,-13.67,4.61,-2.57,False,False,False,False,False,False,0.011,-0.003,True,False,MODERATE
48.087,,-11.33,-163.71,-2.51,-13.69,4.59,-2.57,False,False,False,False,False,False,0.03,0.004,True,False,MODERATE
48.241,,-11.26,-163.83,-2.59,-13.74,4.49,-2.58,False,False,False,False,False,False,0.033,-0.001,True,False,MODERATE
48.266,,-11.37,-163.43,-2.71,-13.76,4.53,-2.6,False,False,False,False,False,False,0.034,-0.001,True,False,MODERATE
48.433,,-11.11,-163.65,-2.6,-13.69,4.54,-2.6,False,False,False,False,False,False,0.031,-0.003,True,False,MODERATE
48.457,,-11.07,-163.66,-2.58,-13.68,4.54,-2.6,False,False,False,False,False,False,0.022,0.003,True,False,MODERATE
48.638,,-11.01,-163.48,-2.66,-13.6,4.64,-2.63,False,False,False,False,False,False,0.028,0.0,True,False,MODERATE
48.661,,-11.41,-163.44,-2.64,-13.64,4.66,-2.63,False,False,False,False,False,False,0.029,0.0,True,False,LOW
48.835,,-11.22,-163.49,-2.54,-13.69,4.69,-2.58,False,False,False,False,False,False,0.034,0.001,True,False,LOW
48.859,,-11.14,-163.58,-2.49,-13.69,4.68,-2.57,False,False,False,False,False,False,0.038,-0.001,True,False,LOW
49.041,,-11.16,-163.43,-2.53,-13.68,4.73,-2.55,False,False,False,False,False,False,0.033,-0.001,True,False,LOW
49.065,,-11.04,-163.62,-2.5,-13.67,4.72,-2.54,False,False,False,False,False,False,0.033,-0.001,True,False,LOW
49.233,,-11.14,-163.57,-2.52,-13.66,4.68,-2.53,False,False,False,False,False,False,0.029,-0.001,True,False,LOW
49.256,,-11.02,-163.48,-2.55,-13.65,4.68,-2.53,False,False,False,False,False,False,0.012,0.001,True,False,LOW
49.444,,-11.1,-163.49,-2.55,-13.63,4.7,-2.54,False,False,False,False,False,False,0.015,-0.004,True,False,LOW
49.468,,-10.97,-163.74,-2.52,-13.61,4.67,-2.54,False,False,False,False,False,False,0.015,-0.004,True,False,LOW
49.632,,-11.02,-163.69,-2.62,-13.58,4.6,-2.58,False,False,False,False,False,False,0.02,-0.003,True,False,LOW
49.656,,-11.4,-163.45,-2.66,-13.62,4.62,-2.59,False,False,False,False,False,False,0.037,0.002,True,False,LOW
49.84,,-11.37,-163.95,-2.6,-13.77,4.43,-2.6,False,False,False,False,False,False,0.039,0.004,True,False,LOW
49.863,,-11.27,-163.64,-2.57,-13.77,4.44,-2.59,False,False,False,False,False,False,0.04,0.003,True,False,LOW
50.035,,-11.27,-163.44,-2.61,-13.78,4.61,-2.6,False,False,False,False,False,False,0.033,0.004,True,False,LOW
50.059,,-11.45,-163.82,-2.61,-13.81,4.58,-2.6,False,False,False,False,False,False,0.033,0.002,True,False,LOW
50.242,,-11.1,-163.56,-2.65,-13.71,4.62,-2.63,False,False,False,False,False,False,0.031,-0.001,True,False,LOW
50.265,,-10.88,-163.35,-2.68,-13.67,4.65,-2.63,False,False,False,False,False,False,0.013,0.003,True,False,LOW
50.436,,-10.88,-163.82,-2.67,-13.53,4.52,-2.65,False,False,False,False,False,False,0.012,0.0,True,False,LOW
50.459,,-11.4,-163.7,-2.65,-13.58,4.51,-2.65,False,False,False,False,False,False,0.021,0.0,True,False,LOW
50.639,,-11.11,-163.89,-2.58,-13.61,4.41,-2.61,False,False,False,False,False,False,0.032,0.0,True,False,LOW
50.663,,-11.26,-163.86,-2.64,-13.63,4.4,-2.62,False,False,False,False,False,False,0.033,0.002,True,False,LOW
50.832,,-11.48,-163.79,-2.59,-13.82,4.41,-2.6,False,False,False,False,False,False,0.032,-0.001,True,False,LOW
50.856,,-11.15,-163.64,-2.51,-13.8,4.43,-2.59,False,False,False,False,False,False,0.035,0.0,True,False,LOW
51.04,,-11.38,-163.79,-2.61,-13.85,4.43,-2.6,False,False,False,False,False,False,0.033,0.004,True,False,LOW
51.065,,-11.07,-163.64,-2.66,-13.82,4.45,-2.61,False,False,False,False,False,False,0.037,0.001,True,False,LOW
51.233,,-10.92,-163.57,-2.68,-13.62,4.55,-2.65,False,False,False,False,False,False,0.039,-0.001,True,False,LOW
51.258,,-10.77,-163.67,-2.7,-13.58,4.54,-2.65,False,False,False,False,False,False,0.011,0.004,True,False,LOW
51.445,,-10.64,-163.31,-2.67,-13.35,4.74,-2.66,False,False,False,False,False,False,0.011,-0.001,True,False,LOW
51.466,,-10.73,-163.41,-2.62,-13.34,4.75,-2.66,False,False,False,False,False,False,0.011,0.0,True,False,LOW
51.634,,-10.96,-163.28,-2.63,-13.41,4.84,-2.64,False,False,False,False,False,False,0.011,-0.001,True,False,LOW
51.656,,-10.94,-163.23,-2.61,-13.42,4.86,-2.64,False,False,False,False,False,False,0.01,-0.003,True,False,LOW
51.843,,-10.85,-163.39,-2.59,-13.39,4.84,-2.61,False,False,False,False,False,False,0.009,-0.002,True,False,LOW
51.866,,-11.01,-163.79,-2.6,-13.41,4.78,-2.61,False,False,False,False,False,False,0.011,-0.002,True,False,LOW
52.035,,-11.06,-163.67,-2.55,-13.5,4.66,-2.58,False,False,False,False,False,False,0.01,-0.001,True,False,LOW
52.059,,-10.87,-163.59,-2.54,-13.48,4.65,-2.57,False,False,False,False,False,False,0.009,-0.002,True,False,LOW
52.246,,-11.23,-163.51,-2.64,-13.63,4.68,-2.61,False,False,False,False,False,False,0.009,-0.003,True,False,LOW
52.269,,-10.99,-163.78,-2.59,-13.61,4.65,-2.61,False,False,False,False,False,False,0.01,-0.004,True,False,LOW
52.437,,-11.06,-163.37,-2.68,-13.6,4.75,-2.64,False,False,False,False,False,False,0.008,-0.005,True,False,LOW
52.463,,-11.19,-163.6,-2.61,-13.61,4.73,-2.64,False,False,False,False,False,False,0.008,-0.004,True,False,LOW
52.648,,-11.12,-163.51,-2.63,-13.63,4.71,-2.63,False,False,False,False,False,False,0.01,-0.004,True,False,LOW
52.677,,-11.16,-162.65,-2.18,-13.64,4.85,-2.56,False,False,False,False,False,False,0.013,0.008,True,False,LOW
52.839,,-12.23,-161.99,-2.03,-14.2,5.55,-2.29,False,False,False,False,False,False,0.045,0.027,True,False,LOW
52.86,,-12.52,-159.64,-2.69,-14.31,5.95,-2.34,False,False,False,False,False,False,0.052,0.034,True,False,LOW
53.042,,-16.08,-158.76,-3.38,-16.71,7.94,-2.9,False,False,False,False,True,True,0.051,0.037,True,False,LOW
53.064,,-18.47,-159.65,-2.69,-17.35,8.02,-2.87,False,False,False,False,False,False,0.06,0.025,True,False,LOW
53.238,,-20.4,-159.71,-2.6,-20.56,8.28,-2.73,False,False,False,False,False,False,0.066,0.024,True,False,LOW
53.262,,-20.88,-159.25,-2.47,-21.03,8.38,-2.7,False,False,False,False,False,False,0.061,0.014,True,False,LOW
53.446,,-20.33,-158.24,-2.44,-22.08,9.26,-2.56,False,False,False,False,False,False,0.053,0.012,True,True,LOW
53.471,,-20.84,-158.51,-2.52,-22.29,9.32,-2.55,False,False,False,False,False,False,0.061,0.009,True,True,LOW
53.645,,-21.58,-159.18,-2.32,-23.29,9.17,-2.43,False,False,False,False,False,False,0.061,0.01,True,True,LOW
53.668,,-21.89,-159.1,-2.6,-23.45,9.16,-2.45,False,False,False,False,False,False,0.059,0.008,True,True,LOW
53.863,,-21.38,-158.81,-2.87,-23.71,9.29,-2.68,False,False,False,False,False,False,0.064,0.005,True,True,LOW
53.887,,-20.89,-159.06,-2.7,-23.67,9.27,-2.69,False,False,False,False,False,False,0.061,0.006,True,True,LOW
54.043,,-20.93,-159.6,-2.46,-23.56,8.94,-2.57,False,False,False,False,False,False,0.048,0.007,True,True,LOW
54.065,,-20.62,-159.41,-2.56,-23.51,8.93,-2.57,False,False,False,False,False,False,0.049,0.007,True,True,LOW
54.249,,-20.82,-159.56,-2.34,-23.42,8.78,-2.45,False,False,False,False,False,False,0.05,0.009,True,True,LOW
54.271,,-20.81,-159.81,-2.4,-23.41,8.73,-2.44,False,False,False,False,False,False,0.056,0.006,True,True,LOW
54.442,,-20.56,-159.57,-2.47,-23.24,8.68,-2.46,False,False,False,False,False,False,0.054,0.004,True,True,LOW
54.467,,-20.54,-160.05,-2.3,-23.21,8.61,-2.43,False,False,False,False,False,False,0.051,0.004,True,True,LOW
54.641,,-20.18,-159.66,-2.3,-22.94,8.58,-2.36,False,False,False,False,False,False,0.054,0.005,True,True,LOW
54.664,,-20.59,-159.75,-2.41,-22.96,8.56,-2.37,False,False,False,False,False,False,0.053,0.003,True,True,LOW
54.834,,-20.67,-159.74,-2.4,-23.08,8.51,-2.39,False,False,False,False,False,False,0.054,0.007,True,True,LOW
54.858,,-21.65,-159.31,-2.46,-23.23,8.57,-2.4,False,False,False,False,False,False,0.047,0.009,True,True,LOW
55.04,,-21.92,-158.85,-2.4,-23.89,8.99,-2.4,False,False,False,False,False,False,0.055,0.005,True,True,LOW
55.062,,-23.6,-158.99,-2.96,-24.19,9.02,-2.47,False,False,False,False,False,False,0.057,0.004,True,True,LOW
55.232,,-23.65,-159.2,-3.09,-25.26,9.02,-2.79,False,False,False,False,False,False,0.056,-0.001,True,True,LOW
55.255,,-23.65,-159.44,-2.91,-25.39,8.98,-2.81,False,False,False,False,False,False,0.051,-0.002,True,True,LOW
55.442,,-23.06,-158.69,-2.95,-25.49,9.28,-2.89,False,False,False,False,False,False,0.055,-0.002,True,True,LOW
55.466,,-23.13,-158.65,-2.91,-25.52,9.31,-2.89,False,False,False,False,False,False,0.055,0.002,True,True,LOW
55.767,,-23.01,-158.65,-2.96,-25.53,9.48,-2.94,False,False,False,False,False,False,0.056,0.002,True,True,MODERATE
55.789,,-22.52,-157.95,-3.03,-25.47,9.57,-2.95,False,False,False,False,False,False,0.055,0.005,True,True,MODERATE
55.894,,-22.5,-158.63,-3.09,-25.29,9.58,-3.0,False,False,False,False,False,False,0.055,0.002,True,True,MODERATE
55.916,,-22.85,-158.34,-3.15,-25.3,9.61,-3.02,False,False,False,False,False,False,0.052,0.003,True,True,MODERATE
56.035,,-22.86,-158.59,-3.11,-25.33,9.62,-3.06,False,False,False,False,False,False,0.055,0.001,True,True,MODERATE
56.058,,-22.64,-158.37,-3.15,-25.31,9.65,-3.07,False,False,False,False,False,False,0.052,0.003,True,True,MODERATE
56.243,,-22.92,-158.84,-3.18,-25.38,9.5,-3.13,False,False,False,False,False,False,0.043,-0.005,True,True,MODERATE
56.267,,-22.82,-158.6,-3.08,-25.37,9.51,-3.12,False,False,False,False,False,False,0.032,-0.006,True,True,MODERATE
56.434,,-22.87,-158.79,-3.26,-25.38,9.46,-3.19,False,False,False,False,False,False,0.027,-0.009,True,True,MODERATE
56.457,,-23.15,-159.08,-3.08,-25.42,9.42,-3.18,False,False,False,False,False,False,0.017,-0.007,True,True,MODERATE
56.64,,-22.89,-158.89,-3.11,-25.41,9.37,-3.14,False,False,False,False,False,False,0.02,-0.009,True,True,MODERATE
56.846,,-23.18,-158.32,-3.19,-25.58,9.66,-3.17,False,False,False,False,False,False,0.043,-0.003,True,True,MODERATE
56.95,,-22.9,-158.24,-3.12,-25.51,9.79,-3.15,False,False,False,False,False,False,0.038,-0.007,True,True,MODERATE
56.974,,-22.75,-158.21,-3.24,-25.48,9.81,-3.16,False,False,False,False,False,False,0.043,-0.004,True,True,MODERATE
57.079,,-22.93,-158.39,-3.35,-25.47,9.82,-3.24,False,False,False,False,False,False,0.046,-0.004,True,True,MODERATE
57.101,,-22.82,-157.87,-3.28,-25.45,9.88,-3.24,False,False,False,False,False,False,0.051,-0.003,True,True,MODERATE
57.232,,-22.79,-157.98,-3.25,-25.39,10.04,-3.25,False,True,False,False,False,True,0.052,-0.008,True,True,MODERATE
57.256,,-22.85,-158.05,-3.27,-25.39,10.06,-3.25,False,True,False,False,False,True,0.056,-0.005,True,True,MODERATE
57.423,,-22.94,-158.04,-3.27,-25.42,10.12,-3.26,False,True,False,False,False,True,0.052,-0.0,True,True,MODERATE
57.457,,-22.85,-158.02,-3.31,-25.41,10.13,-3.27,False,True,False,False,False,True,0.052,-0.005,True,True,MODERATE
57.633,,-22.57,-157.74,-3.2,-25.24,10.31,-3.23,False,True,False,False,False,True,0.05,-0.006,True,False,MODERATE
57.661,,-22.97,-158.28,-3.25,-25.28,10.25,-3.24,False,True,False,False,False,True,0.053,-0.006,True,False,MODERATE
57.825,,-22.8,-158.18,-3.1,-25.3,10.14,-3.17,False,True,False,False,False,True,0.049,-0.004,True,True,MODERATE
57.856,,-22.81,-158.56,-3.15,-25.3,10.06,-3.16,False,True,False,False,False,True,0.054,-0.005,True,True,MODERATE
58.034,,-22.66,-157.84,-3.27,-25.24,10.22,-3.22,False,True,False,False,False,True,0.052,-0.005,True,True,MODERATE
58.057,,-22.79,-158.22,-3.41,-25.25,10.19,-3.24,False,True,False,False,False,True,0.045,-0.012,True,True,MODERATE
58.224,,-22.78,-158.06,-3.21,-25.27,10.17,-3.23,False,True,False,False,False,True,0.029,-0.015,True,True,MODERATE
58.255,,-22.6,-158.64,-3.24,-25.25,10.07,-3.23,False,True,False,False,False,True,0.03,-0.018,True,True,MODERATE
58.432,,-22.8,-158.05,-3.26,-25.29,10.12,-3.25,False,True,False,False,False,True,0.027,-0.013,True,True,MODERATE
58.456,,-22.85,-158.02,-3.27,-25.3,10.13,-3.25,False,True,False,False,False,True,0.038,-0.011,True,True,MODERATE
58.625,,-22.92,-158.24,-3.14,-25.37,10.05,-3.19,False,True,False,False,False,True,0.038,-0.011,True,False,MODERATE
58.658,,-23.32,-158.71,-3.16,-25.45,9.95,-3.19,False,False,False,False,False,False,0.043,-0.011,True,False,MODERATE
58.833,,-23.07,-158.57,-3.05,-25.53,9.79,-3.12,False,False,False,False,False,False,0.042,-0.009,True,True,MODERATE
58.856,,-22.43,-158.49,-3.25,-25.45,9.78,-3.13,False,False,False,False,False,False,0.005,-0.011,True,True,MODERATE
59.025,,-22.17,-158.54,-3.15,-25.06,9.72,-3.14,False,False,False,False,False,False,0.002,-0.015,True,True,MODERATE
59.058,,-22.13,-158.77,-3.14,-24.98,9.67,-3.14,False,False,False,False,False,False,0.001,-0.012,True,True,MODERATE
59.231,,-22.14,-158.75,-3.25,-24.81,9.56,-3.2,False,False,False,False,False,False,0.001,-0.013,True,True,MODERATE
59.254,,-22.59,-158.36,-3.21,-24.85,9.6,-3.2,False,False,False,False,False,False,0.019,-0.016,True,True,MODERATE
59.429,,-22.67,-158.35,-3.28,-25.03,9.74,-3.24,False,False,False,False,False,False,0.022,-0.018,True,True,MODERATE
59.457,,-22.41,-158.13,-3.32,-25.01,9.79,-3.25,False,False,False,False,False,False,0.003,-0.011,True,True,MODERATE
59.632,,-22.52,-158.52,-3.45,-25.03,9.74,-3.36,False,False,False,False,False,False,0.002,-0.013,True,True,MODERATE
59.655,,-22.53,-158.43,-3.46,-25.03,9.74,-3.37,False,False,False,False,False,False,0.003,-0.016,True,True,MODERATE
59.824,,-22.45,-158.66,-3.5,-25.0,9.64,-3.44,False,False,False,False,False,False,-0.018,-0.003,True,True,MODERATE
59.856,,-22.5,-158.65,-3.53,-25.0,9.63,-3.45,False,False,False,False,False,False,-0.009,-0.01,True,True,MODERATE
60.033,,-22.3,-158.77,-3.44,-24.91,9.53,-3.45,False,False,False,False,False,False,-0.009,-0.01,True,True,MODERATE
60.058,,-22.23,-158.65,-3.49,-24.88,9.53,-3.45,False,False,False,False,False,False,-0.008,-0.009,True,True,MODERATE
60.225,,-22.27,-158.6,-3.47,-24.84,9.57,-3.46,False,False,False,False,False,False,-0.011,-0.01,True,True,MODERATE
60.257,,-22.18,-158.69,-3.6,-24.81,9.56,-3.48,False,False,False,False,False,False,-0.006,-0.012,True,True,MODERATE
60.43,,-22.12,-158.38,-3.61,-24.72,9.7,-3.55,False,False,False,False,False,False,-0.008,-0.01,True,True,MODERATE
60.454,,-23.2,-158.11,-3.2,-24.86,9.76,-3.5,False,False,False,False,False,False,0.044,-0.0,True,True,MODERATE
60.626,,-22.92,-158.46,-2.91,-25.16,9.75,-3.19,False,False,False,False,False,False,0.052,0.005,True,True,MODERATE
60.656,,-22.62,-158.24,-3.05,-25.16,9.79,-3.17,False,False,False,False,False,False,0.054,0.0,True,True,MODERATE
60.834,,-22.77,-158.29,-2.99,-25.23,9.86,-3.07,False,False,False,False,False,False,0.055,0.0,True,True,MODERATE
60.856,,-22.76,-157.78,-3.51,-25.24,9.93,-3.13,False,False,False,False,False,False,0.015,0.057,False,True,MODERATE
61.027,,-24.72,-156.18,-4.03,-26.3,11.05,-3.6,False,True,False,False,False,True,0.015,0.057,False,True,MODERATE
61.057,,-26.97,-156.39,-4.54,-26.87,11.18,-3.76,False,True,False,False,False,True,0.061,0.015,True,True,MODERATE
61.233,,-27.15,-156.27,-4.65,-28.43,11.59,-4.23,False,True,False,False,False,True,0.057,-0.004,True,True,MODERATE
61.255,,-26.86,-156.26,-4.54,-28.56,11.63,-4.27,False,True,False,False,False,True,0.053,-0.003,True,True,MODERATE
61.424,,-26.59,-156.24,-4.47,-28.85,11.81,-4.38,False,True,False,False,False,True,0.042,-0.002,True,True,MODERATE
61.456,,-26.13,-155.45,-4.28,-28.82,11.98,-4.36,False,True,False,False,False,True,0.038,-0.004,True,True,MODERATE
61.643,,-26.17,-155.91,-4.21,-28.75,12.15,-4.28,False,True,False,False,False,True,0.033,0.0,True,True,MODERATE
61.666,,-26.1,-155.65,-4.37,-28.73,12.21,-4.29,False,True,False,False,False,True,0.035,-0.001,True,True,MODERATE
61.835,,-26.16,-155.91,-4.29,-28.7,12.26,-4.29,False,True,False,False,False,True,0.037,-0.001,True,True,MODERATE
61.858,,-26.45,-155.68,-4.31,-28.74,12.29,-4.29,False,True,False,False,False,True,0.042,-0.004,True,True,MODERATE
62.045,,-26.23,-155.89,-4.19,-28.74,12.31,-4.24,False,True,False,False,False,True,0.05,-0.004,True,True,MODERATE
62.069,,-26.3,-156.06,-4.09,-28.75,12.29,-4.22,False,True,False,False,False,True,0.043,-0.001,True,True,MODERATE
62.235,,-26.0,-156.0,-4.16,-28.63,12.25,-4.19,False,True,False,False,False,True,0.037,-0.002,True,True,MODERATE
62.26,,-26.44,-156.05,-4.29,-28.68,12.24,-4.2,False,True,False,False,False,True,0.033,-0.002,True,True,MODERATE
62.448,,-26.2,-156.06,-4.13,-28.7,12.19,-4.16,False,True,False,False,False,True,0.033,-0.003,True,True,MODERATE
62.472,,-25.92,-155.83,-4.2,-28.67,12.22,-4.17,False,True,False,False,False,True,0.037,-0.002,True,True,MODERATE
62.624,,-26.02,-156.09,-4.09,-28.6,12.17,-4.13,False,True,False,False,False,True,0.032,-0.004,True,True,MODERATE
62.656,,-25.94,-156.45,-4.02,-28.58,12.1,-4.11,False,True,False,False,False,True,0.031,-0.001,True,True,MODERATE
62.832,,-25.58,-156.0,-4.24,-28.33,12.16,-4.18,False,True,False,False,False,True,0.032,0.0,True,True,HIGH
62.857,,-25.79,-156.3,-4.08,-28.32,12.12,-4.17,False,True,False,False,False,True,0.03,-0.001,True,True,HIGH
63.027,,-25.44,-156.11,-4.12,-28.13,12.11,-4.14,False,True,False,False,False,True,0.01,-0.004,True,True,HIGH
63.056,,-25.26,-155.86,-4.13,-28.08,12.15,-4.14,False,True,False,False,False,True,0.005,-0.008,True,True,HIGH
63.239,,-25.13,-156.07,-4.22,-27.85,12.14,-4.18,False,True,False,False,False,True,0.005,-0.009,True,True,HIGH
63.263,,-25.3,-156.13,-4.19,-27.84,12.14,-4.18,False,True,False,False,False,True,0.006,-0.004,True,True,HIGH
63.431,,-25.37,-155.75,-4.35,-27.87,12.3,-4.27,False,True,False,False,False,True,0.001,-0.01,True,True,HIGH
63.456,,-25.15,-155.99,-4.3,-27.84,12.29,-4.27,False,True,False,False,False,True,0.007,-0.004,True,True,HIGH
63.632,,-25.8,-156.41,-4.79,-28.09,12.03,-4.55,False,True,False,False,False,True,-0.024,-0.011,True,True,HIGH
64.323,,-16.33,-166.39,-1.09,-20.48,3.61,-1.72,False,False,False,False,False,False,0.028,0.004,True,True,HIGH
64.459,,-14.99,-164.85,-1.78,-19.03,3.49,-1.75,False,False,False,False,False,False,0.023,0.007,True,False,HIGH
64.484,,-13.69,-164.16,-1.54,-18.58,3.57,-1.72,False,False,False,False,False,False,0.024,0.003,True,False,HIGH
64.642,,-12.68,-164.18,-1.34,-16.76,3.8,-1.53,False,False,False,False,False,False,0.028,0.005,True,False,HIGH
64.666,,-12.66,-163.4,-1.53,-16.52,3.94,-1.53,False,False,False,False,False,False,0.029,0.007,True,False,HIGH
64.839,,-13.0,-163.45,-1.58,-15.97,4.37,-1.56,False,False,False,False,False,False,0.026,0.007,True,False,HIGH
64.861,,-13.54,-164.19,-1.57,-15.98,4.33,-1.56,False,False,False,False,False,False,0.022,0.006,True,False,HIGH
65.03,,-13.45,-163.97,-1.72,-15.97,4.28,-1.64,False,False,False,False,False,False,0.015,0.007,True,False,HIGH
65.057,,-13.12,-164.42,-1.86,-15.92,4.21,-1.67,False,False,False,False,False,False,0.026,0.005,True,False,HIGH
65.235,,-13.13,-163.41,-2.04,-15.78,4.52,-1.87,False,False,False,False,False,False,0.021,0.007,True,False,HIGH
65.257,,-12.41,-162.75,-2.12,-15.67,4.64,-1.9,False,False,False,False,False,False,0.02,0.007,True,False,HIGH
65.427,,-12.38,-163.29,-2.03,-15.26,4.79,-1.97,False,False,False,False,False,False,0.02,0.004,True,False,HIGH
65.456,,-12.37,-163.55,-2.0,-15.2,4.77,-1.97,False,False,False,False,False,False,0.027,0.005,True,False,HIGH
65.633,,-12.32,-163.43,-2.1,-15.01,4.77,-2.04,False,False,False,False,False,False,0.029,0.004,True,False,HIGH
65.656,,-12.0,-162.62,-2.62,-14.94,4.88,-2.11,False,False,False,False,False,False,-0.032,0.018,True,False,HIGH
65.826,,-11.85,-163.78,-2.18,-14.64,4.65,-2.15,False,False,False,False,False,False,-0.004,0.013,True,False,HIGH
65.855,,-11.69,-163.57,-2.09,-14.57,4.65,-2.14,False,False,False,False,False,False,0.005,0.004,True,False,HIGH
66.034,,-11.16,-163.48,-2.27,-14.09,4.69,-2.21,False,False,False,False,False,False,0.012,0.0,True,False,HIGH
66.058,,-11.58,-163.52,-2.03,-14.09,4.69,-2.19,False,False,False,False,False,False,0.028,0.008,True,False,HIGH
66.226,,-11.51,-163.72,-2.07,-14.06,4.59,-2.13,False,False,False,False,False,False,0.026,0.004,True,False,HIGH
66.255,,-11.61,-163.63,-2.11,-14.07,4.59,-2.12,False,False,False,False,False,False,0.025,0.006,True,False,HIGH
66.433,,-11.44,-163.77,-2.12,-14.01,4.51,-2.12,False,False,False,False,False,False,0.026,0.004,True,False,HIGH
66.456,,-11.69,-164.1,-2.03,-14.04,4.46,-2.11,False,False,False,False,False,False,0.025,0.004,True,False,HIGH
66.628,,-11.17,-163.74,-2.14,-13.86,4.46,-2.13,False,False,False,False,False,False,0.025,0.005,True,False,HIGH
66.656,,-11.35,-163.69,-2.24,-13.86,4.47,-2.14,False,False,False,False,False,False,0.008,0.006,True,False,HIGH
66.836,,-11.4,-163.6,-2.17,-13.89,4.55,-2.16,False,False,False,False,False,False,0.007,0.002,True,False,HIGH
66.86,,-11.13,-163.55,-2.23,-13.86,4.56,-2.17,False,False,False,False,False,False,-0.004,0.003,True,False,HIGH
67.027,,-11.04,-163.78,-2.3,-13.71,4.49,-2.24,False,False,False,False,False,False,-0.008,-0.005,True,False,HIGH
67.054,,-11.12,-163.23,-2.42,-13.7,4.57,-2.26,False,False,False,False,False,False,-0.002,-0.006,True,False,HIGH
67.236,,-11.19,-163.17,-2.39,-13.7,4.82,-2.33,False,False,False,False,False,False,-0.005,-0.007,True,False,HIGH
67.26,,-10.95,-163.33,-2.36,-13.67,4.83,-2.33,False,False,False,False,False,False,-0.005,-0.004,True,False,MODERATE
67.426,,-11.1,-163.47,-2.42,-13.65,4.78,-2.38,False,False,False,False,False,False,-0.012,-0.005,True,False,MODERATE
67.455,,-11.08,-164.19,-2.42,-13.64,4.66,-2.38,False,False,False,False,False,False,0.009,0.005,True,False,MODERATE
67.636,,-11.17,-164.01,-2.51,-13.67,4.41,-2.45,False,False,False,False,False,False,0.006,0.004,True,False,MODERATE
67.659,,-10.98,-163.64,-2.48,-13.64,4.43,-2.46,False,False,False,False,False,False,0.009,-0.001,True,False,MODERATE
67.826,,-10.87,-163.49,-2.64,-13.51,4.58,-2.55,False,False,False,False,False,False,0.009,-0.003,True,False,MODERATE
67.851,,-10.61,-163.32,-2.36,-13.46,4.62,-2.52,False,False,False,False,False,False,0.029,0.012,True,False,MODERATE
68.034,,-10.62,-163.43,-2.5,-13.29,4.71,-2.51,False,False,False,False,False,False,0.031,0.008,True,False,MODERATE
68.154,,-10.74,-163.4,-2.42,-13.28,4.75,-2.47,False,False,False,False,False,False,0.027,0.005,True,False,MODERATE
68.257,,-10.99,-163.76,-2.45,-13.37,4.63,-2.46,False,False,False,False,False,False,0.023,0.004,True,False,MODERATE
68.28,,-11.13,-163.92,-2.39,-13.4,4.59,-2.45,False,False,False,False,False,False,0.021,0.005,True,False,LOW
68.435,,-11.35,-164.26,-2.5,-13.64,4.27,-2.48,False,False,False,False,False,False,0.025,0.004,True,False,LOW
68.458,,-11.35,-164.25,-2.5,-13.67,4.23,-2.48,False,False,False,False,False,False,0.026,0.006,True,False,LOW
68.625,,-11.22,-163.91,-2.52,-13.7,4.27,-2.5,False,False,False,False,False,False,0.024,0.007,True,False,LOW
68.648,,-11.35,-164.1,-2.54,-13.73,4.25,-2.51,False,False,False,False,False,False,0.025,0.007,True,False,LOW
68.835,,-11.14,-163.43,-2.63,-13.69,4.53,-2.57,False,False,False,False,False,False,0.01,0.005,True,False,LOW
68.857,,-11.11,-163.58,-2.67,-13.68,4.55,-2.58,False,False,False,False,False,False,0.008,-0.0,True,False,LOW
69.024,,-11.28,-163.0,-3.04,-13.74,4.89,-2.82,False,False,False,False,False,False,0.003,0.017,True,False,LOW
69.047,,-11.3,-163.24,-3.04,-13.75,4.9,-2.85,False,False,False,False,False,False,0.004,0.016,True,False,LOW
69.234,,-11.34,-163.43,-2.78,-13.81,4.83,-2.81,False,False,False,False,False,False,0.018,0.017,True,False,LOW
69.257,,-11.39,-163.6,-2.66,-13.82,4.81,-2.79,False,False,False,False,False,False,0.0,0.019,True,False,LOW
69.426,,-11.09,-163.0,-2.93,-13.71,5.01,-2.86,False,False,False,False,False,False,-0.008,0.015,True,False,LOW
69.451,,-10.71,-163.07,-2.76,-13.65,5.03,-2.85,False,False,False,False,False,False,0.003,0.01,True,False,LOW
69.642,,-10.89,-163.66,-2.67,-13.52,4.77,-2.75,False,False,False,False,False,False,0.009,0.003,True,False,LOW
69.665,,-10.64,-163.53,-2.63,-13.47,4.76,-2.74,False,False,False,False,False,False,0.011,-0.001,True,False,LOW
69.837,,-10.75,-163.98,-2.48,-13.37,4.48,-2.6,False,False,False,False,False,False,0.018,0.002,True,False,LOW
69.86,,-11.26,-163.82,-2.47,-13.42,4.47,-2.59,False,False,False,False,False,False,0.026,0.008,True,False,LOW
70.045,,-11.2,-163.96,-2.46,-13.58,4.35,-2.52,False,False,False,False,False,False,0.025,0.007,True,False,LOW
70.069,,-11.32,-164.11,-2.57,-13.62,4.32,-2.52,False,False,False,False,False,False,0.022,0.006,True,False,LOW
70.234,,-11.1,-163.75,-2.59,-13.62,4.39,-2.56,False,False,False,False,False,False,0.027,0.01,True,False,LOW
70.259,,-11.49,-164.09,-2.44,-13.67,4.35,-2.54,False,False,False,False,False,False,0.031,0.011,True,False,LOW
70.444,,-11.36,-164.26,-2.46,-13.78,4.13,-2.5,False,False,False,False,False,False,0.029,0.009,True,False,LOW
70.467,,-11.55,-164.34,-2.41,-13.82,4.1,-2.49,False,False,False,False,False,False,0.03,0.011,True,False,LOW
70.623,,-11.94,-164.29,-2.59,-14.14,4.01,-2.54,False,False,False,False,False,False,0.027,0.012,True,False,LOW
70.648,,-12.1,-164.46,-2.39,-14.21,3.97,-2.52,False,False,False,False,False,False,0.027,0.009,True,False,LOW
70.832,,-12.25,-164.05,-2.43,-14.51,4.07,-2.47,False,False,False,False,False,False,0.026,0.009,True,False,LOW
70.854,,-12.7,-163.77,-2.07,-14.6,4.12,-2.42,False,False,False,False,False,False,0.025,0.012,True,False,LOW
71.027,,-12.95,-163.71,-2.02,-15.06,4.32,-2.21,False,False,False,False,False,False,0.019,0.01,True,False,LOW
71.05,,-13.15,-163.35,-2.2,-15.14,4.39,-2.21,False,False,False,False,False,False,0.038,0.004,True,False,LOW
71.236,,-15.68,-162.73,-2.15,-16.86,4.99,-2.18,False,False,False,False,False,False,0.032,0.008,True,False,LOW
71.259,,-17.48,-160.29,-3.04,-17.32,5.4,-2.29,False,False,False,False,False,False,0.035,-0.002,True,False,LOW
71.424,,-22.2,-158.31,-3.82,-21.51,7.87,-3.09,False,False,False,False,False,False,0.052,0.01,True,False,LOW
71.447,,-26.0,-155.98,-4.44,-22.75,8.56,-3.27,False,False,False,False,False,False,0.059,-0.004,True,False,LOW
71.632,,-28.42,-155.38,-5.01,-27.82,11.08,-4.24,False,True,False,False,False,True,0.024,-0.01,True,True,LOW
71.656,,-28.82,-154.33,-5.17,-28.46,11.54,-4.37,False,True,False,False,False,True,0.028,-0.014,True,True,LOW
71.825,,-28.9,-152.87,-5.12,-30.17,13.69,-4.77,False,True,False,False,False,True,0.028,-0.012,True,True,LOW
71.848,,-29.62,-153.04,-5.2,-30.49,13.92,-4.83,False,True,False,False,False,True,0.025,-0.014,True,True,LOW
72.031,,-30.44,-152.74,-5.3,-31.93,14.8,-5.08,False,True,False,False,False,True,0.056,-0.001,True,True,LOW
72.055,,-30.74,-153.19,-5.07,-32.13,14.83,-5.08,True,True,False,False,False,True,0.071,0.006,True,True,LOW
72.223,,-30.3,-153.66,-4.69,-32.51,14.68,-4.88,True,True,False,False,False,True,0.061,-0.007,True,True,LOW
72.246,,-30.3,-153.9,-4.73,-32.55,14.63,-4.86,True,True,False,False,False,True,0.046,-0.005,True,True,MODERATE
72.434,,-29.77,-154.05,-4.52,-32.41,14.38,-4.68,True,True,False,False,False,True,0.052,-0.002,True,True,MODERATE
72.456,,-30.08,-154.31,-4.53,-32.43,14.32,-4.66,True,True,False,False,False,True,0.045,-0.001,True,True,MODERATE
72.626,,-29.55,-153.93,-4.86,-32.24,14.3,-4.76,True,True,False,False,False,True,0.04,-0.003,True,True,MODERATE
72.649,,-29.78,-154.15,-4.68,-32.25,14.27,-4.75,True,True,False,False,False,True,0.044,0.003,True,True,MODERATE
72.834,,-29.78,-154.26,-4.75,-32.28,14.1,-4.75,True,True,False,False,False,True,0.048,-0.004,True,True,MODERATE
72.857,,-30.01,-153.72,-4.64,-32.31,14.15,-4.74,True,True,False,False,False,True,0.044,-0.007,True,True,MODERATE
73.027,,-29.59,-153.49,-4.68,-32.21,14.44,-4.71,True,True,False,False,False,True,0.044,-0.008,True,True,MODERATE
73.262,,-29.59,-153.7,-4.44,-32.15,14.48,-4.55,True,True,False,False,False,True,0.042,-0.006,True,True,MODERATE
73.371,,-29.9,-153.33,-4.62,-32.26,14.65,-4.58,True,True,False,False,False,True,0.013,-0.006,True,True,MODERATE
73.394,,-29.93,-153.74,-4.61,-32.28,14.62,-4.58,True,True,False,False,False,True,0.011,-0.009,True,True,MODERATE
73.504,,-29.59,-153.82,-4.39,-32.21,14.53,-4.5,True,True,False,False,False,True,0.002,-0.004,True,True,MODERATE
73.528,,-29.35,-153.74,-4.99,-32.17,14.52,-4.57,True,True,False,False,False,True,-0.012,-0.01,True,True,MODERATE
73.638,,-26.61,-156.03,-4.06,-30.87,13.53,-4.36,False,True,False,False,False,True,-0.012,-0.023,True,False,MODERATE
73.663,,-18.86,-158.12,-2.58,-29.12,12.99,-4.1,False,True,False,False,False,True,-0.002,-0.003,True,False,MODERATE
73.828,,-14.13,-160.82,-2.07,-21.57,9.87,-3.03,False,False,False,False,False,False,-0.011,-0.007,True,False,MODERATE
73.851,,-11.81,-162.22,-1.67,-20.14,9.24,-2.84,False,False,False,False,False,False,-0.011,-0.004,True,False,MODERATE
74.032,,-9.3,-162.28,-1.4,-14.91,7.32,-2.05,False,False,False,False,False,False,-0.007,-0.007,True,False,MODERATE
74.054,,-7.25,-162.57,-1.37,-13.92,7.06,-1.95,False,False,False,False,False,False,-0.0,-0.005,True,False,MODERATE
74.225,,-7.22,-162.23,-1.74,-11.41,6.46,-1.84,False,False,False,False,False,False,-0.004,-0.006,True,False,MODERATE
74.249,,-7.99,-163.4,-2.06,-11.26,6.21,-1.87,False,False,False,False,False,False,-0.005,-0.01,True,False,MODERATE
74.433,,-7.34,-163.2,-2.12,-10.45,5.54,-2.0,False,False,False,False,False,False,0.002,-0.004,True,False,MODERATE
74.457,,-6.98,-162.81,-2.08,-10.3,5.52,-2.01,False,False,False,False,False,False,-0.002,-0.004,True,False,MODERATE
74.626,,-7.44,-163.14,-1.97,-10.12,5.28,-1.99,False,False,False,False,False,False,0.005,-0.004,True,False,MODERATE
74.649,,-7.25,-163.03,-1.93,-10.07,5.27,-1.98,False,False,False,False,False,False,0.002,-0.002,True,False,MODERATE
74.834,,-6.8,-163.0,-1.98,-9.65,5.24,-1.98,False,False,False,False,False,False,-0.005,-0.004,True,False,MODERATE
74.857,,-7.0,-162.91,-2.01,-9.64,5.24,-1.99,False,False,False,False,False,False,-0.013,-0.007,True,False,MODERATE
75.025,,-6.28,-163.14,-2.09,-9.2,5.15,-2.04,False,False,False,False,False,False,-0.01,-0.007,True,False,MODERATE
75.047,,-6.24,-162.91,-2.07,-9.14,5.17,-2.04,False,False,False,False,False,False,-0.011,-0.005,True,False,MODERATE
75.233,,-5.9,-162.69,-2.15,-8.75,5.36,-2.1,False,False,False,False,False,False,-0.011,-0.004,True,False,MODERATE
75.256,,-5.21,-162.5,-2.24,-8.61,5.4,-2.12,False,False,False,False,False,False,0.005,0.003,True,False,MODERATE
75.424,,-4.96,-162.1,-2.18,-8.01,5.77,-2.15,False,False,False,False,False,False,0.009,0.001,True,False,MODERATE
75.449,,-4.79,-162.26,-2.03,-7.91,5.8,-2.13,False,False,False,False,False,False,0.016,0.0,True,False,MODERATE
75.634,,-4.18,-161.62,-1.8,-7.24,6.23,-1.95,False,False,False,False,False,False,-0.003,-0.003,True,False,MODERATE
75.657,,-3.2,-161.65,-1.72,-7.03,6.27,-1.92,False,False,False,False,False,False,0.001,-0.003,True,False,MODERATE
75.827,,-3.06,-161.55,-1.68,-6.25,6.47,-1.8,False,False,False,False,False,False,-0.001,-0.003,True,False,MODERATE
75.85,,-4.19,-161.39,-1.59,-6.31,6.52,-1.77,False,False,False,False,False,False,0.033,0.01,True,False,MODERATE
76.035,,-4.5,-161.12,-1.69,-6.7,6.83,-1.73,False,False,False,False,False,False,0.027,0.007,True,False,MODERATE
76.058,,-4.52,-161.3,-1.46,-6.74,6.84,-1.69,False,False,False,False,False,False,0.034,0.006,True,False,MODERATE
76.224,,-4.37,-161.83,-1.42,-6.82,6.6,-1.55,False,False,False,False,False,False,0.037,0.007,True,False,MODERATE
76.247,,-4.98,-161.68,-1.39,-6.9,6.6,-1.53,False,False,False,False,False,False,0.035,0.006,True,False,MODERATE
76.433,,-4.52,-161.38,-1.26,-6.98,6.72,-1.38,False,False,False,False,False,False,0.041,0.005,True,False,MODERATE
76.457,,-4.28,-161.64,-1.46,-6.95,6.7,-1.39,False,False,False,False,False,False,0.035,0.002,True,False,MODERATE
76.627,,-4.64,-161.39,-1.7,-7.06,6.76,-1.55,False,False,False,False,False,False,-0.0,-0.005,True,False,MODERATE
76.651,,-5.62,-161.95,-1.78,-7.21,6.7,-1.58,False,False,False,False,False,False,-0.006,-0.012,True,False,MODERATE
76.837,,-4.97,-161.47,-1.73,-7.36,6.72,-1.66,False,False,False,False,False,False,-0.002,-0.009,True,False,MODERATE
76.861,,-4.95,-161.03,-1.92,-7.38,6.78,-1.7,False,False,False,False,False,False,0.015,0.057,False,False,MODERATE
77.024,,-5.2,-160.89,-1.71,-7.55,7.06,-1.7,False,False,False,False,False,False,-0.018,-0.003,True,False,MODERATE
77.047,,-5.43,-161.62,-1.61,-7.6,7.0,-1.69,False,False,False,False,False,False,-0.02,-0.006,True,False,MODERATE
77.235,,-5.14,-161.38,-1.69,-7.63,6.91,-1.69,False,False,False,False,False,False,-0.009,-0.01,True,False,MODERATE
77.259,,-5.44,-162.09,-1.6,-7.68,6.8,-1.68,False,False,False,False,False,False,-0.009,-0.009,True,False,MODERATE
77.426,,-5.55,-162.04,-1.8,-7.88,6.47,-1.74,False,False,False,False,False,False,-0.009,-0.011,True,False,MODERATE
77.45,,-5.44,-161.85,-1.76,-7.89,6.46,-1.74,False,False,False,False,False,False,-0.009,-0.011,True,False,MODERATE
77.646,,-5.45,-161.96,-1.69,-7.93,6.34,-1.71,False,False,False,False,False,False,-0.009,-0.009,True,False,MODERATE
77.67,,-5.26,-161.85,-1.98,-7.91,6.34,-1.75,False,False,False,False,False,False,-0.009,-0.01,True,False,LOW
77.835,,-5.2,-162.11,-1.98,-7.82,6.22,-1.87,False,False,False,False,False,False,-0.006,-0.009,True,False,LOW
77.858,,-5.06,-162.13,-1.93,-7.79,6.2,-1.88,False,False,False,False,False,False,-0.01,-0.008,True,False,LOW
78.043,,-4.88,-162.13,-1.96,-7.58,6.14,-1.92,False,False,False,False,False,False,-0.001,-0.007,True,False,LOW
78.065,,-4.98,-162.27,-1.85,-7.57,6.11,-1.91,False,False,False,False,False,False,-0.002,-0.009,True,False,LOW
78.233,,-5.04,-162.09,-1.93,-7.56,6.12,-1.92,False,False,False,False,False,False,0.001,-0.01,True,False,LOW
78.256,,-5.38,-161.08,-2.17,-7.61,6.25,-1.95,False,False,False,False,False,False,-0.012,0.021,True,False,LOW
78.427,,-5.27,-161.24,-2.24,-7.7,6.63,-2.1,False,False,False,False,False,False,-0.026,0.002,True,False,LOW
78.45,,-5.6,-161.94,-1.99,-7.76,6.58,-2.09,False,False,False,False,False,False,-0.02,-0.006,True,False,LOW
78.627,,-5.38,-161.63,-1.85,-7.83,6.58,-1.96,False,False,False,False,False,False,0.006,0.004,True,False,LOW
78.65,,-5.22,-162.12,-1.78,-7.82,6.52,-1.94,False,False,False,False,False,False,0.008,0.0,True,False,LOW
78.825,,-5.25,-161.82,-1.97,-7.79,6.45,-1.96,False,False,False,False,False,False,0.012,-0.001,True,False,LOW
78.848,,-5.48,-161.57,-1.87,-7.82,6.47,-1.94,False,False,False,False,False,False,0.01,0.002,True,False,LOW
79.025,,-5.65,-161.91,-1.67,-8.01,6.38,-1.8,False,False,False,False,False,False,0.032,0.014,True,False,LOW
79.049,,-4.82,-161.27,-1.69,-7.92,6.46,-1.78,False,False,False,False,False,False,0.031,0.009,True,False,LOW
79.216,,-4.98,-161.55,-1.65,-7.7,6.56,-1.72,False,False,False,False,False,False,0.034,0.007,True,False,LOW
79.248,,-5.01,-161.59,-1.65,-7.67,6.57,-1.7,False,False,False,False,False,False,0.031,0.008,True,False,LOW
79.424,,-5.19,-161.88,-1.66,-7.69,6.44,-1.68,False,False,False,False,False,False,0.032,0.008,True,False,LOW
79.448,,-4.49,-161.57,-1.53,-7.6,6.47,-1.66,False,False,False,False,False,False,0.032,0.01,True,False,LOW
79.615,,-4.69,-161.48,-1.52,-7.4,6.6,-1.59,False,False,False,False,False,False,0.03,0.011,True,False,LOW
79.648,,-4.51,-161.7,-1.55,-7.33,6.59,-1.58,False,False,False,False,False,False,0.035,0.011,True,False,LOW
79.826,,-4.5,-161.63,-1.41,-7.17,6.58,-1.49,False,False,False,False,False,False,0.034,0.009,True,False,LOW
79.849,,-5.01,-161.7,-1.48,-7.21,6.57,-1.49,False,False,False,False,False,False,0.035,0.008,True,False,LOW
80.017,,-4.98,-161.77,-1.62,-7.36,6.51,-1.56,False,False,False,False,False,False,0.035,0.003,True,False,LOW
80.047,,-5.43,-161.89,-1.7,-7.46,6.48,-1.58,False,False,False,False,False,False,0.033,0.003,True,False,LOW
80.225,,-5.7,-161.78,-1.71,-7.86,6.45,-1.65,False,False,False,False,False,False,0.036,-0.001,True,False,LOW
80.249,,-5.48,-161.78,-1.81,-7.88,6.45,-1.67,False,False,False,False,False,False,0.034,0.002,True,False,LOW
80.417,,-5.21,-161.89,-1.78,-7.8,6.38,-1.73,False,False,False,False,False,False,0.033,0.0,True,False,LOW
80.449,,-5.55,-161.69,-1.9,-7.85,6.41,-1.76,False,False,False,False,False,False,0.032,0.001,True,False,LOW
80.623,,-5.78,-161.91,-1.8,-8.09,6.35,-1.78,False,False,False,False,False,False,0.03,0.001,True,False,LOW
80.649,,-6.51,-162.47,-1.88,-8.22,6.26,-1.79,False,False,False,False,False,False,0.035,0.0,True,False,LOW
80.818,,-6.9,-162.59,-1.83,-8.86,5.93,-1.81,False,False,False,False,False,False,0.037,0.002,True,False,LOW
80.846,,-6.83,-162.2,-1.3,-8.93,5.94,-1.73,False,False,False,False,False,False,0.037,0.004,True,False,LOW
81.025,,-8.21,-161.96,-1.57,-9.91,6.1,-1.65,False,False,False,False,False,False,0.049,0.006,True,False,LOW
81.049,,-12.08,-161.72,-2.17,-10.67,6.16,-1.72,False,False,False,False,False,False,0.073,0.0,True,False,LOW
81.216,,-17.61,-160.06,-3.16,-16.16,7.2,-2.47,False,False,False,False,False,False,0.063,-0.003,True,False,LOW
81.247,,-22.96,-158.41,-4.14,-18.38,7.67,-2.76,False,False,False,False,False,False,0.071,-0.008,True,False,LOW
81.427,,-27.86,-157.0,-4.92,-25.99,9.66,-3.95,False,False,False,False,False,False,0.064,-0.001,True,True,LOW
81.449,,-30.15,-156.22,-5.2,-27.28,10.0,-4.12,False,False,False,False,False,False,0.086,0.008,True,True,LOW
81.618,,-31.42,-155.51,-5.73,-31.37,11.49,-4.99,False,True,False,False,False,True,0.086,0.004,True,True,LOW
81.65,,-32.55,-155.33,-5.49,-32.24,11.76,-5.08,True,True,False,False,False,True,0.077,-0.002,True,True,LOW
81.826,,-32.83,-155.13,-5.68,-34.09,12.49,-5.4,True,True,False,False,False,True,0.072,-0.005,True,True,LOW
81.851,,-32.78,-155.06,-5.75,-34.3,12.59,-5.45,True,True,False,False,False,True,0.078,-0.009,True,True,LOW
82.015,,-32.32,-155.7,-5.2,-34.59,12.55,-5.32,True,True,False,False,False,True,0.062,-0.01,True,True,LOW
82.047,,-32.37,-155.79,-5.18,-34.65,12.52,-5.3,True,True,False,False,False,True,0.056,-0.003,True,True,LOW
82.224,,-32.21,-156.03,-5.11,-34.69,12.34,-5.2,True,True,False,False,False,True,0.058,-0.007,True,True,LOW
82.246,,-32.54,-155.81,-5.16,-34.74,12.35,-5.19,True,True,False,False,False,True,0.052,-0.009,True,True,LOW
82.419,,-32.21,-155.21,-5.49,-34.74,12.69,-5.35,True,True,False,False,False,True,0.055,-0.006,True,True,LOW
82.448,,-31.66,-155.08,-5.53,-34.65,12.76,-5.38,True,True,False,False,True,True,-0.017,0.056,True,True,LOW
82.628,,-32.71,-154.51,-5.88,-34.96,13.27,-5.65,True,True,False,False,False,True,0.071,0.008,True,True,LOW
82.651,,-32.82,-154.92,-5.89,-35.01,13.27,-5.68,True,True,False,False,False,True,0.063,-0.003,True,True,LOW
82.819,,-32.48,-154.76,-5.73,-35.0,13.36,-5.7,True,True,False,False,False,True,0.058,-0.007,True,True,LOW
82.847,,-32.55,-154.7,-5.69,-35.01,13.39,-5.7,True,True,False,False,False,True,0.054,-0.006,True,True,LOW
83.024,,-32.25,-154.58,-5.87,-34.89,13.52,-5.79,True,True,False,False,False,True,0.051,-0.008,True,True,LOW
83.047,,-31.96,-154.86,-5.49,-34.83,13.49,-5.75,True,True,False,False,False,True,0.039,-0.012,True,True,LOW
83.218,,-32.04,-154.98,-5.48,-34.69,13.36,-5.61,True,True,False,False,False,True,0.028,-0.016,True,True,LOW
83.248,,-32.11,-154.82,-5.59,-34.68,13.36,-5.61,True,True,False,False,False,True,0.034,-0.017,True,True,LOW
83.424,,-32.13,-155.1,-5.42,-34.66,13.23,-5.51,True,True,False,False,False,True,0.03,-0.018,True,True,LOW
83.449,,-31.91,-155.04,-5.48,-34.63,13.22,-5.5,True,True,False,False,False,True,0.03,-0.016,True,True,LOW
83.618,,-31.92,-154.95,-5.63,-34.53,13.24,-5.57,True,True,False,False,False,True,0.03,-0.018,True,True,MODERATE
83.647,,-32.16,-154.69,-5.5,-34.56,13.28,-5.56,True,True,False,False,False,True,0.047,-0.009,True,True,MODERATE
83.824,,-31.99,-154.91,-5.44,-34.53,13.29,-5.5,True,True,False,False,False,True,0.049,-0.014,True,True,MODERATE
83.847,,-32.09,-155.01,-5.5,-34.54,13.28,-5.5,True,True,False,False,False,True,0.05,-0.015,True,True,MODERATE
84.019,,-32.02,-155.02,-5.44,-34.54,13.23,-5.47,True,True,False,False,False,True,0.044,-0.016,True,True,MODERATE
84.048,,-32.12,-154.63,-5.44,-34.56,13.29,-5.46,True,True,False,False,False,True,0.041,-0.018,True,True,MODERATE
84.224,,-31.95,-154.75,-5.62,-34.51,13.38,-5.55,True,True,False,False,False,True,0.04,-0.02,True,True,MODERATE
84.248,,-31.95,-155.21,-5.52,-34.51,13.33,-5.54,True,True,False,False,False,True,0.039,-0.019,True,True,MODERATE
84.416,,-31.82,-155.47,-5.39,-34.42,13.02,-5.46,True,True,False,False,False,True,0.039,-0.018,True,True,MODERATE
84.49,,-32.02,-155.34,-5.64,-34.46,12.97,-5.52,True,True,False,False,False,True,0.037,-0.017,True,True,MODERATE
84.625,,-31.95,-155.28,-5.57,-34.46,12.95,-5.54,True,True,False,False,False,True,0.034,-0.018,True,True,HIGH
84.65,,-32.27,-155.12,-5.53,-34.51,12.97,-5.54,True,True,False,False,False,True,0.027,-0.02,True,True,HIGH
84.818,,-32.28,-154.59,-5.68,-34.66,13.31,-5.61,True,True,False,False,False,True,0.034,-0.022,True,True,HIGH
84.847,,-32.08,-154.58,-5.76,-34.65,13.36,-5.64,True,True,False,False,False,True,0.032,-0.021,True,True,HIGH
85.026,,-31.91,-154.97,-5.6,-34.53,13.3,-5.62,True,True,False,False,False,True,0.033,-0.023,True,True,HIGH
85.051,,-31.94,-155.1,-5.51,-34.52,13.27,-5.6,True,True,False,False,False,True,0.032,-0.022,True,True,HIGH
85.219,,-31.88,-155.09,-5.43,-34.46,13.19,-5.51,True,True,False,False,False,True,0.031,-0.022,True,True,HIGH
85.25,,-31.8,-154.99,-5.59,-34.44,13.2,-5.53,True,True,False,False,False,True,0.034,-0.021,True,True,HIGH
85.429,,-31.75,-155.12,-5.55,-34.35,13.14,-5.54,True,True,False,False,False,True,0.037,-0.017,True,True,HIGH
86.089,,-7.91,-165.93,-0.8,-14.41,4.24,-1.69,False,False,False,False,False,False,0.006,-0.001,True,True,HIGH
86.238,,-7.77,-167.34,-1.28,-12.23,2.51,-1.49,False,False,False,False,False,False,-0.013,-0.005,True,False,HIGH
86.263,,-6.94,-167.42,-0.87,-11.78,2.25,-1.4,False,False,False,False,False,False,-0.01,0.0,True,False,HIGH
86.431,,-6.42,-168.54,-0.61,-10.19,0.84,-0.99,False,False,False,False,False,False,-0.01,-0.001,True,False,HIGH
86.462,,-6.75,-168.71,-0.92,-10.02,0.59,-0.98,False,False,False,False,False,False,-0.003,-0.003,True,False,HIGH
86.626,,-7.09,-167.99,-1.29,-9.8,0.39,-1.14,False,False,False,False,False,False,-0.005,-0.003,True,False,HIGH
86.648,,-6.98,-168.05,-1.31,-9.76,0.36,-1.16,False,False,False,False,False,False,-0.006,-0.005,True,False,HIGH
86.82,,-6.54,-167.96,-1.44,-9.39,0.3,-1.3,False,False,False,False,False,False,-0.007,-0.006,True,False,HIGH
86.848,,-7.03,-167.55,-1.41,-9.41,0.36,-1.32,False,False,False,False,False,False,-0.009,-0.009,True,False,HIGH
87.027,,-6.5,-167.05,-1.28,-9.2,0.78,-1.3,False,False,False,False,False,False,-0.003,-0.011,True,False,HIGH
87.049,,-6.48,-166.37,-1.54,-9.18,0.92,-1.33,False,False,False,False,False,False,-0.002,-0.004,True,False,HIGH
87.215,,-5.93,-165.73,-1.52,-8.8,1.74,-1.43,False,False,False,False,False,False,-0.001,-0.005,True,False,HIGH
87.248,,-5.79,-166.15,-1.61,-8.71,1.79,-1.46,False,False,False,False,False,False,0.001,-0.002,True,False,HIGH
87.44,,-5.38,-166.46,-1.32,-8.26,1.77,-1.38,False,False,False,False,False,False,0.001,-0.003,True,False,HIGH
87.463,,-5.67,-166.53,-1.21,-8.25,1.76,-1.36,False,False,False,False,False,False,0.038,0.007,True,False,HIGH
87.622,,-4.94,-166.7,-1.09,-7.85,1.63,-1.22,False,False,False,False,False,False,0.033,-0.0,True,False,HIGH
87.648,,-4.09,-166.53,-1.17,-7.66,1.64,-1.22,False,False,False,False,False,False,-0.005,-0.005,True,False,HIGH
87.826,,-4.1,-165.91,-1.09,-7.1,1.99,-1.15,False,False,False,False,False,False,0.003,-0.008,True,False,HIGH
87.848,,-3.85,-165.95,-1.09,-7.0,2.02,-1.14,False,False,False,False,False,False,0.003,-0.01,True,False,HIGH
88.019,,-3.6,-165.77,-1.04,-6.53,2.24,-1.09,False,False,False,False,False,False,-0.0,-0.01,True,False,HIGH
88.048,,-3.78,-166.21,-0.94,-6.5,2.2,-1.07,False,False,False,False,False,False,0.002,-0.01,True,False,HIGH
88.226,,-4.05,-165.8,-1.11,-6.54,2.31,-1.09,False,False,False,False,False,False,0.002,-0.011,True,False,HIGH
88.248,,-3.87,-165.71,-1.09,-6.52,2.34,-1.09,False,False,False,False,False,False,0.003,-0.012,True,False,HIGH
88.418,,-3.67,-165.83,-1.08,-6.35,2.36,-1.08,False,False,False,False,False,False,0.005,-0.012,True,False,HIGH
88.449,,-3.36,-166.01,-1.15,-6.27,2.33,-1.1,False,False,False,False,False,False,0.006,-0.01,True,False,HIGH
88.626,,-3.8,-165.65,-1.22,-6.3,2.45,-1.16,False,False,False,False,False,False,0.001,-0.01,True,False,HIGH
88.649,,-3.69,-165.34,-1.2,-6.28,2.51,-1.17,False,False,False,False,False,False,-0.002,-0.009,True,False,HIGH
88.849,,-3.9,-165.22,-1.31,-6.36,2.78,-1.25,False,False,False,False,False,False,-0.019,0.017,True,False,HIGH
88.872,,-2.73,-164.82,-1.06,-6.21,2.86,-1.22,False,False,False,False,False,False,-0.017,0.005,True,False,HIGH
89.027,,-2.93,-166.47,-1.02,-5.83,2.31,-1.12,False,False,False,False,False,False,-0.024,0.004,True,False,HIGH
89.052,,-3.17,-165.94,-0.98,-5.81,2.3,-1.1,False,False,False,False,False,False,-0.024,0.006,True,False,MODERATE
89.217,,-2.8,-166.11,-0.99,-5.56,2.2,-1.05,False,False,False,False,False,False,-0.016,-0.003,True,False,MODERATE
89.24,,-2.47,-165.88,-0.93,-5.48,2.21,-1.03,False,False,False,False,False,False,-0.006,-0.004,True,False,MODERATE
89.424,,-3.35,-166.05,-1.17,-5.69,2.19,-1.11,False,False,False,False,False,False,-0.009,-0.008,True,False,MODERATE
89.447,,-2.81,-165.62,-1.15,-5.64,2.24,-1.11,False,False,False,False,False,False,-0.002,-0.009,True,False,MODERATE
89.617,,-2.62,-166.19,-1.26,-5.38,2.12,-1.19,False,False,False,False,False,False,-0.003,-0.009,True,False,MODERATE
89.641,,-2.51,-166.42,-1.36,-5.33,2.08,-1.21,False,False,False,False,False,False,-0.002,-0.007,True,False,MODERATE
89.826,,-2.59,-166.67,-1.25,-5.21,1.79,-1.23,False,False,False,False,False,False,-0.006,-0.003,True,False,MODERATE
90.029,,-2.86,-166.51,-1.31,-5.31,1.74,-1.28,False,False,False,False,False,False,-0.003,-0.006,True,False,MODERATE
90.133,,-2.88,-166.75,-1.32,-5.34,1.63,-1.29,False,False,False,False,False,False,-0.005,-0.006,True,False,LOW
90.156,,-2.56,-166.26,-1.27,-5.31,1.67,-1.29,False,False,False,False,False,False,0.001,-0.007,True,False,LOW
90.261,,-2.27,-165.95,-1.19,-5.1,1.91,-1.25,False,False,False,False,False,False,0.002,-0.011,True,False,LOW
90.291,,-2.67,-165.43,-0.98,-5.12,2.05,-1.21,False,False,False,False,False,False,0.015,0.057,False,False,LOW
90.417,,-2.06,-165.55,-1.16,-4.88,2.33,-1.19,False,False,False,False,False,False,-0.022,-0.001,True,False,LOW
90.439,,-2.91,-165.94,-1.38,-4.94,2.32,-1.21,False,False,False,False,False,False,0.015,0.057,False,False,LOW
90.626,,-2.9,-165.72,-1.4,-5.2,2.41,-1.31,False,False,False,False,False,False,-0.011,-0.0,True,False,LOW
90.649,,-2.43,-165.46,-1.35,-5.17,2.46,-1.32,False,False,False,False,False,False,0.001,-0.009,True,False,LOW
90.819,,-2.71,-165.63,-1.39,-5.2,2.52,-1.36,False,False,False,False,False,False,0.001,-0.009,True,False,LOW
90.842,,-2.31,-165.29,-1.26,-5.15,2.57,-1.34,False,False,False,False,False,False,-0.001,-0.012,True,False,LOW
91.026,,-2.45,-165.16,-1.35,-5.05,2.83,-1.35,False,False,False,False,False,False,-0.001,-0.011,True,False,LOW
91.049,,-2.36,-165.36,-1.32,-5.03,2.83,-1.34,False,False,False,False,False,False,-0.0,-0.011,True,False,LOW
91.219,,-2.38,-165.12,-1.37,-4.96,2.97,-1.36,False,False,False,False,False,False,0.0,-0.01,True,False,LOW
91.244,,-2.55,-164.95,-1.54,-4.98,3.01,-1.38,False,False,False,False,False,False,0.002,-0.012,True,False,LOW
91.425,,-3.51,-164.6,-1.52,-5.54,3.33,-1.46,False,False,False,False,False,False,0.015,0.057,False,False,LOW
91.448,,-2.78,-165.03,-1.32,-5.51,3.31,-1.44,False,False,False,False,False,False,-0.027,0.006,True,False,LOW
91.618,,-2.72,-165.02,-1.39,-5.37,3.25,-1.41,False,False,False,False,False,False,0.002,-0.007,True,False,LOW
91.64,,-3.11,-165.46,-1.44,-5.4,3.19,-1.42,False,False,False,False,False,False,-0.002,-0.009,True,False,LOW
91.827,,-3.22,-165.29,-1.47,-5.59,3.04,-1.45,False,False,False,False,False,False,-0.001,-0.008,True,False,LOW
91.85,,-2.88,-165.18,-1.47,-5.56,3.04,-1.45,False,False,False,False,False,False,0.012,-0.007,True,False,LOW
92.018,,-3.88,-164.49,-1.34,-6.0,3.39,-1.39,False,False,False,False,False,False,0.013,-0.009,True,False,LOW
92.04,,-4.89,-163.33,-1.07,-6.18,3.58,-1.35,False,False,False,False,False,False,0.015,-0.001,True,False,LOW
92.226,,-7.12,-163.27,-0.91,-8.13,4.33,-1.11,False,False,False,False,False,False,0.007,-0.007,True,False,LOW
92.25,,-11.15,-163.75,-0.93,-9.04,4.35,-1.09,False,False,False,False,False,False,0.032,-0.004,True,False,LOW
92.419,,-21.19,-165.94,-1.92,-17.95,3.27,-1.52,False,False,False,False,False,False,0.023,-0.016,True,False,LOW
92.443,,-29.4,-164.82,-3.2,-21.11,3.29,-1.75,False,False,False,False,False,False,0.086,-0.014,True,False,LOW
92.628,,-35.81,-163.14,-4.81,-32.72,4.26,-3.46,True,False,False,False,False,True,0.098,-0.017,True,False,LOW
92.653,,-40.3,-161.57,-6.47,-35.19,4.61,-3.94,True,False,False,False,True,True,0.138,-0.016,True,False,LOW
92.818,,-41.97,-160.21,-8.09,-41.14,6.44,-6.22,True,False,False,False,True,True,0.156,-0.031,True,True,LOW
92.841,,-43.03,-160.48,-7.48,-42.08,6.63,-6.42,True,False,False,False,True,True,0.148,-0.021,True,True,LOW
93.026,,-43.4,-158.39,-8.12,-44.49,8.45,-7.38,True,False,False,False,True,True,0.108,-0.02,True,False,LOW
93.049,,-44.31,-157.92,-8.17,-44.9,8.72,-7.5,True,False,False,False,True,True,0.125,-0.016,True,False,LOW
93.227,,-44.48,-158.4,-7.79,-46.13,9.32,-7.66,True,False,False,False,True,True,0.151,-0.025,True,False,LOW
93.251,,-44.62,-158.25,-7.92,-46.29,9.41,-7.69,True,False,False,False,True,True,0.159,-0.019,True,False,LOW
93.426,,-44.23,-159.04,-7.29,-46.55,9.28,-7.48,True,False,False,False,True,True,0.172,-0.023,True,False,LOW
93.449,,-44.14,-159.03,-7.23,-46.56,9.27,-7.45,True,False,False,False,True,True,0.159,-0.021,True,False,LOW
93.628,,-43.65,-158.92,-6.9,-46.35,9.28,-7.16,True,False,False,False,True,True,0.154,-0.016,True,True,LOW
93.652,,-43.45,-158.17,-7.02,-46.3,9.38,-7.14,True,False,False,False,True,True,0.125,0.003,True,True,LOW
93.835,,-43.67,-158.41,-6.9,-46.24,9.61,-7.01,True,False,False,False,True,True,0.127,-0.003,True,True,LOW
93.859,,-42.7,-157.84,-7.16,-46.1,9.71,-7.03,True,False,False,False,True,True,0.111,0.042,True,True,LOW
94.027,,-43.73,-158.01,-6.73,-46.18,9.97,-6.88,True,False,False,False,True,True,0.123,-0.005,True,True,LOW
94.051,,-43.32,-157.68,-7.02,-46.13,10.05,-6.89,True,True,False,False,True,True,0.144,-0.004,True,True,LOW
94.236,,-43.23,-157.98,-6.82,-45.93,10.15,-6.85,True,True,False,False,True,True,0.145,-0.014,True,True,LOW
94.259,,-43.43,-157.9,-6.95,-45.93,10.17,-6.87,True,True,False,False,False,True,0.09,-0.005,True,True,LOW
94.43,,-43.17,-158.11,-6.75,-45.8,10.13,-6.81,True,True,False,False,False,True,0.084,-0.001,True,True,LOW
94.456,,-43.06,-157.87,-6.98,-45.77,10.16,-6.83,True,True,False,False,False,True,0.07,-0.007,True,True,LOW
94.627,,-42.87,-157.71,-6.61,-45.57,10.34,-6.72,True,True,False,False,False,True,0.071,0.005,True,True,LOW
94.651,,-43.12,-157.8,-6.65,-45.58,10.35,-6.71,True,True,False,False,False,True,0.075,0.004,True,True,LOW
94.819,,-43.1,-158.22,-6.37,-45.6,10.16,-6.53,True,True,False,False,False,True,0.094,0.005,True,True,LOW
94.844,,-43.22,-157.98,-6.4,-45.62,10.17,-6.52,True,True,False,False,False,True,0.083,0.001,True,True,LOW
95.024,,-42.9,-157.83,-6.4,-45.51,10.28,-6.45,True,True,False,False,False,True,0.088,0.005,True,True,LOW
95.051,,-42.71,-157.42,-6.72,-45.47,10.36,-6.49,True,True,False,False,False,True,0.075,0.015,True,True,LOW
95.217,,-42.71,-157.5,-6.55,-45.35,10.54,-6.52,True,True,False,False,False,True,0.096,0.001,True,True,LOW
95.24,,-42.33,-157.34,-6.53,-45.28,10.58,-6.52,True,True,False,False,False,True,0.096,0.008,True,True,LOW
95.425,,-42.37,-157.01,-6.53,-45.07,10.92,-6.53,True,True,False,False,False,True,0.07,0.009,True,True,LOW
95.45,,-42.98,-157.93,-6.27,-45.13,10.83,-6.49,True,True,False,False,False,True,0.072,-0.005,True,True,LOW
95.617,,-43.6,-157.51,-6.59,-45.64,10.76,-6.54,True,True,False,False,False,True,0.079,-0.007,True,True,MODERATE
95.64,,-43.32,-157.74,-6.7,-45.67,10.73,-6.56,True,True,False,False,False,True,0.052,-0.009,True,True,MODERATE
95.826,,-42.98,-157.4,-6.66,-45.58,10.77,-6.61,True,True,False,False,False,True,0.069,-0.011,True,True,MODERATE
95.849,,-43.18,-157.71,-6.56,-45.59,10.74,-6.61,True,True,False,False,False,True,0.067,-0.011,True,True,MODERATE
96.02,,-42.73,-157.64,-6.53,-45.42,10.65,-6.57,True,True,False,False,False,True,0.073,-0.015,True,True,MODERATE
96.044,,-42.96,-157.68,-6.67,-45.42,10.63,-6.58,True,True,False,False,False,True,0.065,-0.013,True,True,MODERATE
96.226,,-42.75,-157.91,-6.5,-45.34,10.45,-6.54,True,True,False,False,False,True,0.079,-0.011,True,True,MODERATE
96.249,,-43.0,-157.78,-6.58,-45.36,10.45,-6.54,True,True,False,False,False,True,0.066,-0.011,True,True,MODERATE
96.415,,-43.31,-157.39,-7.01,-45.6,10.64,-6.78,True,True,False,False,False,True,0.018,-0.004,True,True,MODERATE
96.491,,-43.06,-157.57,-6.81,-45.6,10.64,-6.79,True,True,False,False,False,True,0.013,-0.011,True,True,HIGH
96.625,,-43.18,-158.23,-6.68,-45.64,10.34,-6.74,True,True,False,False,False,True,0.032,-0.013,True,True,HIGH
96.648,,-43.0,-157.69,-6.62,-45.63,10.36,-6.72,True,True,False,False,False,True,0.063,-0.004,True,True,HIGH
96.818,,-43.02,-157.87,-6.8,-45.58,10.35,-6.76,True,True,False,False,False,True,0.072,-0.007,True,True,HIGH
96.841,,-42.82,-157.26,-6.97,-45.55,10.43,-6.79,True,True,False,False,False,True,0.083,-0.009,True,True,HIGH
97.025,,-42.57,-157.71,-6.77,-45.3,10.47,-6.78,True,True,False,False,False,True,0.079,-0.008,True,True,HIGH
97.049,,-43.0,-157.25,-7.08,-45.33,10.53,-6.82,True,True,False,False,False,True,0.072,-0.002,True,True,HIGH
97.218,,-42.82,-157.21,-6.94,-45.34,10.78,-6.88,True,True,False,False,False,True,0.088,-0.012,True,True,HIGH
97.242,,-42.9,-157.51,-7.08,-45.35,10.77,-6.91,True,True,False,False,False,True,0.075,-0.013,True,True,HIGH
97.984,,-38.87,-160.38,-6.48,-42.07,8.34,-6.56,True,False,False,False,False,True,-0.07,-0.008,True,False,HIGH
98.007,,-32.27,-163.55,-4.16,-40.92,7.81,-6.23,False,False,False,False,False,False,-0.056,0.001,True,False,HIGH
98.11,,-24.73,-164.7,-3.2,-34.07,5.92,-4.94,True,False,False,False,False,True,-0.029,0.006,True,False,HIGH
98.133,,-16.84,-164.9,-2.5,-30.71,5.51,-4.58,False,False,False,False,False,False,-0.027,0.005,True,False,HIGH
98.236,,-9.66,-165.0,-1.63,-19.97,4.49,-3.29,False,False,False,False,False,False,-0.005,0.004,True,False,HIGH
98.259,,-5.47,-166.95,-1.25,-16.84,3.97,-2.97,False,False,False,False,False,False,-0.012,0.003,True,False,HIGH
98.362,,-2.79,-167.35,-0.85,-10.08,2.56,-2.04,False,False,False,False,False,False,-0.01,0.002,True,False,HIGH
98.386,,-2.47,-167.53,-1.23,-8.8,2.25,-1.91,False,False,False,False,False,False,-0.031,0.008,True,False,HIGH
98.511,,-2.63,-169.28,-1.41,-6.68,0.6,-1.68,False,False,False,False,False,False,-0.015,0.003,True,False,HIGH
98.542,,-3.02,-169.55,-1.34,-6.39,0.21,-1.62,False,False,False,False,False,False,-0.031,0.019,True,False,HIGH
98.722,,-2.45,-168.03,-1.47,-5.53,0.19,-1.54,False,False,False,False,False,False,-0.021,-0.002,True,False,HIGH
98.747,,-2.84,-167.94,-1.69,-5.5,0.2,-1.56,False,False,False,False,False,False,-0.013,0.029,True,False,HIGH
98.917,,-2.72,-167.99,-1.51,-5.36,0.21,-1.53,False,False,False,False,False,False,-0.021,0.007,True,False,HIGH
98.942,,-2.98,-168.44,-1.54,-5.38,0.15,-1.53,False,False,False,False,False,False,-0.014,-0.002,True,False,HIGH
99.12,,-2.49,-168.42,-1.5,-5.18,-0.04,-1.52,False,False,False,False,False,False,-0.004,-0.004,True,False,HIGH
99.143,,-2.17,-168.3,-1.29,-5.11,-0.05,-1.49,False,False,False,False,False,False,-0.004,-0.005,True,False,HIGH
99.312,,-1.68,-167.79,-1.43,-4.63,0.19,-1.46,False,False,False,False,False,False,-0.005,-0.003,True,False,HIGH
99.335,,-1.4,-167.48,-1.39,-4.53,0.26,-1.45,False,False,False,False,False,False,-0.003,-0.004,True,False,HIGH
99.522,,-1.32,-167.64,-1.3,-4.15,0.43,-1.37,False,False,False,False,False,False,-0.006,-0.004,True,False,HIGH
99.545,,-1.38,-167.96,-1.22,-4.12,0.41,-1.35,False,False,False,False,False,False,-0.007,0.002,True,False,HIGH
99.715,,-1.43,-167.67,-1.2,-4.03,0.48,-1.27,False,False,False,False,False,False,-0.01,0.003,True,False,HIGH
99.74,,-1.84,-167.85,-1.18,-4.08,0.46,-1.26,False,False,False,False,False,False,-0.009,0.0,True,False,HIGH
99.924,,-1.86,-167.83,-1.28,-4.24,0.42,-1.27,False,False,False,False,False,False,-0.012,0.005,True,False,HIGH
99.948,,-2.09,-168.1,-1.31,-4.29,0.38,-1.28,False,False,False,False,False,False,-0.019,0.006,True,False,HIGH
100.112,,-0.61,-167.72,-1.54,-3.7,0.43,-1.41,False,False,False,False,False,False,-0.031,0.022,True,False,HIGH
100.137,,-1.29,-166.97,-1.61,-3.71,0.55,-1.44,False,False,False,False,False,False,0.015,0.057,False,False,HIGH
100.324,,-1.19,-166.31,-1.51,-3.71,1.29,-1.48,False,False,False,False,False,False,0.015,0.057,False,False,HIGH
100.345,,-0.19,-166.55,-1.48,-3.59,1.34,-1.48,False,False,False,False,False,False,-0.042,0.014,True,False,HIGH
100.518,,-0.86,-167.78,-1.53,-3.48,0.86,-1.5,False,False,False,False,False,False,-0.035,0.006,True,False,HIGH
100.54,,-1.08,-167.4,-1.55,-3.49,0.86,-1.51,False,False,False,False,False,False,-0.026,0.003,True,False,HIGH
100.726,,-0.89,-167.9,-1.46,-3.45,0.56,-1.48,False,False,False,False,False,False,-0.017,-0.0,True,False,HIGH
100.749,,-0.49,-167.49,-1.41,-3.39,0.58,-1.47,False,False,False,False,False,False,-0.007,-0.001,True,False,HIGH
100.921,,-0.16,-167.82,-1.43,-3.02,0.48,-1.45,False,False,False,False,False,False,-0.003,-0.001,True,False,MODERATE
100.944,,-0.05,-167.82,-1.46,-2.96,0.47,-1.45,False,False,False,False,False,False,-0.003,-0.002,True,False,MODERATE
101.125,,-0.02,-167.52,-1.4,-2.73,0.59,-1.42,False,False,False,False,False,False,-0.005,-0.002,True,False,MODERATE
101.149,,0.34,-167.38,-1.41,-2.66,0.62,-1.42,False,False,False,False,False,False,-0.003,-0.003,True,False,MODERATE
101.317,,-0.06,-167.77,-1.48,-2.62,0.53,-1.45,False,False,False,False,False,False,-0.005,-0.005,True,False,MODERATE
101.341,,-0.25,-167.63,-1.43,-2.64,0.53,-1.45,False,False,False,False,False,False,-0.007,-0.005,True,False,MODERATE
101.526,,-0.06,-167.72,-1.51,-2.61,0.51,-1.48,False,False,False,False,False,False,-0.007,-0.004,True,False,MODERATE
101.549,,0.28,-167.52,-1.45,-2.56,0.53,-1.48,False,False,False,False,False,False,-0.004,-0.003,True,False,MODERATE
101.73,,0.27,-167.3,-1.56,-2.39,0.74,-1.52,False,False,False,False,False,False,-0.002,-0.005,True,False,MODERATE
101.811,,0.15,-167.29,-1.5,-2.39,0.8,-1.51,False,False,False,False,False,False,0.016,-0.0,True,False,MODERATE
101.931,,0.03,-167.0,-1.48,-2.43,0.98,-1.5,False,False,False,False,False,False,-0.002,0.009,True,False,LOW
101.955,,-0.05,-166.56,-1.45,-2.45,1.07,-1.49,False,False,False,False,False,False,-0.032,0.018,True,False,LOW
102.127,,-0.2,-167.07,-1.48,-2.59,1.11,-1.49,False,False,False,False,False,False,-0.019,0.015,True,False,LOW
102.149,,0.86,-166.68,-1.53,-2.47,1.16,-1.49,False,False,False,False,False,False,-0.01,-0.001,True,False,LOW
102.33,,0.36,-167.17,-1.59,-2.3,1.1,-1.54,False,False,False,False,False,False,-0.012,-0.001,True,False,LOW
102.357,,0.84,-167.19,-1.49,-2.21,1.09,-1.54,False,False,False,False,False,False,0.009,0.005,True,False,LOW
102.523,,0.79,-166.89,-1.51,-1.96,1.21,-1.52,False,False,False,False,False,False,0.015,0.003,True,False,LOW
102.545,,0.9,-166.35,-1.52,-1.92,1.29,-1.52,False,False,False,False,False,False,0.009,0.0,True,False,LOW
102.722,,0.64,-166.59,-1.46,-1.9,1.46,-1.49,False,False,False,False,False,False,0.004,-0.003,True,False,LOW
102.744,,0.48,-166.5,-1.4,-1.92,1.5,-1.48,False,False,False,False,False,False,0.002,-0.004,True,False,LOW
102.921,,0.14,-166.11,-1.5,-2.16,1.82,-1.49,False,False,False,False,False,False,-0.021,0.012,True,False,LOW
102.944,,0.21,-166.24,-1.52,-2.18,1.84,-1.49,False,False,False,False,False,False,-0.016,0.005,True,False,LOW
103.121,,0.4,-166.42,-1.5,-2.15,1.81,-1.5,False,False,False,False,False,False,-0.02,0.006,True,False,LOW
103.143,,0.45,-166.03,-1.53,-2.14,1.86,-1.5,False,False,False,False,False,False,-0.02,0.007,True,False,LOW
103.312,,0.54,-166.19,-1.51,-2.06,1.94,-1.51,False,False,False,False,False,False,-0.02,0.006,True,False,LOW
103.336,,0.35,-166.04,-1.59,-2.07,1.97,-1.52,False,False,False,False,False,False,-0.012,0.006,True,False,LOW
103.522,,0.96,-166.28,-1.45,-1.79,1.95,-1.48,False,False,False,False,False,False,-0.007,0.004,True,False,LOW
103.545,,0.88,-166.57,-0.93,-1.77,1.91,-1.41,False,False,False,False,False,False,-0.007,-0.001,True,False,LOW
103.713,,0.26,-166.86,-1.02,-2.02,1.62,-1.21,False,False,False,False,False,False,-0.006,0.003,True,False,LOW
103.738,,0.53,-166.21,-1.13,-2.02,1.67,-1.2,False,False,False,False,False,False,0.019,-0.003,True,False,LOW
103.918,,-0.51,-166.08,-0.91,-2.56,1.92,-1.04,False,False,False,False,False,False,0.029,0.0,True,False,LOW
103.94,,0.36,-165.56,-0.6,-2.51,2.01,-0.99,False,False,False,False,False,False,0.026,-0.0,True,False,LOW
104.113,,2.15,-163.95,-0.41,-1.37,3.22,-0.68,False,False,False,False,False,False,0.019,0.013,True,False,LOW
104.135,,4.7,-165.15,-0.31,-0.88,3.2,-0.64,False,False,False,False,False,False,-0.004,0.003,True,False,LOW
104.32,,6.72,-164.06,-0.16,2.06,3.72,-0.38,False,False,False,False,False,False,-0.001,0.005,True,False,LOW
104.341,,9.25,-163.61,0.41,2.77,3.83,-0.28,False,False,False,False,False,False,0.005,0.001,True,False,LOW
104.516,,10.65,-163.59,0.15,5.9,4.25,-0.05,False,False,False,False,False,False,0.028,-0.003,True,False,LOW
104.539,,12.0,-162.73,0.14,6.49,4.42,-0.03,False,False,False,False,False,False,0.025,-0.006,True,False,LOW
104.725,,12.34,-162.19,0.35,8.46,5.31,0.18,False,False,False,False,False,False,0.028,-0.007,True,False,LOW
104.751,,12.34,-162.45,0.41,8.7,5.38,0.21,False,False,False,False,False,False,0.023,-0.01,True,False,LOW
104.916,,12.36,-162.87,0.34,9.32,5.36,0.28,False,False,False,False,False,False,0.031,-0.007,True,False,LOW
104.939,,11.51,-162.96,-0.09,9.27,5.34,0.23,False,False,False,False,False,False,0.032,-0.001,True,False,LOW
105.124,,12.07,-162.2,0.06,9.43,5.71,0.14,False,False,False,False,False,False,0.032,-0.002,True,False,LOW
105.147,,11.51,-162.79,-0.08,9.37,5.67,0.11,False,False,False,False,False,False,0.03,0.003,True,False,LOW
105.319,,11.71,-162.06,-0.06,9.28,5.92,0.02,False,False,False,False,False,False,0.029,-0.001,True,False,LOW
105.342,,13.23,-161.48,-0.66,9.46,6.02,-0.06,False,False,False,False,False,False,-0.044,0.01,True,False,LOW
105.527,,16.07,-159.27,-0.76,11.77,7.65,-0.44,False,False,False,False,False,False,-0.098,0.025,True,False,LOW
105.549,,19.66,-156.7,-0.27,12.59,8.21,-0.42,False,False,False,False,False,False,-0.093,0.024,True,False,LOW
105.719,,22.4,-154.46,0.41,16.84,11.35,0.01,False,True,False,False,False,True,-0.095,0.009,True,False,LOW
105.743,,24.05,-153.99,0.82,17.67,11.82,0.12,False,True,False,False,False,True,-0.077,0.012,True,False,LOW
105.926,,25.27,-154.78,0.79,20.72,12.75,0.48,False,True,False,False,False,True,-0.094,0.015,True,False,LOW
105.949,,26.55,-154.79,0.77,21.28,12.84,0.52,False,True,False,False,True,True,-0.117,0.014,True,False,LOW
106.117,,26.17,-154.59,0.73,22.63,13.26,0.63,False,True,False,False,True,True,-0.114,0.012,True,True,LOW
106.141,,26.77,-154.97,0.74,22.89,13.26,0.64,False,True,False,False,True,True,-0.104,0.016,True,True,LOW
106.325,,26.62,-154.96,0.7,23.58,13.25,0.67,False,True,False,False,False,True,-0.086,0.011,True,False,LOW
106.347,,26.57,-155.46,0.74,23.64,13.19,0.68,False,True,False,False,False,True,-0.081,0.012,True,False,LOW
106.521,,26.89,-155.75,0.64,24.04,12.81,0.66,False,True,False,False,False,True,-0.082,0.006,True,False,LOW
106.677,,27.24,-156.33,0.67,24.39,12.34,0.67,False,True,False,False,False,True,-0.081,0.008,True,False,LOW
106.787,,27.31,-156.09,0.71,24.56,12.25,0.68,False,True,False,False,False,True,-0.089,0.012,True,True,LOW
106.811,,27.29,-156.14,0.77,24.58,12.23,0.69,False,True,False,False,False,True,-0.096,0.013,True,True,LOW
106.923,,27.39,-155.95,0.93,24.7,12.24,0.79,False,True,False,False,True,True,-0.102,0.01,True,False,LOW
106.946,,27.53,-156.74,0.62,24.74,12.14,0.77,False,True,False,False,True,True,-0.109,0.012,True,False,LOW
107.127,,27.1,-156.33,0.55,24.66,12.0,0.65,False,True,False,False,True,True,-0.104,0.017,True,False,LOW
107.151,,26.93,-156.16,0.58,24.62,12.01,0.64,False,True,False,False,True,True,-0.107,0.015,True,False,LOW
107.318,,26.9,-155.81,0.76,24.5,12.21,0.7,False,True,False,False,True,True,-0.113,0.016,True,False,LOW
107.34,,27.28,-155.91,0.74,24.53,12.22,0.71,False,True,False,False,True,True,-0.114,0.017,True,False,LOW
107.525,,26.88,-155.74,0.81,24.44,12.35,0.76,False,True,False,False,True,True,-0.112,0.019,True,False,LOW
107.547,,27.09,-156.88,0.08,24.45,12.23,0.68,False,True,False,False,False,True,0.015,0.057,False,False,LOW
107.726,,27.33,-155.06,0.5,24.64,12.72,0.58,False,True,False,False,True,True,-0.061,0.065,True,False,LOW
107.749,,27.8,-155.49,0.9,24.73,12.72,0.62,False,True,False,False,True,True,-0.104,0.03,True,False,LOW
107.927,,27.29,-155.42,1.03,24.75,12.76,0.84,False,True,False,False,False,True,-0.094,0.023,True,False,MODERATE
107.951,,26.8,-154.93,1.34,24.69,12.83,0.91,False,True,False,False,False,True,-0.091,0.02,True,False,MODERATE
108.119,,27.14,-155.35,1.17,24.65,12.84,1.04,False,True,False,False,False,True,-0.1,0.023,True,True,MODERATE
108.143,,26.92,-155.16,1.18,24.62,12.87,1.06,False,True,False,False,True,True,-0.109,0.018,True,True,MODERATE
108.327,,26.9,-155.15,1.16,24.49,12.97,1.11,False,True,False,False,True,True,-0.104,0.02,True,True,MODERATE
108.35,,26.45,-155.13,1.23,24.42,12.99,1.13,False,True,False,False,True,True,-0.109,0.021,True,True,MODERATE
108.518,,26.49,-155.28,1.21,24.19,12.96,1.17,False,True,False,False,False,True,-0.097,0.02,True,True,MODERATE
108.54,,26.96,-155.75,1.24,24.22,12.9,1.18,False,True,False,False,False,True,-0.097,0.018,True,True,MODERATE
108.727,,26.55,-155.69,1.01,24.12,12.69,1.09,False,True,False,False,True,True,-0.105,0.018,True,True,MODERATE
108.814,,26.81,-155.8,0.99,24.18,12.59,1.05,False,True,False,False,False,True,-0.098,0.019,True,True,MODERATE
108.924,,26.74,-156.02,0.91,24.19,12.43,0.99,False,True,False,False,False,True,-0.099,0.016,True,True,MODERATE
108.948,,26.5,-155.74,0.99,24.17,12.43,0.99,False,True,False,False,False,True,-0.098,0.015,True,True,MODERATE
109.128,,26.59,-156.17,0.72,24.12,12.22,0.85,False,True,False,False,False,True,-0.094,0.018,True,True,MODERATE
109.151,,26.5,-155.73,0.94,24.1,12.25,0.86,False,True,False,False,False,True,-0.094,0.014,True,True,MODERATE
109.317,,26.83,-155.97,0.96,24.21,12.25,0.91,False,True,False,False,False,True,-0.092,0.016,True,True,MODERATE
109.343,,27.19,-156.25,0.84,24.27,12.21,0.9,False,True,False,False,False,True,-0.092,0.017,True,True,MODERATE
109.526,,27.01,-156.01,0.94,24.39,12.2,0.92,False,True,False,False,False,True,-0.094,0.017,True,True,MODERATE
109.552,,26.81,-155.73,0.91,24.38,12.24,0.92,False,True,False,False,False,True,-0.097,0.016,True,True,MODERATE
109.731,,26.92,-155.99,0.88,24.39,12.23,0.9,False,True,False,False,False,True,-0.099,0.015,True,True,MODERATE
109.755,,26.8,-155.88,1.02,24.37,12.24,0.91,False,True,False,False,True,True,-0.102,0.016,True,True,MODERATE
109.93,,26.73,-155.84,1.05,24.29,12.31,0.99,False,True,False,False,False,True,-0.086,0.013,True,False,MODERATE
109.954,,26.53,-155.94,0.98,24.25,12.3,0.99,False,True,False,False,False,True,-0.078,0.011,True,False,MODERATE
110.126,,26.68,-156.14,0.89,24.2,12.18,0.94,False,True,False,False,False,True,-0.08,0.01,True,True,MODERATE
110.15,,26.95,-155.74,0.92,24.23,12.22,0.93,False,True,False,False,False,True,-0.1,0.019,True,True,MODERATE
110.313,,27.27,-156.04,0.94,24.5,12.19,0.94,False,True,False,False,True,True,-0.103,0.016,True,True,MODERATE
110.338,,27.0,-155.85,1.04,24.49,12.22,0.95,False,True,False,False,True,True,-0.109,0.017,True,True,MODERATE
110.522,,27.06,-156.25,0.89,24.52,12.08,0.92,False,True,False,False,True,True,-0.11,0.016,True,True,MODERATE
110.545,,26.69,-155.86,1.0,24.47,12.11,0.93,False,True,False,False,True,True,-0.112,0.017,True,True,MODERATE
110.704,,26.67,-155.84,0.81,24.31,12.24,0.87,False,True,False,False,True,True,-0.113,0.019,True,True,MODERATE
110.737,,26.82,-156.09,0.82,24.31,12.22,0.86,False,True,False,False,True,True,-0.105,0.013,True,True,MODERATE
110.913,,26.7,-155.97,0.85,24.24,12.23,0.86,False,True,False,False,True,True,-0.106,0.015,True,True,MODERATE
110.937,,26.61,-156.01,0.8,24.22,12.23,0.85,False,True,False,False,True,True,-0.102,0.013,True,True,MODERATE
111.106,,26.6,-156.19,0.81,24.15,12.12,0.83,False,True,False,False,False,True,-0.099,0.011,True,False,HIGH
111.135,,26.66,-155.95,0.85,24.15,12.14,0.83,False,True,False,False,False,True,-0.096,0.013,True,False,HIGH
111.313,,26.82,-156.55,0.78,24.23,11.89,0.8,False,True,False,False,False,True,-0.099,0.013,True,False,HIGH
111.336,,26.55,-156.04,0.92,24.2,11.92,0.82,False,True,False,False,False,True,-0.1,0.01,True,False,HIGH
111.511,,26.94,-156.22,0.89,24.32,11.96,0.86,False,True,False,False,False,True,-0.098,0.013,True,True,HIGH
111.535,,26.7,-156.12,0.89,24.3,11.98,0.86,False,True,False,False,False,True,-0.043,0.012,True,True,HIGH
111.715,,26.25,-156.38,0.91,23.99,11.9,0.89,False,True,False,False,False,True,-0.005,0.001,True,False,HIGH
111.74,,26.45,-156.62,0.86,23.99,11.86,0.88,False,True,False,False,False,True,0.0,-0.002,True,False,HIGH
111.902,,26.5,-156.56,0.99,23.98,11.75,0.94,False,True,False,False,False,True,-0.002,0.001,True,False,HIGH
113.494,,2.93,-165.87,-1.23,2.38,3.17,-1.03,False,False,False,False,False,False,0.001,-0.007,True,False,MODERATE
113.674,,4.43,-164.81,-1.02,2.13,3.29,-1.03,False,False,False,False,False,False,-0.001,-0.002,True,False,MODERATE
113.7,,5.5,-165.79,-0.92,2.25,3.16,-1.01,False,False,False,False,False,False,-0.003,-0.005,True,False,MODERATE
113.843,,5.45,-165.64,-1.04,2.57,2.88,-1.03,False,False,False,False,False,False,-0.004,-0.003,True,False,MODERATE
113.866,,5.62,-165.91,-1.08,2.64,2.8,-1.03,False,False,False,False,False,False,-0.001,-0.003,True,False,MODERATE
114.021,,5.87,-166.22,-1.13,3.0,2.39,-1.08,False,False,False,False,False,False,0.004,-0.003,True,False,MODERATE
114.045,,5.7,-166.48,-0.86,3.02,2.3,-1.05,False,False,False,False,False,False,0.036,0.004,True,False,MODERATE
114.214,,5.73,-166.21,-0.91,3.12,2.14,-0.98,False,False,False,False,False,False,0.032,0.001,True,False,MODERATE
114.238,,5.65,-165.82,-0.89,3.12,2.17,-0.97,False,False,False,False,False,False,0.034,-0.002,True,False,MODERATE
114.418,,4.89,-165.09,-0.87,2.72,2.68,-0.92,False,False,False,False,False,False,0.021,0.015,True,False,MODERATE
114.503,,4.4,-164.25,-0.99,2.42,3.14,-0.94,False,False,False,False,False,False,-0.01,0.007,True,False,MODERATE
114.609,,4.96,-164.57,-1.01,2.43,3.34,-0.97,False,False,False,False,False,False,0.001,-0.001,True,False,MODERATE
114.632,,5.6,-164.86,-0.74,2.51,3.34,-0.94,False,False,False,False,False,False,0.005,-0.007,True,False,MODERATE
114.817,,5.69,-165.04,-0.88,2.87,3.25,-0.91,False,False,False,False,False,False,-0.003,-0.002,True,False,MODERATE
114.84,,5.89,-165.13,-0.92,2.93,3.23,-0.91,False,False,False,False,False,False,-0.006,-0.002,True,False,MODERATE
115.01,,5.88,-165.37,-0.83,3.16,3.03,-0.87,False,False,False,False,False,False,0.017,0.002,True,False,MODERATE
115.032,,5.92,-165.24,-0.79,3.19,3.02,-0.86,False,False,False,False,False,False,0.019,0.0,True,False,MODERATE
115.218,,5.66,-165.46,-0.89,3.16,2.87,-0.88,False,False,False,False,False,False,0.021,-0.001,True,False,MODERATE
115.241,,5.87,-165.35,-0.81,3.19,2.87,-0.87,False,False,False,False,False,False,0.024,-0.001,True,False,MODERATE
115.413,,6.43,-165.01,-0.75,3.57,3.04,-0.81,False,False,False,False,False,False,0.028,-0.001,True,False,MODERATE
115.437,,6.35,-165.06,-0.69,3.6,3.06,-0.79,False,False,False,False,False,False,0.031,-0.001,True,False,MODERATE
115.619,,5.72,-165.73,-0.8,3.39,2.75,-0.8,False,False,False,False,False,False,0.033,0.002,True,False,MODERATE
115.643,,4.94,-165.86,-0.66,3.26,2.69,-0.78,False,False,False,False,False,False,0.047,0.013,True,False,MODERATE
115.81,,5.25,-166.21,-0.45,2.98,2.33,-0.61,False,False,False,False,False,False,0.05,0.008,True,False,MODERATE
115.833,,5.13,-166.07,-0.47,2.93,2.31,-0.59,False,False,False,False,False,False,0.048,0.01,True,False,MODERATE
116.016,,5.09,-165.98,-0.51,2.74,2.27,-0.55,False,False,False,False,False,False,0.05,0.011,True,False,MODERATE
116.038,,5.24,-166.06,-0.52,2.74,2.25,-0.54,False,False,False,False,False,False,0.05,0.011,True,False,MODERATE
116.208,,5.18,-165.87,-0.57,2.7,2.3,-0.56,False,False,False,False,False,False,0.052,0.013,True,False,MODERATE
116.231,,5.27,-166.21,-0.65,2.7,2.26,-0.57,False,False,False,False,False,False,0.05,0.009,True,False,MODERATE
116.423,,5.4,-165.99,-0.6,2.8,2.24,-0.59,False,False,False,False,False,False,0.048,0.008,True,False,MODERATE
116.447,,5.4,-166.11,-0.62,2.81,2.22,-0.59,False,False,False,False,False,False,0.048,0.008,True,False,MODERATE
116.611,,5.44,-166.15,-0.69,2.87,2.14,-0.64,False,False,False,False,False,False,0.049,0.008,True,False,MODERATE
116.634,,5.61,-166.01,-0.67,2.89,2.15,-0.64,False,False,False,False,False,False,0.049,0.009,True,False,MODERATE
116.82,,5.52,-166.19,-0.69,2.95,2.08,-0.67,False,False,False,False,False,False,0.05,0.008,True,False,MODERATE
116.845,,5.77,-166.29,-0.7,2.99,2.06,-0.67,False,False,False,False,False,False,0.049,0.007,True,False,MODERATE
117.01,,5.78,-166.33,-0.71,3.13,1.97,-0.69,False,False,False,False,False,False,0.05,0.008,True,False,MODERATE
117.034,,5.78,-166.15,-0.84,3.15,1.98,-0.71,False,False,False,False,False,False,0.051,0.007,True,False,MODERATE
117.216,,6.02,-166.33,-0.65,3.34,1.93,-0.68,False,False,False,False,False,False,0.049,0.009,True,False,MODERATE
117.238,,6.03,-166.58,-0.66,3.36,1.89,-0.68,False,False,False,False,False,False,0.049,0.009,True,False,MODERATE
117.409,,6.16,-166.02,-0.62,3.51,2.05,-0.65,False,False,False,False,False,False,0.048,0.007,True,False,LOW
117.431,,5.93,-166.1,-0.69,3.49,2.05,-0.65,False,False,False,False,False,False,0.05,0.008,True,False,LOW
117.631,,5.94,-166.22,-0.67,3.45,2.02,-0.66,False,False,False,False,False,False,0.05,0.005,True,False,LOW
117.654,,5.87,-166.4,-0.84,3.44,1.99,-0.68,False,False,False,False,False,False,0.03,-0.002,True,False,LOW
117.822,,6.37,-165.73,-0.79,3.65,2.24,-0.74,False,False,False,False,False,False,0.033,-0.001,True,False,LOW
117.849,,6.2,-166.01,-0.88,3.66,2.24,-0.76,False,False,False,False,False,False,0.035,-0.001,True,False,LOW
118.028,,6.15,-165.48,-0.83,3.64,2.5,-0.8,False,False,False,False,False,False,0.031,-0.001,True,False,LOW
118.052,,6.26,-165.74,-0.84,3.65,2.5,-0.8,False,False,False,False,False,False,0.051,0.009,True,False,LOW
118.221,,6.55,-165.59,-0.83,3.85,2.56,-0.82,False,False,False,False,False,False,0.049,0.003,True,False,LOW
118.245,,6.5,-165.46,-0.69,3.87,2.59,-0.8,False,False,False,False,False,False,0.05,0.002,True,False,LOW
118.429,,6.57,-165.85,-0.86,3.97,2.46,-0.83,False,False,False,False,False,False,0.046,0.004,True,False,LOW
118.453,,6.45,-166.17,-0.91,3.96,2.41,-0.84,False,False,False,False,False,False,0.048,0.002,True,False,LOW
118.612,,6.59,-166.49,-0.98,4.02,2.06,-0.91,False,False,False,False,False,False,0.047,0.002,True,False,LOW
118.637,,6.86,-166.11,-0.9,4.06,2.07,-0.91,False,False,False,False,False,False,0.048,0.002,True,False,LOW
118.819,,6.69,-166.49,-0.89,4.12,1.88,-0.9,False,False,False,False,False,False,0.047,0.003,True,False,LOW
118.842,,6.15,-165.86,-1.19,4.05,1.94,-0.94,False,False,False,False,False,False,0.015,0.057,False,False,LOW
119.021,,5.71,-166.13,-0.94,3.59,2.02,-0.94,False,False,False,False,False,False,0.058,0.013,True,False,LOW
119.044,,6.23,-165.88,-0.83,3.61,2.06,-0.93,False,False,False,False,False,False,0.055,0.009,True,False,LOW
119.219,,6.58,-165.61,-0.79,3.84,2.34,-0.85,False,False,False,False,False,False,0.057,0.01,True,False,LOW
119.242,,6.15,-165.8,-0.9,3.82,2.35,-0.86,False,False,False,False,False,False,0.054,0.005,True,False,LOW
119.411,,6.37,-165.96,-0.84,3.83,2.3,-0.85,False,False,False,False,False,False,0.051,0.005,True,False,LOW
119.434,,6.13,-166.12,-0.91,3.8,2.27,-0.86,False,False,False,False,False,False,0.05,0.005,True,False,LOW
119.616,,6.4,-166.07,-0.9,3.84,2.2,-0.88,False,False,False,False,False,False,0.045,0.006,True,False,LOW
119.639,,6.52,-166.01,-0.86,3.87,2.2,-0.88,False,False,False,False,False,False,0.047,0.007,True,False,LOW
119.811,,6.65,-166.19,-0.92,4.0,2.11,-0.9,False,False,False,False,False,False,0.046,0.003,True,False,LOW
119.834,,6.83,-165.84,-0.8,4.04,2.14,-0.89,False,False,False,False,False,False,0.048,0.005,True,False,LOW
120.018,,6.68,-165.6,-0.84,4.11,2.39,-0.86,False,False,False,False,False,False,0.046,0.003,True,False,LOW
120.042,,7.13,-165.94,-0.92,4.17,2.38,-0.87,False,False,False,False,False,False,0.048,0.003,True,False,LOW
120.213,,7.14,-165.07,-0.96,4.41,2.78,-0.92,False,False,False,False,False,False,0.022,-0.007,True,False,LOW
120.236,,7.1,-164.67,-0.98,4.43,2.88,-0.92,False,False,False,False,False,False,0.003,-0.011,True,False,LOW
120.417,,7.21,-165.07,-1.06,4.57,3.02,-1.0,False,False,False,False,False,False,0.009,-0.015,True,False,LOW
120.44,,7.17,-164.52,-0.94,4.58,3.11,-0.99,False,False,False,False,False,False,0.004,-0.009,True,False,LOW
120.608,,6.11,-164.85,-1.3,4.07,3.24,-1.15,False,False,False,False,False,False,0.015,0.057,False,False,LOW
120.632,,7.03,-165.27,-1.19,4.13,3.2,-1.15,False,False,False,False,False,False,-0.046,0.006,True,False,LOW
120.803,,7.04,-165.53,-1.15,4.33,2.93,-1.15,False,False,False,False,False,False,-0.027,-0.004,True,False,LOW
120.831,,7.06,-165.23,-1.22,4.36,2.94,-1.16,False,False,False,False,False,False,-0.03,-0.009,True,False,LOW
121.008,,7.24,-165.4,-1.35,4.55,2.87,-1.26,False,False,False,False,False,False,-0.026,-0.009,True,False,LOW
121.031,,7.52,-165.5,-1.27,4.61,2.85,-1.26,False,False,False,False,False,False,-0.022,-0.01,True,False,LOW
121.203,,7.4,-165.08,-1.26,4.75,3.0,-1.26,False,False,False,False,False,False,-0.021,-0.011,True,False,LOW
121.233,,7.13,-165.17,-0.93,4.73,3.0,-1.21,False,False,False,False,False,False,0.019,-0.007,True,False,LOW
121.408,,7.34,-165.02,-0.9,4.78,3.1,-1.05,False,False,False,False,False,False,0.015,-0.008,True,False,LOW
121.431,,7.64,-164.84,-0.85,4.82,3.14,-1.02,False,False,False,False,False,False,0.02,-0.011,True,False,LOW
121.599,,7.52,-165.19,-0.88,4.91,3.08,-0.95,False,False,False,False,False,False,0.017,-0.01,True,False,LOW
121.631,,7.5,-165.29,-0.98,4.92,3.05,-0.95,False,False,False,False,False,False,0.012,-0.009,True,False,LOW
121.811,,7.39,-165.07,-0.91,4.9,3.1,-0.93,False,False,False,False,False,False,0.013,-0.009,True,False,LOW
121.833,,7.63,-165.23,-1.08,4.92,3.08,-0.95,False,False,False,False,False,False,-0.014,0.001,True,False,LOW
122.0,,7.52,-165.23,-1.11,4.96,3.03,-1.03,False,False,False,False,False,False,-0.008,-0.0,True,False,LOW
122.032,,6.8,-164.77,-1.27,4.85,3.1,-1.07,False,False,False,False,False,False,-0.009,0.0,True,False,LOW
122.207,,6.78,-163.7,-1.32,4.54,3.85,-1.2,False,False,False,False,False,False,-0.034,0.009,True,False,LOW
122.231,,7.57,-163.12,-1.0,4.6,4.02,-1.18,False,False,False,False,False,False,0.015,0.057,False,False,LOW
122.401,,7.21,-162.73,-0.73,4.65,4.8,-0.94,False,False,False,False,False,False,0.035,0.018,True,False,LOW
122.432,,4.74,-163.91,-0.92,4.22,4.72,-0.94,False,False,False,False,False,False,0.039,0.006,True,False,LOW
122.607,,-1.57,-161.51,-2.26,-0.53,5.78,-1.64,False,False,False,False,False,False,0.039,0.004,True,False,LOW
122.629,,-10.66,-162.46,-3.45,-2.91,5.78,-1.88,False,False,False,False,False,False,0.025,0.001,True,False,LOW
122.926,,-17.97,-161.19,-4.06,-15.88,6.6,-3.33,False,False,False,False,False,False,0.039,-0.0,True,False,LOW
122.946,,-24.7,-160.67,-5.02,-18.06,6.71,-3.54,False,False,False,False,False,False,0.07,0.005,True,False,LOW
123.051,,-30.34,-158.78,-5.41,-26.35,7.86,-4.34,False,False,False,False,False,False,0.065,0.001,True,True,LOW
123.076,,-34.12,-157.47,-5.5,-28.99,8.32,-4.51,False,False,False,False,False,False,0.06,-0.004,True,True,LOW
123.211,,-36.34,-155.94,-5.5,-35.06,10.32,-4.99,True,True,False,False,False,True,0.092,0.004,True,True,LOW
123.234,,-36.55,-155.07,-5.61,-35.93,10.76,-5.08,True,True,False,False,False,True,0.092,-0.003,True,True,LOW
123.408,,-37.0,-155.55,-5.63,-38.17,11.83,-5.37,True,True,False,False,False,True,0.094,-0.005,True,True,LOW
123.432,,-37.46,-156.03,-5.73,-38.5,11.88,-5.42,True,True,False,False,False,True,0.089,0.005,True,True,LOW
123.597,,-36.89,-156.68,-5.33,-39.02,11.7,-5.37,True,True,False,False,False,True,0.078,0.001,True,True,LOW
123.631,,-36.89,-157.07,-5.46,-39.1,11.59,-5.39,True,True,False,False,False,True,0.074,-0.002,True,True,LOW
123.811,,-36.83,-156.99,-5.68,-39.24,11.39,-5.55,True,True,False,False,False,True,0.076,0.002,True,True,LOW
123.835,,-36.74,-156.6,-6.05,-39.24,11.42,-5.61,True,True,False,False,False,True,0.089,0.005,True,True,LOW
124.0,,-36.81,-155.79,-6.35,-39.29,11.94,-5.99,True,True,False,False,False,True,0.087,-0.0,True,True,LOW
124.031,,-36.68,-156.4,-5.78,-39.27,11.92,-5.96,True,True,False,False,False,True,0.083,0.001,True,True,LOW
124.21,,-36.85,-155.92,-6.08,-39.32,12.12,-6.02,True,True,False,False,False,True,0.088,0.002,True,True,LOW
124.235,,-37.08,-155.93,-6.06,-39.36,12.14,-6.03,True,True,False,False,False,True,0.088,0.004,True,True,LOW
124.402,,-37.01,-155.71,-6.1,-39.45,12.33,-6.07,True,True,False,False,False,True,0.09,0.006,True,True,LOW
124.431,,-37.19,-156.31,-5.88,-39.49,12.26,-6.04,True,True,False,False,False,True,0.09,0.004,True,True,LOW
124.611,,-36.85,-155.99,-5.92,-39.43,12.24,-5.97,True,True,False,False,False,True,0.095,0.004,True,True,LOW
124.636,,-37.05,-156.72,-5.59,-39.45,12.13,-5.92,True,True,False,False,False,True,0.024,-0.004,True,True,LOW
124.801,,-37.27,-156.09,-6.03,-39.62,12.13,-5.98,True,True,False,False,False,True,0.024,-0.013,True,True,LOW
124.832,,-37.12,-156.08,-6.01,-39.63,12.13,-5.98,True,True,False,False,False,True,0.03,-0.015,True,True,LOW
125.008,,-37.08,-156.1,-6.08,-39.61,12.12,-6.03,True,True,False,False,False,True,0.034,-0.016,True,True,LOW
125.032,,-36.92,-156.12,-6.0,-39.59,12.11,-6.03,True,True,False,False,False,True,0.033,-0.014,True,True,LOW
125.199,,-37.03,-155.77,-6.22,-39.57,12.28,-6.13,True,True,False,False,False,True,0.059,0.001,True,True,MODERATE
125.232,,-37.26,-156.22,-6.04,-39.6,12.23,-6.11,True,True,False,False,False,True,0.064,-0.002,True,True,MODERATE
125.409,,-36.86,-156.34,-5.96,-39.49,12.04,-6.03,True,True,False,False,False,True,0.057,-0.009,True,True,MODERATE
125.434,,-37.12,-156.31,-5.84,-39.51,12.02,-6.01,True,True,False,False,False,True,0.055,-0.007,True,True,MODERATE
125.611,,-36.51,-155.48,-6.43,-39.25,12.4,-6.23,True,True,False,False,False,True,0.08,0.003,True,True,MODERATE
125.635,,-36.73,-155.91,-5.88,-39.25,12.38,-6.18,True,True,False,False,False,True,0.079,0.0,True,True,MODERATE
125.818,,-36.44,-156.31,-5.72,-39.1,12.12,-5.93,True,True,False,False,False,True,0.078,-0.0,True,True,MODERATE
125.842,,-36.13,-156.59,-5.7,-39.04,12.06,-5.9,True,True,False,False,False,True,0.072,0.002,True,True,MODERATE
126.014,,-36.32,-156.37,-5.71,-38.93,11.94,-5.8,True,True,False,False,False,True,0.072,-0.002,True,True,MODERATE
126.136,,-36.94,-156.02,-5.9,-39.16,12.05,-5.84,True,True,False,False,False,True,0.084,-0.001,True,True,MODERATE
126.254,,-36.26,-156.61,-5.69,-39.0,11.86,-5.78,True,True,False,False,False,True,0.085,0.001,True,True,HIGH
126.278,,-36.61,-155.9,-6.12,-39.02,11.92,-5.82,True,True,False,False,False,True,0.091,-0.004,True,True,HIGH
126.41,,-35.72,-155.87,-6.45,-38.66,12.11,-6.11,True,True,False,False,True,True,-0.163,0.048,True,True,HIGH
126.435,,-36.56,-155.79,-6.32,-38.72,12.15,-6.14,True,True,False,False,False,True,0.015,0.034,True,True,HIGH
126.609,,-36.57,-155.95,-6.2,-38.91,12.21,-6.17,True,True,False,False,False,True,0.072,0.014,True,True,HIGH
126.634,,-35.86,-156.09,-6.29,-38.84,12.2,-6.19,True,True,False,False,False,True,0.087,0.005,True,True,HIGH
126.804,,-36.11,-156.76,-5.81,-38.73,11.81,-5.99,True,True,False,False,False,True,0.062,0.006,True,True,HIGH
126.831,,-36.0,-156.2,-5.97,-38.7,11.84,-5.99,True,True,False,False,False,True,0.048,-0.005,True,True,HIGH
127.014,,-35.65,-155.0,-6.3,-38.41,12.58,-6.16,True,True,False,False,False,True,0.061,-0.008,True,True,HIGH
127.679,,-35.33,-157.42,-6.03,-37.96,11.13,-6.05,True,True,False,False,False,True,-0.055,-0.015,True,True,HIGH
127.813,,-33.3,-158.47,-6.05,-36.95,10.48,-6.05,True,True,False,False,False,True,-0.043,-0.014,True,True,HIGH
127.839,,-27.85,-161.6,-4.46,-35.8,9.86,-5.82,True,False,False,False,False,True,-0.059,0.004,True,True,HIGH
128.005,,-15.87,-163.16,-2.61,-25.12,7.19,-4.1,False,False,False,False,False,False,-0.025,-0.003,True,False,HIGH
128.032,,-3.08,-163.91,-0.43,-19.86,6.68,-3.47,False,False,False,False,False,False,-0.022,0.0,True,False,HIGH
128.207,,2.08,-167.24,-0.36,-6.58,3.38,-1.72,False,False,False,False,False,False,-0.012,-0.005,True,False,HIGH
128.229,,4.22,-169.01,-0.83,-4.67,2.71,-1.6,False,False,False,False,False,False,-0.022,-0.011,True,False,HIGH
128.399,,6.66,-169.18,-0.68,1.07,0.6,-1.1,False,False,False,False,False,False,-0.029,-0.002,True,False,HIGH
128.432,,7.28,-168.41,-0.92,2.06,0.43,-1.07,False,False,False,False,False,False,-0.017,-0.004,True,False,HIGH
128.611,,6.05,-167.99,-1.49,2.96,0.31,-1.29,False,False,False,False,False,False,0.015,0.057,False,False,HIGH
128.637,,7.49,-168.81,-1.24,3.33,0.17,-1.29,False,False,False,False,False,False,-0.048,0.01,True,False,HIGH
128.801,,7.9,-169.62,-1.0,4.48,-0.67,-1.14,False,False,False,False,False,False,-0.004,0.0,True,False,HIGH
128.831,,7.36,-169.19,-1.07,4.55,-0.72,-1.13,False,False,False,False,False,False,0.002,-0.005,True,False,HIGH
129.009,,6.43,-169.85,-1.18,4.2,-1.22,-1.16,False,False,False,False,False,False,0.011,-0.004,True,False,HIGH
129.031,,6.33,-169.82,-1.27,4.15,-1.27,-1.17,False,False,False,False,False,False,0.004,-0.004,True,False,HIGH
129.199,,5.93,-169.77,-1.04,3.77,-1.42,-1.1,False,False,False,False,False,False,0.004,-0.004,True,False,HIGH
129.232,,6.12,-170.22,-1.03,3.74,-1.53,-1.09,False,False,False,False,False,False,0.032,0.002,True,False,HIGH
129.41,,5.81,-169.53,-1.0,3.5,-1.42,-1.04,False,False,False,False,False,False,0.027,-0.001,True,False,HIGH
129.433,,6.12,-169.06,-0.95,3.51,-1.35,-1.03,False,False,False,False,False,False,0.015,0.057,False,False,HIGH
129.6,,6.59,-168.14,-0.82,3.8,-0.61,-0.92,False,False,False,False,False,False,-0.009,0.019,True,False,HIGH
129.633,,6.54,-168.96,-0.83,3.84,-0.63,-0.91,False,False,False,False,False,False,0.009,-0.005,True,False,HIGH
129.808,,6.61,-169.26,-0.93,3.97,-0.85,-0.92,False,False,False,False,False,False,0.011,-0.008,True,False,HIGH
129.83,,6.31,-169.05,-0.94,3.95,-0.85,-0.92,False,False,False,False,False,False,0.011,-0.011,True,False,HIGH
130.0,,6.18,-169.03,-0.94,3.8,-0.83,-0.93,False,False,False,False,False,False,0.033,0.003,True,False,HIGH
130.032,,5.87,-168.91,-0.85,3.72,-0.81,-0.92,False,False,False,False,False,False,0.029,-0.001,True,False,HIGH
130.208,,6.24,-168.69,-0.96,3.72,-0.64,-0.94,False,False,False,False,False,False,0.031,0.0,True,False,HIGH
130.231,,6.92,-169.08,-0.96,3.81,-0.67,-0.94,False,False,False,False,False,False,0.032,-0.002,True,False,HIGH
130.403,,6.43,-168.98,-1.05,3.86,-0.72,-1.0,False,False,False,False,False,False,0.032,-0.005,True,False,HIGH
130.432,,6.44,-169.15,-1.01,3.87,-0.75,-1.0,False,False,False,False,False,False,0.031,-0.003,True,False,HIGH
130.609,,7.01,-169.56,-0.93,4.2,-1.07,-0.96,False,False,False,False,False,False,0.034,-0.004,True,False,HIGH
130.631,,6.46,-169.79,-1.21,4.17,-1.13,-0.99,False,False,False,False,False,False,0.013,0.033,True,False,HIGH
130.8,,6.49,-169.94,-1.11,4.07,-1.45,-1.05,False,False,False,False,False,False,0.015,0.057,False,False,HIGH
130.832,,6.68,-168.59,-0.92,4.08,-1.26,-1.03,False,False,False,False,False,False,-0.002,0.018,True,False,MODERATE
131.008,,6.31,-169.26,-0.9,3.93,-1.15,-0.96,False,False,False,False,False,False,0.038,0.011,True,False,MODERATE
131.035,,6.66,-169.98,-0.65,3.96,-1.24,-0.92,False,False,False,False,False,False,0.05,0.015,True,False,MODERATE
131.296,,6.06,-169.21,-0.66,3.7,-1.09,-0.76,False,False,False,False,False,False,0.049,0.011,True,False,MODERATE
131.318,,5.91,-169.26,-0.75,3.66,-1.09,-0.76,False,False,False,False,False,False,0.051,0.009,True,False,MODERATE
131.423,,5.77,-169.22,-0.83,3.5,-1.06,-0.79,False,False,False,False,False,False,0.049,0.009,True,False,MODERATE
131.446,,5.78,-169.66,-0.78,3.46,-1.11,-0.78,False,False,False,False,False,False,0.049,0.011,True,False,MODERATE
131.705,,5.82,-169.36,-0.88,3.36,-1.13,-0.84,False,False,False,False,False,False,0.05,0.011,True,False,MODERATE
131.809,,5.87,-169.26,-0.83,3.36,-1.1,-0.84,False,False,False,False,False,False,0.051,0.01,True,False,MODERATE
131.914,,5.86,-169.35,-0.85,3.35,-1.12,-0.84,False,False,False,False,False,False,0.051,0.012,True,False,LOW
131.938,,6.15,-168.42,-1.07,3.39,-0.99,-0.87,False,False,False,False,False,False,0.015,0.057,False,False,LOW
132.099,,6.62,-168.59,-0.84,3.75,-0.68,-0.86,False,False,False,False,False,False,0.023,0.002,True,False,LOW
132.123,,6.38,-168.89,-0.76,3.76,-0.68,-0.84,False,False,False,False,False,False,0.024,-0.003,True,False,LOW
132.229,,6.46,-169.08,-0.72,3.83,-0.76,-0.79,False,False,False,False,False,False,0.031,-0.0,True,False,LOW
132.253,,6.31,-168.38,-0.74,3.83,-0.68,-0.79,False,False,False,False,False,False,0.029,-0.003,True,False,LOW
132.497,,7.68,-167.54,-0.66,4.64,0.15,-0.71,False,False,False,False,False,False,0.022,-0.002,True,False,LOW
132.521,,7.68,-167.51,-0.65,4.71,0.22,-0.7,False,False,False,False,False,False,0.021,-0.002,True,False,LOW
132.626,,10.73,-168.0,-1.0,6.2,0.22,-0.82,False,False,False,False,False,False,0.01,-0.006,True,False,LOW
132.65,,10.3,-166.84,-1.16,6.43,0.38,-0.87,False,False,False,False,False,False,0.015,0.057,False,False,LOW
132.895,,8.35,-169.08,-0.71,6.06,-0.38,-0.77,False,False,False,False,False,False,0.043,0.006,True,False,LOW
132.916,,8.85,-168.79,-0.6,6.09,-0.4,-0.75,False,False,False,False,False,False,0.042,0.008,True,False,LOW
133.019,,7.98,-168.62,-0.66,5.84,-0.41,-0.72,False,False,False,False,False,False,0.037,-0.001,True,False,LOW
133.042,,7.1,-166.4,-0.35,5.67,-0.11,-0.67,False,False,False,False,False,False,0.045,-0.002,True,False,LOW
133.302,,5.89,-166.66,-0.09,4.22,0.94,-0.31,False,False,False,False,False,False,0.038,-0.004,True,False,LOW
133.327,,5.87,-166.59,-0.01,4.09,1.04,-0.27,False,False,False,False,False,False,0.041,-0.006,True,False,LOW
133.435,,5.86,-166.51,-0.11,3.78,1.32,-0.2,False,False,False,False,False,False,0.038,-0.009,True,False,LOW
133.459,,6.12,-167.13,0.19,3.75,1.29,-0.15,False,False,False,False,False,False,0.06,0.008,True,False,LOW
133.708,,7.16,-164.82,0.75,4.3,2.6,0.41,False,False,False,False,False,False,0.059,0.005,True,False,LOW
133.732,,6.96,-165.03,0.68,4.31,2.68,0.44,False,False,False,False,False,False,0.056,0.008,True,False,LOW
133.851,,6.34,-165.92,0.66,4.1,2.51,0.54,False,False,False,False,False,False,0.055,0.01,True,False,LOW
133.874,,5.86,-166.36,0.65,4.0,2.43,0.55,False,False,False,False,False,False,0.052,0.013,True,False,LOW
134.108,,4.71,-164.49,-0.15,2.9,3.2,0.13,False,False,False,False,False,False,0.02,0.028,True,False,LOW
134.132,,4.88,-164.36,-0.08,2.83,3.29,0.11,False,False,False,False,False,False,0.003,0.022,True,False,LOW
134.248,,5.06,-166.05,0.05,2.7,2.81,0.08,False,False,False,False,False,False,0.054,0.018,True,False,LOW
134.272,,6.34,-166.22,-0.06,2.85,2.7,0.06,False,False,False,False,False,False,0.053,0.012,True,False,LOW
134.507,,5.8,-166.28,-0.14,3.11,2.24,-0.06,False,False,False,False,False,False,0.032,0.006,True,False,LOW
134.532,,5.93,-166.17,-0.13,3.15,2.21,-0.07,False,False,False,False,False,False,0.042,0.009,True,False,LOW
134.635,,6.5,-165.68,0.03,3.48,2.34,-0.03,False,False,False,False,False,False,0.03,0.001,True,False,LOW
134.658,,6.89,-165.45,0.1,3.6,2.39,-0.01,False,False,False,False,False,False,0.034,-0.004,True,False,LOW
134.896,,7.78,-165.86,0.26,4.62,2.37,0.15,False,False,False,False,False,False,0.037,-0.005,True,False,LOW
134.919,,7.78,-165.96,0.08,4.7,2.35,0.14,False,False,False,False,False,False,0.035,-0.004,True,False,LOW
135.023,,7.43,-166.1,0.16,4.79,2.26,0.15,False,False,False,False,False,False,0.035,-0.009,True,False,LOW
135.046,,7.52,-165.83,0.11,4.82,2.27,0.14,False,False,False,False,False,False,0.028,-0.011,True,False,LOW
135.297,,6.86,-165.34,0.21,4.52,2.64,0.18,False,False,False,False,False,False,0.032,-0.009,True,False,LOW
135.32,,7.02,-165.42,0.22,4.52,2.66,0.19,False,False,False,False,False,False,0.033,-0.008,True,False,LOW
135.425,,6.91,-165.09,0.19,4.47,2.84,0.19,False,False,False,False,False,False,0.032,-0.006,True,False,LOW
135.447,,6.91,-165.5,-0.03,4.46,2.83,0.16,False,False,False,False,False,False,0.032,-0.007,True,False,LOW
135.697,,7.21,-165.57,0.03,4.6,2.71,0.08,False,False,False,False,False,False,0.032,-0.007,True,False,LOW
135.722,,7.31,-165.73,0.02,4.63,2.68,0.07,False,False,False,False,False,False,0.034,-0.007,True,False,LOW
135.83,,7.43,-165.83,0.1,4.74,2.56,0.08,False,False,False,False,False,False,0.033,-0.007,True,False,LOW
135.853,,6.54,-164.35,-0.02,4.65,2.73,0.07,False,False,False,False,False,False,0.013,0.016,True,False,LOW
136.1,,6.69,-165.54,-0.02,4.36,2.69,0.02,False,False,False,False,False,False,0.035,0.01,True,False,LOW
136.124,,7.04,-165.51,0.01,4.38,2.69,0.01,False,False,False,False,False,False,0.036,0.01,True,False,LOW
136.231,,7.06,-165.44,-0.12,4.44,2.72,-0.04,False,False,False,False,False,False,0.028,-0.003,True,False,LOW
136.255,,7.27,-165.32,0.07,4.48,2.75,-0.03,False,False,False,False,False,False,0.033,-0.005,True,False,LOW
136.5,,7.37,-165.52,0.05,4.71,2.71,0.02,False,False,False,False,False,False,0.034,-0.006,True,False,LOW
136.526,,7.28,-165.52,0.05,4.71,2.71,0.02,False,False,False,False,False,False,0.033,-0.005,True,False,LOW
136.629,,7.19,-165.3,-0.03,4.7,2.79,0.0,False,False,False,False,False,False,0.036,-0.007,True,False,LOW
136.653,,7.16,-165.41,0.1,4.69,2.79,0.02,False,False,False,False,False,False,0.036,-0.004,True,False,LOW
136.895,,7.07,-165.86,0.1,4.61,2.52,0.07,False,False,False,False,False,False,0.035,-0.007,True,False,LOW
136.918,,7.08,-165.65,0.13,4.6,2.53,0.07,False,False,False,False,False,False,0.035,-0.006,True,False,LOW
137.022,,7.14,-165.76,0.06,4.61,2.5,0.07,False,False,False,False,False,False,0.038,-0.005,True,False,LOW
137.044,,7.08,-165.77,0.07,4.6,2.49,0.07,False,False,False,False,False,False,0.037,-0.005,True,False,LOW
137.295,,7.52,-166.29,0.23,4.85,2.14,0.17,False,False,False,False,False,False,0.041,-0.008,True,False,LOW
137.32,,7.45,-166.1,0.15,4.86,2.14,0.17,False,False,False,False,False,False,0.039,-0.007,True,False,LOW
137.423,,7.29,-166.25,0.15,4.82,2.07,0.16,False,False,False,False,False,False,0.041,-0.008,True,False,LOW
137.447,,6.88,-165.43,0.25,4.76,2.16,0.17,False,False,False,False,False,False,0.037,0.005,True,False,LOW
137.697,,7.03,-164.73,-0.05,4.61,2.98,0.04,False,False,False,False,False,False,-0.006,0.013,True,False,LOW
137.722,,6.73,-164.91,-0.1,4.55,3.02,0.02,False,False,False,False,False,False,-0.001,0.011,True,False,LOW
137.828,,7.32,-165.44,-0.11,4.65,2.92,-0.03,False,False,False,False,False,False,0.005,-0.001,True,False,LOW
137.851,,7.11,-165.55,-0.14,4.64,2.89,-0.05,False,False,False,False,False,False,-0.003,-0.003,True,False,LOW
138.096,,7.37,-166.06,-0.54,4.77,2.44,-0.35,False,False,False,False,False,False,-0.056,0.008,True,False,LOW
138.119,,7.4,-165.97,-0.54,4.78,2.41,-0.37,False,False,False,False,False,False,-0.054,0.01,True,False,LOW
138.223,,8.61,-163.68,-0.44,5.31,3.27,-0.4,False,False,False,False,False,False,-0.045,0.007,True,False,LOW
138.371,,12.28,-162.55,-0.33,7.58,4.47,-0.37,False,False,False,False,False,False,-0.089,0.021,True,False,LOW
138.494,,26.89,-161.42,-0.33,16.55,5.53,-0.35,False,False,False,False,True,True,-0.128,0.012,True,False,LOW
138.518,,25.7,-160.78,-0.04,17.85,5.81,-0.31,False,False,False,False,True,True,-0.138,0.018,True,False,LOW
138.623,,31.06,-159.98,-0.58,23.51,6.86,-0.42,False,False,False,False,True,True,-0.142,0.019,True,False,LOW
138.648,,33.74,-159.11,0.62,25.32,7.24,-0.27,False,False,False,False,True,True,-0.108,0.015,True,False,LOW
138.897,,33.76,-158.69,0.87,29.42,8.69,0.43,False,False,False,False,False,False,-0.079,0.023,True,False,LOW
138.919,,34.19,-158.93,1.05,29.81,8.77,0.51,False,False,False,False,False,False,-0.089,0.024,True,False,LOW
139.025,,34.83,-158.35,1.42,31.0,9.23,0.89,False,False,False,False,False,False,-0.082,0.028,True,False,LOW
139.046,,35.14,-157.9,1.49,31.26,9.38,0.97,False,False,False,False,False,False,-0.072,0.03,True,False,LOW
139.296,,35.73,-158.63,1.26,32.52,9.5,1.15,True,False,False,False,True,True,-0.125,0.029,True,True,LOW
139.319,,35.73,-158.76,1.19,32.62,9.5,1.15,True,False,False,False,True,True,-0.126,0.03,True,True,LOW
139.425,,36.04,-158.88,1.14,33.01,9.43,1.15,True,False,False,False,True,True,-0.129,0.026,True,True,LOW
139.447,,36.28,-159.42,0.97,33.11,9.35,1.13,True,False,False,False,True,True,-0.126,0.025,True,True,LOW
139.696,,35.95,-159.33,0.82,33.31,9.06,0.94,True,False,False,False,False,True,-0.086,0.024,True,True,LOW
139.723,,35.99,-159.39,0.79,33.33,9.03,0.92,True,False,False,False,False,True,-0.096,0.029,True,True,LOW
139.83,,35.75,-159.3,0.79,33.29,8.98,0.87,True,False,False,False,False,True,-0.085,0.023,True,True,LOW
139.853,,36.04,-159.6,0.63,33.32,8.93,0.84,True,False,False,False,False,True,-0.084,0.027,True,True,LOW
140.097,,36.27,-159.72,0.64,33.58,8.66,0.72,True,False,False,False,True,True,-0.105,0.028,True,True,LOW
140.122,,36.37,-159.51,0.71,33.62,8.67,0.72,True,False,False,False,True,True,-0.101,0.027,True,True,LOW
140.225,,36.56,-159.49,0.6,33.79,8.69,0.67,True,False,False,False,False,True,-0.094,0.025,True,True,LOW
140.248,,36.43,-159.47,0.59,33.8,8.69,0.66,True,False,False,False,False,True,-0.085,0.027,True,True,LOW
140.497,,36.12,-159.29,0.66,33.68,8.83,0.66,True,False,False,False,False,True,-0.083,0.025,True,True,LOW
140.527,,36.21,-159.41,0.61,33.68,8.83,0.65,True,False,False,False,False,True,-0.084,0.025,True,True,LOW
140.632,,36.63,-159.28,0.82,33.85,8.87,0.72,True,False,False,False,False,True,-0.071,0.02,True,True,LOW
140.655,,36.69,-159.81,0.34,33.89,8.81,0.67,True,False,False,False,False,True,-0.067,0.019,True,True,LOW
140.907,,36.74,-159.77,0.35,34.09,8.58,0.47,True,False,False,False,False,True,-0.085,0.025,True,True,LOW
140.932,,36.56,-159.47,0.59,34.09,8.6,0.49,True,False,False,False,False,True,-0.088,0.025,True,True,LOW
141.038,,36.48,-159.44,0.38,34.04,8.67,0.44,True,False,False,False,False,True,-0.088,0.024,True,True,LOW
141.063,,36.45,-159.61,0.54,34.02,8.66,0.46,True,False,False,False,False,True,-0.091,0.028,True,True,LOW
141.298,,36.7,-160.17,0.26,34.12,8.29,0.34,True,False,False,False,True,True,0.031,0.06,True,True,LOW
141.321,,36.47,-159.88,0.62,34.1,8.29,0.38,True,False,False,False,True,True,0.059,0.049,True,True,LOW
141.431,,36.06,-159.03,0.73,33.87,8.66,0.52,True,False,False,False,True,True,-0.1,0.063,True,True,MODERATE
141.458,,36.61,-159.23,0.76,33.9,8.71,0.56,True,False,False,False,True,True,-0.111,0.046,True,True,MODERATE
141.706,,36.7,-159.53,0.82,34.07,8.69,0.72,True,False,False,False,False,True,-0.093,0.028,True,True,MODERATE
141.73,,36.43,-159.14,0.94,34.05,8.74,0.75,True,False,False,False,False,True,-0.076,0.021,True,True,MODERATE
141.846,,36.45,-159.29,0.81,34.0,8.82,0.77,True,False,False,False,False,True,-0.081,0.021,True,True,MODERATE
141.869,,36.38,-159.32,1.09,33.98,8.83,0.81,True,False,False,False,False,True,-0.081,0.018,True,True,MODERATE
142.108,,36.38,-159.52,1.1,33.91,8.74,0.99,True,False,False,False,False,True,-0.074,0.022,True,True,MODERATE
142.132,,36.2,-159.54,0.93,33.88,8.73,0.98,True,False,False,False,False,True,-0.07,0.019,True,True,MODERATE
142.249,,36.1,-159.47,0.92,33.75,8.74,0.95,True,False,False,False,False,True,-0.07,0.02,True,True,MODERATE
142.346,,36.45,-159.69,0.83,33.82,8.65,0.91,True,False,False,False,False,True,-0.065,0.015,True,True,HIGH
142.506,,36.02,-159.57,1.04,33.66,8.65,0.97,True,False,False,False,False,True,-0.066,0.02,True,False,HIGH
142.529,,35.97,-159.92,0.8,33.63,8.6,0.95,True,False,False,False,False,True,-0.068,0.017,True,False,HIGH
142.633,,36.01,-159.72,0.88,33.58,8.56,0.92,True,False,False,False,False,True,-0.068,0.016,True,False,HIGH
142.657,,36.01,-159.66,0.96,33.56,8.56,0.93,True,False,False,False,False,True,-0.057,0.015,True,False,HIGH
142.896,,35.75,-159.71,0.98,33.36,8.52,0.96,True,False,False,False,False,True,-0.044,0.012,True,True,HIGH
142.92,,35.26,-159.62,0.78,33.28,8.53,0.94,True,False,False,False,False,True,-0.062,0.011,True,True,HIGH
143.022,,35.5,-159.54,0.86,33.16,8.59,0.91,True,False,False,False,False,True,-0.051,0.013,True,True,HIGH
143.045,,35.68,-159.73,0.88,33.16,8.57,0.9,True,False,False,False,False,True,-0.06,0.012,True,True,HIGH
143.295,,36.07,-159.93,0.9,33.4,8.39,0.9,True,False,False,False,False,True,-0.063,0.014,True,True,HIGH
143.96,,28.41,-163.24,-0.06,27.27,5.62,0.12,False,False,False,False,True,True,0.049,0.039,True,True,HIGH
144.097,,10.84,-165.0,-0.98,16.65,4.46,-0.39,False,False,False,False,False,False,0.005,-0.006,True,False,HIGH
144.121,,5.02,-165.68,-0.82,13.42,4.18,-0.45,False,False,False,False,False,False,0.031,0.002,True,False,HIGH
144.228,,6.94,-166.83,-0.32,8.48,2.95,-0.4,False,False,False,False,False,False,0.041,0.003,True,False,HIGH
144.253,,3.02,-164.84,-0.39,6.57,3.02,-0.4,False,False,False,False,False,False,0.03,-0.002,True,False,HIGH
144.498,,-0.59,-166.06,-0.48,-0.27,2.48,-0.45,False,False,False,False,False,False,0.03,0.0,True,False,HIGH
144.521,,-1.49,-165.29,-0.47,-0.96,2.53,-0.45,False,False,False,False,False,False,0.022,0.01,True,False,HIGH
144.626,,-0.66,-166.04,-0.22,-2.05,2.39,-0.36,False,False,False,False,False,False,0.021,0.01,True,False,HIGH
144.649,,0.57,-165.19,-0.02,-2.03,2.47,-0.32,False,False,False,False,False,False,0.015,0.057,False,False,HIGH
144.908,,1.43,-165.65,0.01,-1.42,2.52,-0.11,False,False,False,False,False,False,0.021,0.007,True,False,HIGH
144.935,,1.43,-165.78,0.11,-1.37,2.51,-0.08,False,False,False,False,False,False,0.022,-0.003,True,False,HIGH
145.045,,1.66,-165.45,0.18,-1.16,2.61,0.03,False,False,False,False,False,False,0.024,-0.003,True,False,HIGH
145.07,,1.98,-165.72,0.16,-1.07,2.6,0.05,False,False,False,False,False,False,0.029,-0.001,True,False,HIGH
145.309,,2.53,-165.75,0.06,-0.42,2.51,0.05,False,False,False,False,False,False,0.038,0.001,True,False,HIGH
145.335,,2.32,-165.69,0.03,-0.39,2.52,0.05,False,False,False,False,False,False,0.037,-0.0,True,False,HIGH
145.437,,2.31,-165.98,-0.05,-0.32,2.4,0.01,False,False,False,False,False,False,0.037,0.0,True,False,HIGH
145.462,,2.2,-166.46,0.21,-0.32,2.31,0.04,False,False,False,False,False,False,0.034,-0.001,True,False,HIGH
145.697,,2.15,-165.58,0.02,-0.35,2.5,0.03,False,False,False,False,False,False,0.033,-0.002,True,False,HIGH
145.72,,2.28,-165.61,-0.05,-0.33,2.51,0.02,False,False,False,False,False,False,0.025,-0.007,True,False,HIGH
145.825,,2.26,-165.69,-0.04,-0.3,2.52,-0.01,False,False,False,False,False,False,0.026,-0.009,True,False,HIGH
145.847,,1.92,-164.94,-0.05,-0.34,2.61,-0.01,False,False,False,False,False,False,0.007,-0.009,True,False,HIGH
146.098,,2.76,-165.46,-0.42,0.02,2.7,-0.26,False,False,False,False,False,False,-0.024,-0.003,True,False,HIGH
146.121,,2.94,-165.47,-0.36,0.07,2.7,-0.27,False,False,False,False,False,False,-0.024,-0.003,True,False,HIGH
146.227,,3.14,-165.43,-0.43,0.29,2.73,-0.34,False,False,False,False,False,False,-0.021,-0.003,True,False,HIGH
146.251,,2.52,-165.41,-0.06,0.25,2.74,-0.3,False,False,False,False,False,False,0.027,0.001,True,False,HIGH
146.497,,2.25,-165.65,-0.29,-0.06,2.63,-0.29,False,False,False,False,False,False,0.031,0.001,True,False,HIGH
146.519,,1.98,-164.95,-0.3,-0.12,2.71,-0.29,False,False,False,False,False,False,0.015,0.057,False,False,HIGH
146.623,,1.39,-165.4,-0.39,-0.53,2.75,-0.33,False,False,False,False,False,False,0.015,0.057,False,False,HIGH
146.647,,1.68,-165.64,-0.43,-0.57,2.73,-0.35,False,False,False,False,False,False,0.018,0.0,True,False,HIGH
146.904,,1.77,-164.35,-0.51,-0.68,3.43,-0.45,False,False,False,False,False,False,0.015,0.057,False,False,MODERATE
146.926,,1.15,-164.51,-0.46,-0.77,3.47,-0.45,False,False,False,False,False,False,0.012,0.009,True,False,MODERATE
147.031,,1.36,-164.77,-0.29,-0.93,3.46,-0.39,False,False,False,False,False,False,0.014,0.009,True,False,MODERATE
147.054,,1.86,-165.58,-0.27,-0.9,3.35,-0.37,False,False,False,False,False,False,0.02,0.0,True,False,MODERATE
147.297,,2.05,-165.12,-0.43,-0.64,3.19,-0.41,False,False,False,False,False,False,0.007,-0.006,True,False,MODERATE
147.321,,2.48,-165.85,-0.39,-0.56,3.08,-0.4,False,False,False,False,False,False,0.026,0.002,True,False,MODERATE
147.426,,2.49,-165.79,-0.38,-0.34,2.81,-0.39,False,False,False,False,False,False,0.025,0.002,True,False,MODERATE
147.449,,2.59,-165.53,-0.48,-0.29,2.79,-0.41,False,False,False,False,False,False,0.024,0.003,True,False,MODERATE
147.695,,3.31,-165.48,-0.55,0.37,2.75,-0.49,False,False,False,False,False,False,0.024,-0.003,True,False,LOW
147.718,,2.59,-165.26,-0.77,0.34,2.78,-0.53,False,False,False,False,False,False,0.015,0.057,False,False,LOW
147.825,,1.75,-165.25,-0.88,-0.11,2.85,-0.67,False,False,False,False,False,False,-0.002,0.03,True,False,LOW
147.852,,2.15,-165.39,-0.63,-0.15,2.85,-0.67,False,False,False,False,False,False,-0.005,0.006,True,False,LOW
148.101,,2.76,-165.91,-0.41,0.09,2.51,-0.51,False,False,False,False,False,False,0.026,-0.003,True,False,LOW
148.138,,3.04,-165.83,-0.27,0.17,2.49,-0.46,False,False,False,False,False,False,0.025,-0.007,True,False,LOW
148.245,,3.24,-166.05,-0.3,0.39,2.36,-0.4,False,False,False,False,False,False,0.027,-0.007,True,False,LOW
148.269,,3.36,-166.11,-0.44,0.45,2.32,-0.4,False,False,False,False,False,False,0.028,-0.006,True,False,LOW
148.504,,3.2,-166.26,-0.32,0.59,2.1,-0.35,False,False,False,False,False,False,0.024,-0.005,True,False,LOW
148.527,,2.99,-165.82,-0.44,0.57,2.13,-0.36,False,False,False,False,False,False,0.026,-0.003,True,False,LOW
148.632,,3.02,-165.64,-0.37,0.54,2.31,-0.37,False,False,False,False,False,False,0.026,-0.003,True,False,LOW
148.656,,2.83,-166.32,-0.39,0.51,2.26,-0.37,False,False,False,False,False,False,0.025,-0.003,True,False,LOW
148.897,,2.92,-166.08,-0.4,0.45,2.18,-0.39,False,False,False,False,False,False,0.029,-0.001,True,False,LOW
148.921,,3.14,-166.22,-0.5,0.47,2.15,-0.4,False,False,False,False,False,False,0.034,0.001,True,False,LOW
149.026,,3.13,-165.99,-0.45,0.52,2.18,-0.42,False,False,False,False,False,False,0.032,-0.0,True,False,LOW
149.049,,3.17,-166.26,-0.5,0.54,2.15,-0.43,False,False,False,False,False,False,0.045,0.008,True,False,LOW
149.296,,2.63,-166.16,-0.46,0.28,2.09,-0.45,False,False,False,False,False,False,0.045,0.012,True,False,LOW
149.32,,2.34,-166.58,-0.55,0.22,2.03,-0.46,False,False,False,False,False,False,0.046,0.011,True,False,LOW
149.422,,2.45,-166.43,-0.59,0.1,1.93,-0.51,False,False,False,False,False,False,0.045,0.011,True,False,LOW
149.445,,1.97,-166.55,-0.58,0.02,1.89,-0.52,False,False,False,False,False,False,0.045,0.011,True,False,LOW
149.709,,2.27,-166.04,-0.65,-0.15,2.07,-0.6,False,False,False,False,False,False,0.028,-0.002,True,False,LOW
149.735,,3.35,-166.33,-0.57,-0.02,2.04,-0.6,False,False,False,False,False,False,0.029,0.0,True,False,LOW
149.853,,3.13,-166.09,-0.51,0.26,2.08,-0.56,False,False,False,False,False,False,0.027,0.002,True,False,LOW
149.874,,3.33,-166.82,-0.62,0.32,1.99,-0.57,False,False,False,False,False,False,0.034,-0.002,True,False,LOW
150.11,,3.58,-166.4,-0.5,0.77,1.88,-0.53,False,False,False,False,False,False,0.03,-0.002,True,False,LOW
150.132,,3.3,-164.54,-0.59,0.77,2.11,-0.53,False,False,False,False,False,False,0.015,0.057,False,False,LOW
150.249,,2.63,-164.43,-0.77,0.49,2.85,-0.63,False,False,False,False,False,False,0.015,0.057,False,False,LOW
150.272,,2.56,-165.33,-0.43,0.43,2.85,-0.61,False,False,False,False,False,False,0.008,0.017,True,False,LOW
150.507,,3.44,-166.48,-0.69,0.72,2.18,-0.66,False,False,False,False,False,False,0.027,-0.003,True,False,LOW
150.531,,3.52,-166.4,-0.67,0.76,2.13,-0.66,False,False,False,False,False,False,0.028,-0.003,True,False,LOW
150.635,,3.1,-166.36,-0.61,0.69,2.02,-0.64,False,False,False,False,False,False,0.027,-0.002,True,False,LOW
150.659,,3.27,-166.43,-0.63,0.7,1.99,-0.64,False,False,False,False,False,False,0.029,-0.003,True,False,LOW
150.897,,3.28,-166.77,-0.6,0.73,1.66,-0.62,False,False,False,False,False,False,0.031,-0.004,True,False,LOW
150.921,,3.4,-166.21,-0.48,0.75,1.7,-0.6,False,False,False,False,False,False,0.046,0.009,True,False,LOW
151.026,,3.55,-166.26,-0.5,0.86,1.8,-0.56,False,False,False,False,False,False,0.048,0.011,True,False,LOW
151.048,,3.46,-166.56,-0.43,0.87,1.78,-0.54,False,False,False,False,False,False,0.047,0.008,True,False,LOW
151.295,,3.56,-166.95,-0.52,0.98,1.46,-0.53,False,False,False,False,False,False,0.048,0.008,True,False,LOW
151.318,,3.78,-166.95,-0.48,1.01,1.44,-0.52,False,False,False,False,False,False,0.049,0.007,True,False,LOW
151.421,,3.87,-167.06,-0.52,1.15,1.32,-0.52,False,False,False,False,False,False,0.051,0.006,True,False,LOW
151.444,,3.64,-167.09,-0.48,1.14,1.3,-0.52,False,False,False,False,False,False,0.047,0.006,True,False,LOW
151.696,,3.53,-165.83,-0.67,1.06,1.96,-0.61,False,False,False,False,False,False,0.039,0.012,True,False,LOW
151.72,,3.49,-166.73,-0.57,1.05,1.9,-0.61,False,False,False,False,False,False,0.044,0.014,True,False,LOW
151.888,,3.39,-167.0,-0.62,0.96,1.54,-0.61,False,False,False,False,False,False,0.041,0.008,True,False,LOW
151.913,,3.49,-167.07,-0.58,0.96,1.49,-0.61,False,False,False,False,False,False,0.043,0.006,True,False,LOW
152.096,,4.76,-165.87,-1.07,1.65,1.95,-0.86,False,False,False,False,False,False,0.015,0.057,False,False,LOW
152.117,,3.58,-165.6,-0.6,1.58,2.02,-0.83,False,False,False,False,False,False,0.027,0.005,True,False,LOW
152.289,,4.12,-166.7,-0.59,1.59,1.76,-0.7,False,False,False,False,False,False,0.029,-0.003,True,False,LOW
152.313,,3.95,-166.73,-0.65,1.57,1.72,-0.7,False,False,False,False,False,False,0.03,-0.006,True,False,LOW
152.496,,3.63,-167.41,-0.67,1.32,1.22,-0.68,False,False,False,False,False,False,0.029,-0.002,True,False,LOW
152.52,,4.45,-166.43,-0.6,1.4,1.29,-0.67,False,False,False,False,False,False,0.054,0.009,True,False,LOW
152.69,,4.14,-167.51,-0.61,1.51,0.98,-0.64,False,False,False,False,False,False,0.049,0.011,True,False,LOW
152.714,,3.92,-167.25,-0.58,1.5,0.98,-0.63,False,False,False,False,False,False,0.046,0.009,True,False,LOW
152.9,,4.59,-167.45,-0.73,1.81,0.86,-0.68,False,False,False,False,False,False,0.054,0.007,True,False,LOW
152.921,,4.47,-167.39,-0.63,1.83,0.86,-0.68,False,False,False,False,False,False,0.048,0.006,True,False,LOW
153.09,,4.48,-166.44,-0.87,1.9,1.33,-0.78,False,False,False,False,False,False,0.015,0.057,False,False,LOW
153.113,,4.18,-166.38,-0.85,1.87,1.4,-0.79,False,False,False,False,False,False,0.015,0.057,False,False,LOW
153.301,,4.29,-166.84,-0.67,1.81,1.38,-0.72,False,False,False,False,False,False,0.023,0.004,True,False,LOW
153.325,,4.98,-166.58,-0.72,1.9,1.41,-0.72,False,False,False,False,False,False,0.027,0.002,True,False,LOW
153.491,,6.07,-165.88,-0.9,2.76,1.89,-0.81,False,False,False,False,False,False,0.036,0.0,True,False,LOW
153.513,,5.6,-165.59,-1.0,2.8,1.98,-0.84,False,False,False,False,False,False,0.026,0.001,True,False,LOW
153.7,,17.7,-163.62,-0.12,10.22,3.44,-0.45,False,False,False,False,False,False,-0.075,0.01,True,False,LOW
153.725,,26.62,-163.78,0.41,13.24,3.59,-0.33,False,False,False,False,True,True,-0.117,0.013,True,False,LOW
153.893,,32.25,-160.05,1.41,23.88,6.09,0.59,False,False,False,False,False,False,-0.093,0.012,True,False,LOW
153.917,,33.16,-160.58,1.71,25.38,6.33,0.75,False,False,False,False,True,True,-0.119,0.012,True,False,LOW
154.232,,37.13,-159.1,0.23,32.21,8.24,0.4,True,False,False,False,False,True,-0.066,0.015,True,False,LOW
154.254,,38.73,-159.59,0.58,32.91,8.29,0.42,True,False,False,False,True,True,-0.086,0.035,True,False,LOW
154.361,,38.91,-159.67,0.1,34.6,8.39,0.29,True,False,False,False,False,True,-0.067,0.021,True,True,LOW
154.385,,38.81,-159.89,-0.22,34.9,8.38,0.22,True,False,False,False,False,True,-0.069,0.027,True,True,LOW
154.504,,39.15,-160.53,-0.36,35.75,8.08,-0.03,True,False,False,False,False,True,-0.075,0.026,True,True,LOW
154.527,,39.49,-160.53,-0.36,35.94,8.03,-0.07,True,False,False,False,False,True,-0.064,0.028,True,True,LOW
154.693,,38.96,-160.23,-0.03,36.21,8.0,-0.05,True,False,False,False,False,True,-0.062,0.018,True,True,LOW
154.72,,39.28,-159.81,0.12,36.3,8.06,-0.03,True,False,False,False,False,True,-0.058,0.01,True,True,LOW
154.901,,39.33,-159.78,0.17,36.58,8.26,0.08,True,False,False,False,False,True,-0.045,0.009,True,True,LOW
154.924,,39.28,-159.98,0.34,36.61,8.26,0.11,True,False,False,False,False,True,-0.047,0.006,True,True,LOW
155.095,,39.22,-159.48,0.48,36.66,8.5,0.3,True,False,False,False,False,True,-0.054,0.017,True,True,LOW
155.119,,39.22,-159.84,0.43,36.66,8.49,0.32,True,False,False,False,False,True,-0.064,0.02,True,True,LOW
155.303,,38.97,-159.19,0.63,36.55,8.77,0.49,True,False,False,False,False,True,-0.079,0.021,True,True,LOW
155.33,,39.08,-159.8,0.22,36.55,8.72,0.45,True,False,False,False,False,True,-0.077,0.02,True,True,LOW
155.494,,39.07,-159.57,0.3,36.55,8.68,0.37,True,False,False,False,False,True,-0.071,0.016,True,True,LOW
155.518,,39.11,-159.77,0.24,36.56,8.65,0.36,True,False,False,False,False,True,-0.073,0.016,True,True,LOW
155.704,,39.15,-160.05,0.2,36.6,8.38,0.27,True,False,False,False,False,True,-0.079,0.02,True,True,LOW
155.734,,39.22,-159.28,0.61,36.61,8.47,0.33,True,False,False,False,False,True,-0.075,0.028,True,True,LOW
155.895,,39.5,-160.33,0.16,36.8,8.17,0.24,True,False,False,False,True,True,0.058,0.065,True,True,LOW
155.918,,39.94,-159.14,0.68,36.88,8.29,0.3,True,False,False,False,True,True,0.049,0.067,True,True,LOW
156.104,,39.5,-159.08,0.25,36.93,8.75,0.27,True,False,False,False,True,True,-0.1,0.036,True,False,LOW
156.128,,39.4,-158.78,0.62,36.93,8.84,0.32,True,False,False,False,False,True,-0.081,0.035,True,False,LOW
156.295,,39.33,-159.96,0.02,36.87,8.54,0.17,True,False,False,False,False,True,-0.073,0.024,True,True,LOW
156.319,,39.36,-159.68,0.15,36.86,8.54,0.16,True,False,False,False,False,True,-0.059,0.022,True,True,LOW
156.503,,38.91,-159.83,0.11,36.61,8.45,0.13,True,False,False,False,False,True,-0.068,0.017,True,True,LOW
156.527,,38.91,-159.22,0.28,36.58,8.52,0.15,True,False,False,False,False,True,-0.076,0.022,True,True,LOW
156.7,,39.11,-160.09,-0.09,36.58,8.31,0.03,True,False,False,False,False,True,-0.075,0.021,True,True,MODERATE
156.725,,38.88,-159.62,0.1,36.55,8.35,0.04,True,False,False,False,False,True,-0.071,0.022,True,True,MODERATE
156.903,,38.73,-159.75,0.17,36.37,8.41,0.11,True,False,False,False,False,True,-0.071,0.017,True,True,MODERATE
156.926,,38.8,-159.44,0.21,36.36,8.46,0.12,True,False,False,False,False,True,-0.068,0.017,True,True,MODERATE
157.093,,38.7,-159.85,0.02,36.27,8.41,0.07,True,False,False,False,False,True,-0.068,0.015,True,True,MODERATE
157.118,,38.66,-159.41,0.29,36.25,8.46,0.1,True,False,False,False,False,True,-0.063,0.017,True,True,MODERATE
157.305,,38.72,-160.05,-0.02,36.22,8.3,0.03,True,False,False,False,False,True,-0.062,0.015,True,True,MODERATE
157.33,,38.71,-159.85,0.02,36.22,8.31,0.03,True,False,False,False,False,True,-0.052,0.015,True,True,MODERATE
157.499,,38.38,-159.51,0.15,36.03,8.51,0.09,True,False,False,False,False,True,-0.025,0.006,True,False,MODERATE
157.608,,38.39,-159.59,0.18,35.97,8.56,0.13,True,False,False,False,False,True,-0.025,0.007,True,False,MODERATE
157.735,,38.87,-159.47,0.16,36.14,8.64,0.14,True,False,False,False,False,True,-0.068,0.02,True,True,MODERATE
157.761,,38.84,-160.05,-0.43,36.16,8.57,0.06,True,False,False,False,False,True,-0.034,0.016,True,True,MODERATE
157.898,,38.57,-159.93,-0.1,36.11,8.44,-0.01,True,False,False,False,False,True,-0.026,0.01,True,True,HIGH
157.923,,38.64,-159.69,-0.03,36.11,8.45,-0.02,True,False,False,False,False,True,-0.025,0.011,True,True,HIGH
158.106,,38.58,-159.77,-0.02,36.08,8.44,-0.02,True,False,False,False,False,True,-0.031,0.011,True,True,HIGH
158.13,,38.32,-159.82,-0.1,36.05,8.44,-0.03,True,False,False,False,False,True,-0.034,0.006,True,True,HIGH
158.296,,38.4,-159.65,-0.02,35.96,8.5,-0.02,True,False,False,False,False,True,-0.029,0.008,True,True,HIGH
158.319,,38.46,-159.79,-0.16,35.96,8.49,-0.04,True,False,False,False,False,True,-0.032,0.008,True,True,HIGH
158.507,,38.16,-159.93,-0.0,35.79,8.38,-0.02,True,False,False,False,False,True,-0.032,0.004,True,True,HIGH
158.532,,38.35,-159.97,-0.12,35.79,8.36,-0.03,True,False,False,False,False,True,-0.022,0.005,True,True,HIGH
158.7,,38.18,-159.97,-0.28,35.72,8.3,-0.16,True,False,False,False,False,True,-0.01,0.004,True,True,HIGH
159.355,,6.61,-164.27,-1.14,9.16,4.77,-0.95,False,False,False,False,False,False,0.039,-0.002,True,True,HIGH
159.49,,2.98,-164.68,-1.42,4.51,4.18,-1.17,False,False,False,False,False,False,0.037,0.005,True,False,HIGH
159.514,,4.39,-165.16,-0.87,4.05,4.02,-1.13,False,False,False,False,False,False,0.029,0.006,True,False,HIGH
159.697,,-0.46,-163.54,-1.25,-0.21,4.37,-1.19,False,False,False,False,False,False,0.022,-0.001,True,False,HIGH
159.722,,-0.2,-164.47,-1.32,-0.66,4.28,-1.21,False,False,False,False,False,False,0.031,-0.006,True,False,HIGH
159.888,,-0.98,-164.93,-1.16,-2.27,3.76,-1.18,False,False,False,False,False,False,0.026,-0.006,True,False,HIGH
159.91,,-1.09,-164.91,-1.17,-2.47,3.7,-1.18,False,False,False,False,False,False,0.025,-0.006,True,False,HIGH
160.096,,-0.31,-164.12,-1.05,-2.67,3.91,-1.11,False,False,False,False,False,False,0.015,-0.004,True,False,HIGH
160.117,,0.6,-164.71,-0.92,-2.58,3.86,-1.09,False,False,False,False,False,False,0.019,-0.002,True,False,HIGH
160.288,,0.94,-164.59,-0.8,-2.06,3.74,-0.94,False,False,False,False,False,False,0.022,-0.003,True,False,HIGH
160.312,,0.95,-164.65,-0.87,-1.99,3.71,-0.93,False,False,False,False,False,False,0.022,-0.003,True,False,HIGH
160.5,,1.36,-164.65,-0.94,-1.54,3.63,-0.94,False,False,False,False,False,False,0.022,-0.002,True,False,HIGH
160.526,,1.35,-164.45,-1.05,-1.49,3.65,-0.95,False,False,False,False,False,False,0.009,-0.003,True,False,HIGH
160.693,,0.91,-164.91,-1.17,-1.55,3.47,-1.06,False,False,False,False,False,False,0.009,-0.003,True,False,HIGH
160.719,,0.73,-164.95,-1.21,-1.58,3.44,-1.08,False,False,False,False,False,False,0.01,-0.003,True,False,HIGH
160.902,,1.01,-164.49,-1.07,-1.54,3.59,-1.08,False,False,False,False,False,False,0.027,-0.003,True,False,HIGH
160.925,,1.05,-164.88,-1.08,-1.53,3.56,-1.08,False,False,False,False,False,False,0.023,-0.001,True,False,HIGH
161.094,,1.01,-163.92,-1.22,-1.52,3.94,-1.15,False,False,False,False,False,False,0.015,0.057,False,False,HIGH
161.119,,0.8,-164.22,-1.47,-1.55,3.94,-1.19,False,False,False,False,False,False,0.015,0.057,False,False,HIGH
161.3,,0.75,-164.74,-1.16,-1.67,3.69,-1.18,False,False,False,False,False,False,0.021,-0.001,True,False,HIGH
161.324,,1.36,-164.75,-1.08,-1.6,3.66,-1.16,False,False,False,False,False,False,0.025,-0.003,True,False,HIGH
161.5,,1.15,-164.88,-1.08,-1.48,3.49,-1.12,False,False,False,False,False,False,0.026,-0.005,True,False,HIGH
161.522,,1.24,-164.82,-1.01,-1.45,3.47,-1.11,False,False,False,False,False,False,0.03,-0.006,True,False,HIGH
161.701,,1.04,-163.97,-1.07,-1.47,3.88,-1.09,False,False,False,False,False,False,0.029,-0.007,True,False,HIGH
161.725,,0.87,-164.53,-1.03,-1.49,3.85,-1.08,False,False,False,False,False,False,0.027,-0.003,True,False,HIGH
161.894,,1.18,-164.34,-0.98,-1.41,3.86,-1.03,False,False,False,False,False,False,0.023,-0.001,True,False,HIGH
161.918,,1.18,-164.3,-0.99,-1.4,3.87,-1.02,False,False,False,False,False,False,0.023,-0.001,True,False,HIGH
162.102,,1.35,-164.64,-1.02,-1.28,3.71,-1.02,False,False,False,False,False,False,0.028,0.0,True,False,MODERATE
162.125,,1.32,-164.49,-1.21,-1.27,3.71,-1.05,False,False,False,False,False,False,0.023,-0.002,True,False,MODERATE
162.295,,1.38,-164.55,-1.11,-1.2,3.68,-1.08,False,False,False,False,False,False,0.028,-0.005,True,False,MODERATE
162.318,,1.55,-164.7,-1.01,-1.17,3.66,-1.07,False,False,False,False,False,False,0.029,-0.004,True,False,MODERATE
162.504,,0.74,-164.57,-1.22,-1.5,3.65,-1.15,False,False,False,False,False,False,0.028,-0.004,True,False,MODERATE
162.526,,1.05,-164.26,-1.1,-1.5,3.69,-1.14,False,False,False,False,False,False,0.03,-0.005,True,False,MODERATE
162.694,,1.1,-164.61,-1.05,-1.46,3.64,-1.1,False,False,False,False,False,False,0.029,-0.004,True,False,MODERATE
162.719,,1.59,-164.41,-0.99,-1.38,3.66,-1.08,False,False,False,False,False,False,0.026,-0.003,True,False,MODERATE
162.903,,1.51,-164.22,-0.97,-1.18,3.84,-1.02,False,False,False,False,False,False,0.023,-0.003,True,False,MODERATE
163.037,,1.18,-164.24,-1.11,-1.25,3.9,-1.06,False,False,False,False,False,False,0.001,0.026,True,False,MODERATE
163.146,,0.69,-163.88,-1.34,-1.49,4.08,-1.18,False,False,False,False,False,False,0.015,0.057,False,False,LOW
163.169,,0.26,-164.4,-1.14,-1.59,4.04,-1.17,False,False,False,False,False,False,0.015,0.004,True,False,LOW
163.304,,0.95,-164.46,-1.06,-1.58,3.91,-1.12,False,False,False,False,False,False,0.02,-0.005,True,False,LOW
163.328,,1.63,-164.54,-0.86,-1.49,3.88,-1.09,False,False,False,False,False,False,0.023,-0.004,True,False,LOW
163.493,,1.47,-164.61,-1.0,-1.26,3.73,-1.04,False,False,False,False,False,False,0.026,-0.004,True,False,LOW
163.517,,1.13,-164.82,-1.09,-1.28,3.69,-1.05,False,False,False,False,False,False,0.028,-0.004,True,False,LOW
163.703,,1.29,-164.59,-1.04,-1.25,3.65,-1.04,False,False,False,False,False,False,0.026,-0.004,True,False,LOW
163.727,,0.85,-165.18,-1.23,-1.31,3.57,-1.07,False,False,False,False,False,False,0.025,-0.004,True,False,LOW
163.894,,0.77,-164.54,-1.21,-1.54,3.62,-1.14,False,False,False,False,False,False,0.027,-0.005,True,False,LOW
163.918,,0.98,-164.78,-1.28,-1.54,3.6,-1.16,False,False,False,False,False,False,0.028,-0.005,True,False,LOW
164.101,,1.03,-165.09,-1.25,-1.51,3.34,-1.21,False,False,False,False,False,False,0.026,-0.006,True,False,LOW
164.125,,1.2,-164.94,-1.14,-1.49,3.33,-1.2,False,False,False,False,False,False,0.025,-0.007,True,False,LOW
164.295,,0.95,-165.18,-1.18,-1.53,3.17,-1.19,False,False,False,False,False,False,0.024,-0.006,True,False,LOW
164.321,,1.4,-165.07,-1.14,-1.47,3.17,-1.18,False,False,False,False,False,False,0.026,-0.006,True,False,LOW
164.504,,1.59,-164.91,-1.1,-1.18,3.24,-1.14,False,False,False,False,False,False,0.026,-0.006,True,False,LOW
164.527,,1.17,-164.41,-1.12,-1.2,3.31,-1.14,False,False,False,False,False,False,0.023,-0.006,True,False,LOW
164.696,,1.15,-164.21,-1.24,-1.29,3.67,-1.19,False,False,False,False,False,False,-0.004,0.03,True,False,LOW
164.72,,1.12,-164.67,-0.97,-1.3,3.65,-1.16,False,False,False,False,False,False,0.015,0.019,True,False,LOW
164.903,,1.13,-164.4,-1.07,-1.35,3.74,-1.11,False,False,False,False,False,False,0.009,0.007,True,False,LOW
164.927,,0.83,-164.86,-1.05,-1.39,3.69,-1.1,False,False,False,False,False,False,0.021,-0.001,True,False,LOW
165.094,,1.28,-165.04,-0.93,-1.32,3.42,-1.01,False,False,False,False,False,False,0.024,-0.004,True,False,LOW
165.117,,1.73,-165.48,-0.89,-1.25,3.33,-1.0,False,False,False,False,False,False,0.026,-0.004,True,False,LOW
165.303,,1.25,-165.24,-0.97,-1.26,3.13,-0.98,False,False,False,False,False,False,0.025,-0.004,True,False,LOW
165.327,,-0.02,-164.39,-1.37,-1.43,3.22,-1.03,False,False,False,False,False,False,0.023,-0.007,True,False,LOW
165.497,,-3.57,-162.85,-1.36,-3.97,4.35,-1.2,False,False,False,False,False,False,0.018,0.0,True,False,LOW
165.521,,-5.58,-164.58,-1.47,-4.63,4.26,-1.24,False,False,False,False,False,False,0.023,0.002,True,False,LOW
165.716,,-7.21,-164.6,-1.27,-7.68,3.9,-1.26,False,False,False,False,False,False,0.018,0.003,True,False,LOW
165.739,,-7.57,-164.31,-1.2,-8.06,3.9,-1.25,False,False,False,False,False,False,0.019,0.004,True,False,LOW
165.897,,-7.73,-164.97,-1.31,-9.25,3.57,-1.28,False,False,False,False,False,False,0.017,0.003,True,False,LOW
165.92,,-7.73,-165.5,-1.39,-9.4,3.46,-1.29,False,False,False,False,False,False,0.018,-0.002,True,False,LOW
166.108,,-7.25,-164.73,-1.65,-9.61,3.47,-1.49,False,False,False,False,False,False,0.016,0.001,True,False,LOW
166.13,,-8.16,-164.21,-2.22,-9.75,3.53,-1.58,False,False,False,False,False,False,0.002,0.024,True,False,LOW
166.303,,-7.79,-163.62,-2.28,-10.05,4.09,-1.95,False,False,False,False,False,False,-0.006,0.024,True,False,LOW
166.328,,-9.61,-164.19,-2.28,-10.36,4.08,-1.99,False,False,False,False,False,False,0.003,0.026,True,False,LOW
166.506,,-10.03,-164.29,-2.07,-11.58,4.0,-2.03,False,False,False,False,False,False,0.016,0.012,True,False,LOW
166.529,,-9.87,-165.43,-1.91,-11.69,3.84,-2.02,False,False,False,False,False,False,0.007,0.005,True,False,LOW
166.688,,-9.78,-165.98,-1.91,-12.01,3.01,-1.96,False,False,False,False,False,False,0.01,0.003,True,False,LOW
166.713,,-8.87,-165.13,-2.34,-11.92,3.02,-2.02,False,False,False,False,False,False,0.006,0.008,True,False,LOW
166.896,,-8.34,-165.01,-2.74,-11.35,3.12,-2.41,False,False,False,False,False,False,0.016,0.003,True,False,LOW
166.918,,-8.03,-166.12,-2.86,-11.26,2.99,-2.46,False,False,False,False,False,False,0.015,0.004,True,False,LOW
167.089,,-7.14,-165.07,-2.91,-10.41,3.07,-2.7,False,False,False,False,False,False,0.026,0.004,True,False,LOW
167.113,,-6.6,-164.76,-2.06,-10.23,3.12,-2.62,False,False,False,False,False,False,0.019,-0.005,True,False,LOW
167.297,,-5.09,-164.23,-1.93,-8.76,3.58,-2.25,False,False,False,False,False,False,0.013,-0.006,True,False,LOW
167.321,,-3.84,-164.38,-1.94,-8.4,3.62,-2.2,False,False,False,False,False,False,0.013,0.006,True,False,LOW
167.614,,-3.47,-164.51,-1.99,-6.79,3.67,-2.06,False,False,False,False,False,False,0.016,0.002,True,False,LOW
167.643,,-2.7,-164.76,-2.26,-6.52,3.64,-2.1,False,False,False,False,False,False,-0.01,0.007,True,False,LOW
167.75,,-1.3,-163.68,-1.97,-5.34,4.0,-2.04,False,False,False,False,False,False,-0.011,-0.003,True,False,LOW
167.774,,0.59,-163.63,-1.7,-4.79,4.08,-2.0,False,False,False,False,False,False,-0.009,-0.002,True,False,LOW
167.888,,2.83,-163.33,-1.75,-2.35,4.42,-1.89,False,False,False,False,False,False,-0.03,0.003,True,False,LOW
