elapsed_seconds,scenario_label,raw_yaw,raw_pitch,raw_roll,yaw,pitch,roll,yaw_suspicious,pitch_suspicious,roll_suspicious,dropout_suspicious,gaze_suspicious,suspicious,gaze_x,gaze_y,gaze_valid,device_detected,risk_level
197.16,,0.15,-174.09,-2.22,-0.53,0.84,-0.19,False,False,False,False,False,False,-0.0,-0.007,True,False,LOW
197.181,,-0.17,-173.63,-2.36,-0.57,0.89,-0.21,False,False,False,False,False,False,-0.006,-0.004,True,False,LOW
197.276,,-0.16,-174.65,-2.2,-0.67,0.66,-0.19,False,False,False,False,False,False,-0.009,-0.007,True,False,LOW
197.3,,-0.9,-174.24,-2.25,-0.79,0.67,-0.2,False,False,False,False,False,False,-0.004,-0.009,True,False,LOW
197.397,,-0.6,-174.02,-2.17,-0.98,0.76,-0.18,False,False,False,False,False,False,-0.001,-0.007,True,False,LOW
197.421,,-0.68,-174.18,-2.14,-1.03,0.76,-0.17,False,False,False,False,False,False,-0.001,-0.007,True,False,LOW
197.511,,-0.45,-174.11,-2.18,-1.07,0.78,-0.16,False,False,False,False,False,False,0.0,-0.004,True,False,LOW
197.535,,-0.95,-174.04,-2.19,-1.15,0.8,-0.16,False,False,False,False,False,False,0.001,-0.006,True,False,LOW
197.707,,-1.08,-174.26,-2.24,-1.47,0.73,-0.19,False,False,False,False,False,False,0.008,-0.006,True,False,LOW
197.735,,-0.62,-174.88,-2.26,-1.44,0.63,-0.19,False,False,False,False,False,False,-0.013,-0.01,True,False,LOW
197.901,,-0.51,-173.78,-2.23,-1.31,0.89,-0.2,False,False,False,False,False,False,-0.018,-0.013,True,False,LOW
197.928,,-0.81,-174.06,-2.39,-1.34,0.89,-0.22,False,False,False,False,False,False,-0.018,-0.014,True,False,LOW
198.108,,-0.96,-174.14,-2.32,-1.5,0.84,-0.26,False,False,False,False,False,False,-0.005,-0.008,True,False,LOW
198.136,,-0.88,-173.35,-2.32,-1.51,0.95,-0.26,False,False,False,False,False,False,-0.003,-0.009,True,False,LOW
198.301,,-1.12,-173.66,-2.26,-1.66,1.11,-0.25,False,False,False,False,False,False,-0.002,-0.009,True,False,LOW
198.327,,-0.91,-173.88,-2.22,-1.65,1.1,-0.24,False,False,False,False,False,False,0.002,-0.007,True,False,LOW
198.508,,-1.12,-174.31,-2.12,-1.73,0.85,-0.16,False,False,False,False,False,False,-0.037,-0.011,True,False,LOW
198.535,,-0.61,-173.76,-2.18,-1.67,0.89,-0.16,False,False,False,False,False,False,-0.029,-0.011,True,False,LOW
198.699,,-0.22,-173.49,-2.15,-1.27,1.17,-0.14,False,False,False,False,False,False,-0.027,-0.012,True,False,LOW
198.727,,-0.35,-173.89,-2.02,-1.24,1.15,-0.12,False,False,False,False,False,False,-0.02,-0.013,True,False,LOW
198.909,,-0.32,-173.58,-2.04,-1.11,1.26,-0.06,False,False,False,False,False,False,-0.019,-0.013,True,False,LOW
198.936,,0.74,-173.92,-2.08,-0.93,1.22,-0.06,False,False,False,False,False,False,-0.027,-0.014,True,False,LOW
199.101,,0.99,-174.44,-2.02,-0.28,0.85,-0.02,False,False,False,False,False,False,-0.025,-0.013,True,False,LOW
199.128,,0.82,-173.06,-2.09,-0.22,1.0,-0.03,False,False,False,False,False,False,-0.022,-0.015,True,False,LOW
199.313,,-0.02,-173.57,-1.88,-0.48,1.19,0.07,False,False,False,False,False,False,-0.016,-0.009,True,False,LOW
199.336,,-0.78,-173.63,-1.96,-0.61,1.21,0.07,False,False,False,False,False,False,-0.004,-0.019,True,False,LOW
199.505,,-0.57,-174.7,-1.68,-0.94,0.7,0.21,False,False,False,False,False,False,-0.004,-0.008,True,False,LOW
199.527,,0.68,-174.15,-1.1,-0.83,0.71,0.3,False,False,False,False,False,False,0.002,-0.006,True,False,LOW
199.715,,0.06,-174.17,-1.1,-0.71,0.74,0.65,False,False,False,False,False,False,0.024,0.001,True,False,LOW
199.736,,-0.18,-174.67,-1.17,-0.73,0.68,0.67,False,False,False,False,False,False,0.024,0.0,True,False,LOW
199.905,,-1.22,-174.06,-1.28,-1.34,0.78,0.71,False,False,False,False,False,False,0.02,0.0,True,False,LOW
199.927,,-1.46,-174.12,-1.35,-1.44,0.78,0.71,False,False,False,False,False,False,0.053,-0.006,True,False,LOW
200.116,,-4.03,-173.72,-1.57,-3.28,1.02,0.57,False,False,False,False,False,False,0.06,-0.017,True,False,LOW
200.138,,-7.45,-173.41,-1.88,-4.01,1.08,0.52,False,False,False,False,False,False,0.046,-0.012,True,False,LOW
200.308,,-7.52,-173.77,-1.62,-6.38,1.12,0.46,False,False,False,False,False,False,0.032,-0.014,True,False,LOW
200.331,,-7.08,-174.27,-1.37,-6.59,1.06,0.49,False,False,False,False,False,False,0.018,-0.007,True,False,LOW
200.513,,-7.28,-174.34,-1.63,-7.36,0.81,0.44,False,False,False,False,False,False,0.008,-0.001,True,False,LOW
200.535,,-7.49,-174.46,-1.37,-7.48,0.77,0.47,False,False,False,False,False,False,0.015,-0.012,True,False,LOW
200.707,,-5.58,-174.32,-1.07,-6.83,0.68,0.73,False,False,False,False,False,False,0.02,-0.016,True,False,LOW
200.731,,-6.75,-174.04,-1.22,-6.91,0.71,0.74,False,False,False,False,False,False,0.045,0.016,True,False,LOW
200.929,,-8.39,-172.22,-1.02,-8.15,1.84,0.89,False,False,False,False,False,False,0.036,0.004,True,False,LOW
200.951,,-8.0,-171.84,-1.29,-8.22,2.0,0.87,False,False,False,False,False,False,0.036,0.011,True,False,LOW
201.12,,-8.16,-172.6,-1.1,-8.55,2.17,0.9,False,False,False,False,False,False,0.03,0.013,True,False,LOW
201.142,,-7.95,-172.66,-0.97,-8.56,2.19,0.92,False,False,False,False,False,False,0.028,0.014,True,False,LOW
201.321,,-7.35,-172.84,-1.08,-8.28,2.13,0.94,False,False,False,False,False,False,0.04,0.01,True,False,LOW
201.344,,-7.53,-172.34,-1.09,-8.27,2.19,0.94,False,False,False,False,False,False,0.038,0.011,True,False,LOW
201.625,,-7.54,-172.62,-1.06,-8.24,2.27,0.96,False,False,False,False,False,False,0.041,0.006,True,False,LOW
201.647,,-7.54,-172.48,-1.07,-8.24,2.29,0.96,False,False,False,False,False,False,0.038,0.008,True,False,LOW
201.75,,-7.68,-172.7,-1.12,-8.28,2.27,0.94,False,False,False,False,False,False,0.041,0.007,True,False,LOW
201.773,,-7.01,-173.08,-1.09,-8.21,2.21,0.94,False,False,False,False,False,False,0.022,0.009,True,False,LOW
201.905,,-6.74,-172.28,-1.22,-7.85,2.41,0.88,False,False,False,False,False,False,0.032,0.007,True,False,LOW
201.927,,-7.32,-172.28,-1.52,-7.86,2.44,0.83,False,False,False,False,False,False,0.03,0.01,True,False,LOW
202.117,,-6.68,-172.55,-1.45,-7.59,2.41,0.7,False,False,False,False,False,False,0.038,0.006,True,False,LOW
202.141,,-7.21,-171.07,-1.28,-7.63,2.61,0.7,False,False,False,False,False,False,0.033,0.005,True,False,LOW
202.308,,-6.38,-171.54,-1.35,-7.34,3.02,0.69,False,False,False,False,False,False,0.027,0.018,True,False,LOW
202.331,,-6.06,-171.06,-1.35,-7.25,3.14,0.69,False,False,False,False,False,False,0.03,0.02,True,False,LOW
202.515,,-7.9,-170.84,-1.56,-7.97,3.66,0.57,False,False,False,False,False,False,0.017,0.022,True,False,LOW
202.538,,-7.01,-171.56,-1.48,-7.93,3.62,0.57,False,False,False,False,False,False,0.021,0.02,True,False,LOW
202.706,,-7.17,-171.35,-1.55,-7.89,3.6,0.52,False,False,False,False,False,False,0.022,0.027,True,False,LOW
202.728,,-7.21,-171.13,-1.67,-7.89,3.62,0.5,False,False,False,False,False,False,0.028,0.024,True,False,LOW
202.914,,-7.52,-170.92,-1.7,-8.06,3.83,0.41,False,False,False,False,False,False,0.02,0.024,True,False,LOW
202.937,,-7.19,-171.12,-1.42,-8.03,3.83,0.43,False,False,False,False,False,False,0.025,0.023,True,False,LOW
203.106,,-6.37,-171.39,-1.22,-7.52,3.68,0.63,False,False,False,False,False,False,0.029,0.02,True,False,LOW
203.128,,-6.42,-171.04,-1.34,-7.47,3.71,0.64,False,False,False,False,False,False,0.03,0.019,True,False,LOW
203.318,,-6.11,-171.46,-1.34,-7.09,3.58,0.67,False,False,False,False,False,False,0.032,0.018,True,False,LOW
203.341,,-6.0,-171.09,-1.51,-7.04,3.61,0.65,False,False,False,False,False,False,0.033,0.009,True,False,LOW
203.508,,-6.18,-171.29,-1.56,-6.95,3.63,0.56,False,False,False,False,False,False,0.035,0.01,True,False,LOW
203.531,,-6.13,-170.94,-1.47,-6.93,3.67,0.56,False,False,False,False,False,False,0.031,0.007,True,False,LOW
203.717,,-5.93,-172.09,-1.34,-6.76,3.22,0.63,False,False,False,False,False,False,0.031,0.013,True,False,LOW
203.739,,-5.58,-171.19,-1.4,-6.69,3.29,0.63,False,False,False,False,False,False,0.027,0.015,True,False,LOW
203.91,,-5.18,-171.72,-1.21,-6.25,3.25,0.73,False,False,False,False,False,False,0.029,0.015,True,False,LOW
203.932,,-6.2,-171.22,-1.53,-6.33,3.3,0.7,False,False,False,False,False,False,0.021,0.015,True,False,LOW
204.119,,-6.02,-171.01,-1.47,-6.53,3.64,0.62,False,False,False,False,False,False,0.016,0.015,True,False,LOW
204.14,,-5.74,-171.72,-1.26,-6.52,3.59,0.64,False,False,False,False,False,False,0.019,0.016,True,False,LOW
204.312,,-5.56,-171.95,-1.26,-6.37,3.27,0.71,False,False,False,False,False,False,0.028,0.017,True,False,LOW
204.334,,-5.5,-172.03,-1.22,-6.35,3.23,0.72,False,False,False,False,False,False,0.027,0.013,True,False,LOW
204.518,,-5.79,-172.2,-1.25,-6.41,2.96,0.75,False,False,False,False,False,False,0.029,0.012,True,False,LOW
204.541,,-5.76,-171.81,-1.23,-6.42,2.98,0.76,False,False,False,False,False,False,0.028,0.012,True,False,LOW
204.712,,-5.49,-171.88,-1.22,-6.29,3.02,0.79,False,False,False,False,False,False,0.03,0.013,True,False,LOW
204.733,,-5.03,-171.31,-1.22,-6.22,3.09,0.79,False,False,False,False,False,False,0.028,0.01,True,False,LOW
204.918,,-5.17,-171.26,-1.18,-6.02,3.4,0.82,False,False,False,False,False,False,0.029,0.009,True,False,LOW
204.94,,-5.18,-171.24,-1.2,-6.0,3.44,0.82,False,False,False,False,False,False,0.029,0.008,True,False,LOW
205.114,,-5.0,-171.65,-1.18,-5.83,3.36,0.84,False,False,False,False,False,False,0.027,0.007,True,False,LOW
205.137,,-4.28,-170.39,-1.57,-5.72,3.51,0.79,False,False,False,False,False,False,-0.028,0.004,True,False,LOW
205.322,,-4.83,-170.71,-1.6,-5.6,3.9,0.59,False,False,False,False,False,False,-0.011,-0.026,True,False,LOW
205.344,,-3.97,-170.84,-1.46,-5.48,3.92,0.59,False,False,False,False,False,False,-0.005,-0.024,True,False,LOW
205.512,,-3.35,-171.27,-1.57,-4.72,3.79,0.52,False,False,False,False,False,False,-0.026,-0.022,True,False,LOW
205.535,,-3.46,-171.09,-1.7,-4.64,3.79,0.5,False,False,False,False,False,False,-0.022,-0.02,True,False,LOW
205.721,,-3.86,-171.81,-1.65,-4.58,3.43,0.43,False,False,False,False,False,False,-0.013,-0.022,True,False,LOW
205.744,,-4.77,-171.07,-1.8,-4.69,3.48,0.41,False,False,False,False,False,False,-0.013,-0.022,True,False,LOW
205.915,,-4.93,-171.24,-1.73,-5.17,3.59,0.35,False,False,False,False,False,False,-0.017,-0.025,True,False,LOW
205.937,,-4.33,-171.24,-1.63,-5.15,3.6,0.36,False,False,False,False,False,False,-0.011,-0.025,True,False,LOW
206.12,,-4.14,-171.39,-1.64,-4.97,3.57,0.38,False,False,False,False,False,False,-0.009,-0.023,True,False,LOW
206.142,,-4.46,-171.39,-1.44,-4.99,3.57,0.4,False,False,False,False,False,False,0.007,-0.032,True,False,LOW
206.314,,-4.3,-171.97,-1.51,-4.99,3.25,0.46,False,False,False,False,False,False,0.01,-0.034,True,False,LOW
206.336,,-5.15,-171.13,-1.58,-5.09,3.32,0.46,False,False,False,False,False,False,0.008,-0.011,True,False,LOW
206.521,,-4.57,-171.29,-1.44,-5.18,3.49,0.53,False,False,False,False,False,False,0.012,-0.026,True,False,LOW
206.544,,-2.64,-171.12,-1.12,-4.93,3.53,0.58,False,False,False,False,False,False,0.017,0.008,True,False,LOW
206.717,,-4.31,-169.63,-1.25,-4.96,4.47,0.68,False,False,False,False,False,False,0.016,-0.018,True,False,LOW
206.738,,-3.91,-168.8,-1.36,-4.92,4.68,0.68,False,False,False,False,False,False,0.019,-0.028,True,False,LOW
206.909,,-1.8,-169.51,-1.16,-3.61,5.08,0.78,False,False,False,False,False,False,0.029,-0.026,True,False,LOW
206.936,,-1.57,-169.32,-1.41,-3.4,5.16,0.76,False,False,False,False,False,False,0.029,-0.028,True,False,LOW
207.116,,-1.67,-167.76,-1.73,-2.82,6.26,0.51,False,False,False,False,False,False,0.025,-0.03,True,False,LOW
207.136,,-1.74,-167.34,-1.8,-2.78,6.43,0.48,False,False,False,False,False,False,0.006,-0.022,True,False,LOW
207.306,,-2.02,-167.9,-1.6,-2.74,6.75,0.45,False,False,False,False,False,False,0.009,-0.026,True,False,LOW
207.334,,-1.73,-168.17,-1.39,-2.68,6.75,0.48,False,False,False,False,False,False,0.017,-0.025,True,False,LOW
207.517,,-2.4,-168.52,-1.38,-2.9,6.57,0.57,False,False,False,False,False,False,0.016,-0.026,True,False,LOW
207.54,,-1.29,-168.99,-1.21,-2.78,6.49,0.6,False,False,False,False,False,False,0.017,-0.018,True,False,LOW
207.709,,-1.37,-169.86,-1.05,-2.4,5.75,0.8,False,False,False,False,False,False,0.051,-0.024,True,False,LOW
207.735,,-1.45,-170.1,-1.12,-2.36,5.61,0.81,False,False,False,False,False,False,0.055,-0.021,True,False,LOW
207.913,,-2.03,-169.68,-1.31,-2.54,5.42,0.76,False,False,False,False,False,False,0.026,-0.022,True,False,LOW
207.935,,-1.16,-169.49,-1.15,-2.46,5.42,0.78,False,False,False,False,False,False,0.029,-0.023,True,False,LOW
208.109,,-1.05,-169.95,-1.15,-2.07,5.19,0.83,False,False,False,False,False,False,-0.01,-0.002,True,False,LOW
208.134,,-2.31,-169.8,-1.14,-2.2,5.18,0.84,False,False,False,False,False,False,0.005,-0.024,True,False,LOW
208.315,,-1.89,-168.46,-1.22,-2.4,5.87,0.82,False,False,False,False,False,False,0.002,-0.02,True,False,LOW
208.336,,-2.14,-168.7,-1.31,-2.45,5.91,0.81,False,False,False,False,False,False,0.005,-0.022,True,False,LOW
208.506,,-1.86,-169.26,-1.36,-2.5,5.79,0.74,False,False,False,False,False,False,0.002,-0.017,True,False,LOW
208.534,,-1.56,-169.46,-1.36,-2.46,5.74,0.73,False,False,False,False,False,False,-0.028,-0.011,True,False,LOW
208.717,,-0.72,-169.17,-1.3,-1.89,5.75,0.73,False,False,False,False,False,False,-0.026,-0.014,True,False,LOW
208.743,,0.67,-169.53,-1.1,-1.6,5.7,0.76,False,False,False,False,False,False,-0.026,-0.019,True,False,LOW
208.923,,-0.51,-169.57,-1.3,-1.38,5.52,0.74,False,False,False,False,False,False,-0.02,-0.022,True,False,LOW
208.944,,-1.5,-169.41,-1.51,-1.47,5.52,0.72,False,False,False,False,False,False,0.005,-0.018,True,False,LOW
209.118,,-2.08,-168.69,-1.67,-2.15,5.9,0.53,False,False,False,False,False,False,0.008,-0.024,True,False,LOW
209.141,,-2.87,-169.43,-1.5,-2.34,5.85,0.53,False,False,False,False,False,False,0.003,-0.018,True,False,LOW
209.308,,-3.86,-170.02,-1.18,-3.51,5.36,0.69,False,False,False,False,False,False,-0.025,-0.018,True,False,LOW
209.335,,-2.43,-170.31,-1.43,-3.45,5.25,0.68,False,False,False,False,False,False,-0.06,0.0,True,False,LOW
209.516,,-2.63,-171.83,-1.15,-3.37,4.07,0.79,False,False,False,False,False,False,-0.031,-0.016,True,False,LOW
209.538,,-2.34,-170.93,-1.59,-3.33,4.06,0.74,False,False,False,False,False,False,-0.035,-0.018,True,False,LOW
209.706,,-2.92,-171.61,-1.18,-3.47,3.67,0.8,False,False,False,False,False,False,0.0,-0.015,True,False,LOW
209.735,,-1.43,-171.23,-1.41,-3.25,3.68,0.77,False,False,False,False,False,False,0.006,-0.015,True,False,LOW
209.909,,-2.89,-172.88,-1.18,-3.42,2.81,0.81,False,False,False,False,False,False,0.005,-0.024,True,False,LOW
209.933,,-3.63,-170.47,-0.93,-3.54,3.03,0.85,False,False,False,False,False,False,0.014,-0.021,True,False,LOW
210.096,,-4.0,-170.8,-1.2,-4.13,3.59,0.84,False,False,False,False,False,False,0.008,-0.02,True,False,LOW
210.136,,-3.38,-170.53,-0.96,-4.11,3.76,0.89,False,False,False,False,False,False,0.016,-0.024,True,False,LOW
210.305,,-3.61,-170.59,-1.26,-4.2,4.07,0.83,False,False,False,False,False,False,0.012,-0.015,True,False,LOW
210.327,,-2.6,-171.55,-1.18,-4.09,3.98,0.83,False,False,False,False,False,False,0.011,-0.023,True,False,LOW
210.499,,-3.0,-171.66,-1.29,-3.88,3.61,0.78,False,False,False,False,False,False,-0.008,-0.016,True,False,LOW
210.535,,-2.49,-171.17,-1.23,-3.74,3.64,0.79,False,False,False,False,False,False,-0.01,-0.021,True,False,LOW
210.704,,-2.55,-171.72,-1.16,-3.48,3.42,0.83,False,False,False,False,False,False,-0.007,-0.017,True,False,LOW
210.725,,-2.94,-171.56,-1.31,-3.49,3.41,0.82,False,False,False,False,False,False,-0.047,-0.005,True,False,LOW
210.898,,-3.35,-170.72,-1.39,-3.77,3.83,0.72,False,False,False,False,False,False,0.017,0.021,True,False,LOW
210.936,,-3.27,-170.7,-1.31,-3.81,3.91,0.72,False,False,False,False,False,False,-0.028,-0.018,True,False,LOW
211.106,,-3.55,-171.42,-1.24,-4.03,3.7,0.76,False,False,False,False,False,False,-0.01,-0.016,True,False,LOW
211.128,,-3.71,-171.52,-1.18,-4.07,3.67,0.77,False,False,False,False,False,False,-0.013,-0.021,True,False,LOW
211.295,,-3.34,-171.57,-1.34,-4.05,3.51,0.73,False,False,False,False,False,False,-0.01,-0.018,True,False,LOW
211.334,,-3.14,-171.41,-1.26,-4.0,3.51,0.74,False,False,False,False,False,False,-0.012,-0.02,True,False,LOW
211.51,,-2.55,-171.97,-1.17,-3.59,3.22,0.8,False,False,False,False,False,False,-0.015,-0.024,True,False,LOW
211.532,,-2.63,-171.49,-1.11,-3.56,3.25,0.82,False,False,False,False,False,False,-0.09,0.013,True,False,LOW
211.7,,-2.71,-170.77,-1.38,-3.47,3.72,0.73,False,False,False,False,False,False,-0.052,-0.004,True,False,LOW
211.733,,-2.65,-170.4,-1.49,-3.45,3.86,0.7,False,False,False,False,False,False,-0.068,-0.019,True,False,LOW
211.91,,-2.07,-171.11,-1.33,-3.08,3.84,0.7,False,False,False,False,False,False,-0.015,-0.014,True,False,LOW
211.931,,-2.26,-170.88,-1.22,-3.06,3.87,0.71,False,False,False,False,False,False,-0.005,0.024,True,False,LOW
212.105,,-2.08,-170.74,-1.35,-2.9,4.04,0.7,False,False,False,False,False,False,-0.054,-0.003,True,False,LOW
212.135,,-2.36,-170.7,-1.51,-2.92,4.07,0.67,False,False,False,False,False,False,-0.032,-0.014,True,False,LOW
212.312,,-2.74,-171.18,-1.49,-3.19,3.9,0.6,False,False,False,False,False,False,-0.044,-0.02,True,False,LOW
212.335,,-1.62,-170.95,-1.35,-3.07,3.91,0.61,False,False,False,False,False,False,-0.044,-0.02,True,False,LOW
212.502,,-1.09,-170.19,-1.38,-2.39,4.34,0.63,False,False,False,False,False,False,-0.049,-0.022,True,False,LOW
212.534,,8.31,-171.37,-1.09,-0.19,4.21,0.68,False,False,False,False,True,True,-0.144,-0.018,True,False,LOW
212.713,,17.17,-170.15,-0.06,10.37,4.51,1.37,False,False,False,False,True,True,-0.149,-0.027,True,False,LOW
212.735,,17.63,-170.35,0.18,11.64,4.52,1.48,False,False,False,False,True,True,-0.103,-0.026,True,False,LOW
212.905,,14.93,-168.64,0.6,13.21,5.45,2.09,False,False,False,False,False,False,-0.02,-0.019,True,False,LOW
212.935,,12.66,-167.86,0.78,12.96,5.73,2.21,False,False,False,False,False,False,-0.015,-0.024,True,False,LOW
213.115,,11.44,-169.11,0.08,11.75,5.78,2.16,False,False,False,False,False,False,-0.016,-0.018,True,False,LOW
213.138,,10.87,-168.54,-0.06,11.55,5.86,2.13,False,False,False,False,False,False,-0.017,-0.022,True,False,LOW
213.307,,10.7,-169.35,-0.2,10.75,5.71,1.98,False,False,False,False,False,False,-0.017,-0.015,True,False,LOW
213.334,,10.5,-169.5,-0.27,10.61,5.67,1.94,False,False,False,False,False,False,-0.017,-0.015,True,False,LOW
213.514,,9.58,-170.02,-0.51,9.68,5.27,1.72,False,False,False,False,False,False,-0.019,-0.016,True,False,LOW
213.537,,7.82,-170.84,-0.84,9.32,5.11,1.65,False,False,False,False,False,False,-0.016,-0.019,True,False,LOW
213.703,,5.57,-170.33,-0.99,6.88,4.84,1.33,False,False,False,False,False,False,-0.019,-0.005,True,False,LOW
213.734,,-0.17,-169.63,-1.78,5.2,4.92,1.15,False,False,False,False,True,True,0.014,-0.036,True,False,LOW
213.914,,-3.85,-172.96,-2.8,-0.76,3.31,0.1,False,False,False,False,True,True,-0.049,-0.068,True,False,LOW
213.937,,-2.02,-173.85,-2.9,-1.09,2.99,-0.03,False,False,False,False,True,True,-0.106,-0.093,True,False,LOW
214.104,,0.95,-171.93,-2.58,-0.34,3.0,-0.31,False,False,False,False,True,True,-0.108,-0.08,True,False,LOW
214.134,,3.41,-172.8,-1.82,0.16,2.85,-0.22,False,False,False,False,True,True,-0.066,-0.08,True,False,LOW
214.314,,3.0,-172.68,-1.94,1.32,2.52,-0.06,False,False,False,False,True,True,-0.059,-0.079,True,False,LOW
214.335,,2.28,-171.87,-1.81,1.36,2.59,-0.02,False,False,False,False,True,True,-0.055,-0.072,True,False,LOW
214.505,,1.96,-171.22,-1.77,1.32,3.17,0.12,False,False,False,False,True,True,-0.059,-0.071,True,False,LOW
214.534,,1.72,-171.57,-1.57,1.27,3.2,0.18,False,False,False,False,True,True,-0.011,-0.058,True,False,LOW
214.714,,1.42,-172.83,-1.49,0.99,2.61,0.37,False,False,False,False,True,True,0.016,-0.044,True,False,LOW
214.737,,0.92,-171.72,-1.19,0.89,2.69,0.43,False,False,False,False,False,False,0.059,-0.029,True,False,LOW
214.908,,-0.94,-171.95,-1.31,-0.45,2.84,0.58,False,False,False,False,False,False,0.065,-0.033,True,False,LOW
214.934,,-1.41,-172.7,-1.2,-0.71,2.75,0.62,False,False,False,False,False,False,0.038,-0.009,True,False,LOW
215.115,,-0.85,-172.23,-1.48,-1.16,2.72,0.58,False,False,False,False,False,False,0.026,-0.015,True,False,LOW
215.139,,-0.64,-171.44,-1.34,-1.18,2.83,0.6,False,False,False,False,False,False,0.005,-0.006,True,False,LOW
215.306,,-0.56,-171.98,-1.38,-1.21,2.89,0.62,False,False,False,False,False,False,0.009,-0.008,True,False,LOW
215.335,,-0.99,-171.99,-1.4,-1.29,2.9,0.62,False,False,False,False,False,False,0.016,-0.013,True,False,LOW
215.52,,-0.72,-172.84,-1.43,-1.35,2.46,0.61,False,False,False,False,False,False,0.028,-0.014,True,False,LOW
215.541,,-0.47,-172.34,-1.45,-1.32,2.48,0.61,False,False,False,False,False,False,0.024,-0.017,True,False,LOW
215.709,,-0.62,-172.2,-1.58,-1.31,2.61,0.53,False,False,False,False,False,False,0.023,-0.017,True,False,LOW
215.736,,-1.13,-171.98,-1.55,-1.39,2.66,0.52,False,False,False,False,False,False,0.032,0.018,True,False,LOW
215.916,,-0.98,-171.56,-1.55,-1.53,3.04,0.5,False,False,False,False,False,False,0.021,-0.012,True,False,LOW
215.938,,-1.2,-171.4,-1.52,-1.58,3.1,0.5,False,False,False,False,False,False,0.021,-0.017,True,False,LOW
216.108,,-0.9,-171.71,-1.49,-1.58,3.16,0.52,False,False,False,False,False,False,0.014,-0.018,True,False,LOW
216.135,,-0.43,-171.51,-1.47,-1.51,3.2,0.53,False,False,False,False,False,False,0.038,-0.018,True,False,LOW
216.317,,-0.68,-171.64,-1.49,-1.43,3.25,0.53,False,False,False,False,False,False,0.043,-0.019,True,False,LOW
216.341,,-0.91,-172.5,-1.66,-1.45,3.14,0.51,False,False,False,False,False,False,0.043,-0.019,True,False,LOW
216.507,,-0.66,-172.24,-1.43,-1.39,2.91,0.56,False,False,False,False,False,False,0.042,-0.015,True,False,LOW
216.534,,-0.96,-172.23,-1.4,-1.43,2.88,0.57,False,False,False,False,False,False,0.013,0.01,True,False,LOW
216.725,,-1.5,-172.33,-1.68,-1.84,2.72,0.45,False,False,False,False,False,False,0.031,-0.003,True,False,LOW
216.746,,-1.05,-171.83,-2.03,-1.83,2.77,0.4,False,False,False,False,False,False,0.032,-0.013,True,False,LOW
216.915,,-1.55,-172.42,-2.01,-2.04,2.64,0.2,False,False,False,False,False,False,0.037,-0.014,True,False,LOW
216.937,,-1.55,-171.66,-1.83,-2.06,2.71,0.2,False,False,False,False,False,False,0.017,-0.011,True,False,LOW
217.121,,-2.1,-172.17,-1.78,-2.45,2.74,0.23,False,False,False,False,False,False,0.015,-0.004,True,False,LOW
217.149,,-1.15,-170.77,-1.83,-2.36,2.96,0.22,False,False,False,False,False,False,0.008,0.008,True,False,LOW
217.312,,-2.49,-172.41,-1.88,-2.77,2.74,0.19,False,False,False,False,False,False,0.02,-0.012,True,False,LOW
217.335,,-0.34,-172.39,-1.16,-2.54,2.71,0.27,False,False,False,False,False,False,0.022,-0.016,True,False,LOW
217.518,,0.18,-171.87,-1.21,-1.42,2.9,0.57,False,False,False,False,False,False,0.026,-0.014,True,False,LOW
217.541,,-0.63,-172.42,-1.11,-1.4,2.85,0.61,False,False,False,False,False,False,0.024,-0.013,True,False,LOW
217.706,,-1.33,-172.61,-1.31,-1.71,2.58,0.67,False,False,False,False,False,False,0.042,-0.016,True,False,LOW
217.731,,0.56,-171.0,-1.27,-1.48,2.77,0.68,False,False,False,False,False,False,0.033,-0.019,True,False,LOW
218.028,,1.64,-171.9,-1.18,0.14,2.94,0.79,False,False,False,False,False,False,0.045,-0.016,True,False,LOW
218.05,,1.23,-171.79,-1.01,0.19,2.96,0.82,False,False,False,False,False,False,0.044,-0.02,True,False,LOW
218.146,,0.38,-171.37,-1.06,0.0,3.19,0.88,False,False,False,False,False,False,0.049,-0.019,True,False,LOW
218.169,,0.15,-170.95,-1.04,-0.06,3.3,0.89,False,False,False,False,False,False,0.046,-0.014,True,False,LOW
218.323,,-0.25,-171.16,-0.91,-0.49,3.53,1.0,False,False,False,False,False,False,0.044,-0.013,True,False,LOW
218.347,,1.24,-171.94,-1.2,-0.35,3.46,0.98,False,False,False,False,False,False,0.018,-0.014,True,False,LOW
218.506,,0.65,-171.28,-1.47,-0.19,3.56,0.77,False,False,False,False,False,False,-0.03,-0.016,True,False,LOW
218.529,,0.88,-171.45,-1.48,-0.14,3.55,0.74,False,False,False,False,False,False,-0.036,-0.016,True,False,LOW
218.714,,0.59,-170.0,-1.58,-0.11,4.3,0.58,False,False,False,False,False,False,-0.037,-0.019,True,False,LOW
218.736,,0.54,-170.19,-1.7,-0.12,4.36,0.55,False,False,False,False,False,False,-0.035,-0.023,True,False,LOW
218.901,,0.06,-170.76,-2.03,-0.37,4.26,0.27,False,False,False,False,False,False,-0.041,-0.021,True,False,LOW
218.924,,-0.09,-171.37,-1.89,-0.42,4.17,0.25,False,False,False,False,False,False,-0.041,-0.017,True,False,LOW
219.11,,-0.55,-169.96,-1.78,-0.86,4.6,0.25,False,False,False,False,False,False,0.002,-0.012,True,False,LOW
219.133,,0.15,-169.58,-1.49,-0.82,4.7,0.29,False,False,False,False,False,False,0.002,-0.018,True,False,LOW
219.304,,0.03,-168.85,-1.38,-0.73,5.43,0.48,False,False,False,False,False,False,0.068,0.001,True,False,LOW
219.328,,-0.85,-170.61,-1.73,-0.84,5.29,0.45,False,False,False,False,False,False,0.07,-0.014,True,False,LOW
219.514,,-1.16,-170.57,-1.87,-1.39,4.78,0.29,False,False,False,False,False,False,0.077,-0.019,True,False,LOW
219.538,,0.19,-171.32,-1.62,-1.27,4.62,0.31,False,False,False,False,False,False,0.035,0.007,True,False,LOW
219.703,,0.72,-170.39,-1.65,-0.59,4.58,0.35,False,False,False,False,False,False,0.016,0.012,True,False,LOW
219.725,,-0.22,-172.09,-1.39,-0.63,4.35,0.38,False,False,False,False,False,False,0.009,0.007,True,False,LOW
219.91,,0.04,-170.4,-1.42,-0.64,4.45,0.51,False,False,False,False,False,False,0.01,0.006,True,False,LOW
219.933,,-0.57,-170.88,-1.66,-0.71,4.4,0.49,False,False,False,False,False,False,0.011,0.006,True,False,LOW
220.101,,-1.08,-171.39,-1.64,-1.26,3.95,0.44,False,False,False,False,False,False,0.009,0.003,True,False,LOW
220.125,,-1.27,-171.19,-1.74,-1.35,3.92,0.42,False,False,False,False,False,False,0.008,0.005,True,False,LOW
220.321,,-1.36,-171.57,-1.63,-1.74,3.61,0.41,False,False,False,False,False,False,0.005,0.003,True,False,LOW
220.345,,-1.08,-171.42,-1.63,-1.74,3.59,0.41,False,False,False,False,False,False,0.001,0.0,True,False,LOW
220.508,,-0.32,-170.86,-1.63,-1.37,3.84,0.4,False,False,False,False,False,False,-0.001,-0.0,True,False,LOW
220.534,,-0.24,-171.06,-1.73,-1.3,3.84,0.39,False,False,False,False,False,False,0.004,-0.0,True,False,LOW
220.706,,0.41,-171.15,-1.77,-0.76,3.81,0.32,False,False,False,False,False,False,0.004,0.002,True,False,LOW
220.731,,0.38,-170.91,-1.82,-0.69,3.84,0.31,False,False,False,False,False,False,0.002,0.001,True,False,LOW
220.901,,0.29,-170.89,-1.79,-0.54,3.94,0.27,False,False,False,False,False,False,0.013,-0.013,True,False,LOW
220.924,,-0.14,-170.65,-1.73,-0.57,3.99,0.28,False,False,False,False,False,False,0.009,-0.01,True,False,LOW
221.105,,0.01,-170.78,-1.68,-0.62,4.07,0.32,False,False,False,False,False,False,0.014,-0.01,True,False,LOW
221.127,,-0.2,-170.31,-1.63,-0.65,4.14,0.33,False,False,False,False,False,False,0.039,-0.023,True,False,LOW
221.298,,-0.0,-170.35,-1.48,-0.67,4.37,0.44,False,False,False,False,False,False,0.04,-0.023,True,False,LOW
221.322,,0.44,-170.46,-1.39,-0.61,4.38,0.47,False,False,False,False,False,False,0.049,-0.02,True,False,LOW
221.504,,0.02,-170.17,-1.39,-0.64,4.59,0.56,False,False,False,False,False,False,0.048,-0.023,True,False,LOW
221.527,,0.15,-170.14,-1.48,-0.62,4.61,0.56,False,False,False,False,False,False,0.036,-0.023,True,False,LOW
221.699,,0.09,-170.61,-1.41,-0.61,4.46,0.59,False,False,False,False,False,False,0.036,-0.024,True,False,LOW
221.721,,-0.11,-170.31,-1.5,-0.63,4.48,0.58,False,False,False,False,False,False,-0.003,-0.013,True,False,LOW
221.906,,-0.62,-171.27,-1.4,-0.99,4.04,0.61,False,False,False,False,False,False,-0.026,-0.012,True,False,LOW
221.928,,-0.63,-171.14,-1.46,-1.03,4.01,0.6,False,False,False,False,False,False,-0.027,-0.013,True,False,LOW
222.097,,-0.34,-171.31,-1.43,-1.03,3.81,0.6,False,False,False,False,False,False,-0.025,-0.016,True,False,LOW
222.117,,-0.02,-171.41,-1.47,-0.99,3.77,0.6,False,False,False,False,False,False,-0.031,-0.015,True,False,LOW
222.308,,0.11,-170.9,-1.55,-0.76,3.91,0.53,False,False,False,False,False,False,-0.028,-0.017,True,False,LOW
222.331,,-0.26,-170.38,-1.61,-0.78,4.0,0.52,False,False,False,False,False,False,-0.03,-0.014,True,False,LOW
222.503,,-0.42,-170.63,-1.65,-0.95,4.15,0.45,False,False,False,False,False,False,-0.03,-0.014,True,False,LOW
222.526,,-0.3,-170.4,-1.66,-0.95,4.2,0.44,False,False,False,False,False,False,-0.031,-0.013,True,False,LOW
222.712,,-0.7,-170.33,-1.6,-1.18,4.42,0.43,False,False,False,False,False,False,-0.032,-0.013,True,False,LOW
222.735,,-0.6,-169.82,-1.64,-1.2,4.51,0.43,False,False,False,False,False,False,-0.025,-0.01,True,False,LOW
222.902,,-0.65,-170.93,-1.59,-1.27,4.25,0.43,False,False,False,False,False,False,-0.023,-0.009,True,False,LOW
222.924,,-0.6,-170.23,-1.54,-1.27,4.3,0.44,False,False,False,False,False,False,-0.023,-0.011,True,False,LOW
223.112,,-0.52,-170.33,-1.52,-1.23,4.47,0.48,False,False,False,False,False,False,-0.02,-0.011,True,False,LOW
223.133,,-1.05,-170.29,-1.32,-1.29,4.49,0.51,False,False,False,False,False,False,0.047,-0.023,True,False,LOW
223.304,,-1.28,-170.35,-1.26,-1.64,4.54,0.64,False,False,False,False,False,False,0.05,-0.022,True,False,LOW
223.327,,-1.55,-170.53,-1.25,-1.72,4.52,0.66,False,False,False,False,False,False,0.05,-0.024,True,False,LOW
223.512,,-1.62,-171.09,-1.13,-2.04,4.15,0.79,False,False,False,False,False,False,0.052,-0.025,True,False,LOW
223.533,,-1.34,-171.03,-1.14,-2.03,4.12,0.8,False,False,False,False,False,False,0.051,-0.022,True,False,LOW
223.704,,-1.47,-170.94,-1.23,-2.09,4.05,0.8,False,False,False,False,False,False,0.026,0.015,True,False,LOW
223.727,,-1.1,-170.42,-1.49,-2.05,4.11,0.77,False,False,False,False,False,False,0.052,-0.017,True,False,LOW
223.916,,-1.59,-171.5,-1.49,-2.17,3.74,0.64,False,False,False,False,False,False,0.067,-0.026,True,False,LOW
223.939,,-1.0,-170.69,-1.39,-2.11,3.81,0.64,False,False,False,False,False,False,0.06,-0.026,True,False,LOW
224.152,,-1.03,-170.95,-1.27,-1.88,3.91,0.71,False,False,False,False,False,False,0.06,-0.024,True,False,LOW
224.177,,-0.76,-170.41,-1.28,-1.82,3.99,0.72,False,False,False,False,False,False,0.061,-0.024,True,False,LOW
224.317,,-0.21,-169.68,-1.16,-1.38,4.59,0.79,False,False,False,False,False,False,0.06,-0.026,True,False,LOW
224.341,,0.33,-170.13,-1.27,-1.23,4.62,0.78,False,False,False,False,False,False,0.062,-0.024,True,False,LOW
224.514,,0.09,-170.54,-1.19,-0.89,4.5,0.81,False,False,False,False,False,False,0.06,-0.025,True,False,LOW
224.539,,0.01,-169.69,-1.17,-0.86,4.6,0.82,False,False,False,False,False,False,0.042,0.011,True,False,LOW
224.703,,-0.03,-169.53,-1.22,-0.78,5.02,0.81,False,False,False,False,False,False,0.067,-0.021,True,False,LOW
224.729,,-0.26,-170.02,-1.19,-0.8,5.0,0.82,False,False,False,False,False,False,0.058,-0.024,True,False,LOW
224.918,,-0.57,-169.54,-1.36,-1.05,5.21,0.74,False,False,False,False,False,False,0.063,-0.026,True,False,LOW
224.946,,-1.21,-169.23,-1.44,-1.18,5.29,0.72,False,False,False,False,False,False,0.061,-0.029,True,False,LOW
225.112,,-0.95,-169.68,-1.22,-1.41,5.27,0.76,False,False,False,False,False,False,0.066,-0.027,True,False,LOW
225.139,,-0.17,-168.9,-1.26,-1.33,5.38,0.76,False,False,False,False,False,False,0.07,-0.023,True,False,LOW
225.32,,-0.09,-168.19,-1.42,-1.03,6.12,0.68,False,False,False,False,False,False,0.047,-0.021,True,False,LOW
225.346,,-0.04,-168.97,-1.45,-0.99,6.1,0.67,False,False,False,False,False,False,0.046,-0.02,True,False,LOW
225.552,,-0.26,-168.38,-1.61,-0.96,6.36,0.53,False,False,False,False,False,False,0.042,-0.021,True,False,LOW
225.588,,-0.54,-168.6,-1.8,-1.01,6.35,0.47,False,False,False,False,False,False,0.038,-0.02,True,False,LOW
225.739,,-0.22,-168.14,-1.72,-0.96,6.57,0.39,False,False,False,False,False,False,0.028,-0.012,True,False,LOW
225.761,,0.0,-168.56,-1.75,-0.92,6.54,0.38,False,False,False,False,False,False,0.029,-0.013,True,False,LOW
225.902,,-0.89,-169.12,-1.88,-1.23,6.2,0.27,False,False,False,False,False,False,0.025,-0.014,True,False,LOW
225.926,,-0.4,-169.23,-2.1,-1.21,6.13,0.22,False,False,False,False,False,False,-0.03,-0.013,True,False,LOW
226.098,,-0.09,-168.61,-2.42,-0.98,6.23,-0.1,False,False,False,False,False,False,-0.032,-0.018,True,False,LOW
226.123,,1.3,-167.72,-1.79,-0.75,6.37,-0.05,False,False,False,False,False,False,-0.035,-0.011,True,False,LOW
226.305,,0.14,-168.26,-1.88,-0.64,6.53,0.06,False,False,False,False,False,False,0.019,-0.02,True,False,LOW
226.331,,-0.02,-168.37,-1.75,-0.65,6.53,0.09,False,False,False,False,False,False,0.068,-0.019,True,False,LOW
226.506,,-0.21,-168.54,-1.63,-0.77,6.46,0.25,False,False,False,False,False,False,0.064,-0.022,True,False,LOW
226.531,,-0.24,-168.67,-1.53,-0.79,6.43,0.29,False,False,False,False,False,False,0.075,-0.026,True,False,LOW
226.707,,0.24,-168.13,-1.62,-0.61,6.63,0.35,False,False,False,False,False,False,0.078,-0.025,True,False,LOW
226.729,,0.02,-169.16,-1.55,-0.61,6.52,0.37,False,False,False,False,False,False,0.066,-0.019,True,False,LOW
226.914,,-0.16,-168.2,-1.53,-0.74,6.63,0.44,False,False,False,False,False,False,0.062,-0.022,True,False,LOW
226.938,,-0.55,-168.07,-1.53,-0.8,6.66,0.45,False,False,False,False,False,False,0.064,-0.027,True,False,LOW
227.11,,-0.72,-168.09,-1.46,-1.12,6.76,0.51,False,False,False,False,False,False,0.06,-0.026,True,False,LOW
227.131,,-0.74,-168.08,-1.46,-1.15,6.77,0.52,False,False,False,False,False,False,0.054,0.014,True,False,LOW
227.296,,0.25,-168.09,-1.56,-0.78,6.8,0.49,False,False,False,False,False,False,0.055,-0.026,True,False,LOW
227.318,,-0.66,-168.32,-1.48,-0.85,6.78,0.5,False,False,False,False,False,False,0.061,-0.024,True,False,LOW
227.501,,-0.02,-168.48,-1.5,-0.77,6.6,0.52,False,False,False,False,False,False,0.062,-0.028,True,False,LOW
227.527,,-0.34,-168.62,-1.5,-0.81,6.56,0.52,False,False,False,False,False,False,0.018,-0.012,True,False,LOW
227.692,,0.53,-169.61,-1.37,-0.47,5.92,0.59,False,False,False,False,False,False,0.022,-0.013,True,False,LOW
227.718,,0.17,-170.09,-1.19,-0.48,5.76,0.63,False,False,False,False,False,False,0.017,-0.011,True,False,LOW
227.897,,0.19,-169.66,-1.54,-0.48,5.49,0.55,False,False,False,False,False,False,0.035,-0.017,True,False,LOW
227.928,,0.44,-169.37,-1.45,-0.44,5.51,0.56,False,False,False,False,False,False,0.038,-0.016,True,False,LOW
228.103,,0.46,-168.61,-1.42,-0.33,5.93,0.59,False,False,False,False,False,False,0.068,-0.021,True,False,LOW
228.124,,-0.13,-168.21,-1.39,-0.38,6.03,0.59,False,False,False,False,False,False,0.063,-0.024,True,False,LOW
228.308,,0.15,-168.35,-1.44,-0.46,6.33,0.59,False,False,False,False,False,False,0.064,-0.023,True,False,LOW
228.332,,1.15,-169.42,-1.42,-0.34,6.22,0.59,False,False,False,False,False,False,0.011,-0.002,True,False,LOW
228.511,,0.51,-169.01,-1.49,-0.25,6.06,0.57,False,False,False,False,False,False,0.006,-0.008,True,False,LOW
228.535,,0.45,-168.62,-1.76,-0.25,6.09,0.53,False,False,False,False,False,False,0.007,-0.003,True,False,LOW
228.688,,0.66,-168.93,-1.78,-0.13,6.05,0.39,False,False,False,False,False,False,0.006,-0.006,True,False,LOW
228.727,,0.54,-168.27,-1.78,-0.14,6.17,0.36,False,False,False,False,False,False,0.006,-0.003,True,False,LOW
228.899,,0.2,-168.75,-1.84,-0.31,6.18,0.27,False,False,False,False,False,False,0.006,-0.004,True,False,LOW
228.922,,0.17,-168.69,-1.94,-0.34,6.18,0.25,False,False,False,False,False,False,0.006,-0.005,True,False,LOW
229.094,,0.03,-168.53,-1.89,-0.5,6.3,0.19,False,False,False,False,False,False,0.006,-0.005,True,False,LOW
229.131,,0.05,-168.49,-1.85,-0.53,6.32,0.19,False,False,False,False,False,False,0.001,-0.006,True,False,LOW
229.312,,-0.01,-168.82,-1.88,-0.61,6.21,0.17,False,False,False,False,False,False,-0.001,-0.005,True,False,LOW
229.335,,-0.44,-169.39,-1.94,-0.68,6.12,0.16,False,False,False,False,False,False,-0.003,-0.006,True,False,LOW
229.496,,0.01,-169.61,-1.86,-0.67,5.71,0.16,False,False,False,False,False,False,0.002,-0.004,True,False,LOW
229.529,,0.68,-168.95,-1.68,-0.56,5.76,0.2,False,False,False,False,False,False,-0.042,-0.023,True,False,LOW
229.713,,1.39,-170.33,-1.61,0.13,5.13,0.32,False,False,False,False,False,False,-0.029,-0.024,True,False,LOW
229.738,,1.31,-169.94,-1.7,0.2,5.11,0.32,False,False,False,False,False,False,-0.033,-0.022,True,False,LOW
229.898,,0.84,-169.68,-1.71,0.18,5.18,0.32,False,False,False,False,False,False,-0.033,-0.023,True,False,LOW
229.927,,0.99,-169.18,-1.7,0.2,5.27,0.32,False,False,False,False,False,False,-0.034,-0.024,True,False,LOW
230.109,,1.48,-169.49,-1.82,0.52,5.36,0.26,False,False,False,False,False,False,-0.028,-0.021,True,False,LOW
230.133,,1.3,-169.95,-1.81,0.54,5.31,0.26,False,False,False,False,False,False,-0.03,-0.021,True,False,LOW
230.301,,1.44,-169.06,-1.7,0.65,5.6,0.29,False,False,False,False,False,False,-0.015,-0.013,True,False,LOW
230.328,,0.83,-169.56,-1.49,0.58,5.57,0.33,False,False,False,False,False,False,-0.004,-0.001,True,False,LOW
230.497,,0.98,-170.64,-1.56,0.43,4.9,0.4,False,False,False,False,False,False,-0.003,-0.0,True,False,LOW
230.52,,0.99,-170.18,-1.58,0.42,4.88,0.41,False,False,False,False,False,False,-0.013,-0.004,True,False,LOW
230.695,,1.24,-169.54,-1.61,0.49,5.15,0.41,False,False,False,False,False,False,-0.014,-0.003,True,False,LOW
230.728,,0.74,-169.74,-1.7,0.42,5.15,0.4,False,False,False,False,False,False,-0.016,-0.002,True,False,LOW
230.907,,0.76,-170.19,-1.7,0.24,4.93,0.36,False,False,False,False,False,False,-0.016,-0.001,True,False,LOW
230.93,,0.59,-170.1,-1.73,0.2,4.92,0.36,False,False,False,False,False,False,-0.018,-0.0,True,False,LOW
231.095,,0.36,-170.55,-1.71,-0.07,4.64,0.34,False,False,False,False,False,False,-0.016,-0.0,True,False,LOW
231.127,,0.17,-170.66,-1.78,-0.15,4.58,0.32,False,False,False,False,False,False,-0.02,-0.002,True,False,LOW
231.296,,0.04,-170.41,-1.77,-0.4,4.55,0.29,False,False,False,False,False,False,-0.021,-0.002,True,False,LOW
231.321,,0.36,-170.11,-1.77,-0.39,4.58,0.29,False,False,False,False,False,False,-0.018,-0.002,True,False,LOW
231.491,,0.19,-170.47,-1.89,-0.44,4.52,0.21,False,False,False,False,False,False,-0.018,-0.003,True,False,LOW
231.527,,0.68,-170.16,-1.75,-0.36,4.57,0.22,False,False,False,False,False,False,-0.013,-0.007,True,False,LOW
231.701,,0.84,-169.85,-1.75,-0.09,4.84,0.25,False,False,False,False,False,False,-0.01,-0.014,True,False,LOW
231.728,,0.71,-168.77,-1.53,-0.07,5.04,0.29,False,False,False,False,False,False,-0.011,-0.013,True,False,LOW
231.921,,0.71,-169.48,-1.57,-0.01,5.27,0.38,False,False,False,False,False,False,-0.031,-0.005,True,False,LOW
231.945,,1.12,-169.84,-1.56,0.05,5.24,0.39,False,False,False,False,False,False,-0.026,-0.007,True,False,LOW
232.099,,1.36,-170.27,-1.67,0.36,4.96,0.38,False,False,False,False,False,False,-0.013,-0.012,True,False,LOW
232.122,,0.74,-169.85,-1.89,0.32,4.97,0.35,False,False,False,False,False,False,-0.009,-0.012,True,False,LOW
232.292,,-0.01,-168.03,-2.02,-0.2,5.99,0.17,False,False,False,False,False,False,-0.01,-0.008,True,False,LOW
232.327,,0.93,-168.89,-1.83,-0.12,6.0,0.18,False,False,False,False,False,False,-0.013,-0.015,True,False,LOW
232.5,,0.65,-168.19,-1.91,-0.07,6.39,0.15,False,False,False,False,False,False,-0.009,-0.015,True,False,LOW
232.522,,0.27,-168.83,-1.99,-0.12,6.35,0.13,False,False,False,False,False,False,-0.013,-0.017,True,False,LOW
232.689,,0.27,-168.89,-2.09,-0.27,6.19,0.03,False,False,False,False,False,False,-0.013,-0.016,True,False,LOW
232.727,,0.12,-168.51,-2.36,-0.32,6.24,-0.04,False,False,False,False,False,False,-0.01,-0.015,True,False,LOW
232.909,,0.04,-167.43,-2.15,-0.49,6.92,-0.08,False,False,False,False,False,False,-0.012,-0.014,True,False,LOW
232.933,,0.19,-167.43,-2.16,-0.49,7.0,-0.09,False,False,False,False,False,False,-0.01,-0.014,True,False,LOW
233.098,,0.51,-167.55,-1.92,-0.33,7.2,0.01,False,False,False,False,False,False,-0.031,0.022,True,False,LOW
233.126,,0.63,-168.11,-1.9,-0.29,7.14,0.03,False,False,False,False,False,False,-0.006,-0.007,True,False,LOW
233.3,,0.41,-168.52,-1.93,-0.28,6.76,0.07,False,False,False,False,False,False,-0.001,-0.011,True,False,LOW
233.325,,-0.49,-168.45,-1.99,-0.4,6.72,0.06,False,False,False,False,False,False,-0.003,-0.013,True,False,LOW
233.491,,-0.16,-168.13,-1.93,-0.63,6.76,0.08,False,False,False,False,False,False,-0.001,-0.014,True,False,LOW
233.526,,-0.45,-168.42,-1.97,-0.72,6.71,0.08,False,False,False,False,False,False,-0.001,-0.013,True,False,LOW
233.7,,-0.34,-168.51,-2.04,-0.88,6.56,0.03,False,False,False,False,False,False,-0.0,-0.014,True,False,LOW
233.723,,0.06,-167.83,-1.98,-0.85,6.63,0.03,False,False,False,False,False,False,-0.001,-0.005,True,False,LOW
233.887,,-0.19,-167.99,-1.99,-0.86,6.79,0.04,False,False,False,False,False,False,-0.002,-0.01,True,False,LOW
233.927,,0.0,-168.13,-2.02,-0.82,6.79,0.03,False,False,False,False,False,False,-0.002,-0.009,True,False,LOW
234.096,,0.0,-167.64,-1.92,-0.75,7.05,0.07,False,False,False,False,False,False,-0.002,-0.011,True,False,LOW
234.119,,0.17,-168.14,-2.04,-0.72,7.02,0.06,False,False,False,False,False,False,-0.003,-0.01,True,False,LOW
234.406,,0.2,-167.57,-2.04,-0.56,7.24,0.02,False,False,False,False,False,False,-0.004,-0.008,True,False,LOW
234.427,,0.58,-168.0,-2.15,-0.51,7.2,-0.0,False,False,False,False,False,False,0.004,-0.01,True,False,LOW
234.521,,0.47,-168.61,-2.17,-0.4,6.87,-0.05,False,False,False,False,False,False,0.004,-0.011,True,False,LOW
234.546,,0.54,-168.6,-2.11,-0.36,6.8,-0.06,False,False,False,False,False,False,0.002,-0.009,True,False,LOW
234.693,,0.32,-168.52,-2.19,-0.36,6.61,-0.11,False,False,False,False,False,False,0.005,-0.011,True,False,LOW
234.727,,0.57,-168.83,-2.14,-0.32,6.51,-0.11,False,False,False,False,False,False,0.004,-0.012,True,False,LOW
234.897,,0.68,-168.29,-2.07,-0.15,6.58,-0.07,False,False,False,False,False,False,0.003,-0.011,True,False,LOW
234.919,,0.5,-168.17,-2.14,-0.15,6.6,-0.08,False,False,False,False,False,False,0.001,-0.012,True,False,LOW
235.088,,0.38,-168.34,-2.14,-0.23,6.6,-0.09,False,False,False,False,False,False,0.001,-0.01,True,False,LOW
235.126,,0.94,-168.42,-2.01,-0.13,6.58,-0.07,False,False,False,False,False,False,0.005,-0.008,True,False,LOW
235.297,,0.32,-168.36,-2.03,-0.25,6.57,-0.03,False,False,False,False,False,False,0.012,-0.011,True,False,LOW
235.322,,0.1,-168.72,-1.99,-0.3,6.52,-0.02,False,False,False,False,False,False,0.011,-0.01,True,False,LOW
235.493,,0.39,-168.45,-1.98,-0.29,6.5,0.01,False,False,False,False,False,False,0.011,-0.011,True,False,LOW
235.526,,0.2,-168.93,-2.01,-0.33,6.41,0.02,False,False,False,False,False,False,0.002,-0.01,True,False,LOW
235.696,,0.45,-168.05,-2.08,-0.28,6.65,-0.02,False,False,False,False,False,False,0.005,-0.005,True,False,LOW
235.719,,-0.06,-169.07,-2.0,-0.34,6.55,-0.01,False,False,False,False,False,False,-0.004,-0.005,True,False,LOW
235.892,,0.73,-168.21,-2.0,-0.13,6.64,0.01,False,False,False,False,False,False,-0.004,-0.007,True,False,LOW
235.928,,-0.26,-169.03,-1.79,-0.29,6.5,0.05,False,False,False,False,False,False,0.041,-0.008,True,False,LOW
236.102,,0.18,-168.81,-1.8,-0.4,6.3,0.15,False,False,False,False,False,False,0.04,-0.007,True,False,LOW
236.125,,0.32,-168.97,-1.82,-0.39,6.26,0.15,False,False,False,False,False,False,0.044,-0.008,True,False,LOW
236.301,,0.3,-168.82,-1.89,-0.39,6.18,0.15,False,False,False,False,False,False,0.049,-0.023,True,False,LOW
236.327,,0.42,-168.5,-1.85,-0.37,6.21,0.15,False,False,False,False,False,False,0.053,-0.021,True,False,LOW
236.532,,0.83,-168.35,-1.83,-0.08,6.42,0.18,False,False,False,False,False,False,0.058,-0.021,True,False,LOW
236.559,,0.42,-167.77,-1.74,-0.1,6.53,0.19,False,False,False,False,False,False,0.059,-0.022,True,False,LOW
236.695,,-0.03,-168.14,-1.76,-0.39,6.65,0.23,False,False,False,False,False,False,0.059,-0.024,True,False,LOW
236.726,,0.36,-167.77,-1.57,-0.37,6.74,0.27,False,False,False,False,False,False,0.086,-0.026,True,False,LOW
236.899,,0.16,-167.38,-1.47,-0.45,7.17,0.42,False,False,False,False,False,False,0.086,-0.028,True,False,LOW
236.92,,0.13,-168.54,-1.23,-0.46,7.07,0.47,False,False,False,False,False,False,0.075,-0.026,True,False,LOW
237.087,,0.42,-168.04,-1.33,-0.36,6.98,0.59,False,False,False,False,False,False,0.087,-0.029,True,False,LOW
237.126,,-0.23,-168.12,-1.44,-0.47,6.95,0.59,False,False,False,False,False,False,0.083,-0.025,True,False,LOW
237.315,,0.18,-168.83,-1.29,-0.48,6.48,0.67,False,False,False,False,False,False,0.075,-0.026,True,False,LOW
237.342,,0.36,-168.76,-1.46,-0.46,6.43,0.66,False,False,False,False,False,False,0.078,-0.025,True,False,LOW
237.502,,-0.41,-169.31,-1.44,-0.78,6.02,0.62,False,False,False,False,False,False,0.072,-0.025,True,False,LOW
237.529,,-0.86,-169.1,-1.45,-0.89,5.99,0.62,False,False,False,False,False,False,0.073,-0.025,True,False,LOW
237.708,,0.03,-167.94,-1.56,-0.76,6.52,0.54,False,False,False,False,False,False,0.077,-0.028,True,False,LOW
237.732,,-0.33,-168.75,-1.92,-0.8,6.48,0.48,False,False,False,False,False,False,0.05,-0.014,True,False,LOW
237.884,,1.0,-167.85,-2.15,-0.25,6.77,0.18,False,False,False,False,False,False,0.011,-0.003,True,False,LOW
237.927,,2.33,-168.41,-2.35,0.18,6.72,0.07,False,False,False,False,False,False,0.011,-0.005,True,False,LOW
238.094,,3.09,-168.37,-2.62,1.37,6.64,-0.27,False,False,False,False,False,False,0.017,-0.002,True,False,LOW
238.119,,1.31,-168.29,-2.25,1.26,6.64,-0.26,False,False,False,False,False,False,0.021,0.043,False,False,LOW
238.284,,1.11,-170.02,-2.48,0.84,5.74,-0.36,False,False,False,False,False,False,0.003,-0.02,True,False,LOW
238.33,,-0.66,-172.62,-2.76,0.32,4.89,-0.44,False,False,False,False,False,False,0.008,-0.016,True,False,LOW
238.498,,-0.89,-173.0,-2.91,-0.68,3.27,-0.67,False,False,False,False,False,False,0.015,-0.012,True,False,LOW
238.521,,-1.48,-172.29,-2.8,-0.89,3.18,-0.68,False,False,False,False,False,False,0.01,-0.016,True,False,LOW
238.684,,-1.77,-172.42,-2.36,-1.71,2.83,-0.5,False,False,False,False,False,False,0.019,-0.013,True,False,LOW
238.726,,-0.06,-172.65,-2.21,-1.5,2.71,-0.44,False,False,False,False,False,False,0.019,-0.013,True,False,LOW
238.889,,-1.09,-172.01,-1.94,-1.64,2.82,-0.17,False,False,False,False,False,False,0.018,-0.011,True,False,LOW
238.918,,-0.45,-171.37,-1.93,-1.56,2.93,-0.13,False,False,False,False,False,False,0.029,-0.009,True,False,LOW
239.087,,-0.69,-172.44,-1.83,-1.46,2.7,0.04,False,False,False,False,False,False,0.029,-0.014,True,False,LOW
239.115,,-0.7,-171.62,-1.73,-1.45,2.79,0.08,False,False,False,False,False,False,0.032,-0.014,True,False,LOW
239.294,,-1.03,-171.96,-1.79,-1.59,2.89,0.17,False,False,False,False,False,False,0.039,-0.018,True,False,LOW
239.318,,-0.98,-170.79,-1.72,-1.6,3.06,0.19,False,False,False,False,False,False,0.032,-0.012,True,False,LOW
239.507,,0.09,-173.23,-1.94,-1.05,2.32,0.13,False,False,False,False,False,False,0.036,-0.011,True,False,LOW
239.556,,-0.63,-171.89,-1.8,-1.11,2.49,0.16,False,False,False,False,False,False,0.018,-0.014,True,False,LOW
239.705,,-0.15,-171.91,-2.04,-0.97,2.75,0.08,False,False,False,False,False,False,0.032,-0.016,True,False,LOW
239.729,,-2.49,-171.34,-2.29,-1.28,2.87,0.03,False,False,False,False,False,False,0.07,-0.021,True,False,LOW
239.901,,-6.0,-171.82,-2.53,-4.27,2.99,-0.25,False,False,False,False,False,False,0.061,-0.02,True,False,LOW
239.922,,-7.6,-171.4,-2.57,-4.86,3.06,-0.28,False,False,False,False,False,False,0.069,-0.024,True,False,LOW
240.111,,-7.25,-170.58,-2.47,-6.66,3.77,-0.37,False,False,False,False,False,False,0.054,-0.028,True,False,LOW
240.136,,-6.5,-170.85,-2.53,-6.74,3.82,-0.39,False,False,False,False,False,False,0.058,-0.026,True,False,LOW
240.3,,-6.09,-171.0,-2.53,-6.76,3.88,-0.44,False,False,False,False,False,False,0.066,-0.026,True,False,LOW
240.322,,-7.07,-170.86,-2.5,-6.89,3.9,-0.45,False,False,False,False,False,False,0.064,-0.026,True,False,LOW
240.505,,-6.85,-170.01,-2.51,-7.24,4.45,-0.46,False,False,False,False,False,False,0.05,-0.028,True,False,LOW
240.527,,-3.54,-168.03,-2.95,-6.86,4.78,-0.52,False,False,False,False,False,False,0.021,0.043,False,False,LOW
240.702,,-0.8,-163.37,-3.1,-3.87,8.64,-0.81,False,False,False,False,False,False,0.021,0.043,False,False,LOW
240.725,,-0.74,-160.95,-3.03,-3.5,9.53,-0.84,False,False,False,False,False,False,0.021,0.043,False,False,LOW
240.917,,-0.26,-160.05,-2.86,-2.01,12.78,-0.83,False,True,False,False,False,True,0.021,0.043,False,False,LOW
240.942,,-0.02,-163.07,-2.87,-1.81,12.63,-0.83,False,True,False,False,True,True,0.006,0.05,True,False,LOW
241.109,,2.0,-163.83,-2.36,-0.09,11.82,-0.58,False,True,False,False,False,True,0.025,0.011,True,False,LOW
241.132,,2.35,-165.52,-2.09,0.17,11.51,-0.51,False,True,False,False,False,True,0.028,-0.03,True,False,LOW
241.317,,2.41,-168.12,-1.97,1.05,8.86,-0.2,False,False,False,False,False,False,0.036,-0.02,True,False,LOW
241.341,,1.68,-168.0,-2.01,1.05,8.57,-0.17,False,False,False,False,False,False,0.022,-0.024,True,False,LOW
241.493,,1.15,-168.71,-1.96,0.76,7.35,-0.05,False,False,False,False,False,False,0.017,-0.02,True,False,LOW
241.517,,0.65,-168.7,-2.0,0.65,7.18,-0.04,False,False,False,False,False,False,0.017,-0.023,True,False,LOW
241.7,,0.92,-168.73,-1.88,0.43,6.63,0.06,False,False,False,False,False,False,0.015,-0.01,True,False,LOW
241.723,,-0.52,-169.19,-1.87,0.21,6.51,0.07,False,False,False,False,False,False,0.022,-0.016,True,False,LOW
241.886,,-0.84,-168.83,-1.87,-0.69,6.3,0.12,False,False,False,False,False,False,0.014,-0.017,True,False,LOW
241.911,,0.11,-169.07,-1.88,-0.68,6.23,0.12,False,False,False,False,False,False,0.026,-0.022,True,False,LOW
242.092,,-0.06,-169.23,-1.94,-0.71,5.94,0.11,False,False,False,False,False,False,0.025,-0.019,True,False,LOW
242.118,,0.22,-168.92,-1.92,-0.68,5.95,0.11,False,False,False,False,False,False,0.001,-0.008,True,False,LOW
242.292,,0.33,-169.11,-2.09,-0.51,5.88,0.02,False,False,False,False,False,False,0.005,-0.007,True,False,LOW
242.315,,0.21,-170.1,-2.04,-0.5,5.74,0.02,False,False,False,False,False,False,0.015,-0.01,True,False,LOW
242.497,,-0.21,-170.63,-1.98,-0.71,4.95,0.03,False,False,False,False,False,False,0.012,-0.007,True,False,LOW
242.52,,-0.28,-170.03,-2.01,-0.74,4.95,0.03,False,False,False,False,False,False,0.017,-0.008,True,False,LOW
242.686,,-1.02,-169.63,-2.13,-1.24,5.13,-0.04,False,False,False,False,False,False,0.003,-0.002,True,False,LOW
242.712,,-0.91,-170.03,-2.06,-1.29,5.1,-0.03,False,False,False,False,False,False,0.01,-0.008,True,False,LOW
242.893,,-0.42,-168.41,-2.22,-1.19,5.86,-0.12,False,False,False,False,False,False,0.009,-0.001,True,False,LOW
242.919,,-1.06,-169.19,-2.29,-1.27,5.84,-0.14,False,False,False,False,False,False,0.003,-0.005,True,False,LOW
243.093,,-0.68,-169.5,-2.13,-1.32,5.63,-0.12,False,False,False,False,False,False,-0.001,-0.005,True,False,LOW
243.114,,-0.97,-169.92,-2.21,-1.36,5.55,-0.13,False,False,False,False,False,False,0.007,-0.002,True,False,LOW
243.295,,-0.97,-169.67,-2.24,-1.51,5.4,-0.17,False,False,False,False,False,False,0.005,-0.003,True,False,LOW
243.318,,-0.66,-169.35,-2.27,-1.49,5.42,-0.18,False,False,False,False,False,False,0.005,-0.001,True,False,LOW
243.494,,-1.03,-170.07,-2.22,-1.61,5.12,-0.18,False,False,False,False,False,False,0.009,-0.003,True,False,LOW
243.515,,-1.23,-169.96,-2.22,-1.64,5.11,-0.19,False,False,False,False,False,False,0.01,-0.005,True,False,LOW
243.704,,-1.71,-169.52,-2.25,-2.05,5.27,-0.2,False,False,False,False,False,False,0.017,-0.004,True,False,LOW
243.727,,-1.17,-168.64,-2.35,-2.03,5.4,-0.22,False,False,False,False,False,False,0.011,-0.007,True,False,LOW
243.897,,-0.92,-168.68,-2.41,-1.81,5.85,-0.3,False,False,False,False,False,False,0.009,-0.004,True,False,LOW
243.92,,-0.35,-169.47,-2.39,-1.71,5.8,-0.31,False,False,False,False,False,False,0.009,-0.001,True,False,LOW
244.106,,-0.48,-169.16,-2.52,-1.41,5.78,-0.41,False,False,False,False,False,False,0.01,-0.006,True,False,LOW
244.129,,-0.15,-168.86,-2.53,-1.33,5.82,-0.42,False,False,False,False,False,False,0.011,-0.008,True,False,LOW
244.286,,0.11,-168.54,-2.48,-0.95,6.11,-0.43,False,False,False,False,False,False,0.012,-0.007,True,False,LOW
244.311,,-0.25,-169.08,-2.52,-0.94,6.07,-0.44,False,False,False,False,False,False,0.011,-0.007,True,False,LOW
244.494,,-0.09,-168.32,-2.48,-0.85,6.36,-0.45,False,False,False,False,False,False,0.013,-0.005,True,False,LOW
244.519,,-0.01,-168.85,-2.29,-0.83,6.32,-0.42,False,False,False,False,False,False,0.006,-0.007,True,False,LOW
244.694,,-0.59,-169.09,-2.5,-1.06,6.07,-0.45,False,False,False,False,False,False,0.008,-0.006,True,False,LOW
244.717,,-0.28,-168.59,-2.4,-1.05,6.1,-0.44,False,False,False,False,False,False,0.016,-0.007,True,False,LOW
244.911,,-0.28,-169.18,-2.33,-1.0,5.91,-0.36,False,False,False,False,False,False,0.013,-0.012,True,False,LOW
244.932,,-0.41,-169.32,-2.33,-1.01,5.87,-0.35,False,False,False,False,False,False,0.013,-0.01,True,False,LOW
245.122,,-0.11,-170.18,-2.21,-0.89,5.25,-0.26,False,False,False,False,False,False,0.005,-0.007,True,False,LOW
245.149,,0.11,-169.26,-2.22,-0.84,5.31,-0.25,False,False,False,False,False,False,0.003,-0.006,True,False,LOW
245.3,,-0.11,-168.38,-2.27,-0.82,5.92,-0.24,False,False,False,False,False,False,0.02,-0.018,True,False,LOW
245.322,,-0.11,-168.45,-2.19,-0.81,5.99,-0.23,False,False,False,False,False,False,0.022,-0.018,True,False,LOW
245.489,,-0.32,-168.45,-2.16,-0.91,6.25,-0.18,False,False,False,False,False,False,0.022,-0.019,True,False,LOW
245.515,,-0.03,-168.42,-2.08,-0.88,6.28,-0.16,False,False,False,False,False,False,0.007,-0.009,True,False,LOW
245.695,,0.04,-168.3,-2.14,-0.75,6.47,-0.13,False,False,False,False,False,False,-0.03,-0.015,True,False,LOW
245.719,,0.33,-168.51,-2.26,-0.7,6.46,-0.15,False,False,False,False,False,False,-0.029,-0.02,True,False,LOW
245.885,,0.18,-168.97,-2.38,-0.6,6.21,-0.25,False,False,False,False,False,False,-0.026,-0.016,True,False,LOW
245.91,,0.78,-169.33,-2.41,-0.5,6.12,-0.27,False,False,False,False,False,False,-0.032,-0.019,True,False,LOW
246.097,,0.43,-168.67,-2.36,-0.36,6.2,-0.3,False,False,False,False,False,False,-0.032,-0.023,True,False,LOW
246.119,,1.13,-168.87,-2.49,-0.26,6.18,-0.32,False,False,False,False,False,False,-0.028,-0.018,True,False,LOW
246.289,,1.04,-168.8,-2.67,0.07,6.15,-0.49,False,False,False,False,False,False,-0.019,-0.017,True,False,LOW
246.312,,0.44,-167.48,-2.47,0.03,6.32,-0.48,False,False,False,False,False,False,0.012,-0.015,True,False,LOW
246.493,,0.81,-168.25,-2.47,0.08,6.52,-0.46,False,False,False,False,False,False,0.021,-0.015,True,False,LOW
246.518,,1.01,-169.03,-2.32,0.12,6.43,-0.44,False,False,False,False,False,False,0.025,-0.015,True,False,LOW
246.683,,1.04,-169.74,-2.19,0.24,5.79,-0.29,False,False,False,False,False,False,0.021,-0.012,True,False,LOW
246.711,,-0.26,-168.45,-2.39,0.06,5.89,-0.3,False,False,False,False,False,False,0.017,0.0,True,False,LOW
246.891,,0.35,-168.69,-2.29,-0.15,6.08,-0.28,False,False,False,False,False,False,0.015,-0.004,True,False,LOW
246.918,,0.78,-169.71,-2.21,-0.11,5.95,-0.27,False,False,False,False,False,False,0.013,-0.008,True,False,LOW
247.088,,0.98,-169.9,-2.3,0.1,5.47,-0.27,False,False,False,False,False,False,0.011,-0.003,True,False,LOW
247.111,,1.23,-169.19,-2.36,0.16,5.5,-0.28,False,False,False,False,False,False,0.011,-0.005,True,False,LOW
247.297,,1.34,-169.31,-2.07,0.43,5.57,-0.15,False,False,False,False,False,False,0.013,-0.005,True,False,LOW
247.321,,1.39,-168.78,-2.2,0.47,5.64,-0.15,False,False,False,False,False,False,0.016,-0.007,True,False,LOW
247.509,,1.62,-169.39,-2.24,0.73,5.59,-0.18,False,False,False,False,False,False,0.013,-0.006,True,False,LOW
247.532,,1.11,-168.86,-2.29,0.69,5.65,-0.19,False,False,False,False,False,False,0.011,-0.007,True,False,LOW
247.698,,1.62,-168.21,-2.18,0.82,6.21,-0.17,False,False,False,False,False,False,0.018,-0.007,True,False,LOW
247.723,,1.2,-169.21,-2.28,0.78,6.14,-0.18,False,False,False,False,False,False,0.02,-0.007,True,False,LOW
247.891,,1.5,-169.28,-2.36,0.8,5.89,-0.26,False,False,False,False,False,False,0.021,-0.006,True,False,LOW
247.912,,1.98,-168.92,-2.13,0.86,5.9,-0.24,False,False,False,False,False,False,0.021,-0.009,True,False,LOW
248.1,,1.86,-168.38,-1.93,1.03,6.26,-0.05,False,False,False,False,False,False,0.018,-0.003,True,False,LOW
248.121,,2.14,-169.83,-2.27,1.09,6.12,-0.08,False,False,False,False,False,False,0.03,-0.011,True,False,LOW
248.291,,1.63,-168.85,-2.62,1.02,6.1,-0.34,False,False,False,False,False,False,0.03,-0.01,True,False,LOW
248.315,,1.23,-168.88,-2.38,0.95,6.09,-0.34,False,False,False,False,False,False,0.037,-0.02,True,False,LOW
248.519,,1.79,-167.43,-2.29,1.04,6.89,-0.3,False,False,False,False,False,False,0.032,-0.016,True,False,LOW
248.543,,2.14,-168.39,-2.53,1.1,6.84,-0.32,False,False,False,False,False,False,-0.035,-0.015,True,False,LOW
248.714,,2.11,-169.25,-2.22,1.27,6.23,-0.25,False,False,False,False,False,False,-0.028,-0.016,True,False,LOW
248.738,,1.49,-167.89,-2.09,1.21,6.34,-0.23,False,False,False,False,False,False,0.008,-0.016,True,False,LOW
248.886,,2.13,-168.38,-1.96,1.33,6.44,-0.08,False,False,False,False,False,False,0.033,-0.011,True,False,LOW
248.92,,1.34,-167.99,-1.92,1.21,6.53,-0.05,False,False,False,False,False,False,0.031,-0.013,True,False,LOW
249.09,,1.07,-168.39,-2.18,0.78,6.54,-0.1,False,False,False,False,False,False,0.032,-0.013,True,False,LOW
249.112,,1.44,-168.41,-2.1,0.78,6.53,-0.1,False,False,False,False,False,False,0.032,-0.014,True,False,LOW
249.304,,1.52,-168.64,-2.16,0.81,6.4,-0.12,False,False,False,False,False,False,0.031,-0.013,True,False,LOW
249.328,,1.42,-168.78,-2.25,0.8,6.37,-0.13,False,False,False,False,False,False,0.031,-0.015,True,False,LOW
249.492,,1.56,-168.91,-2.23,0.84,6.19,-0.17,False,False,False,False,False,False,0.029,-0.013,True,False,LOW
249.516,,1.84,-168.55,-2.21,0.88,6.22,-0.17,False,False,False,False,False,False,0.029,-0.013,True,False,LOW
249.703,,1.55,-168.27,-2.2,0.88,6.46,-0.17,False,False,False,False,False,False,0.026,-0.011,True,False,LOW
249.727,,1.41,-168.0,-2.19,0.86,6.52,-0.17,False,False,False,False,False,False,0.028,-0.014,True,False,LOW
249.885,,1.36,-167.91,-2.29,0.77,6.77,-0.21,False,False,False,False,False,False,0.031,-0.014,True,False,LOW
249.912,,1.98,-168.39,-2.09,0.85,6.74,-0.19,False,False,False,False,False,False,0.036,-0.017,True,False,LOW
250.075,,2.17,-168.12,-2.23,1.18,6.77,-0.2,False,False,False,False,False,False,0.037,-0.015,True,False,LOW
250.12,,1.83,-168.5,-2.15,1.17,6.7,-0.18,False,False,False,False,False,False,0.036,-0.015,True,False,LOW
250.284,,2.45,-167.43,-1.77,1.48,7.11,0.05,False,False,False,False,False,False,0.037,-0.014,True,False,LOW
250.312,,2.64,-168.12,-1.73,1.55,7.06,0.08,False,False,False,False,False,False,0.027,-0.013,True,False,LOW
250.477,,2.39,-169.52,-1.68,1.63,6.21,0.22,False,False,False,False,False,False,0.005,0.016,True,False,LOW
250.517,,3.23,-169.71,-1.87,1.82,6.0,0.21,False,False,False,False,False,False,0.02,-0.002,True,False,LOW
250.8,,3.15,-170.01,-1.93,2.24,5.3,0.14,False,False,False,False,False,False,0.018,-0.006,True,False,LOW
250.826,,3.6,-168.12,-1.98,2.34,5.52,0.13,False,False,False,False,False,False,0.022,-0.008,True,False,LOW
250.943,,3.12,-168.75,-2.01,2.38,5.8,0.08,False,False,False,False,False,False,0.017,-0.011,True,False,LOW
250.966,,3.0,-168.41,-2.25,2.38,5.9,0.04,False,False,False,False,False,False,0.019,-0.01,True,False,LOW
251.088,,2.84,-168.72,-2.09,2.28,6.04,-0.0,False,False,False,False,False,False,0.028,-0.01,True,False,LOW
251.111,,2.81,-169.17,-2.29,2.26,6.0,-0.03,False,False,False,False,False,False,0.032,-0.011,True,False,LOW
251.279,,2.82,-168.54,-2.23,2.2,6.2,-0.12,False,False,False,False,False,False,0.031,-0.01,True,False,LOW
251.322,,2.4,-167.47,-2.16,2.1,6.48,-0.12,False,False,False,False,False,False,0.029,-0.021,True,False,LOW
251.486,,2.07,-169.19,-2.24,1.73,6.1,-0.17,False,False,False,False,False,False,0.028,-0.012,True,False,LOW
251.51,,2.36,-169.08,-2.34,1.73,6.07,-0.19,False,False,False,False,False,False,0.024,-0.016,True,False,LOW
251.692,,2.58,-169.24,-2.29,1.82,5.87,-0.23,False,False,False,False,False,False,0.017,-0.009,True,False,LOW
251.717,,2.61,-169.03,-2.2,1.83,5.87,-0.22,False,False,False,False,False,False,0.015,-0.016,True,False,LOW
251.886,,1.79,-168.64,-2.25,1.46,6.09,-0.22,False,False,False,False,False,False,0.003,0.011,True,False,LOW
251.913,,2.53,-169.34,-2.25,1.52,6.01,-0.22,False,False,False,False,False,False,0.017,-0.009,True,False,LOW
252.079,,2.79,-170.08,-2.25,1.82,5.41,-0.22,False,False,False,False,False,False,0.016,-0.015,True,False,LOW
252.119,,2.45,-169.25,-2.27,1.81,5.47,-0.22,False,False,False,False,False,False,0.021,-0.013,True,False,LOW
252.282,,2.5,-168.71,-2.29,1.82,5.85,-0.24,False,False,False,False,False,False,0.023,-0.015,True,False,LOW
252.311,,2.95,-169.61,-2.13,1.89,5.77,-0.22,False,False,False,False,False,False,0.023,-0.014,True,False,LOW
252.475,,2.76,-169.69,-2.26,1.99,5.5,-0.23,False,False,False,False,False,False,0.006,-0.02,True,False,LOW
252.522,,2.14,-168.96,-2.34,1.87,5.61,-0.24,False,False,False,False,False,False,0.006,-0.019,True,False,LOW
252.691,,2.0,-169.41,-2.37,1.58,5.56,-0.29,False,False,False,False,False,False,0.005,-0.013,True,False,LOW
252.713,,2.29,-169.61,-2.2,1.59,5.53,-0.28,False,False,False,False,False,False,0.003,-0.011,True,False,LOW
252.88,,1.91,-169.91,-2.15,1.4,5.27,-0.2,False,False,False,False,False,False,0.003,-0.013,True,False,LOW
252.919,,2.66,-169.94,-2.17,1.52,5.21,-0.19,False,False,False,False,False,False,0.025,-0.014,True,False,LOW
253.085,,2.26,-170.5,-2.06,1.55,4.81,-0.11,False,False,False,False,False,False,0.026,-0.015,True,False,LOW
253.11,,2.22,-169.32,-2.12,1.55,4.92,-0.1,False,False,False,False,False,False,0.023,-0.01,True,False,LOW
253.278,,1.83,-169.36,-2.23,1.34,5.26,-0.15,False,False,False,False,False,False,0.017,-0.008,True,False,LOW
253.32,,1.09,-168.44,-2.21,1.14,5.52,-0.16,False,False,False,False,False,False,0.016,-0.006,True,False,LOW
253.519,,2.09,-168.62,-2.16,1.29,5.97,-0.14,False,False,False,False,False,False,0.018,-0.012,True,False,LOW
253.542,,2.05,-168.93,-2.19,1.3,5.97,-0.14,False,False,False,False,False,False,0.014,-0.018,True,False,LOW
253.679,,1.35,-169.04,-2.15,1.01,5.93,-0.13,False,False,False,False,False,False,0.016,-0.017,True,False,LOW
253.718,,1.35,-169.05,-2.17,0.94,5.92,-0.13,False,False,False,False,False,False,0.015,-0.019,True,False,LOW
253.884,,0.86,-169.34,-2.24,0.55,5.75,-0.17,False,False,False,False,False,False,0.014,-0.019,True,False,LOW
253.911,,1.09,-169.33,-2.06,0.53,5.73,-0.15,False,False,False,False,False,False,0.012,-0.016,True,False,LOW
254.079,,0.67,-169.38,-2.06,0.25,5.64,-0.09,False,False,False,False,False,False,0.016,-0.018,True,False,LOW
254.12,,0.12,-170.07,-2.36,0.08,5.47,-0.14,False,False,False,False,False,False,0.011,-0.019,True,False,LOW
254.301,,0.65,-169.44,-2.53,0.02,5.48,-0.33,False,False,False,False,False,False,0.013,-0.012,True,False,LOW
254.324,,0.47,-170.22,-2.65,-0.01,5.38,-0.37,False,False,False,False,False,False,-0.005,0.015,True,False,LOW
254.501,,0.6,-168.55,-2.56,-0.05,5.91,-0.45,False,False,False,False,False,False,0.008,-0.001,True,False,LOW
254.53,,1.19,-167.94,-2.53,0.04,6.08,-0.46,False,False,False,False,False,False,0.001,0.012,True,False,LOW
254.69,,0.88,-168.6,-2.68,0.12,6.21,-0.56,False,False,False,False,False,False,0.001,-0.009,True,False,LOW
254.714,,1.1,-168.21,-2.63,0.16,6.28,-0.56,False,False,False,False,False,False,-0.039,-0.013,True,False,LOW
254.897,,1.82,-167.12,-2.52,0.69,7.12,-0.52,False,False,False,False,False,False,-0.032,-0.014,True,False,LOW
254.92,,1.21,-166.8,-2.48,0.67,7.25,-0.51,False,False,False,False,False,False,0.014,-0.014,True,False,LOW
255.088,,1.59,-167.28,-2.43,0.79,7.46,-0.46,False,False,False,False,False,False,0.019,-0.017,True,False,LOW
255.112,,1.51,-166.9,-2.37,0.8,7.54,-0.44,False,False,False,False,False,False,0.026,-0.018,True,False,LOW
255.291,,1.35,-167.2,-2.42,0.73,7.64,-0.41,False,False,False,False,False,False,0.022,-0.02,True,False,LOW
255.321,,1.09,-167.57,-2.42,0.68,7.6,-0.41,False,False,False,False,False,False,0.021,-0.021,True,False,LOW
255.484,,1.49,-167.18,-2.42,0.75,7.67,-0.4,False,False,False,False,False,False,0.021,-0.021,True,False,LOW
255.512,,1.41,-167.48,-2.42,0.74,7.64,-0.4,False,False,False,False,False,False,0.025,-0.02,True,False,LOW
255.688,,1.21,-167.43,-2.42,0.63,7.57,-0.39,False,False,False,False,False,False,0.026,-0.019,True,False,LOW
255.719,,1.17,-167.57,-2.36,0.61,7.53,-0.38,False,False,False,False,False,False,0.025,-0.02,True,False,LOW
255.89,,0.81,-167.47,-2.48,0.36,7.5,-0.42,False,False,False,False,False,False,0.018,-0.02,True,False,LOW
255.913,,1.69,-167.76,-2.5,0.44,7.45,-0.42,False,False,False,False,False,False,0.02,-0.017,True,False,LOW
256.096,,1.26,-167.7,-2.57,0.52,7.33,-0.49,False,False,False,False,False,False,0.019,-0.019,True,False,LOW
256.12,,1.14,-168.26,-2.52,0.51,7.24,-0.49,False,False,False,False,False,False,0.017,-0.023,True,False,LOW
256.303,,1.03,-167.88,-2.4,0.42,7.14,-0.42,False,False,False,False,False,False,0.018,-0.018,True,False,LOW
256.328,,1.16,-168.71,-2.38,0.43,7.01,-0.41,False,False,False,False,False,False,0.021,-0.016,True,False,LOW
256.484,,1.28,-168.31,-2.43,0.52,6.81,-0.41,False,False,False,False,False,False,-0.035,-0.019,True,False,LOW
256.521,,1.35,-168.37,-2.4,0.54,6.76,-0.4,False,False,False,False,False,False,-0.04,-0.024,True,False,LOW
256.696,,2.07,-167.95,-2.44,0.99,6.88,-0.41,False,False,False,False,False,False,-0.024,-0.019,True,False,LOW
256.719,,1.89,-168.41,-2.33,1.02,6.83,-0.39,False,False,False,False,False,False,0.019,-0.016,True,False,LOW
256.893,,1.76,-167.78,-2.41,1.05,7.0,-0.39,False,False,False,False,False,False,0.026,-0.016,True,False,LOW
256.919,,1.5,-167.17,-2.48,1.02,7.11,-0.39,False,False,False,False,False,False,0.028,-0.018,True,False,LOW
257.12,,0.6,-167.41,-2.46,0.4,7.34,-0.41,False,False,False,False,False,False,0.019,-0.021,True,False,LOW
257.145,,0.26,-167.55,-2.42,0.28,7.35,-0.41,False,False,False,False,False,False,0.015,-0.016,True,False,LOW
257.29,,0.76,-166.89,-2.41,0.19,7.68,-0.4,False,False,False,False,False,False,0.016,-0.015,True,False,LOW
257.319,,0.41,-167.85,-2.52,0.11,7.59,-0.41,False,False,False,False,False,False,0.012,-0.015,True,False,LOW
257.518,,0.41,-168.56,-2.53,-0.1,6.9,-0.46,False,False,False,False,False,False,0.024,-0.018,True,False,LOW
257.542,,1.32,-167.51,-2.33,-0.0,6.97,-0.44,False,False,False,False,False,False,0.029,-0.018,True,False,LOW
257.694,,0.98,-168.18,-2.27,0.14,6.86,-0.34,False,False,False,False,False,False,0.027,-0.017,True,False,LOW
257.719,,0.49,-168.55,-2.29,0.1,6.8,-0.33,False,False,False,False,False,False,0.023,-0.016,True,False,LOW
257.895,,0.76,-167.13,-2.42,0.09,7.33,-0.36,False,False,False,False,False,False,0.029,-0.018,True,False,LOW
257.92,,0.86,-167.18,-2.17,0.1,7.38,-0.33,False,False,False,False,False,False,0.027,-0.024,True,False,LOW
258.089,,0.66,-167.2,-2.13,0.04,7.56,-0.21,False,False,False,False,False,False,0.025,-0.021,True,False,LOW
258.119,,0.41,-167.05,-2.02,-0.01,7.62,-0.18,False,False,False,False,False,False,0.024,-0.022,True,False,LOW
258.287,,0.7,-166.95,-2.26,0.01,7.8,-0.2,False,False,False,False,False,False,-0.021,-0.019,True,False,LOW
258.312,,1.53,-166.35,-2.17,0.12,7.91,-0.2,False,False,False,False,False,False,-0.031,-0.023,True,False,LOW
258.492,,1.39,-166.38,-2.2,0.44,8.26,-0.18,False,False,False,False,False,False,0.022,-0.023,True,False,LOW
258.522,,1.5,-167.48,-2.3,0.5,8.13,-0.2,False,False,False,False,False,False,0.021,-0.018,True,False,LOW
258.688,,0.89,-167.16,-2.34,0.35,7.95,-0.25,False,False,False,False,False,False,0.021,-0.017,True,False,LOW
258.71,,0.9,-167.47,-2.4,0.34,7.88,-0.27,False,False,False,False,False,False,0.019,-0.017,True,False,LOW
258.877,,0.91,-167.53,-2.43,0.28,7.63,-0.34,False,False,False,False,False,False,0.019,-0.017,True,False,LOW
258.919,,0.95,-167.4,-2.51,0.28,7.61,-0.37,False,False,False,False,False,False,0.019,-0.018,True,False,LOW
259.104,,0.73,-167.5,-2.22,0.16,7.51,-0.27,False,False,False,False,False,False,0.014,-0.01,True,False,LOW
259.127,,0.1,-167.4,-2.33,0.06,7.52,-0.27,False,False,False,False,False,False,0.013,-0.013,True,False,LOW
259.282,,0.37,-167.78,-2.21,-0.12,7.33,-0.23,False,False,False,False,False,False,0.021,-0.021,True,False,LOW
259.319,,0.88,-166.93,-2.23,-0.06,7.46,-0.22,False,False,False,False,False,False,0.022,-0.022,True,False,LOW
259.506,,0.54,-166.83,-2.43,-0.1,7.81,-0.32,False,False,False,False,False,False,0.02,-0.021,True,False,LOW
259.53,,0.4,-167.47,-2.33,-0.13,7.76,-0.32,False,False,False,False,False,False,0.019,-0.02,True,False,LOW
259.69,,1.0,-166.95,-2.34,0.1,7.87,-0.31,False,False,False,False,False,False,0.013,-0.015,True,False,LOW
259.712,,0.64,-166.64,-2.39,0.08,7.92,-0.32,False,False,False,False,False,False,0.011,-0.015,True,False,LOW
259.887,,0.6,-166.8,-2.44,-0.0,8.03,-0.37,False,False,False,False,False,False,0.013,-0.017,True,False,LOW
259.91,,0.87,-167.27,-2.37,0.02,7.99,-0.36,False,False,False,False,False,False,0.016,-0.017,True,False,LOW
260.1,,1.3,-166.94,-2.32,0.35,7.99,-0.32,False,False,False,False,False,False,0.025,-0.02,True,False,LOW
260.122,,0.92,-167.62,-2.32,0.34,7.9,-0.32,False,False,False,False,False,False,0.02,-0.017,True,False,LOW
260.283,,0.66,-167.82,-2.29,0.16,7.5,-0.29,False,False,False,False,False,False,0.018,-0.019,True,False,LOW
260.312,,0.78,-167.04,-2.62,0.15,7.56,-0.34,False,False,False,False,False,False,0.027,-0.018,True,False,LOW
260.494,,0.97,-167.9,-2.28,0.22,7.27,-0.29,False,False,False,False,False,False,0.025,-0.019,True,False,LOW
260.519,,2.12,-166.99,-1.88,0.39,7.36,-0.23,False,False,False,False,False,False,0.035,-0.021,True,False,LOW
260.682,,1.68,-167.41,-2.26,0.7,7.44,-0.23,False,False,False,False,False,False,0.038,-0.022,True,False,LOW
260.712,,0.78,-167.17,-2.19,0.61,7.49,-0.22,False,False,False,False,False,False,0.037,-0.02,True,False,LOW
260.896,,2.26,-166.62,-1.98,1.13,7.94,-0.07,False,False,False,False,False,False,0.041,-0.018,True,False,LOW
260.92,,2.33,-166.53,-1.93,1.2,8.0,-0.05,False,False,False,False,False,False,0.038,-0.02,True,False,LOW
261.085,,2.19,-167.13,-2.09,1.36,7.9,-0.06,False,False,False,False,False,False,0.027,-0.02,True,False,LOW
261.11,,2.44,-166.67,-1.98,1.42,7.95,-0.04,False,False,False,False,False,False,0.03,-0.018,True,False,LOW
261.298,,1.03,-167.4,-2.29,0.84,7.72,-0.16,False,False,False,False,False,False,0.02,-0.012,True,False,LOW
261.321,,2.08,-166.43,-2.18,0.91,7.82,-0.16,False,False,False,False,False,False,0.028,-0.01,True,False,LOW
261.483,,2.17,-167.08,-2.08,1.21,7.83,-0.1,False,False,False,False,False,False,0.025,-0.008,True,False,LOW
261.51,,1.55,-167.17,-2.38,1.16,7.82,-0.14,False,False,False,False,False,False,0.017,-0.006,True,False,LOW
261.68,,1.63,-167.38,-2.29,1.05,7.68,-0.2,False,False,False,False,False,False,0.02,-0.009,True,False,LOW
261.705,,0.95,-167.41,-2.31,0.94,7.66,-0.21,False,False,False,False,False,False,0.018,-0.008,True,False,LOW
261.886,,1.79,-166.82,-2.22,1.03,7.9,-0.2,False,False,False,False,False,False,0.029,-0.018,True,False,LOW
261.911,,1.26,-167.67,-2.47,0.97,7.81,-0.23,False,False,False,False,False,False,0.024,-0.011,True,False,LOW
262.075,,1.51,-167.48,-2.49,0.9,7.63,-0.35,False,False,False,False,False,False,0.02,-0.011,True,False,LOW
262.103,,1.88,-167.0,-2.24,0.94,7.67,-0.33,False,False,False,False,False,False,0.025,-0.019,True,False,LOW
262.285,,1.48,-167.33,-2.21,0.87,7.63,-0.25,False,False,False,False,False,False,0.023,-0.013,True,False,LOW
262.31,,1.94,-166.89,-1.95,0.92,7.69,-0.2,False,False,False,False,False,False,0.039,-0.015,True,False,LOW
262.476,,2.28,-167.25,-1.93,1.27,7.68,-0.05,False,False,False,False,False,False,0.036,-0.013,True,False,LOW
262.502,,2.39,-167.03,-1.85,1.33,7.72,-0.02,False,False,False,False,False,False,0.037,-0.017,True,False,LOW
262.685,,2.6,-166.9,-1.77,1.65,7.88,0.13,False,False,False,False,False,False,0.028,-0.013,True,False,LOW
262.712,,2.57,-166.96,-1.89,1.69,7.9,0.13,False,False,False,False,False,False,0.032,-0.013,True,False,LOW
262.879,,2.86,-166.78,-1.72,1.94,8.03,0.22,False,False,False,False,False,False,0.017,0.011,True,False,LOW
262.904,,2.66,-167.21,-2.14,1.95,7.99,0.18,False,False,False,False,False,False,0.033,-0.017,True,False,LOW
263.104,,2.68,-166.52,-1.93,1.98,8.22,0.13,False,False,False,False,False,False,0.033,-0.016,True,False,LOW
263.127,,2.44,-165.77,-1.97,1.95,8.35,0.13,False,False,False,False,False,False,0.023,-0.013,True,False,LOW
263.287,,2.2,-165.85,-1.9,1.73,8.72,0.13,False,False,False,False,False,False,0.024,-0.016,True,False,LOW
263.312,,2.62,-165.43,-2.16,1.76,8.83,0.09,False,False,False,False,False,False,0.033,-0.016,True,False,LOW
263.491,,2.32,-167.94,-2.05,1.7,7.85,0.03,False,False,False,False,False,False,0.031,-0.018,True,False,LOW
263.513,,2.88,-167.57,-2.0,1.76,7.79,0.03,False,False,False,False,False,False,0.043,-0.018,True,False,LOW
263.698,,2.76,-167.72,-2.08,1.93,7.48,-0.01,False,False,False,False,False,False,0.039,-0.019,True,False,LOW
263.721,,3.06,-167.47,-1.85,1.99,7.47,0.01,False,False,False,False,False,False,0.041,-0.019,True,False,LOW
263.906,,3.27,-167.22,-1.96,2.32,7.6,0.04,False,False,False,False,False,False,0.041,-0.018,True,False,LOW
263.93,,3.33,-167.03,-1.87,2.36,7.64,0.06,False,False,False,False,False,False,0.039,-0.017,True,False,LOW
264.098,,3.17,-165.49,-1.66,2.43,8.58,0.22,False,False,False,False,False,False,0.036,-0.016,True,False,LOW
264.119,,3.27,-166.32,-1.67,2.45,8.58,0.24,False,False,False,False,False,False,0.036,-0.015,True,False,LOW
264.284,,4.01,-166.62,-1.61,2.9,8.44,0.33,False,False,False,False,False,False,0.035,-0.016,True,False,LOW
264.312,,4.28,-166.5,-1.58,3.01,8.44,0.35,False,False,False,False,False,False,0.036,-0.017,True,False,LOW
264.497,,4.24,-166.69,-1.89,3.31,8.33,0.24,False,False,False,False,False,False,0.038,-0.017,True,False,LOW
264.523,,4.57,-165.06,-1.67,3.4,8.56,0.25,False,False,False,False,False,False,0.04,-0.017,True,False,LOW
264.702,,3.52,-166.58,-1.69,3.1,8.45,0.3,False,False,False,False,False,False,0.033,-0.015,True,False,LOW
264.724,,3.56,-164.64,-1.72,3.07,8.69,0.3,False,False,False,False,False,False,0.034,-0.016,True,False,LOW
264.89,,3.65,-165.9,-1.72,3.02,8.87,0.31,False,False,False,False,False,False,0.037,-0.014,True,False,LOW
264.914,,3.12,-165.32,-1.48,2.95,8.97,0.34,False,False,False,False,False,False,0.039,-0.018,True,False,LOW
265.12,,3.48,-165.88,-1.71,2.86,9.01,0.33,False,False,False,False,False,False,0.039,-0.012,True,False,LOW
265.145,,3.61,-164.81,-1.58,2.87,9.17,0.34,False,False,False,False,False,False,0.039,-0.016,True,False,LOW
265.312,,3.41,-165.9,-1.93,2.8,9.1,0.22,False,False,False,False,False,False,0.038,-0.017,True,False,LOW
265.335,,3.79,-166.55,-1.7,2.84,9.01,0.23,False,False,False,False,False,False,0.04,-0.014,True,False,LOW
265.495,,4.16,-166.33,-1.55,3.16,8.8,0.36,False,False,False,False,False,False,0.038,-0.015,True,False,LOW
265.517,,3.91,-167.27,-1.75,3.17,8.66,0.35,False,False,False,False,False,False,0.034,-0.012,True,False,LOW
265.711,,3.89,-166.86,-1.68,3.19,8.33,0.35,False,False,False,False,False,False,0.037,-0.015,True,False,LOW
265.735,,3.68,-166.72,-1.77,3.17,8.31,0.34,False,False,False,False,False,False,0.038,-0.014,True,False,LOW
265.884,,3.11,-166.04,-1.69,2.81,8.59,0.34,False,False,False,False,False,False,0.027,-0.009,True,False,LOW
265.911,,3.52,-166.16,-1.66,2.81,8.62,0.34,False,False,False,False,False,False,0.029,-0.013,True,False,LOW
266.097,,2.7,-164.96,-1.81,2.38,9.36,0.28,False,False,False,False,False,False,0.028,-0.013,True,False,LOW
266.12,,3.25,-165.64,-1.7,2.41,9.35,0.28,False,False,False,False,False,False,0.033,-0.017,True,False,LOW
266.288,,2.71,-165.83,-1.28,2.21,9.22,0.52,False,False,False,False,False,False,0.005,0.011,True,False,LOW
266.312,,3.27,-165.82,-1.47,2.26,9.21,0.53,False,False,False,False,False,False,0.026,-0.017,True,False,LOW
266.492,,2.98,-166.3,-1.48,2.28,8.9,0.54,False,False,False,False,False,False,0.023,-0.019,True,False,LOW
266.516,,3.18,-166.42,-1.46,2.31,8.85,0.54,False,False,False,False,False,False,0.029,-0.022,True,False,LOW
266.704,,3.21,-166.6,-1.57,2.43,8.56,0.5,False,False,False,False,False,False,0.027,-0.022,True,False,LOW
266.727,,2.85,-166.68,-1.7,2.4,8.52,0.48,False,False,False,False,False,False,0.03,-0.02,True,False,LOW
266.875,,3.09,-166.05,-1.61,2.4,8.7,0.45,False,False,False,False,False,False,0.031,-0.02,True,False,LOW
266.903,,3.19,-166.1,-1.58,2.42,8.72,0.45,False,False,False,False,False,False,0.033,-0.017,True,False,LOW
267.253,,2.95,-165.81,-1.47,2.32,8.99,0.53,False,False,False,False,False,False,0.032,-0.02,True,False,LOW
267.275,,3.01,-166.16,-1.45,2.32,8.97,0.53,False,False,False,False,False,False,0.033,-0.018,True,False,LOW
267.373,,3.51,-166.65,-1.35,2.51,8.7,0.59,False,False,False,False,False,False,0.03,-0.022,True,False,LOW
267.395,,3.25,-167.03,-1.26,2.52,8.6,0.61,False,False,False,False,False,False,0.031,-0.022,True,False,LOW
267.488,,3.14,-167.29,-1.36,2.5,8.23,0.63,False,False,False,False,False,False,0.03,-0.02,True,False,LOW
267.511,,3.43,-167.59,-1.46,2.53,8.11,0.62,False,False,False,False,False,False,0.032,-0.021,True,False,LOW
267.682,,2.7,-168.24,-1.37,2.27,7.35,0.64,False,False,False,False,False,False,0.03,-0.021,True,False,LOW
267.712,,3.1,-167.77,-1.35,2.29,7.32,0.65,False,False,False,False,False,False,0.03,-0.019,True,False,LOW
267.882,,3.15,-168.25,-1.33,2.38,6.98,0.68,False,False,False,False,False,False,0.037,-0.019,True,False,LOW
267.91,,3.13,-168.52,-1.34,2.39,6.89,0.68,False,False,False,False,False,False,0.043,-0.015,True,False,LOW
268.076,,3.03,-166.75,-1.24,2.37,7.55,0.74,False,False,False,False,False,False,0.036,-0.017,True,False,LOW
268.102,,2.49,-167.55,-1.27,2.29,7.53,0.74,False,False,False,False,False,False,0.033,-0.021,True,False,LOW
268.285,,2.55,-168.23,-1.37,2.06,7.08,0.7,False,False,False,False,False,False,0.011,-0.022,True,False,LOW
268.31,,2.65,-168.12,-1.53,2.05,7.04,0.67,False,False,False,False,False,False,-0.029,-0.018,True,False,LOW
268.491,,2.91,-167.57,-1.5,2.15,7.21,0.6,False,False,False,False,False,False,-0.019,-0.02,True,False,LOW
268.539,,3.37,-167.5,-1.49,2.27,7.26,0.58,False,False,False,False,False,False,-0.025,-0.019,True,False,LOW
268.686,,3.42,-167.85,-1.42,2.5,7.17,0.6,False,False,False,False,False,False,-0.038,-0.006,True,False,LOW
268.711,,3.27,-167.77,-1.48,2.51,7.17,0.59,False,False,False,False,False,False,-0.001,0.008,True,False,LOW
268.874,,3.37,-167.64,-1.26,2.6,7.23,0.68,False,False,False,False,False,False,0.025,-0.017,True,False,LOW
268.902,,3.43,-167.65,-1.18,2.63,7.24,0.71,False,False,False,False,False,False,0.03,-0.012,True,False,LOW
269.104,,3.18,-167.87,-1.4,2.55,7.14,0.66,False,False,False,False,False,False,0.034,-0.016,True,False,LOW
269.129,,3.32,-166.35,-1.13,2.57,7.34,0.7,False,False,False,False,False,False,0.043,-0.013,True,False,LOW
269.281,,2.83,-166.75,-1.11,2.36,7.76,0.81,False,False,False,False,False,False,0.041,-0.016,True,False,LOW
269.304,,3.16,-166.7,-1.18,2.38,7.82,0.81,False,False,False,False,False,False,0.037,-0.017,True,False,LOW
269.509,,3.25,-167.0,-1.2,2.49,7.88,0.82,False,False,False,False,False,False,0.029,-0.015,True,False,LOW
269.532,,3.8,-166.44,-1.15,2.57,7.97,0.83,False,False,False,False,False,False,0.031,-0.021,True,False,LOW
269.683,,3.59,-167.21,-1.22,2.74,7.85,0.82,False,False,False,False,False,False,0.032,-0.015,True,False,LOW
269.706,,3.22,-166.91,-1.21,2.71,7.87,0.82,False,False,False,False,False,False,0.033,-0.018,True,False,LOW
269.866,,3.14,-167.17,-1.28,2.59,7.81,0.78,False,False,False,False,False,False,0.028,-0.018,True,False,LOW
269.911,,2.79,-167.22,-1.62,2.48,7.79,0.7,False,False,False,False,False,False,0.03,-0.015,True,False,LOW
270.1,,3.95,-167.27,-1.52,2.91,7.72,0.6,False,False,False,False,False,False,0.034,-0.013,True,False,LOW
270.124,,4.48,-167.61,-1.47,3.03,7.67,0.59,False,False,False,False,False,False,0.03,-0.016,True,False,LOW
270.274,,4.09,-167.8,-1.49,3.22,7.4,0.57,False,False,False,False,False,False,0.034,-0.017,True,False,LOW
270.312,,4.18,-166.14,-1.53,3.27,7.68,0.55,False,False,False,False,False,False,0.036,-0.018,True,False,LOW
270.486,,4.4,-165.98,-1.5,3.51,8.35,0.54,False,False,False,False,False,False,0.037,-0.018,True,False,LOW
270.51,,4.03,-166.33,-1.63,3.49,8.39,0.52,False,False,False,False,False,False,0.034,-0.02,True,False,LOW
270.667,,3.82,-166.86,-1.7,3.31,8.23,0.43,False,False,False,False,False,False,0.038,-0.02,True,False,LOW
270.709,,3.66,-167.28,-1.68,3.24,8.11,0.41,False,False,False,False,False,False,0.037,-0.017,True,False,LOW
270.9,,4.04,-166.75,-1.55,3.31,8.15,0.45,False,False,False,False,False,False,0.036,-0.018,True,False,LOW
270.929,,4.15,-167.09,-1.54,3.33,8.1,0.45,False,False,False,False,False,False,0.033,-0.02,True,False,LOW
271.074,,4.47,-166.91,-1.78,3.55,8.06,0.36,False,False,False,False,False,False,0.023,-0.02,True,False,LOW
271.11,,4.86,-165.91,-1.66,3.67,8.24,0.36,False,False,False,False,False,False,0.001,-0.022,True,False,LOW
271.276,,4.02,-167.42,-1.64,3.5,7.87,0.37,False,False,False,False,False,False,0.006,-0.018,True,False,LOW
271.301,,3.94,-165.98,-1.7,3.47,8.02,0.37,False,False,False,False,False,False,0.028,-0.02,True,False,LOW
271.469,,3.92,-166.51,-1.6,3.35,8.23,0.4,False,False,False,False,False,False,0.025,-0.023,True,False,LOW
271.51,,3.94,-167.33,-1.6,3.33,8.1,0.41,False,False,False,False,False,False,0.027,-0.02,True,False,LOW
271.677,,4.24,-167.31,-1.68,3.45,7.85,0.38,False,False,False,False,False,False,0.029,-0.028,True,False,LOW
271.702,,3.71,-166.7,-1.83,3.39,7.9,0.35,False,False,False,False,False,False,-0.011,-0.019,True,False,LOW
271.866,,3.56,-167.3,-1.8,3.13,7.76,0.29,False,False,False,False,False,False,-0.007,-0.027,True,False,LOW
271.911,,3.79,-166.7,-1.23,3.13,7.87,0.4,False,False,False,False,False,False,0.051,-0.021,True,False,LOW
272.075,,4.63,-167.68,-0.98,3.55,7.55,0.74,False,False,False,False,False,False,0.047,-0.033,True,False,LOW
272.104,,4.02,-167.87,-1.31,3.51,7.48,0.73,False,False,False,False,False,False,0.048,-0.028,True,False,LOW
272.27,,4.52,-168.05,-1.27,3.68,7.17,0.75,False,False,False,False,False,False,0.049,-0.028,True,False,LOW
272.31,,4.97,-169.02,-1.56,3.81,6.9,0.69,False,False,False,False,False,False,0.021,0.043,False,False,LOW
272.474,,5.03,-168.34,-1.68,4.09,6.74,0.52,False,False,False,False,False,False,-0.034,0.002,True,False,LOW
272.501,,5.31,-168.44,-1.69,4.17,6.7,0.49,False,False,False,False,False,False,-0.018,-0.011,True,False,LOW
272.671,,5.4,-167.77,-1.59,4.46,6.94,0.46,False,False,False,False,False,False,-0.018,-0.025,True,False,LOW
272.71,,5.39,-167.79,-1.7,4.51,6.98,0.44,False,False,False,False,False,False,-0.015,-0.025,True,False,LOW
272.887,,5.23,-167.89,-1.67,4.53,7.01,0.4,False,False,False,False,False,False,-0.011,-0.025,True,False,LOW
272.91,,4.6,-167.73,-1.76,4.45,7.04,0.38,False,False,False,False,False,False,-0.012,-0.022,True,False,LOW
273.08,,4.37,-168.19,-1.89,4.06,6.88,0.26,False,False,False,False,False,False,-0.011,-0.02,True,False,LOW
273.11,,3.88,-167.57,-1.74,3.91,6.96,0.26,False,False,False,False,False,False,0.012,-0.025,True,False,LOW
273.306,,3.67,-167.49,-1.76,3.39,7.23,0.27,False,False,False,False,False,False,0.012,-0.023,True,False,LOW
273.333,,4.26,-167.63,-1.68,3.42,7.24,0.28,False,False,False,False,False,False,0.016,-0.024,True,False,LOW
273.481,,4.56,-167.81,-1.65,3.64,7.18,0.33,False,False,False,False,False,False,0.028,-0.024,True,False,LOW
273.511,,4.9,-167.97,-1.69,3.74,7.15,0.33,False,False,False,False,False,False,0.032,-0.019,True,False,LOW
273.683,,5.13,-168.33,-1.78,4.11,6.86,0.29,False,False,False,False,False,False,0.036,-0.018,True,False,LOW
273.705,,4.84,-167.75,-1.86,4.12,6.9,0.27,False,False,False,False,False,False,0.035,-0.022,True,False,LOW
273.869,,4.78,-167.07,-1.76,4.11,7.39,0.27,False,False,False,False,False,False,0.037,-0.021,True,False,LOW
273.91,,4.33,-167.23,-1.83,4.01,7.46,0.26,False,False,False,False,False,False,0.033,-0.021,True,False,LOW
274.075,,4.47,-167.53,-1.85,3.9,7.43,0.22,False,False,False,False,False,False,0.032,-0.017,True,False,LOW
274.102,,4.18,-167.15,-1.93,3.84,7.48,0.2,False,False,False,False,False,False,0.03,-0.016,True,False,LOW
274.29,,4.13,-166.84,-1.88,3.63,7.81,0.17,False,False,False,False,False,False,0.029,-0.017,True,False,LOW
274.313,,4.34,-167.07,-1.82,3.63,7.82,0.18,False,False,False,False,False,False,0.026,-0.017,True,False,LOW
274.48,,4.39,-167.02,-1.85,3.67,7.87,0.18,False,False,False,False,False,False,0.03,-0.017,True,False,LOW
274.504,,4.64,-167.21,-1.89,3.71,7.85,0.17,False,False,False,False,False,False,0.031,-0.019,True,False,LOW
274.681,,4.88,-167.49,-2.06,3.97,7.63,0.07,False,False,False,False,False,False,0.031,-0.019,True,False,LOW
274.711,,5.01,-167.78,-1.85,4.03,7.55,0.08,False,False,False,False,False,False,0.033,-0.021,True,False,LOW
274.887,,5.42,-168.2,-2.01,4.41,7.12,0.05,False,False,False,False,False,False,0.034,-0.022,True,False,LOW
274.911,,5.19,-167.89,-1.97,4.42,7.11,0.05,False,False,False,False,False,False,0.034,-0.022,True,False,LOW
275.071,,5.13,-167.24,-1.89,4.44,7.4,0.1,False,False,False,False,False,False,0.03,-0.025,True,False,LOW
275.11,,5.07,-167.01,-1.92,4.43,7.5,0.1,False,False,False,False,False,False,0.033,-0.021,True,False,LOW
275.291,,5.05,-166.98,-1.99,4.4,7.74,0.07,False,False,False,False,False,False,0.036,-0.019,True,False,LOW
275.313,,4.78,-166.8,-1.99,4.36,7.79,0.06,False,False,False,False,False,False,0.032,-0.016,True,False,LOW
275.48,,4.76,-166.73,-2.04,4.22,8.0,0.03,False,False,False,False,False,False,0.037,-0.017,True,False,LOW
275.511,,4.42,-166.22,-2.21,4.14,8.12,-0.01,False,False,False,False,False,False,0.04,-0.015,True,False,LOW
275.678,,4.2,-166.06,-2.07,3.82,8.51,-0.02,False,False,False,False,False,False,0.031,-0.014,True,False,LOW
275.701,,4.12,-166.19,-1.85,3.77,8.54,0.0,False,False,False,False,False,False,0.032,-0.015,True,False,LOW
275.891,,4.6,-166.8,-1.85,3.85,8.32,0.1,False,False,False,False,False,False,0.031,-0.019,True,False,LOW
275.914,,4.94,-167.21,-1.95,3.9,8.24,0.1,False,False,False,False,False,False,0.032,-0.019,True,False,LOW
276.075,,4.75,-167.98,-1.86,3.99,7.58,0.13,False,False,False,False,False,False,0.035,-0.018,True,False,LOW
276.105,,4.44,-167.53,-2.06,3.95,7.55,0.11,False,False,False,False,False,False,0.034,-0.017,True,False,LOW
276.283,,4.77,-167.57,-2.03,4.02,7.45,0.05,False,False,False,False,False,False,0.031,-0.018,True,False,LOW
276.309,,4.96,-167.62,-2.04,4.06,7.43,0.04,False,False,False,False,False,False,0.033,-0.016,True,False,LOW
276.483,,5.03,-167.67,-1.97,4.21,7.34,0.05,False,False,False,False,False,False,0.034,-0.018,True,False,LOW
276.509,,4.66,-165.25,-1.82,4.18,7.69,0.07,False,False,False,False,False,False,0.041,-0.015,True,False,LOW
276.676,,4.61,-165.38,-1.92,4.05,8.67,0.09,False,False,False,False,False,False,0.03,-0.015,True,False,LOW
276.711,,4.48,-165.52,-1.76,4.01,8.82,0.13,False,False,False,False,False,False,0.035,-0.016,True,False,LOW
276.893,,4.89,-165.76,-1.92,4.11,9.01,0.12,False,False,False,False,False,False,-0.006,0.011,True,False,LOW
276.916,,4.81,-166.9,-1.84,4.12,8.89,0.13,False,False,False,False,False,False,0.021,-0.017,True,False,LOW
277.072,,4.63,-166.68,-1.9,4.03,8.57,0.13,False,False,False,False,False,False,0.027,-0.015,True,False,LOW
277.111,,5.01,-166.74,-1.85,4.09,8.49,0.14,False,False,False,False,False,False,0.031,-0.02,True,False,LOW
277.294,,4.78,-166.62,-1.96,4.1,8.39,0.1,False,False,False,False,False,False,0.035,-0.018,True,False,LOW
277.316,,4.79,-166.56,-1.82,4.1,8.39,0.12,False,False,False,False,False,False,0.036,-0.017,True,False,LOW
277.474,,5.1,-166.27,-1.79,4.26,8.53,0.18,False,False,False,False,False,False,0.038,-0.018,True,False,LOW
277.513,,4.88,-166.57,-1.75,4.25,8.49,0.2,False,False,False,False,False,False,0.038,-0.017,True,False,LOW
277.682,,5.11,-166.03,-1.7,4.34,8.7,0.27,False,False,False,False,False,False,0.038,-0.02,True,False,LOW
277.705,,4.71,-166.26,-1.67,4.3,8.7,0.28,False,False,False,False,False,False,0.033,-0.017,True,False,LOW
277.876,,4.84,-166.92,-1.73,4.23,8.34,0.29,False,False,False,False,False,False,0.033,-0.016,True,False,LOW
277.911,,4.86,-166.74,-1.8,4.22,8.31,0.28,False,False,False,False,False,False,0.034,-0.018,True,False,LOW
278.078,,5.01,-166.87,-1.84,4.28,8.18,0.23,False,False,False,False,False,False,0.036,-0.016,True,False,LOW
278.103,,5.09,-167.31,-1.84,4.29,8.1,0.23,False,False,False,False,False,False,0.038,-0.017,True,False,LOW
278.285,,5.1,-167.13,-1.82,4.36,7.94,0.22,False,False,False,False,False,False,0.034,-0.017,True,False,LOW
278.312,,4.87,-167.5,-1.84,4.34,7.87,0.21,False,False,False,False,False,False,0.032,-0.018,True,False,LOW
278.478,,4.62,-167.07,-1.81,4.13,7.86,0.22,False,False,False,False,False,False,0.032,-0.016,True,False,LOW
278.503,,4.96,-167.24,-1.92,4.15,7.84,0.2,False,False,False,False,False,False,0.036,-0.02,True,False,LOW
278.684,,5.18,-167.59,-1.85,4.34,7.57,0.19,False,False,False,False,False,False,0.034,-0.019,True,False,LOW
278.711,,5.35,-167.61,-1.86,4.39,7.53,0.19,False,False,False,False,False,False,0.034,-0.016,True,False,LOW
278.879,,5.59,-167.15,-1.77,4.66,7.66,0.22,False,False,False,False,False,False,0.033,-0.019,True,False,LOW
278.9,,5.12,-167.07,-1.82,4.63,7.68,0.22,False,False,False,False,False,False,0.024,-0.018,True,False,LOW
279.087,,5.65,-166.91,-1.79,4.82,7.87,0.23,False,False,False,False,False,False,0.025,-0.014,True,False,LOW
279.112,,5.48,-167.34,-1.81,4.81,7.83,0.23,False,False,False,False,False,False,0.028,-0.017,True,False,LOW
279.281,,5.57,-167.56,-1.81,4.85,7.59,0.23,False,False,False,False,False,False,0.031,-0.017,True,False,LOW
279.304,,5.34,-167.9,-1.91,4.83,7.52,0.21,False,False,False,False,False,False,0.032,-0.015,True,False,LOW
279.492,,5.63,-167.87,-1.91,4.89,7.27,0.16,False,False,False,False,False,False,0.032,-0.017,True,False,LOW
279.518,,5.58,-167.7,-1.81,4.9,7.26,0.17,False,False,False,False,False,False,0.032,-0.019,True,False,LOW
279.679,,5.48,-167.92,-1.88,4.85,7.13,0.16,False,False,False,False,False,False,0.032,-0.02,True,False,LOW
279.701,,5.6,-168.39,-1.9,4.86,7.06,0.16,False,False,False,False,False,False,0.032,-0.02,True,False,LOW
279.871,,5.43,-168.22,-1.85,4.8,6.88,0.17,False,False,False,False,False,False,0.034,-0.019,True,False,LOW
279.912,,5.47,-168.22,-1.91,4.8,6.84,0.16,False,False,False,False,False,False,0.053,-0.021,True,False,LOW
280.077,,5.07,-168.05,-1.72,4.59,6.86,0.24,False,False,False,False,False,False,0.079,-0.02,True,False,LOW
280.102,,5.23,-168.36,-1.53,4.58,6.82,0.27,False,False,False,False,False,False,0.075,-0.023,True,False,LOW
280.268,,4.88,-168.79,-1.55,4.39,6.47,0.38,False,False,False,False,False,False,0.081,-0.024,True,False,LOW
280.31,,5.16,-168.52,-1.6,4.41,6.46,0.39,False,False,False,False,False,False,0.081,-0.022,True,False,LOW
280.474,,4.95,-168.59,-1.46,4.34,6.4,0.48,False,False,False,False,False,False,0.089,-0.022,True,False,LOW
280.501,,5.65,-168.35,-1.43,4.43,6.42,0.5,False,False,False,False,False,False,0.084,-0.02,True,False,LOW
280.806,,5.19,-169.11,-1.68,4.48,6.03,0.4,False,False,False,False,False,False,0.088,-0.025,True,False,LOW
280.832,,5.71,-168.81,-1.54,4.56,6.04,0.41,False,False,False,False,False,False,0.084,-0.024,True,False,LOW
280.951,,4.61,-168.66,-1.51,4.29,6.14,0.46,False,False,False,False,False,False,0.087,-0.022,True,False,LOW
280.978,,4.97,-168.14,-1.46,4.29,6.23,0.48,False,False,False,False,False,False,0.091,-0.021,True,False,LOW
281.192,,5.1,-168.29,-1.53,4.36,6.47,0.49,False,False,False,False,False,False,0.092,-0.026,True,False,LOW
281.218,,5.06,-168.13,-1.54,4.37,6.52,0.49,False,False,False,False,False,False,0.092,-0.025,True,False,LOW
281.343,,5.42,-167.92,-1.71,4.53,6.74,0.41,False,False,False,False,False,False,0.062,-0.024,True,False,LOW
281.367,,5.33,-167.04,-1.86,4.55,6.9,0.38,False,False,False,False,False,False,0.019,-0.024,True,False,LOW
281.572,,5.79,-167.72,-2.03,4.87,7.08,0.17,False,False,False,False,False,False,0.032,-0.024,True,False,LOW
281.593,,5.87,-167.3,-2.0,4.91,7.14,0.15,False,False,False,False,False,False,0.033,-0.022,True,False,LOW
281.693,,5.99,-167.54,-1.78,5.06,7.24,0.19,False,False,False,False,False,False,0.034,-0.019,True,False,LOW
281.715,,5.65,-167.71,-1.87,5.05,7.24,0.18,False,False,False,False,False,False,0.033,-0.022,True,False,LOW
281.964,,5.33,-167.74,-1.65,4.81,7.21,0.3,False,False,False,False,False,False,0.033,-0.007,True,False,LOW
281.989,,5.73,-167.56,-1.56,4.84,7.23,0.33,False,False,False,False,False,False,0.03,-0.009,True,False,LOW
282.104,,5.94,-166.98,-1.66,5.02,7.54,0.34,False,False,False,False,False,False,0.018,-0.001,True,False,LOW
282.126,,5.42,-167.2,-1.77,4.98,7.56,0.33,False,False,False,False,False,False,0.029,-0.018,True,False,LOW
282.379,,5.96,-167.06,-1.87,5.17,7.75,0.23,False,False,False,False,False,False,0.032,-0.018,True,False,LOW
282.405,,5.6,-167.22,-1.91,5.13,7.75,0.21,False,False,False,False,False,False,0.031,-0.016,True,False,LOW
282.512,,5.11,-167.15,-1.96,4.85,7.76,0.15,False,False,False,False,False,False,0.034,-0.012,True,False,LOW
282.536,,5.07,-167.3,-1.96,4.79,7.74,0.14,False,False,False,False,False,False,0.032,-0.011,True,False,LOW
282.766,,4.98,-167.47,-1.93,4.5,7.58,0.12,False,False,False,False,False,False,0.03,-0.012,True,False,LOW
282.792,,5.35,-167.78,-1.96,4.52,7.51,0.11,False,False,False,False,False,False,0.032,-0.014,True,False,LOW
282.908,,5.2,-167.34,-1.96,4.52,7.55,0.09,False,False,False,False,False,False,0.035,-0.014,True,False,LOW
282.932,,4.18,-167.66,-1.98,4.38,7.51,0.09,False,False,False,False,False,False,0.035,-0.012,True,False,LOW
283.161,,4.65,-166.87,-1.78,4.13,7.83,0.18,False,False,False,False,False,False,0.019,-0.01,True,False,LOW
283.184,,4.85,-167.46,-1.75,4.14,7.79,0.2,False,False,False,False,False,False,0.022,-0.011,True,False,LOW
283.275,,4.81,-167.2,-1.69,4.14,7.77,0.25,False,False,False,False,False,False,0.022,-0.013,True,False,LOW
283.304,,5.17,-166.84,-1.67,4.19,7.82,0.27,False,False,False,False,False,False,0.028,-0.013,True,False,LOW
283.729,,5.31,-167.59,-1.77,4.51,7.47,0.26,False,False,False,False,False,False,0.026,-0.017,True,False,LOW
283.75,,5.19,-167.46,-1.78,4.51,7.47,0.26,False,False,False,False,False,False,0.028,-0.017,True,False,LOW
283.84,,4.94,-167.13,-1.79,4.42,7.59,0.25,False,False,False,False,False,False,0.028,-0.021,True,False,LOW
283.862,,4.94,-167.59,-1.79,4.4,7.56,0.25,False,False,False,False,False,False,0.022,-0.02,True,False,LOW
283.983,,5.57,-165.73,-1.7,4.61,8.28,0.29,False,False,False,False,False,False,0.022,-0.02,True,False,LOW
284.008,,5.52,-165.48,-1.69,4.64,8.45,0.29,False,False,False,False,False,False,0.024,-0.019,True,False,LOW
284.12,,5.16,-166.21,-1.73,4.58,8.57,0.3,False,False,False,False,False,False,0.024,-0.021,True,False,LOW
284.143,,4.98,-166.72,-1.72,4.54,8.52,0.3,False,False,False,False,False,False,0.027,-0.021,True,False,LOW
284.391,,5.12,-166.98,-1.84,4.48,8.17,0.23,False,False,False,False,False,False,0.026,-0.021,True,False,LOW
284.415,,4.94,-166.78,-1.87,4.45,8.17,0.22,False,False,False,False,False,False,0.026,-0.02,True,False,LOW
284.509,,4.79,-167.04,-1.94,4.32,8.07,0.17,False,False,False,False,False,False,0.029,-0.019,True,False,LOW
284.531,,4.88,-167.25,-1.96,4.31,8.02,0.16,False,False,False,False,False,False,0.029,-0.025,True,False,LOW
284.768,,4.54,-167.49,-2.04,4.04,7.67,0.06,False,False,False,False,False,False,0.029,-0.023,True,False,LOW
284.792,,4.33,-167.21,-2.02,3.99,7.68,0.05,False,False,False,False,False,False,0.031,-0.021,True,False,LOW
284.888,,4.79,-167.13,-2.04,4.03,7.72,0.03,False,False,False,False,False,False,0.035,-0.018,True,False,LOW
284.912,,4.77,-167.24,-2.01,4.04,7.72,0.03,False,False,False,False,False,False,0.035,-0.021,True,False,LOW
285.164,,5.11,-167.25,-2.06,4.28,7.69,-0.01,False,False,False,False,False,False,0.032,-0.019,True,False,LOW
285.187,,5.12,-166.91,-2.02,4.3,7.74,-0.01,False,False,False,False,False,False,0.033,-0.018,True,False,LOW
285.279,,5.33,-167.04,-2.03,4.43,7.79,-0.0,False,False,False,False,False,False,0.034,-0.021,True,False,LOW
285.303,,5.33,-167.29,-2.04,4.46,7.77,-0.0,False,False,False,False,False,False,0.035,-0.021,True,False,LOW
285.562,,5.21,-167.47,-1.99,4.5,7.58,0.02,False,False,False,False,False,False,0.035,-0.022,True,False,LOW
285.586,,5.32,-167.46,-1.95,4.52,7.56,0.03,False,False,False,False,False,False,0.038,-0.02,True,False,LOW
285.677,,5.47,-167.51,-1.99,4.62,7.51,0.03,False,False,False,False,False,False,0.034,-0.021,True,False,LOW
285.702,,5.33,-167.35,-1.73,4.62,7.52,0.07,False,False,False,False,False,False,0.029,-0.014,True,False,LOW
285.966,,5.43,-168.16,-1.88,4.7,7.05,0.12,False,False,False,False,False,False,0.022,-0.025,True,False,LOW
285.988,,5.3,-167.9,-1.96,4.69,7.05,0.11,False,False,False,False,False,False,0.022,-0.023,True,False,LOW
286.08,,5.05,-168.1,-1.97,4.57,6.97,0.09,False,False,False,False,False,False,0.022,-0.021,True,False,LOW
286.102,,5.45,-168.19,-1.99,4.6,6.94,0.09,False,False,False,False,False,False,0.025,-0.008,True,False,LOW
286.385,,5.47,-167.85,-1.88,4.72,7.03,0.13,False,False,False,False,False,False,0.015,-0.01,True,False,LOW
286.41,,5.54,-168.16,-1.92,4.74,6.99,0.13,False,False,False,False,False,False,0.017,-0.013,True,False,LOW
286.532,,5.56,-167.75,-1.96,4.8,7.07,0.1,False,False,False,False,False,False,0.019,-0.014,True,False,LOW
286.554,,5.66,-168.11,-1.93,4.82,7.04,0.1,False,False,False,False,False,False,0.021,-0.011,True,False,LOW
286.764,,5.66,-168.09,-1.88,4.91,6.93,0.13,False,False,False,False,False,False,0.03,-0.011,True,False,LOW
286.787,,5.68,-168.19,-1.86,4.92,6.9,0.13,False,False,False,False,False,False,0.03,-0.011,True,False,LOW
286.882,,5.59,-167.8,-1.87,4.92,6.99,0.14,False,False,False,False,False,False,0.028,-0.014,True,False,LOW
286.907,,5.49,-168.26,-1.95,4.9,6.95,0.14,False,False,False,False,False,False,0.031,-0.015,True,False,LOW
287.172,,5.56,-167.7,-1.78,4.89,7.12,0.21,False,False,False,False,False,False,0.029,-0.013,True,False,LOW
287.195,,5.55,-167.84,-1.8,4.89,7.12,0.21,False,False,False,False,False,False,0.03,-0.015,True,False,LOW
287.286,,5.53,-167.55,-1.87,4.87,7.21,0.19,False,False,False,False,False,False,0.028,-0.014,True,False,LOW
287.307,,5.36,-167.51,-1.84,4.85,7.24,0.19,False,False,False,False,False,False,0.026,-0.013,True,False,LOW
287.566,,5.59,-167.45,-1.93,4.89,7.39,0.13,False,False,False,False,False,False,0.025,-0.018,True,False,LOW
287.588,,5.46,-167.24,-1.95,4.87,7.43,0.13,False,False,False,False,False,False,0.028,-0.016,True,False,LOW
287.682,,5.63,-167.53,-1.92,4.9,7.42,0.12,False,False,False,False,False,False,0.031,-0.014,True,False,LOW
287.706,,5.7,-167.74,-1.94,4.92,7.39,0.12,False,False,False,False,False,False,0.036,-0.017,True,False,LOW
287.962,,6.06,-167.29,-1.92,5.2,7.54,0.11,False,False,False,False,False,False,0.035,-0.016,True,False,LOW
287.984,,6.11,-167.59,-1.92,5.23,7.52,0.11,False,False,False,False,False,False,0.033,-0.019,True,False,LOW
288.077,,5.63,-167.7,-1.99,5.13,7.41,0.09,False,False,False,False,False,False,0.031,-0.016,True,False,LOW
288.104,,5.56,-167.36,-1.86,5.09,7.43,0.1,False,False,False,False,False,False,0.043,-0.016,True,False,LOW
288.386,,5.34,-167.75,-1.83,4.81,7.27,0.16,False,False,False,False,False,False,0.018,-0.006,True,False,LOW
288.411,,5.76,-167.81,-1.84,4.85,7.25,0.17,False,False,False,False,False,False,0.018,-0.006,True,False,LOW
288.51,,5.73,-168.52,-1.88,4.93,6.92,0.16,False,False,False,False,False,False,0.022,-0.011,True,False,LOW
288.531,,6.06,-168.97,-1.94,4.98,6.8,0.15,False,False,False,False,False,False,0.023,-0.012,True,False,LOW
288.791,,5.96,-168.87,-2.06,5.17,6.34,0.04,False,False,False,False,False,False,0.018,-0.014,True,False,LOW
288.815,,5.56,-167.58,-2.01,5.13,6.47,0.04,False,False,False,False,False,False,0.016,-0.009,True,False,LOW
288.92,,5.74,-167.77,-1.97,5.1,6.75,0.05,False,False,False,False,False,False,0.019,-0.011,True,False,LOW
288.942,,5.73,-167.68,-1.96,5.1,6.81,0.05,False,False,False,False,False,False,0.024,-0.011,True,False,LOW
289.177,,5.66,-167.82,-1.97,5.03,6.99,0.06,False,False,False,False,False,False,0.022,-0.013,True,False,LOW
289.201,,5.78,-167.72,-2.0,5.04,7.02,0.05,False,False,False,False,False,False,0.023,-0.012,True,False,LOW
289.3,,5.73,-167.42,-1.85,5.04,7.21,0.1,False,False,False,False,False,False,0.032,-0.014,True,False,LOW
289.323,,5.44,-167.65,-1.91,5.01,7.22,0.1,False,False,False,False,False,False,0.034,-0.015,True,False,LOW
289.576,,5.14,-167.06,-1.83,4.67,7.62,0.16,False,False,False,False,False,False,0.033,-0.016,True,False,LOW
289.601,,5.48,-167.24,-1.9,4.69,7.63,0.16,False,False,False,False,False,False,0.032,-0.016,True,False,LOW
289.701,,5.66,-167.17,-1.88,4.8,7.68,0.16,False,False,False,False,False,False,0.032,-0.015,True,False,LOW
289.725,,5.85,-167.64,-1.95,4.85,7.63,0.15,False,False,False,False,False,False,0.031,-0.015,True,False,LOW
289.967,,5.62,-167.63,-1.96,4.9,7.43,0.1,False,False,False,False,False,False,0.031,-0.018,True,False,LOW
289.991,,5.64,-167.28,-1.91,4.91,7.46,0.1,False,False,False,False,False,False,0.031,-0.016,True,False,LOW
290.091,,5.71,-168.09,-1.95,4.96,7.22,0.09,False,False,False,False,False,False,0.032,-0.017,True,False,LOW
290.121,,5.5,-167.1,-1.91,4.94,7.32,0.1,False,False,False,False,False,False,0.03,-0.016,True,False,LOW
290.364,,5.79,-168.7,-1.93,5.04,6.66,0.1,False,False,False,False,False,False,0.024,-0.018,True,False,LOW
290.386,,5.47,-167.72,-1.98,5.01,6.72,0.09,False,False,False,False,False,False,0.025,-0.016,True,False,LOW
290.479,,6.07,-167.29,-1.9,5.15,7.07,0.11,False,False,False,False,False,False,0.031,-0.018,True,False,LOW
290.503,,6.25,-167.63,-1.89,5.21,7.1,0.11,False,False,False,False,False,False,0.035,-0.017,True,False,LOW
290.769,,5.77,-167.23,-1.81,5.13,7.48,0.18,False,False,False,False,False,False,0.017,-0.025,True,False,LOW
290.801,,5.89,-167.52,-1.87,5.15,7.47,0.18,False,False,False,False,False,False,0.017,-0.026,True,False,LOW
290.9,,5.64,-167.98,-2.1,5.07,7.27,0.08,False,False,False,False,False,False,-0.005,0.016,True,False,LOW
290.923,,6.34,-168.0,-2.04,5.15,7.22,0.07,False,False,False,False,False,False,-0.005,-0.019,True,False,LOW
291.166,,6.87,-168.31,-1.78,5.79,6.86,0.18,False,False,False,False,False,False,0.031,-0.023,True,False,LOW
291.189,,6.7,-167.89,-1.71,5.82,6.88,0.2,False,False,False,False,False,False,0.035,-0.02,True,False,LOW
291.284,,6.15,-168.24,-1.82,5.69,6.81,0.2,False,False,False,False,False,False,0.037,-0.021,True,False,LOW
291.307,,5.84,-168.41,-2.06,5.62,6.77,0.17,False,False,False,False,False,False,0.037,-0.021,True,False,LOW
291.57,,5.84,-168.24,-2.06,5.33,6.72,0.05,False,False,False,False,False,False,0.035,-0.018,True,False,LOW
291.593,,5.97,-168.28,-2.07,5.33,6.71,0.03,False,False,False,False,False,False,0.032,-0.019,True,False,LOW
291.689,,5.88,-167.91,-2.03,5.28,6.83,0.02,False,False,False,False,False,False,0.034,-0.018,True,False,LOW
291.711,,5.81,-168.26,-2.06,5.26,6.81,0.02,False,False,False,False,False,False,0.035,-0.019,True,False,LOW
291.968,,5.32,-167.89,-2.15,4.87,6.95,-0.07,False,False,False,False,False,False,0.026,-0.02,True,False,LOW
291.99,,5.54,-167.0,-1.99,4.87,7.07,-0.06,False,False,False,False,False,False,0.037,-0.015,True,False,LOW
292.086,,5.73,-166.77,-1.99,4.94,7.5,-0.02,False,False,False,False,False,False,0.037,-0.015,True,False,LOW
292.11,,5.84,-166.3,-1.82,4.97,7.66,0.01,False,False,False,False,False,False,0.034,-0.012,True,False,LOW
292.367,,6.16,-167.99,-1.91,5.29,7.21,0.08,False,False,False,False,False,False,0.033,-0.016,True,False,LOW
292.388,,5.9,-168.01,-1.96,5.28,7.18,0.08,False,False,False,False,False,False,0.033,-0.015,True,False,LOW
292.485,,5.67,-167.7,-1.87,5.17,7.2,0.11,False,False,False,False,False,False,0.03,-0.012,True,False,LOW
292.51,,5.99,-167.76,-1.75,5.19,7.19,0.13,False,False,False,False,False,False,0.031,-0.013,True,False,LOW
292.771,,5.93,-167.68,-1.8,5.23,7.23,0.19,False,False,False,False,False,False,0.03,-0.015,True,False,LOW
292.794,,5.96,-167.69,-1.77,5.23,7.23,0.2,False,False,False,False,False,False,0.027,-0.016,True,False,LOW
292.894,,5.98,-167.74,-1.79,5.26,7.21,0.22,False,False,False,False,False,False,0.027,-0.016,True,False,LOW
292.918,,5.94,-167.32,-1.8,5.26,7.27,0.22,False,False,False,False,False,False,0.03,-0.014,True,False,LOW
293.171,,5.88,-167.69,-1.78,5.22,7.25,0.24,False,False,False,False,False,False,0.015,-0.002,True,False,LOW
293.194,,6.22,-167.15,-1.79,5.26,7.32,0.24,False,False,False,False,False,False,0.029,-0.007,True,False,LOW
293.294,,5.74,-167.67,-1.9,5.18,7.3,0.2,False,False,False,False,False,False,0.028,-0.004,True,False,LOW
293.317,,5.63,-167.75,-1.8,5.15,7.28,0.2,False,False,False,False,False,False,0.036,-0.022,True,False,LOW
293.574,,5.6,-167.85,-1.9,5.01,7.16,0.16,False,False,False,False,False,False,0.033,-0.021,True,False,LOW
293.599,,6.2,-167.09,-1.82,5.08,7.25,0.16,False,False,False,False,False,False,0.035,-0.021,True,False,LOW
293.707,,5.99,-167.16,-1.87,5.17,7.46,0.16,False,False,False,False,False,False,0.035,-0.021,True,False,LOW
293.733,,6.34,-167.84,-1.9,5.24,7.41,0.16,False,False,False,False,False,False,0.029,-0.019,True,False,LOW
293.977,,6.63,-167.86,-1.89,5.67,7.2,0.15,False,False,False,False,False,False,0.034,-0.018,True,False,LOW
294.002,,6.34,-167.53,-1.99,5.67,7.23,0.13,False,False,False,False,False,False,0.034,-0.018,True,False,LOW
294.1,,6.37,-167.42,-1.94,5.68,7.34,0.12,False,False,False,False,False,False,0.034,-0.017,True,False,LOW
294.123,,6.11,-167.25,-1.84,5.65,7.38,0.13,False,False,False,False,False,False,0.032,-0.016,True,False,LOW
294.386,,6.41,-167.39,-2.08,5.7,7.48,0.02,False,False,False,False,False,False,-0.009,-0.022,True,False,LOW
294.411,,6.8,-167.37,-2.23,5.76,7.49,-0.01,False,False,False,False,False,False,0.0,-0.022,True,False,LOW
294.523,,6.34,-167.23,-2.1,5.72,7.58,-0.04,False,False,False,False,False,False,0.003,-0.024,True,False,LOW
294.546,,6.06,-165.23,-1.84,5.67,7.88,-0.01,False,False,False,False,False,False,0.027,-0.022,True,False,LOW
294.775,,6.65,-166.94,-1.94,5.85,7.95,0.05,False,False,False,False,False,False,0.037,-0.023,True,False,LOW
294.797,,6.58,-167.35,-1.59,5.85,7.9,0.1,False,False,False,False,False,False,0.036,-0.015,True,False,LOW
294.897,,6.61,-167.47,-1.62,5.88,7.73,0.22,False,False,False,False,False,False,0.036,-0.02,True,False,LOW
294.92,,6.25,-167.59,-1.47,5.84,7.68,0.26,False,False,False,False,False,False,0.035,-0.021,True,False,LOW
295.209,,6.11,-166.42,-1.87,5.58,8.22,0.2,False,False,False,False,False,False,0.022,-0.024,True,False,LOW
295.269,,5.86,-167.34,-1.86,5.47,8.04,0.19,False,False,False,False,False,False,0.016,-0.009,True,False,LOW
295.378,,6.0,-167.09,-1.85,5.41,7.96,0.19,False,False,False,False,False,False,0.013,-0.01,True,False,LOW
295.402,,5.21,-167.12,-1.75,5.29,7.94,0.2,False,False,False,False,False,False,-0.003,0.004,True,False,LOW
295.577,,5.54,-166.75,-1.8,5.06,8.07,0.21,False,False,False,False,False,False,0.031,-0.021,True,False,LOW
295.602,,5.97,-166.01,-1.78,5.09,8.18,0.22,False,False,False,False,False,False,0.032,-0.02,True,False,LOW
295.737,,5.98,-166.0,-1.76,5.19,8.53,0.24,False,False,False,False,False,False,0.032,-0.02,True,False,LOW
295.76,,5.76,-167.71,-1.59,5.17,8.36,0.27,False,False,False,False,False,False,0.028,-0.023,True,False,LOW
295.976,,6.24,-166.68,-1.76,5.4,8.3,0.27,False,False,False,False,False,False,0.026,-0.023,True,False,LOW
295.997,,6.36,-166.31,-1.71,5.43,8.34,0.28,False,False,False,False,False,False,0.026,-0.021,True,False,LOW
296.108,,6.19,-166.27,-1.78,5.46,8.47,0.26,False,False,False,False,False,False,0.027,-0.02,True,False,LOW
296.131,,5.86,-166.37,-1.84,5.43,8.48,0.26,False,False,False,False,False,False,0.03,-0.02,True,False,LOW
296.364,,5.76,-167.09,-1.96,5.22,8.1,0.15,False,False,False,False,False,False,0.028,-0.022,True,False,LOW
296.394,,5.11,-166.91,-2.08,5.09,8.09,0.11,False,False,False,False,False,False,0.03,-0.016,True,False,LOW
296.492,,5.04,-166.74,-2.15,4.81,8.13,0.02,False,False,False,False,False,False,0.034,-0.016,True,False,LOW
296.518,,5.09,-166.63,-2.1,4.75,8.15,0.01,False,False,False,False,False,False,0.034,-0.015,True,False,LOW
296.769,,5.11,-166.74,-2.08,4.55,8.17,-0.03,False,False,False,False,False,False,0.021,0.043,False,False,LOW
296.791,,5.6,-166.64,-2.15,4.6,8.19,-0.04,False,False,False,False,False,False,0.019,-0.015,True,False,LOW
296.889,,5.04,-167.04,-2.15,4.51,8.07,-0.07,False,False,False,False,False,False,0.015,-0.016,True,False,LOW
296.915,,4.66,-166.94,-2.12,4.43,8.06,-0.07,False,False,False,False,False,False,0.018,-0.02,True,False,LOW
297.182,,6.16,-167.84,-1.93,5.09,7.45,0.04,False,False,False,False,False,False,0.014,-0.016,True,False,LOW
297.207,,6.31,-166.6,-1.69,5.16,7.57,0.08,False,False,False,False,False,False,0.023,-0.015,True,False,LOW
297.329,,6.74,-166.77,-1.8,5.56,7.83,0.14,False,False,False,False,False,False,0.028,-0.015,True,False,LOW
297.355,,6.06,-166.84,-2.06,5.54,7.87,0.12,False,False,False,False,False,False,0.027,-0.012,True,False,LOW
297.591,,6.71,-166.17,-2.26,5.83,8.41,-0.09,False,False,False,False,False,False,0.034,-0.013,True,False,LOW
297.613,,6.7,-166.81,-2.1,5.86,8.37,-0.09,False,False,False,False,False,False,0.03,-0.006,True,False,LOW
297.713,,6.72,-166.92,-1.9,5.93,8.23,-0.0,False,False,False,False,False,False,0.025,-0.012,True,False,LOW
297.737,,6.06,-167.09,-1.96,5.86,8.18,0.01,False,False,False,False,False,False,0.027,-0.009,True,False,LOW
297.962,,5.82,-166.66,-1.45,5.43,8.23,0.34,False,False,False,False,False,False,0.025,-0.014,True,False,LOW
297.989,,6.35,-166.39,-1.88,5.47,8.28,0.32,False,False,False,False,False,False,0.029,-0.012,True,False,LOW
298.084,,7.03,-166.6,-1.73,5.8,8.3,0.31,False,False,False,False,False,False,0.027,-0.014,True,False,LOW
298.108,,6.44,-166.33,-1.73,5.8,8.34,0.31,False,False,False,False,False,False,0.03,-0.015,True,False,LOW
298.363,,5.79,-166.75,-1.74,5.37,8.24,0.3,False,False,False,False,False,False,0.026,-0.013,True,False,LOW
298.39,,5.63,-167.42,-1.74,5.31,8.13,0.3,False,False,False,False,False,False,0.026,-0.01,True,False,LOW
298.485,,5.72,-167.65,-1.74,5.21,7.81,0.29,False,False,False,False,False,False,0.027,-0.011,True,False,LOW
298.51,,6.27,-167.36,-1.47,5.26,7.77,0.33,False,False,False,False,False,False,0.023,-0.009,True,False,LOW
298.764,,6.51,-167.18,-1.61,5.61,7.76,0.39,False,False,False,False,False,False,0.022,-0.01,True,False,LOW
298.789,,6.49,-167.74,-1.37,5.64,7.68,0.42,False,False,False,False,False,False,0.017,-0.01,True,False,LOW
298.878,,6.07,-167.8,-1.49,5.55,7.48,0.47,False,False,False,False,False,False,0.017,-0.009,True,False,LOW
298.901,,6.12,-167.24,-1.56,5.54,7.5,0.47,False,False,False,False,False,False,0.019,-0.01,True,False,LOW
299.186,,6.17,-167.0,-1.64,5.51,7.78,0.42,False,False,False,False,False,False,0.021,-0.015,True,False,LOW
299.211,,5.88,-167.55,-1.91,5.46,7.72,0.38,False,False,False,False,False,False,0.021,-0.008,True,False,LOW
299.306,,6.11,-166.62,-1.99,5.45,7.94,0.25,False,False,False,False,False,False,0.021,-0.005,True,False,LOW
299.329,,6.72,-166.92,-1.98,5.52,7.95,0.22,False,False,False,False,False,False,0.021,-0.008,True,False,LOW
299.563,,7.27,-166.35,-1.94,6.17,8.33,0.14,False,False,False,False,False,False,0.027,-0.016,True,False,LOW
299.589,,6.13,-166.68,-2.06,6.06,8.32,0.12,False,False,False,False,False,False,0.028,-0.015,True,False,LOW
299.694,,6.28,-166.87,-2.16,5.88,8.21,0.02,False,False,False,False,False,False,0.025,-0.016,True,False,LOW
299.72,,5.97,-167.14,-2.14,5.79,8.15,0.0,False,False,False,False,False,False,0.028,-0.014,True,False,LOW
299.966,,6.3,-166.45,-1.61,5.69,8.35,0.26,False,False,False,False,False,False,0.028,-0.011,True,False,LOW
299.989,,6.46,-167.11,-1.5,5.7,8.28,0.29,False,False,False,False,False,False,0.03,-0.014,True,False,LOW
300.081,,6.51,-167.12,-1.47,5.75,8.11,0.39,False,False,False,False,False,False,0.03,-0.016,True,False,LOW
300.106,,6.03,-167.0,-1.72,5.69,8.08,0.38,False,False,False,False,False,False,0.029,-0.015,True,False,LOW
300.521,,5.61,-166.3,-2.01,5.14,8.48,0.12,False,False,False,False,False,False,0.029,-0.013,True,False,LOW
300.542,,6.42,-167.69,-1.65,5.21,8.33,0.15,False,False,False,False,False,False,0.029,-0.017,True,False,LOW
300.632,,6.36,-167.61,-1.59,5.38,7.95,0.26,False,False,False,False,False,False,0.033,-0.019,True,False,LOW
300.656,,6.61,-168.24,-1.48,5.46,7.77,0.3,False,False,False,False,False,False,0.034,-0.019,True,False,LOW
300.766,,6.07,-166.99,-1.55,5.43,7.84,0.37,False,False,False,False,False,False,0.028,-0.019,True,False,LOW
300.791,,5.41,-166.97,-1.75,5.33,7.86,0.36,False,False,False,False,False,False,0.031,-0.015,True,False,LOW
300.882,,5.87,-166.34,-1.75,5.28,8.13,0.33,False,False,False,False,False,False,0.032,-0.01,True,False,LOW
300.906,,6.25,-166.22,-1.76,5.32,8.2,0.32,False,False,False,False,False,False,0.039,-0.008,True,False,LOW
301.163,,6.03,-166.86,-1.6,5.34,8.12,0.39,False,False,False,False,False,False,0.025,-0.008,True,False,LOW
301.189,,6.16,-166.76,-1.91,5.36,8.13,0.35,False,False,False,False,False,False,0.025,-0.014,True,False,LOW
301.281,,6.67,-165.42,-1.89,5.59,8.64,0.27,False,False,False,False,False,False,0.029,-0.006,True,False,LOW
301.303,,6.27,-165.77,-1.95,5.59,8.71,0.25,False,False,False,False,False,False,0.039,-0.007,True,False,LOW
301.561,,6.29,-165.93,-1.65,5.6,8.89,0.33,False,False,False,False,False,False,0.033,-0.011,True,False,LOW
301.59,,6.2,-166.15,-1.91,5.59,8.87,0.3,False,False,False,False,False,False,0.032,-0.01,True,False,LOW
301.681,,6.18,-166.05,-1.92,5.56,8.88,0.23,False,False,False,False,False,False,0.032,-0.009,True,False,LOW
301.705,,6.2,-165.68,-1.98,5.55,8.93,0.2,False,False,False,False,False,False,0.026,-0.013,True,False,LOW
301.962,,6.7,-165.73,-1.9,5.84,9.1,0.16,False,False,False,False,False,False,0.034,-0.009,True,False,LOW
301.989,,6.47,-166.25,-1.76,5.83,9.04,0.17,False,False,False,False,False,False,0.033,-0.013,True,False,LOW
302.153,,6.2,-165.33,-1.91,5.67,9.32,0.15,False,False,False,False,False,False,0.029,-0.01,True,False,LOW
302.174,,6.49,-165.29,-1.85,5.69,9.36,0.15,False,False,False,False,False,False,0.033,-0.008,True,False,LOW
302.363,,6.77,-166.41,-1.99,5.91,8.9,0.09,False,False,False,False,False,False,0.023,-0.007,True,False,LOW
302.389,,7.27,-165.59,-1.71,6.01,8.97,0.12,False,False,False,False,False,False,0.032,-0.012,True,False,LOW
302.554,,6.7,-166.9,-1.74,6.01,8.49,0.21,False,False,False,False,False,False,0.028,-0.011,True,False,LOW
302.576,,7.0,-166.53,-1.66,6.05,8.48,0.23,False,False,False,False,False,False,0.033,-0.011,True,False,LOW
302.77,,6.22,-166.44,-2.26,5.77,8.48,-0.02,False,False,False,False,False,False,0.033,-0.007,True,False,LOW
302.793,,7.4,-164.96,-1.73,5.89,8.68,0.02,False,False,False,False,False,False,0.029,-0.005,True,False,LOW
302.96,,6.61,-166.5,-1.64,5.91,8.55,0.21,False,False,False,False,False,False,0.034,-0.011,True,False,LOW
302.982,,6.81,-166.44,-1.66,5.94,8.54,0.23,False,False,False,False,False,False,0.035,-0.011,True,False,LOW
303.171,,7.23,-167.12,-1.66,6.27,8.14,0.31,False,False,False,False,False,False,0.039,-0.014,True,False,LOW
303.193,,7.17,-166.8,-1.59,6.3,8.14,0.32,False,False,False,False,False,False,0.036,-0.016,True,False,LOW
303.362,,7.13,-166.98,-1.62,6.38,8.04,0.37,False,False,False,False,False,False,0.036,-0.016,True,False,LOW
303.385,,7.12,-166.96,-1.62,6.39,8.03,0.37,False,False,False,False,False,False,0.035,-0.017,True,False,LOW
303.572,,6.8,-166.35,-1.65,6.24,8.33,0.38,False,False,False,False,False,False,0.03,-0.014,True,False,LOW
303.596,,6.83,-166.37,-1.69,6.23,8.36,0.37,False,False,False,False,False,False,0.03,-0.015,True,False,LOW
303.763,,6.85,-166.73,-1.76,6.2,8.28,0.32,False,False,False,False,False,False,0.03,-0.015,True,False,LOW
303.784,,6.84,-166.69,-1.77,6.19,8.27,0.31,False,False,False,False,False,False,0.031,-0.014,True,False,LOW
303.97,,6.61,-165.48,-1.75,6.05,8.91,0.3,False,False,False,False,False,False,0.025,-0.01,True,False,LOW
303.992,,6.38,-165.85,-2.11,6.01,8.94,0.25,False,False,False,False,False,False,0.028,-0.015,True,False,LOW
304.164,,6.8,-165.38,-1.91,6.07,9.26,0.18,False,False,False,False,False,False,0.023,-0.011,True,False,LOW
304.188,,6.93,-165.38,-1.85,6.09,9.3,0.18,False,False,False,False,False,False,0.025,-0.009,True,False,LOW
304.373,,6.12,-165.65,-2.35,5.74,9.29,-0.09,False,False,False,False,False,False,0.009,0.029,True,False,LOW
304.397,,6.36,-164.33,-1.98,5.73,9.47,-0.07,False,False,False,False,False,False,0.011,0.018,True,False,LOW
304.563,,6.09,-165.17,-1.77,5.57,9.62,0.1,False,False,False,False,False,False,0.024,-0.006,True,False,LOW
304.586,,5.97,-165.21,-1.83,5.53,9.63,0.11,False,False,False,False,False,False,0.023,-0.004,True,False,LOW
304.779,,6.33,-165.85,-1.99,5.6,9.33,0.07,False,False,False,False,False,False,0.019,-0.012,True,False,LOW
304.804,,6.41,-165.95,-1.98,5.61,9.28,0.07,False,False,False,False,False,False,0.022,-0.014,True,False,LOW
304.975,,6.32,-166.26,-2.23,5.63,8.96,-0.07,False,False,False,False,False,False,0.012,-0.013,True,False,LOW
304.998,,6.44,-166.02,-2.29,5.64,8.96,-0.09,False,False,False,False,False,False,0.015,-0.006,True,False,LOW
305.198,,7.05,-165.4,-2.14,6.05,9.28,-0.1,False,False,False,False,False,False,0.025,-0.013,True,False,LOW
305.226,,6.98,-165.99,-2.23,6.09,9.23,-0.12,False,False,False,False,False,False,0.024,-0.018,True,False,LOW
305.369,,6.49,-166.41,-2.23,5.96,8.89,-0.16,False,False,False,False,False,False,0.027,-0.015,True,False,LOW
305.392,,6.53,-166.4,-2.22,5.94,8.84,-0.16,False,False,False,False,False,False,0.026,-0.016,True,False,LOW
305.571,,6.7,-166.23,-2.28,5.98,8.77,-0.21,False,False,False,False,False,False,0.027,-0.02,True,False,LOW
305.593,,6.85,-166.52,-2.04,6.01,8.72,-0.18,False,False,False,False,False,False,0.023,-0.021,True,False,LOW
305.766,,7.13,-166.75,-2.25,6.24,8.44,-0.2,False,False,False,False,False,False,0.021,-0.028,True,False,LOW
305.789,,7.09,-166.91,-2.33,6.26,8.38,-0.22,False,False,False,False,False,False,0.022,-0.027,True,False,LOW
305.964,,7.54,-166.37,-2.28,6.58,8.48,-0.23,False,False,False,False,False,False,0.006,-0.025,True,False,LOW
305.991,,7.09,-166.58,-2.23,6.55,8.46,-0.23,False,False,False,False,False,False,-0.011,-0.02,True,False,LOW
306.154,,7.66,-168.11,-2.67,6.77,7.61,-0.44,False,False,False,False,False,False,-0.011,-0.012,True,False,LOW
306.177,,8.08,-169.38,-2.32,6.85,7.32,-0.42,False,False,False,False,False,False,-0.009,-0.013,True,False,LOW
306.364,,4.88,-174.36,-2.39,5.4,3.39,-0.39,False,False,False,False,False,False,-0.022,-0.011,True,False,LOW
306.389,,3.78,-178.38,-2.38,5.05,2.14,-0.38,False,False,False,False,False,False,0.013,-0.011,True,False,LOW
306.555,,2.87,-176.14,-3.19,3.51,0.22,-0.78,False,False,False,False,False,False,0.012,-0.003,True,False,LOW
306.577,,4.83,-177.91,-3.2,3.59,-0.29,-0.83,False,False,False,False,False,False,0.013,-0.007,True,False,LOW
306.764,,4.08,-174.04,-2.74,3.49,0.39,-0.77,False,False,False,False,False,False,-0.05,0.022,True,False,LOW
306.79,,7.72,-176.15,-2.07,4.03,0.13,-0.66,False,False,False,False,False,False,-0.033,-0.001,True,False,LOW
306.957,,5.41,-175.73,-1.59,4.4,-0.37,-0.09,False,False,False,False,False,False,-0.017,-0.005,True,False,LOW
306.979,,5.07,-175.45,-1.78,4.4,-0.39,-0.05,False,False,False,False,False,False,-0.022,-0.005,True,False,LOW
307.162,,4.05,-175.5,-1.36,3.85,-0.49,0.34,False,False,False,False,False,False,0.016,0.006,True,False,LOW
307.19,,3.01,-174.7,-1.38,3.61,-0.38,0.39,False,False,False,False,False,False,0.016,-0.003,True,False,LOW
307.361,,2.01,-173.36,-1.05,2.39,0.65,0.7,False,False,False,False,False,False,0.008,-0.007,True,False,LOW
307.384,,0.81,-171.27,-1.25,2.07,1.07,0.71,False,False,False,False,False,False,0.003,0.001,True,False,LOW
307.566,,1.44,-173.1,-1.65,1.34,1.49,0.53,False,False,False,False,False,False,0.009,-0.011,True,False,LOW
307.59,,3.65,-173.71,-1.31,1.56,1.45,0.56,False,False,False,False,False,False,0.01,-0.014,True,False,LOW
307.763,,5.4,-173.28,-1.66,3.24,1.56,0.46,False,False,False,False,False,False,0.004,-0.01,True,False,LOW
307.785,,4.48,-172.83,-1.79,3.32,1.63,0.43,False,False,False,False,False,False,0.009,-0.016,True,False,LOW
307.991,,3.92,-173.35,-1.82,3.27,1.6,0.31,False,False,False,False,False,False,0.01,-0.01,True,False,LOW
308.026,,4.15,-172.51,-1.79,3.31,1.75,0.29,False,False,False,False,False,False,0.002,0.019,True,False,LOW
308.162,,5.84,-172.4,-1.41,4.19,2.12,0.44,False,False,False,False,False,False,0.018,0.017,True,False,LOW
308.184,,5.32,-173.45,-1.58,4.25,2.04,0.45,False,False,False,False,False,False,0.028,0.016,True,False,LOW
308.368,,4.29,-172.9,-1.5,3.9,2.04,0.49,False,False,False,False,False,False,0.019,0.005,True,False,LOW
308.39,,5.69,-172.16,-1.78,4.04,2.13,0.46,False,False,False,False,False,False,0.018,-0.007,True,False,LOW
308.559,,5.07,-173.3,-1.44,4.23,1.87,0.53,False,False,False,False,False,False,0.025,-0.002,True,False,LOW
308.584,,4.87,-172.78,-1.64,4.22,1.91,0.51,False,False,False,False,False,False,0.025,-0.002,True,False,LOW
308.774,,4.97,-172.02,-1.16,4.26,2.46,0.71,False,False,False,False,False,False,0.015,-0.001,True,False,LOW
308.797,,5.09,-171.54,-1.85,4.28,2.58,0.64,False,False,False,False,False,False,0.02,-0.013,True,False,LOW
308.96,,5.13,-171.18,-2.02,4.37,3.19,0.32,False,False,False,False,False,False,0.023,-0.016,True,False,LOW
308.983,,5.37,-171.5,-1.94,4.41,3.22,0.29,False,False,False,False,False,False,0.024,-0.014,True,False,LOW
309.172,,6.71,-171.15,-1.67,5.31,3.53,0.33,False,False,False,False,False,False,0.029,-0.008,True,False,LOW
309.197,,6.26,-172.52,-1.84,5.34,3.38,0.31,False,False,False,False,False,False,0.026,-0.009,True,False,LOW
309.366,,6.24,-172.57,-1.83,5.46,2.85,0.25,False,False,False,False,False,False,0.022,-0.008,True,False,LOW
309.39,,6.22,-172.41,-1.8,5.47,2.8,0.25,False,False,False,False,False,False,0.021,-0.006,True,False,LOW
309.57,,5.77,-172.32,-1.83,5.27,2.7,0.22,False,False,False,False,False,False,0.014,-0.004,True,False,LOW
309.592,,5.55,-170.98,-2.19,5.22,2.86,0.18,False,False,False,False,False,False,-0.03,0.01,True,False,LOW
309.763,,5.49,-172.06,-2.35,5.01,2.86,-0.08,False,False,False,False,False,False,0.017,-0.014,True,False,LOW
309.785,,4.84,-172.3,-2.4,4.9,2.83,-0.12,False,False,False,False,False,False,0.014,-0.012,True,False,LOW
309.971,,4.95,-171.32,-2.18,4.55,3.26,-0.14,False,False,False,False,False,False,0.016,-0.014,True,False,LOW
310.0,,6.38,-171.42,-2.22,4.73,3.3,-0.14,False,False,False,False,False,False,0.027,-0.014,True,False,LOW
310.168,,6.27,-170.59,-2.27,5.18,3.84,-0.19,False,False,False,False,False,False,0.029,-0.01,True,False,LOW
310.19,,6.44,-172.02,-2.21,5.25,3.73,-0.19,False,False,False,False,False,False,0.032,-0.012,True,False,LOW
310.373,,6.21,-170.29,-2.09,5.4,4.22,-0.12,False,False,False,False,False,False,0.044,-0.013,True,False,LOW
310.396,,5.64,-171.83,-2.05,5.35,4.07,-0.11,False,False,False,False,False,False,0.033,-0.013,True,False,LOW
310.568,,6.45,-172.48,-2.2,5.57,3.21,-0.14,False,False,False,False,False,False,0.035,-0.009,True,False,LOW
310.596,,6.38,-173.33,-2.24,5.59,2.95,-0.15,False,False,False,False,False,False,0.033,-0.012,True,False,LOW
310.786,,6.86,-171.91,-1.87,5.91,2.99,0.02,False,False,False,False,False,False,0.032,-0.012,True,False,LOW
310.809,,6.49,-172.47,-1.9,5.9,2.92,0.03,False,False,False,False,False,False,0.02,-0.017,True,False,LOW
310.962,,6.57,-172.86,-1.93,5.89,2.49,0.07,False,False,False,False,False,False,0.02,-0.018,True,False,LOW
310.987,,6.36,-172.76,-1.99,5.87,2.45,0.06,False,False,False,False,False,False,0.017,-0.017,True,False,LOW
311.174,,7.44,-171.95,-1.64,6.35,2.74,0.24,False,False,False,False,False,False,0.016,-0.013,True,False,LOW
311.198,,7.03,-172.27,-1.79,6.35,2.73,0.24,False,False,False,False,False,False,0.011,-0.013,True,False,LOW
311.369,,7.18,-171.74,-1.82,6.43,2.97,0.22,False,False,False,False,False,False,0.012,-0.011,True,False,LOW
311.39,,7.28,-171.76,-1.77,6.45,2.99,0.23,False,False,False,False,False,False,0.012,-0.012,True,False,LOW
311.574,,7.45,-171.93,-1.8,6.62,3.0,0.23,False,False,False,False,False,False,0.026,-0.017,True,False,LOW
311.597,,7.43,-171.85,-1.81,6.64,3.01,0.23,False,False,False,False,False,False,0.026,-0.018,True,False,LOW
311.763,,7.75,-171.6,-1.83,6.86,3.17,0.21,False,False,False,False,False,False,0.026,-0.017,True,False,LOW
311.785,,7.53,-171.62,-1.79,6.86,3.19,0.22,False,False,False,False,False,False,0.026,-0.018,True,False,LOW
311.989,,7.24,-172.12,-1.84,6.69,2.98,0.2,False,False,False,False,False,False,0.023,-0.019,True,False,LOW
312.011,,7.33,-171.92,-1.62,6.69,2.98,0.23,False,False,False,False,False,False,0.013,-0.014,True,False,LOW
312.161,,7.24,-171.53,-1.83,6.62,3.19,0.21,False,False,False,False,False,False,0.009,-0.007,True,False,LOW
312.184,,7.68,-171.55,-1.73,6.67,3.21,0.22,False,False,False,False,False,False,0.007,-0.005,True,False,LOW
312.369,,7.62,-171.28,-1.63,6.82,3.45,0.32,False,False,False,False,False,False,0.011,-0.02,True,False,LOW
312.392,,7.79,-171.31,-1.65,6.85,3.47,0.33,False,False,False,False,False,False,0.011,-0.017,True,False,LOW
312.56,,7.4,-172.02,-1.74,6.79,3.18,0.31,False,False,False,False,False,False,0.015,-0.018,True,False,LOW
312.583,,7.57,-171.98,-1.75,6.8,3.15,0.3,False,False,False,False,False,False,0.016,-0.018,True,False,LOW
312.775,,7.53,-172.07,-1.65,6.83,2.99,0.35,False,False,False,False,False,False,0.038,-0.02,True,False,LOW
312.799,,7.31,-171.6,-1.57,6.8,3.04,0.36,False,False,False,False,False,False,0.04,-0.017,True,False,LOW
312.972,,7.16,-171.49,-1.48,6.63,3.25,0.46,False,False,False,False,False,False,0.043,-0.02,True,False,LOW
312.995,,7.04,-171.55,-1.58,6.6,3.26,0.46,False,False,False,False,False,False,0.038,-0.019,True,False,LOW
313.195,,7.1,-171.89,-1.53,6.5,3.14,0.48,False,False,False,False,False,False,0.039,-0.02,True,False,LOW
313.221,,7.27,-171.71,-1.5,6.51,3.15,0.49,False,False,False,False,False,False,0.049,-0.017,True,False,LOW
313.392,,7.47,-171.85,-1.47,6.66,3.11,0.53,False,False,False,False,False,False,0.054,-0.021,True,False,LOW
313.416,,7.42,-171.74,-1.39,6.67,3.12,0.54,False,False,False,False,False,False,0.056,-0.023,True,False,LOW
313.579,,7.12,-171.97,-1.51,6.55,3.04,0.53,False,False,False,False,False,False,0.055,-0.021,True,False,LOW
313.602,,8.1,-171.81,-1.47,6.66,3.05,0.53,False,False,False,False,False,False,0.055,-0.024,True,False,LOW
313.784,,7.85,-171.45,-1.55,6.94,3.28,0.51,False,False,False,False,False,False,0.06,-0.024,True,False,LOW
313.809,,8.22,-171.84,-1.58,7.02,3.25,0.5,False,False,False,False,False,False,0.081,-0.023,True,False,LOW
313.983,,7.9,-171.2,-1.27,7.13,3.5,0.63,False,False,False,False,False,False,0.074,-0.025,True,False,LOW
314.007,,7.93,-170.43,-1.39,7.14,3.64,0.64,False,False,False,False,False,False,0.079,-0.023,True,False,LOW
314.158,,7.58,-171.9,-1.53,7.02,3.34,0.57,False,False,False,False,False,False,0.077,-0.021,True,False,LOW
314.183,,8.18,-172.35,-1.29,7.09,3.24,0.59,False,False,False,False,False,False,0.079,-0.022,True,False,LOW
314.412,,7.81,-170.76,-1.26,7.11,3.79,0.7,False,False,False,False,False,False,0.078,-0.021,True,False,LOW
314.446,,8.3,-171.37,-1.36,7.2,3.75,0.69,False,False,False,False,False,False,0.064,-0.022,True,False,LOW
314.567,,8.88,-171.43,-1.3,7.65,3.64,0.71,False,False,False,False,False,False,0.067,-0.02,True,False,LOW
314.592,,8.85,-170.31,-1.51,7.72,3.78,0.68,False,False,False,False,False,False,0.015,-0.015,True,False,LOW
314.765,,8.51,-171.11,-1.82,7.78,3.8,0.44,False,False,False,False,False,False,0.01,-0.01,True,False,LOW
314.79,,7.97,-170.62,-1.78,7.71,3.87,0.41,False,False,False,False,False,False,0.014,-0.017,True,False,LOW
314.958,,8.49,-170.41,-1.63,7.76,4.21,0.4,False,False,False,False,False,False,0.022,-0.013,True,False,LOW
314.983,,8.23,-171.23,-1.61,7.73,4.14,0.41,False,False,False,False,False,False,0.013,-0.019,True,False,LOW
315.161,,8.3,-170.71,-1.64,7.67,4.18,0.4,False,False,False,False,False,False,0.004,0.0,True,False,LOW
315.188,,7.81,-170.56,-1.61,7.59,4.21,0.4,False,False,False,False,False,False,0.021,-0.017,True,False,LOW
315.353,,8.1,-170.63,-1.73,7.5,4.26,0.35,False,False,False,False,False,False,0.022,-0.025,True,False,LOW
315.382,,8.47,-170.21,-1.61,7.55,4.33,0.36,False,False,False,False,False,False,0.015,-0.019,True,False,LOW
315.564,,8.56,-170.51,-1.56,7.73,4.38,0.42,False,False,False,False,False,False,0.013,-0.017,True,False,LOW
315.59,,8.47,-170.69,-1.67,7.73,4.36,0.41,False,False,False,False,False,False,0.023,-0.017,True,False,LOW
315.756,,8.43,-170.87,-1.63,7.74,4.21,0.41,False,False,False,False,False,False,0.022,-0.017,True,False,LOW
315.783,,8.16,-170.88,-1.7,7.7,4.18,0.39,False,False,False,False,False,False,0.024,-0.017,True,False,LOW
315.963,,8.29,-171.13,-1.89,7.65,3.98,0.26,False,False,False,False,False,False,0.022,-0.017,True,False,LOW
315.989,,8.74,-171.4,-1.73,7.71,3.91,0.26,False,False,False,False,False,False,0.019,-0.016,True,False,LOW
316.156,,8.45,-170.07,-1.74,7.74,4.4,0.28,False,False,False,False,False,False,0.018,-0.012,True,False,LOW
316.182,,8.26,-169.95,-1.69,7.72,4.48,0.29,False,False,False,False,False,False,0.02,-0.017,True,False,LOW
316.371,,8.3,-170.4,-1.79,7.67,4.51,0.26,False,False,False,False,False,False,0.018,-0.017,True,False,LOW
316.393,,8.35,-171.24,-2.0,7.67,4.41,0.23,False,False,False,False,False,False,0.022,-0.015,True,False,LOW
316.559,,8.24,-170.18,-1.92,7.61,4.59,0.17,False,False,False,False,False,False,0.018,-0.017,True,False,LOW
316.582,,7.32,-170.22,-2.01,7.48,4.6,0.15,False,False,False,False,False,False,0.018,-0.013,True,False,LOW
316.916,,7.74,-169.66,-1.74,7.2,5.06,0.25,False,False,False,False,False,False,0.025,-0.012,True,False,LOW
316.939,,8.8,-169.57,-1.8,7.31,5.09,0.24,False,False,False,False,False,False,0.025,-0.012,True,False,LOW
317.064,,8.13,-168.08,-1.87,7.37,5.89,0.21,False,False,False,False,False,False,0.03,-0.01,True,False,LOW
317.087,,7.04,-168.67,-1.72,7.24,5.94,0.22,False,False,False,False,False,False,0.019,-0.013,True,False,LOW
317.186,,7.17,-168.9,-1.81,6.95,5.97,0.22,False,False,False,False,False,False,0.022,-0.012,True,False,LOW
317.208,,6.71,-169.37,-2.17,6.83,5.92,0.17,False,False,False,False,False,False,0.018,-0.01,True,False,LOW
317.353,,7.41,-168.97,-1.71,6.78,5.94,0.24,False,False,False,False,False,False,0.017,-0.013,True,False,LOW
317.383,,7.2,-168.4,-1.7,6.74,6.04,0.26,False,False,False,False,False,False,0.019,-0.015,True,False,LOW
317.565,,7.66,-168.05,-1.82,6.87,6.49,0.23,False,False,False,False,False,False,0.015,-0.017,True,False,LOW
317.59,,7.64,-169.43,-1.98,6.88,6.36,0.21,False,False,False,False,False,False,0.017,-0.013,True,False,LOW
317.754,,7.74,-168.59,-2.02,6.97,6.35,0.11,False,False,False,False,False,False,0.024,-0.021,True,False,LOW
317.781,,7.86,-168.76,-1.98,7.0,6.32,0.1,False,False,False,False,False,False,0.025,-0.019,True,False,LOW
317.965,,8.03,-168.44,-1.89,7.19,6.41,0.12,False,False,False,False,False,False,0.027,-0.02,True,False,LOW
317.99,,7.36,-168.56,-1.86,7.12,6.41,0.13,False,False,False,False,False,False,0.022,-0.019,True,False,LOW
318.171,,7.46,-167.93,-1.82,6.94,6.72,0.17,False,False,False,False,False,False,0.019,-0.019,True,False,LOW
318.193,,8.04,-167.29,-1.57,6.99,6.84,0.21,False,False,False,False,False,False,0.028,-0.018,True,False,LOW
318.364,,7.66,-168.0,-1.66,6.98,6.89,0.29,False,False,False,False,False,False,0.02,-0.018,True,False,LOW
318.392,,7.66,-168.16,-1.69,6.98,6.87,0.3,False,False,False,False,False,False,0.027,-0.019,True,False,LOW
318.577,,7.37,-167.33,-1.83,6.83,7.27,0.25,False,False,False,False,False,False,0.019,-0.014,True,False,LOW
318.6,,8.21,-168.55,-2.01,6.92,7.15,0.22,False,False,False,False,False,False,0.011,-0.005,True,False,LOW
318.763,,8.87,-168.5,-1.57,7.57,6.78,0.34,False,False,False,False,False,False,0.015,-0.011,True,False,LOW
318.791,,8.86,-168.92,-1.68,7.67,6.66,0.34,False,False,False,False,False,False,0.019,-0.009,True,False,LOW
318.957,,8.64,-167.67,-1.6,7.82,6.97,0.39,False,False,False,False,False,False,0.027,-0.016,True,False,LOW
318.982,,9.26,-168.43,-1.74,7.93,6.9,0.37,False,False,False,False,False,False,0.028,-0.017,True,False,LOW
319.166,,8.32,-168.78,-1.88,7.77,6.49,0.25,False,False,False,False,False,False,0.025,-0.019,True,False,LOW
319.189,,7.76,-169.25,-1.79,7.68,6.39,0.25,False,False,False,False,False,False,0.02,-0.019,True,False,LOW
319.354,,8.58,-168.13,-1.81,7.79,6.6,0.24,False,False,False,False,False,False,0.027,-0.024,True,False,LOW
319.384,,8.48,-169.01,-1.81,7.79,6.49,0.23,False,False,False,False,False,False,0.025,-0.022,True,False,LOW
319.568,,8.28,-168.81,-1.75,7.69,6.29,0.26,False,False,False,False,False,False,0.032,-0.019,True,False,LOW
319.593,,8.45,-168.48,-1.52,7.7,6.31,0.29,False,False,False,False,False,False,0.021,0.043,False,False,LOW
319.761,,9.05,-168.58,-1.85,8.05,6.33,0.23,False,False,False,False,False,False,0.021,-0.006,True,False,LOW
319.784,,9.02,-168.51,-1.46,8.08,6.34,0.28,False,False,False,False,False,False,0.02,-0.019,True,False,LOW
319.971,,8.59,-168.33,-1.73,7.99,6.48,0.29,False,False,False,False,False,False,0.015,-0.021,True,False,LOW
319.994,,7.73,-168.6,-1.71,7.87,6.46,0.29,False,False,False,False,False,False,0.013,-0.016,True,False,LOW
320.155,,8.8,-169.7,-1.82,8.0,5.83,0.25,False,False,False,False,False,False,0.021,-0.018,True,False,LOW
320.182,,8.7,-169.42,-1.77,8.0,5.79,0.25,False,False,False,False,False,False,0.021,-0.021,True,False,LOW
320.387,,8.65,-169.3,-1.66,7.98,5.7,0.32,False,False,False,False,False,False,0.024,-0.024,True,False,LOW
320.41,,9.01,-168.98,-1.6,8.03,5.73,0.33,False,False,False,False,False,False,0.03,-0.021,True,False,LOW
320.559,,8.46,-168.8,-1.66,7.91,5.92,0.35,False,False,False,False,False,False,0.027,-0.022,True,False,LOW
320.582,,8.15,-169.25,-1.7,7.85,5.89,0.35,False,False,False,False,False,False,0.025,-0.022,True,False,LOW
320.765,,8.16,-168.56,-1.72,7.65,6.15,0.33,False,False,False,False,False,False,0.026,-0.021,True,False,LOW
320.789,,8.27,-169.2,-1.68,7.64,6.09,0.33,False,False,False,False,False,False,0.028,-0.02,True,False,LOW
320.962,,8.11,-169.02,-1.71,7.53,6.0,0.33,False,False,False,False,False,False,0.023,-0.02,True,False,LOW
320.986,,8.02,-168.31,-1.75,7.51,6.08,0.32,False,False,False,False,False,False,0.024,-0.021,True,False,LOW
321.172,,8.34,-168.69,-1.9,7.59,6.17,0.22,False,False,False,False,False,False,0.021,-0.018,True,False,LOW
321.197,,8.68,-169.06,-1.71,7.64,6.13,0.23,False,False,False,False,False,False,0.024,-0.017,True,False,LOW
321.363,,8.56,-169.45,-1.89,7.77,5.79,0.18,False,False,False,False,False,False,0.027,-0.017,True,False,LOW
321.39,,9.13,-169.51,-1.78,7.87,5.74,0.19,False,False,False,False,False,False,0.026,-0.023,True,False,LOW
321.572,,9.55,-169.44,-1.95,8.41,5.6,0.13,False,False,False,False,False,False,0.024,-0.021,True,False,LOW
321.595,,9.44,-168.91,-1.85,8.46,5.66,0.14,False,False,False,False,False,False,0.022,-0.021,True,False,LOW
321.782,,9.05,-168.77,-1.83,8.41,5.93,0.17,False,False,False,False,False,False,0.027,-0.025,True,False,LOW
321.806,,9.02,-168.33,-1.7,8.4,6.02,0.19,False,False,False,False,False,False,0.026,-0.023,True,False,LOW
321.964,,9.16,-168.5,-1.7,8.44,6.23,0.26,False,False,False,False,False,False,0.021,0.009,True,False,LOW
321.991,,9.68,-169.08,-1.98,8.52,6.17,0.23,False,False,False,False,False,False,0.019,-0.012,True,False,LOW
322.164,,9.93,-169.24,-1.9,8.91,5.92,0.18,False,False,False,False,False,False,0.014,-0.019,True,False,LOW
322.189,,9.56,-169.06,-1.9,8.9,5.91,0.17,False,False,False,False,False,False,0.024,-0.025,True,False,LOW
322.374,,9.32,-170.27,-1.9,8.76,5.23,0.15,False,False,False,False,False,False,0.034,-0.018,True,False,LOW
322.399,,9.19,-168.72,-1.68,8.73,5.37,0.18,False,False,False,False,False,False,0.03,-0.022,True,False,LOW
322.577,,9.41,-168.24,-1.78,8.73,6.08,0.22,False,False,False,False,False,False,0.035,-0.022,True,False,LOW
322.602,,9.24,-168.95,-1.78,8.71,6.06,0.22,False,False,False,False,False,False,0.03,-0.022,True,False,LOW
322.761,,9.45,-168.18,-1.64,8.74,6.41,0.31,False,False,False,False,False,False,0.028,-0.019,True,False,LOW
322.789,,9.19,-168.9,-1.81,8.7,6.35,0.29,False,False,False,False,False,False,0.025,-0.026,True,False,LOW
322.956,,9.85,-168.87,-1.82,8.94,6.2,0.25,False,False,False,False,False,False,0.0,-0.025,True,False,LOW
322.982,,8.98,-168.55,-1.82,8.85,6.23,0.24,False,False,False,False,False,False,-0.004,-0.026,True,False,LOW
323.148,,8.83,-169.13,-2.08,8.49,6.01,0.09,False,False,False,False,False,False,0.0,-0.023,True,False,LOW
323.19,,9.51,-168.74,-1.8,8.56,6.05,0.12,False,False,False,False,False,False,0.001,-0.027,True,False,LOW
323.357,,9.0,-168.56,-1.9,8.44,6.21,0.13,False,False,False,False,False,False,0.0,-0.024,True,False,LOW
323.384,,9.02,-168.43,-1.89,8.42,6.26,0.13,False,False,False,False,False,False,0.017,-0.027,True,False,LOW
323.56,,9.16,-168.53,-1.68,8.45,6.33,0.24,False,False,False,False,False,False,0.022,-0.027,True,False,LOW
323.591,,9.31,-167.83,-1.69,8.48,6.46,0.26,False,False,False,False,False,False,0.023,-0.029,True,False,LOW
323.754,,9.15,-168.55,-1.74,8.48,6.42,0.28,False,False,False,False,False,False,0.024,-0.03,True,False,LOW
323.781,,9.09,-168.86,-1.8,8.47,6.37,0.27,False,False,False,False,False,False,0.025,-0.029,True,False,LOW
323.948,,9.41,-168.96,-1.71,8.6,6.16,0.3,False,False,False,False,False,False,0.008,-0.029,True,False,LOW
323.99,,8.78,-168.3,-1.81,8.5,6.26,0.28,False,False,False,False,False,False,0.002,-0.026,True,False,LOW
324.156,,8.81,-168.91,-1.9,8.31,6.14,0.2,False,False,False,False,False,False,-0.016,0.019,True,False,LOW
324.182,,9.22,-169.14,-1.68,8.34,6.09,0.22,False,False,False,False,False,False,0.017,-0.022,True,False,LOW
324.348,,9.26,-168.6,-1.81,8.46,6.21,0.22,False,False,False,False,False,False,0.015,-0.025,True,False,LOW
324.39,,9.76,-168.28,-1.85,8.59,6.3,0.21,False,False,False,False,False,False,-0.019,-0.022,True,False,LOW
324.557,,9.76,-168.3,-1.9,8.85,6.47,0.17,False,False,False,False,False,False,-0.02,-0.025,True,False,LOW
324.581,,10.07,-167.96,-1.97,8.92,6.54,0.16,False,False,False,False,False,False,-0.023,-0.023,True,False,LOW
324.75,,9.79,-168.16,-2.04,9.02,6.66,0.07,False,False,False,False,False,False,-0.024,-0.024,True,False,LOW
324.79,,9.71,-168.7,-1.86,9.02,6.57,0.09,False,False,False,False,False,False,0.004,-0.024,True,False,LOW
324.957,,9.47,-168.41,-1.88,8.9,6.55,0.12,False,False,False,False,False,False,0.01,-0.019,True,False,LOW
324.982,,9.1,-168.63,-1.8,8.84,6.51,0.14,False,False,False,False,False,False,0.017,-0.022,True,False,LOW
325.179,,8.94,-168.81,-1.95,8.51,6.29,0.1,False,False,False,False,False,False,0.016,-0.024,True,False,LOW
325.201,,8.93,-168.14,-1.95,8.48,6.35,0.1,False,False,False,False,False,False,0.018,-0.023,True,False,LOW
325.357,,8.87,-169.18,-2.27,8.34,6.05,-0.07,False,False,False,False,False,False,0.017,-0.022,True,False,LOW
325.384,,9.29,-169.15,-1.87,8.38,6.01,-0.03,False,False,False,False,False,False,0.024,-0.022,True,False,LOW
325.552,,8.7,-168.74,-1.85,8.19,6.11,0.08,False,False,False,False,False,False,0.023,-0.02,True,False,LOW
325.591,,8.99,-166.79,-1.69,8.21,6.52,0.13,False,False,False,False,False,False,0.015,-0.023,True,False,LOW
325.766,,9.22,-168.68,-2.01,8.39,6.38,0.07,False,False,False,False,False,False,0.011,-0.019,True,False,LOW
325.79,,9.57,-168.97,-1.66,8.45,6.32,0.11,False,False,False,False,False,False,0.033,-0.022,True,False,LOW
325.951,,8.85,-168.46,-1.85,8.31,6.4,0.15,False,False,False,False,False,False,0.036,-0.021,True,False,LOW
325.99,,8.79,-169.29,-1.76,8.27,6.25,0.17,False,False,False,False,False,False,0.027,-0.021,True,False,LOW
326.155,,9.11,-169.08,-1.76,8.35,6.04,0.22,False,False,False,False,False,False,0.024,-0.007,True,False,LOW
326.181,,9.42,-168.41,-1.76,8.41,6.11,0.23,False,False,False,False,False,False,0.021,-0.018,True,False,LOW
326.35,,9.62,-169.87,-1.58,8.69,5.56,0.34,False,False,False,False,False,False,0.023,-0.015,True,False,LOW
326.392,,8.97,-170.15,-1.81,8.6,5.4,0.32,False,False,False,False,False,False,0.045,-0.009,True,False,LOW
326.555,,7.25,-168.95,-1.66,7.55,5.69,0.34,False,False,False,False,False,False,0.047,-0.02,True,False,LOW
326.581,,5.53,-167.63,-0.95,7.13,5.93,0.45,False,False,False,False,False,False,0.084,-0.028,True,False,LOW
326.749,,6.13,-167.78,-0.55,6.23,6.57,0.99,False,False,False,False,False,False,0.084,-0.028,True,False,LOW
326.789,,4.33,-166.02,-0.69,5.64,7.09,1.06,False,False,False,False,False,False,0.083,-0.029,True,False,LOW
326.954,,2.94,-167.08,-0.76,3.8,7.49,1.17,False,False,False,False,False,False,0.082,-0.028,True,False,LOW
326.982,,2.64,-168.42,-1.21,3.48,7.34,1.12,False,False,False,False,False,False,0.078,-0.026,True,False,LOW
327.153,,2.79,-169.11,-1.45,2.73,6.55,0.84,False,False,False,False,False,False,0.025,-0.017,True,False,LOW
327.19,,3.85,-167.19,-1.79,2.82,6.78,0.72,False,False,False,False,False,False,0.008,-0.023,True,False,LOW
327.359,,3.95,-167.69,-1.87,3.05,7.02,0.43,False,False,False,False,False,False,-0.019,-0.017,True,False,LOW
327.381,,4.59,-167.39,-1.75,3.16,7.08,0.41,False,False,False,False,False,False,-0.017,-0.021,True,False,LOW
327.552,,4.76,-167.99,-1.73,3.64,7.01,0.35,False,False,False,False,False,False,-0.017,-0.025,True,False,LOW
327.589,,4.71,-167.84,-1.74,3.72,7.02,0.34,False,False,False,False,False,False,-0.029,-0.012,True,False,LOW
327.762,,5.23,-167.78,-1.75,4.16,7.09,0.31,False,False,False,False,False,False,-0.037,-0.013,True,False,LOW
327.786,,5.54,-169.07,-1.68,4.25,6.92,0.31,False,False,False,False,False,False,-0.065,0.007,True,False,LOW
327.952,,6.26,-169.38,-1.75,4.95,6.21,0.3,False,False,False,False,False,False,-0.065,0.004,True,False,LOW
327.989,,6.05,-169.87,-1.75,5.03,5.98,0.29,False,False,False,False,False,False,-0.069,-0.001,True,False,LOW
328.161,,6.11,-168.32,-1.82,5.24,6.31,0.25,False,False,False,False,False,False,-0.045,0.013,True,False,LOW
328.183,,5.86,-169.39,-1.95,5.23,6.21,0.23,False,False,False,False,False,False,-0.031,0.0,True,False,LOW
328.357,,6.5,-168.96,-2.07,5.54,6.08,0.09,False,False,False,False,False,False,-0.036,0.002,True,False,LOW
328.389,,7.27,-169.19,-2.18,5.73,6.02,0.05,False,False,False,False,False,False,-0.037,-0.005,True,False,LOW
328.563,,6.88,-168.21,-2.03,5.98,6.39,0.02,False,False,False,False,False,False,-0.048,0.024,True,False,LOW
328.588,,6.2,-168.65,-2.01,5.92,6.37,0.02,False,False,False,False,False,False,-0.051,0.022,True,False,LOW
328.754,,6.1,-169.52,-2.22,5.66,5.88,-0.09,False,False,False,False,False,False,-0.049,-0.005,True,False,LOW
328.789,,6.31,-169.49,-2.05,5.66,5.8,-0.07,False,False,False,False,False,False,-0.02,-0.01,True,False,LOW
328.978,,6.2,-168.47,-1.92,5.58,6.16,0.03,False,False,False,False,False,False,-0.001,-0.014,True,False,LOW
329.001,,6.29,-169.91,-1.9,5.59,6.01,0.04,False,False,False,False,False,False,-0.015,-0.013,True,False,LOW
329.165,,6.83,-168.52,-1.61,5.87,6.21,0.23,False,False,False,False,False,False,-0.014,-0.015,True,False,LOW
329.19,,7.05,-169.39,-1.57,5.94,6.12,0.26,False,False,False,False,False,False,-0.012,-0.016,True,False,LOW
329.373,,6.88,-169.73,-1.52,6.08,5.62,0.4,False,False,False,False,False,False,-0.009,-0.023,True,False,LOW
329.397,,6.82,-168.79,-1.67,6.09,5.69,0.39,False,False,False,False,False,False,0.001,-0.022,True,False,LOW
329.587,,6.38,-169.22,-1.73,5.88,5.7,0.34,False,False,False,False,False,False,0.019,-0.019,True,False,LOW
329.615,,6.52,-169.24,-1.78,5.87,5.7,0.33,False,False,False,False,False,False,0.025,-0.021,True,False,LOW
329.765,,6.33,-169.33,-1.7,5.76,5.65,0.33,False,False,False,False,False,False,0.019,-0.008,True,False,LOW
329.787,,6.52,-168.25,-1.67,5.77,5.78,0.33,False,False,False,False,False,False,0.019,-0.011,True,False,LOW
329.95,,7.07,-168.77,-1.57,6.09,5.97,0.4,False,False,False,False,False,False,0.018,-0.015,True,False,LOW
329.992,,7.33,-169.41,-1.78,6.21,5.88,0.37,False,False,False,False,False,False,0.019,-0.018,True,False,LOW
330.157,,6.91,-168.68,-1.79,6.22,6.07,0.3,False,False,False,False,False,False,0.017,-0.019,True,False,LOW
330.181,,7.12,-169.03,-1.92,6.25,6.05,0.28,False,False,False,False,False,False,0.014,-0.015,True,False,LOW
330.349,,6.91,-168.71,-2.02,6.24,6.14,0.14,False,False,False,False,False,False,0.021,-0.019,True,False,LOW
330.391,,6.5,-168.34,-2.05,6.15,6.23,0.11,False,False,False,False,False,False,0.023,-0.014,True,False,LOW
330.553,,6.39,-168.93,-2.01,5.93,6.11,0.06,False,False,False,False,False,False,0.025,-0.009,True,False,LOW
330.581,,6.75,-169.0,-2.01,5.95,6.09,0.06,False,False,False,False,False,False,0.025,-0.014,True,False,LOW
330.748,,6.7,-168.87,-1.99,5.99,6.07,0.05,False,False,False,False,False,False,0.029,-0.013,True,False,LOW
330.791,,7.08,-168.5,-1.97,6.08,6.15,0.05,False,False,False,False,False,False,0.031,-0.016,True,False,LOW
330.975,,6.87,-168.62,-1.87,6.14,6.24,0.11,False,False,False,False,False,False,0.027,-0.016,True,False,LOW
331.0,,6.63,-169.16,-1.99,6.11,6.17,0.1,False,False,False,False,False,False,0.028,-0.018,True,False,LOW
331.15,,6.0,-168.47,-2.22,5.72,6.31,-0.04,False,False,False,False,False,False,-0.011,0.021,True,False,LOW
331.19,,6.94,-168.26,-1.96,5.83,6.38,-0.02,False,False,False,False,False,False,0.027,-0.017,True,False,LOW
331.353,,5.84,-167.96,-2.02,5.49,6.68,-0.0,False,False,False,False,False,False,0.023,-0.021,True,False,LOW
331.382,,5.74,-169.22,-2.13,5.42,6.53,-0.02,False,False,False,False,False,False,0.027,-0.022,True,False,LOW
331.547,,5.9,-168.73,-2.14,5.32,6.36,-0.07,False,False,False,False,False,False,0.039,-0.017,True,False,LOW
331.589,,5.87,-168.9,-2.2,5.29,6.29,-0.09,False,False,False,False,False,False,0.042,-0.018,True,False,LOW
331.754,,5.68,-169.58,-2.09,5.14,5.8,-0.07,False,False,False,False,False,False,0.052,-0.013,True,False,LOW
331.781,,5.73,-169.42,-2.17,5.13,5.76,-0.08,False,False,False,False,False,False,0.054,-0.016,True,False,LOW
331.964,,6.12,-169.18,-2.16,5.3,5.75,-0.11,False,False,False,False,False,False,0.043,-0.015,True,False,LOW
331.991,,6.25,-169.05,-2.1,5.34,5.77,-0.1,False,False,False,False,False,False,0.03,-0.019,True,False,LOW
332.155,,6.45,-169.49,-2.26,5.56,5.6,-0.17,False,False,False,False,False,False,0.03,-0.021,True,False,LOW
332.184,,6.6,-169.19,-2.17,5.61,5.62,-0.16,False,False,False,False,False,False,0.028,-0.017,True,False,LOW
332.349,,6.91,-168.92,-1.95,5.93,5.82,-0.04,False,False,False,False,False,False,0.025,-0.019,True,False,LOW
332.391,,6.97,-168.94,-2.14,6.01,5.86,-0.05,False,False,False,False,False,False,0.022,-0.018,True,False,LOW
332.556,,6.84,-167.79,-2.17,6.09,6.52,-0.1,False,False,False,False,False,False,0.025,-0.018,True,False,LOW
332.582,,6.94,-168.35,-2.2,6.11,6.53,-0.11,False,False,False,False,False,False,0.029,-0.018,True,False,LOW
332.745,,7.11,-168.52,-2.08,6.27,6.47,-0.08,False,False,False,False,False,False,0.036,-0.019,True,False,LOW
332.774,,7.58,-169.3,-2.15,6.37,6.34,-0.09,False,False,False,False,False,False,0.039,-0.017,True,False,LOW
332.955,,6.93,-168.42,-2.09,6.31,6.43,-0.07,False,False,False,False,False,False,0.037,-0.018,True,False,LOW
332.983,,7.51,-168.83,-1.85,6.39,6.38,-0.03,False,False,False,False,False,False,0.038,-0.018,True,False,LOW
333.306,,6.92,-168.07,-1.94,6.29,6.7,0.05,False,False,False,False,False,False,0.035,-0.019,True,False,LOW
333.33,,7.0,-167.93,-1.94,6.29,6.74,0.05,False,False,False,False,False,False,0.035,-0.018,True,False,LOW
333.426,,6.98,-168.23,-2.2,6.3,6.73,-0.03,False,False,False,False,False,False,0.032,-0.016,True,False,LOW
333.45,,6.81,-168.42,-2.09,6.27,6.7,-0.03,False,False,False,False,False,False,0.028,-0.015,True,False,LOW
333.547,,6.98,-168.28,-2.15,6.28,6.68,-0.07,False,False,False,False,False,False,0.027,-0.016,True,False,LOW
333.575,,7.04,-168.39,-2.13,6.3,6.66,-0.07,False,False,False,False,False,False,0.026,-0.016,True,False,LOW
333.766,,7.04,-168.36,-2.11,6.33,6.61,-0.08,False,False,False,False,False,False,0.028,-0.019,True,False,LOW
333.792,,7.11,-168.05,-2.1,6.34,6.65,-0.08,False,False,False,False,False,False,0.028,-0.015,True,False,LOW
333.949,,6.71,-167.39,-1.95,6.19,7.1,0.0,False,False,False,False,False,False,0.032,-0.011,True,False,LOW
333.976,,7.04,-167.79,-2.04,6.21,7.1,0.0,False,False,False,False,False,False,0.031,-0.014,True,False,LOW
334.157,,7.17,-168.31,-2.07,6.36,6.85,-0.02,False,False,False,False,False,False,0.027,-0.014,True,False,LOW
334.183,,6.93,-168.04,-2.03,6.35,6.85,-0.02,False,False,False,False,False,False,0.036,-0.014,True,False,LOW
334.348,,6.78,-166.82,-1.81,6.22,7.5,0.1,False,False,False,False,False,False,0.03,-0.005,True,False,LOW
334.375,,7.07,-167.52,-2.03,6.24,7.49,0.09,False,False,False,False,False,False,0.032,-0.011,True,False,LOW
334.556,,6.9,-167.51,-1.99,6.23,7.45,0.06,False,False,False,False,False,False,0.023,-0.008,True,False,LOW
334.582,,6.89,-167.2,-1.9,6.23,7.49,0.07,False,False,False,False,False,False,0.031,-0.008,True,False,LOW
334.748,,6.67,-167.61,-1.83,6.11,7.4,0.14,False,False,False,False,False,False,0.029,-0.013,True,False,LOW
334.776,,6.86,-168.4,-1.8,6.12,7.27,0.15,False,False,False,False,False,False,0.03,-0.012,True,False,LOW
334.957,,6.76,-168.88,-1.75,6.1,6.61,0.22,False,False,False,False,False,False,0.028,-0.018,True,False,LOW
334.983,,6.85,-169.27,-1.95,6.11,6.47,0.2,False,False,False,False,False,False,0.028,-0.016,True,False,LOW
335.148,,6.64,-169.6,-1.93,6.03,5.87,0.15,False,False,False,False,False,False,0.025,-0.016,True,False,LOW
335.177,,6.82,-169.67,-1.92,6.05,5.77,0.14,False,False,False,False,False,False,0.025,-0.016,True,False,LOW
335.358,,6.94,-169.96,-2.02,6.16,5.34,0.07,False,False,False,False,False,False,0.024,-0.017,True,False,LOW
335.386,,6.99,-168.67,-1.98,6.18,5.47,0.07,False,False,False,False,False,False,0.026,-0.017,True,False,LOW
335.56,,7.11,-169.22,-1.99,6.31,5.6,0.05,False,False,False,False,False,False,0.023,-0.017,True,False,LOW
335.584,,6.93,-169.22,-1.95,6.3,5.61,0.06,False,False,False,False,False,False,0.023,-0.017,True,False,LOW
335.764,,6.89,-169.61,-1.93,6.25,5.46,0.08,False,False,False,False,False,False,0.024,-0.019,True,False,LOW
335.787,,6.87,-169.32,-1.93,6.25,5.48,0.08,False,False,False,False,False,False,0.025,-0.019,True,False,LOW
335.955,,6.9,-169.7,-1.98,6.23,5.35,0.07,False,False,False,False,False,False,0.022,-0.018,True,False,LOW
335.978,,7.02,-169.78,-1.95,6.25,5.32,0.07,False,False,False,False,False,False,0.022,-0.018,True,False,LOW
336.18,,7.17,-169.37,-1.96,6.38,5.46,0.07,False,False,False,False,False,False,0.023,-0.018,True,False,LOW
336.206,,7.06,-169.71,-2.0,6.38,5.42,0.06,False,False,False,False,False,False,0.023,-0.017,True,False,LOW
336.353,,7.14,-169.36,-2.01,6.42,5.49,0.04,False,False,False,False,False,False,0.025,-0.017,True,False,LOW
336.376,,6.89,-169.46,-2.02,6.39,5.49,0.04,False,False,False,False,False,False,0.028,-0.016,True,False,LOW
336.562,,6.86,-169.11,-1.96,6.28,5.67,0.06,False,False,False,False,False,False,0.027,-0.015,True,False,LOW
336.585,,7.04,-169.43,-1.97,6.29,5.65,0.06,False,False,False,False,False,False,0.027,-0.018,True,False,LOW
336.758,,7.1,-169.52,-2.01,6.36,5.52,0.04,False,False,False,False,False,False,0.029,-0.017,True,False,LOW
336.779,,7.01,-169.81,-2.1,6.35,5.47,0.02,False,False,False,False,False,False,0.018,-0.014,True,False,LOW
336.972,,7.18,-169.16,-2.06,6.43,5.64,-0.01,False,False,False,False,False,False,0.024,-0.016,True,False,LOW
336.995,,7.15,-168.22,-1.95,6.44,5.78,0.01,False,False,False,False,False,False,0.022,-0.015,True,False,LOW
337.164,,6.89,-168.53,-2.0,6.32,6.1,0.02,False,False,False,False,False,False,0.021,-0.015,True,False,LOW
337.186,,6.95,-167.37,-2.01,6.31,6.29,0.02,False,False,False,False,False,False,0.029,-0.015,True,False,LOW
337.371,,7.17,-167.41,-1.79,6.41,6.97,0.14,False,False,False,False,False,False,0.051,-0.023,True,False,LOW
337.394,,7.08,-168.8,-1.81,6.41,6.87,0.15,False,False,False,False,False,False,0.054,-0.023,True,False,LOW
337.562,,7.08,-169.42,-1.79,6.4,6.16,0.2,False,False,False,False,False,False,0.055,-0.024,True,False,LOW
337.585,,7.2,-169.24,-1.83,6.42,6.1,0.2,False,False,False,False,False,False,0.056,-0.027,True,False,LOW
337.769,,8.56,-166.96,-1.83,7.21,7.11,0.2,False,False,False,False,False,False,0.025,0.006,True,False,LOW
337.791,,10.5,-165.53,-1.68,7.57,7.42,0.22,False,False,False,False,True,True,0.014,0.037,True,False,LOW
337.952,,10.46,-163.25,-1.56,8.74,9.71,0.34,False,False,False,False,True,True,-0.006,0.039,True,False,LOW
337.975,,10.33,-163.5,-1.61,8.87,9.96,0.35,False,False,False,False,True,True,-0.006,0.043,True,False,LOW
338.179,,10.45,-164.5,-1.79,9.39,10.23,0.29,False,True,False,False,True,True,0.007,0.04,True,False,LOW
338.201,,8.49,-165.92,-2.19,9.2,10.08,0.23,False,True,False,False,False,True,0.021,0.043,False,False,LOW
338.35,,4.81,-166.79,-1.83,6.61,9.13,0.22,False,False,False,False,False,False,0.051,-0.025,True,False,LOW
338.375,,4.15,-168.69,-1.79,6.11,8.69,0.22,False,False,False,False,False,False,0.053,-0.029,True,False,LOW
338.563,,3.58,-169.21,-1.59,4.25,7.0,0.34,False,False,False,False,False,False,0.065,-0.03,True,False,LOW
338.585,,3.31,-168.57,-1.37,4.01,6.91,0.38,False,False,False,False,False,False,0.057,-0.029,True,False,LOW
338.753,,2.5,-168.15,-1.57,2.82,6.84,0.42,False,False,False,False,False,False,0.055,-0.028,True,False,LOW
338.775,,2.44,-167.73,-1.54,2.66,6.89,0.43,False,False,False,False,False,False,0.05,-0.029,True,False,LOW
338.968,,2.78,-168.07,-1.37,2.34,6.87,0.56,False,False,False,False,False,False,0.05,-0.032,True,False,LOW
338.991,,2.21,-167.92,-1.67,2.23,6.89,0.53,False,False,False,False,False,False,0.062,-0.024,True,False,LOW
339.165,,2.14,-168.23,-1.47,1.82,6.79,0.55,False,False,False,False,False,False,0.053,-0.031,True,False,LOW
339.189,,1.4,-167.73,-1.4,1.66,6.84,0.56,False,False,False,False,False,False,0.06,-0.033,True,False,LOW
339.374,,1.71,-167.38,-1.32,1.31,7.23,0.64,False,False,False,False,False,False,0.063,-0.028,True,False,LOW
339.397,,2.02,-167.84,-1.23,1.32,7.21,0.66,False,False,False,False,False,False,0.062,-0.03,True,False,LOW
339.572,,2.23,-168.07,-1.17,1.44,7.03,0.77,False,False,False,False,False,False,0.065,-0.03,True,False,LOW
339.596,,2.6,-167.49,-1.32,1.5,7.08,0.76,False,False,False,False,False,False,0.059,-0.027,True,False,LOW
339.772,,2.57,-167.75,-1.4,1.71,7.13,0.69,False,False,False,False,False,False,0.054,-0.028,True,False,LOW
339.795,,2.05,-166.84,-1.41,1.66,7.26,0.68,False,False,False,False,False,False,0.053,-0.025,True,False,LOW
339.964,,3.01,-166.72,-1.48,2.01,7.76,0.61,False,False,False,False,False,False,0.032,-0.016,True,False,LOW
339.989,,3.72,-167.12,-1.63,2.15,7.77,0.58,False,False,False,False,False,False,0.031,-0.015,True,False,LOW
340.157,,3.57,-167.42,-1.37,2.54,7.63,0.62,False,False,False,False,False,False,0.03,-0.011,True,False,LOW
340.182,,4.1,-167.6,-1.61,2.67,7.59,0.6,False,False,False,False,False,False,0.029,-0.011,True,False,LOW
340.349,,3.48,-167.78,-1.26,2.74,7.36,0.68,False,False,False,False,False,False,0.063,-0.028,True,False,LOW
340.375,,2.88,-167.74,-1.24,2.66,7.34,0.7,False,False,False,False,False,False,0.06,-0.027,True,False,LOW
340.559,,2.89,-167.47,-1.14,2.42,7.4,0.8,False,False,False,False,False,False,0.059,-0.028,True,False,LOW
340.582,,3.53,-168.16,-1.15,2.47,7.32,0.81,False,False,False,False,False,False,0.062,-0.029,True,False,LOW
340.748,,4.41,-168.34,-1.19,3.13,6.94,0.83,False,False,False,False,False,False,0.065,-0.028,True,False,LOW
340.776,,5.37,-167.96,-1.43,3.38,6.95,0.79,False,False,False,False,False,False,0.025,-0.013,True,False,LOW
340.956,,5.27,-168.32,-1.53,4.04,6.77,0.64,False,False,False,False,False,False,-0.014,-0.005,True,False,LOW
340.982,,5.09,-167.99,-1.52,4.09,6.79,0.62,False,False,False,False,False,False,-0.013,-0.006,True,False,LOW
341.15,,4.5,-167.65,-1.45,3.95,7.04,0.6,False,False,False,False,False,False,0.005,-0.007,True,False,LOW
341.18,,4.84,-168.14,-1.37,3.99,7.0,0.61,False,False,False,False,False,False,0.029,-0.008,True,False,LOW
341.355,,4.92,-168.0,-1.31,4.12,6.96,0.67,False,False,False,False,False,False,0.03,-0.01,True,False,LOW
341.384,,4.58,-168.23,-1.27,4.09,6.92,0.68,False,False,False,False,False,False,0.014,-0.006,True,False,LOW
341.553,,4.53,-167.45,-1.45,3.96,7.21,0.63,False,False,False,False,False,False,-0.012,-0.002,True,False,LOW
341.575,,4.48,-167.22,-1.38,3.94,7.27,0.63,False,False,False,False,False,False,0.038,-0.011,True,False,LOW
341.76,,4.78,-167.25,-1.32,4.03,7.49,0.67,False,False,False,False,False,False,0.039,-0.012,True,False,LOW
341.782,,4.92,-167.37,-1.27,4.05,7.5,0.68,False,False,False,False,False,False,0.038,-0.012,True,False,LOW
341.953,,5.09,-167.57,-1.23,4.24,7.43,0.74,False,False,False,False,False,False,0.038,-0.013,True,False,LOW
341.976,,5.08,-167.34,-1.32,4.26,7.45,0.74,False,False,False,False,False,False,0.039,-0.013,True,False,LOW
342.167,,5.33,-167.62,-1.33,4.47,7.37,0.72,False,False,False,False,False,False,0.028,-0.013,True,False,LOW
342.191,,4.96,-167.59,-1.31,4.45,7.37,0.72,False,False,False,False,False,False,0.024,-0.013,True,False,LOW
342.355,,4.98,-167.26,-1.39,4.37,7.52,0.68,False,False,False,False,False,False,0.026,-0.012,True,False,LOW
342.379,,5.05,-167.29,-1.32,4.37,7.54,0.68,False,False,False,False,False,False,0.028,-0.014,True,False,LOW
342.561,,5.27,-167.18,-1.28,4.49,7.65,0.72,False,False,False,False,False,False,0.027,-0.014,True,False,LOW
342.583,,5.1,-167.49,-1.34,4.48,7.63,0.72,False,False,False,False,False,False,0.028,-0.016,True,False,LOW
342.776,,5.25,-167.16,-1.36,4.53,7.7,0.69,False,False,False,False,False,False,0.027,-0.013,True,False,LOW
342.802,,5.14,-167.31,-1.38,4.52,7.69,0.68,False,False,False,False,False,False,0.026,-0.013,True,False,LOW
342.978,,4.91,-167.45,-1.37,4.37,7.58,0.67,False,False,False,False,False,False,0.036,-0.014,True,False,LOW
343.002,,4.67,-166.94,-1.37,4.32,7.64,0.67,False,False,False,False,False,False,0.033,-0.011,True,False,LOW
343.164,,4.83,-166.23,-1.4,4.23,8.18,0.65,False,False,False,False,False,False,0.03,-0.009,True,False,LOW
343.188,,4.26,-167.38,-1.51,4.14,8.1,0.63,False,False,False,False,False,False,0.032,-0.011,True,False,LOW
343.357,,4.76,-166.88,-1.5,4.11,8.07,0.58,False,False,False,False,False,False,0.033,-0.011,True,False,LOW
343.384,,4.76,-166.71,-1.73,4.11,8.09,0.54,False,False,False,False,False,False,0.032,-0.01,True,False,LOW
343.55,,4.82,-167.11,-1.82,4.12,7.95,0.37,False,False,False,False,False,False,0.027,-0.01,True,False,LOW
343.575,,4.98,-166.06,-1.77,4.15,8.08,0.35,False,False,False,False,False,False,0.03,-0.013,True,False,LOW
343.778,,5.21,-166.38,-1.78,4.36,8.35,0.3,False,False,False,False,False,False,0.028,-0.012,True,False,LOW
343.801,,4.9,-166.32,-1.8,4.34,8.38,0.29,False,False,False,False,False,False,0.028,-0.011,True,False,LOW
343.968,,5.11,-165.98,-1.77,4.39,8.68,0.27,False,False,False,False,False,False,0.035,-0.013,True,False,LOW
343.992,,4.76,-166.0,-1.56,4.35,8.71,0.3,False,False,False,False,False,False,0.066,-0.026,True,False,LOW
344.156,,4.87,-166.13,-1.66,4.27,8.76,0.34,False,False,False,False,False,False,0.063,-0.028,True,False,LOW
344.184,,4.7,-166.45,-1.69,4.23,8.71,0.34,False,False,False,False,False,False,0.066,-0.028,True,False,LOW
344.365,,4.74,-165.97,-1.77,4.14,8.85,0.3,False,False,False,False,False,False,0.03,-0.012,True,False,LOW
344.393,,5.15,-166.0,-1.69,4.19,8.86,0.3,False,False,False,False,False,False,0.032,-0.014,True,False,LOW
344.547,,5.52,-166.09,-1.74,4.51,8.85,0.3,False,False,False,False,False,False,0.027,-0.015,True,False,LOW
344.582,,5.62,-166.79,-1.77,4.59,8.72,0.29,False,False,False,False,False,False,0.029,-0.016,True,False,LOW
344.751,,5.19,-166.76,-1.98,4.55,8.43,0.17,False,False,False,False,False,False,0.026,-0.013,True,False,LOW
344.776,,4.47,-165.93,-2.02,4.44,8.51,0.14,False,False,False,False,False,False,0.03,-0.013,True,False,LOW
344.948,,4.88,-166.27,-1.96,4.32,8.59,0.11,False,False,False,False,False,False,0.029,-0.009,True,False,LOW
344.982,,5.01,-165.98,-1.96,4.32,8.65,0.1,False,False,False,False,False,False,0.028,-0.011,True,False,LOW
345.16,,4.75,-167.22,-1.97,4.19,8.15,0.08,False,False,False,False,False,False,0.028,-0.012,True,False,LOW
345.187,,4.6,-167.0,-1.98,4.15,8.12,0.07,False,False,False,False,False,False,0.032,-0.009,True,False,LOW
345.351,,4.93,-165.93,-1.89,4.2,8.57,0.11,False,False,False,False,False,False,0.028,-0.01,True,False,LOW
345.388,,4.87,-166.79,-1.92,4.2,8.49,0.11,False,False,False,False,False,False,0.027,-0.013,True,False,LOW
345.563,,4.75,-166.84,-2.1,4.13,8.28,0.01,False,False,False,False,False,False,0.024,-0.013,True,False,LOW
345.589,,5.06,-166.3,-2.08,4.17,8.33,0.01,False,False,False,False,False,False,0.026,-0.012,True,False,LOW
345.749,,5.13,-166.06,-2.03,4.31,8.6,0.0,False,False,False,False,False,False,0.024,-0.011,True,False,LOW
345.781,,5.28,-165.3,-1.9,4.36,8.78,0.02,False,False,False,False,False,False,0.026,-0.012,True,False,LOW
345.949,,5.25,-165.64,-1.9,4.47,9.05,0.08,False,False,False,False,False,False,0.026,-0.013,True,False,LOW
345.976,,5.01,-166.1,-1.97,4.45,9.01,0.08,False,False,False,False,False,False,0.021,-0.011,True,False,LOW
346.14,,4.67,-166.83,-1.99,4.21,8.55,0.06,False,False,False,False,False,False,0.022,-0.013,True,False,LOW
346.182,,4.39,-166.37,-1.98,4.11,8.55,0.06,False,False,False,False,False,False,0.019,-0.01,True,False,LOW
346.349,,4.78,-165.22,-1.93,4.1,9.15,0.08,False,False,False,False,False,False,0.04,-0.008,True,False,LOW
346.376,,4.45,-165.48,-1.95,4.05,9.2,0.08,False,False,False,False,False,False,0.032,-0.012,True,False,LOW
346.556,,4.26,-165.77,-1.77,3.8,9.18,0.18,False,False,False,False,False,False,0.067,-0.026,True,False,LOW
346.584,,3.94,-166.42,-1.75,3.72,9.08,0.19,False,False,False,False,False,False,0.07,-0.03,True,False,LOW
346.764,,4.08,-165.37,-1.65,3.55,9.33,0.29,False,False,False,False,False,False,0.065,-0.021,True,False,LOW
346.787,,5.29,-165.76,-1.26,3.68,9.31,0.35,False,False,False,False,False,False,0.061,-0.029,True,False,LOW
346.954,,4.91,-166.48,-1.39,3.97,8.87,0.5,False,False,False,False,False,False,0.064,-0.028,True,False,LOW
346.983,,5.47,-165.19,-1.42,4.1,9.0,0.52,False,False,False,False,False,False,0.064,-0.027,True,False,LOW
347.159,,4.93,-166.6,-1.56,4.18,8.65,0.49,False,False,False,False,False,False,0.06,-0.025,True,False,LOW
347.182,,4.96,-166.3,-1.64,4.19,8.65,0.48,False,False,False,False,False,False,0.069,-0.023,True,False,LOW
347.355,,4.3,-165.36,-1.54,3.89,9.13,0.49,False,False,False,False,False,False,0.073,-0.026,True,False,LOW
347.385,,4.6,-166.15,-1.54,3.9,9.07,0.49,False,False,False,False,False,False,0.074,-0.027,True,False,LOW
347.566,,4.73,-165.84,-1.26,3.98,9.08,0.64,False,False,False,False,False,False,0.071,-0.029,True,False,LOW
347.588,,4.99,-166.37,-1.36,4.02,9.02,0.64,False,False,False,False,False,False,0.069,-0.031,True,False,LOW
347.748,,4.7,-166.56,-1.56,4.02,8.69,0.56,False,False,False,False,False,False,0.075,-0.03,True,False,LOW
347.781,,4.4,-167.84,-1.55,3.97,8.4,0.54,False,False,False,False,False,False,0.074,-0.028,True,False,LOW
347.95,,5.19,-165.95,-1.74,4.25,8.7,0.41,False,False,False,False,False,False,0.069,-0.025,True,False,LOW
347.975,,4.69,-165.44,-1.63,4.22,8.81,0.41,False,False,False,False,False,False,0.063,-0.024,True,False,LOW
348.146,,5.65,-166.07,-1.41,4.61,8.84,0.52,False,False,False,False,False,False,0.069,-0.031,True,False,LOW
348.181,,5.94,-166.3,-1.61,4.73,8.8,0.5,False,False,False,False,False,False,0.072,-0.033,True,False,LOW
348.365,,6.23,-166.9,-1.85,5.18,8.38,0.33,False,False,False,False,False,False,0.041,-0.017,True,False,LOW
348.387,,5.75,-166.29,-1.93,5.16,8.41,0.3,False,False,False,False,False,False,0.03,-0.014,True,False,LOW
348.555,,5.18,-166.22,-1.93,4.82,8.57,0.2,False,False,False,False,False,False,0.029,-0.012,True,False,LOW
348.583,,5.22,-166.58,-1.95,4.78,8.53,0.18,False,False,False,False,False,False,0.029,-0.009,True,False,LOW
348.754,,4.79,-166.47,-1.88,4.43,8.5,0.16,False,False,False,False,False,False,0.028,-0.01,True,False,LOW
348.779,,4.63,-166.8,-1.89,4.36,8.45,0.16,False,False,False,False,False,False,0.028,-0.012,True,False,LOW
348.958,,4.25,-166.41,-1.72,3.94,8.48,0.24,False,False,False,False,False,False,0.036,-0.007,True,False,LOW
348.982,,4.56,-166.24,-1.71,3.93,8.51,0.25,False,False,False,False,False,False,0.031,-0.011,True,False,LOW
349.163,,4.8,-166.25,-1.61,4.03,8.6,0.34,False,False,False,False,False,False,0.031,-0.011,True,False,LOW
349.186,,4.95,-165.77,-1.81,4.06,8.67,0.33,False,False,False,False,False,False,0.036,-0.012,True,False,LOW
349.345,,4.61,-165.86,-1.68,4.0,8.87,0.34,False,False,False,False,False,False,0.033,-0.011,True,False,LOW
349.384,,5.03,-166.01,-1.71,4.07,8.88,0.33,False,False,False,False,False,False,0.034,-0.01,True,False,LOW
349.797,,4.7,-166.34,-1.64,4.03,8.67,0.37,False,False,False,False,False,False,0.036,-0.009,True,False,LOW
349.825,,4.7,-166.24,-1.75,4.03,8.67,0.36,False,False,False,False,False,False,0.042,-0.01,True,False,LOW
349.964,,4.59,-166.22,-1.8,3.97,8.69,0.3,False,False,False,False,False,False,0.025,-0.008,True,False,LOW
349.993,,4.7,-167.1,-1.99,3.98,8.55,0.26,False,False,False,False,False,False,0.029,-0.014,True,False,LOW
350.121,,4.46,-167.28,-1.84,3.89,8.14,0.23,False,False,False,False,False,False,0.029,-0.014,True,False,LOW
350.148,,4.28,-167.09,-1.87,3.85,8.1,0.22,False,False,False,False,False,False,0.019,-0.006,True,False,LOW
350.26,,4.02,-166.2,-1.71,3.64,8.36,0.26,False,False,False,False,False,False,0.025,-0.009,True,False,LOW
350.286,,5.19,-166.57,-1.91,3.76,8.36,0.24,False,False,False,False,False,False,0.027,-0.015,True,False,LOW
350.398,,5.58,-167.88,-1.65,4.24,7.81,0.3,False,False,False,False,False,False,0.033,-0.017,True,False,LOW
350.425,,5.44,-167.62,-1.79,4.32,7.73,0.29,False,False,False,False,False,False,0.037,-0.014,True,False,LOW
350.552,,5.42,-168.23,-1.78,4.51,7.26,0.27,False,False,False,False,False,False,0.034,-0.016,True,False,LOW
350.589,,5.09,-168.42,-2.03,4.49,7.11,0.22,False,False,False,False,False,False,0.03,0.0,True,False,LOW
350.771,,5.47,-168.57,-2.09,4.65,6.7,0.07,False,False,False,False,False,False,0.026,-0.015,True,False,LOW
350.801,,5.46,-168.15,-1.89,4.67,6.71,0.08,False,False,False,False,False,False,0.028,-0.019,True,False,LOW
350.952,,6.01,-169.13,-1.82,5.0,6.26,0.14,False,False,False,False,False,False,0.025,-0.02,True,False,LOW
350.982,,5.91,-168.58,-1.85,5.04,6.27,0.15,False,False,False,False,False,False,0.028,-0.021,True,False,LOW
351.171,,5.36,-168.13,-1.87,4.84,6.56,0.16,False,False,False,False,False,False,0.029,-0.016,True,False,LOW
351.196,,5.56,-167.76,-2.06,4.85,6.64,0.13,False,False,False,False,False,False,0.03,-0.014,True,False,LOW
351.352,,4.04,-167.04,-1.84,4.1,7.27,0.16,False,False,False,False,False,False,0.025,-0.011,True,False,LOW
351.381,,3.82,-167.14,-1.88,3.94,7.36,0.16,False,False,False,False,False,False,0.026,-0.018,True,False,LOW
351.564,,4.44,-167.22,-1.9,3.84,7.55,0.14,False,False,False,False,False,False,0.031,-0.02,True,False,LOW
351.588,,4.08,-167.27,-1.97,3.78,7.56,0.13,False,False,False,False,False,False,0.029,-0.018,True,False,LOW
351.738,,3.62,-167.22,-2.01,3.37,7.63,0.08,False,False,False,False,False,False,0.03,-0.01,True,False,LOW
351.782,,3.73,-167.39,-2.05,3.29,7.61,0.06,False,False,False,False,False,False,0.032,-0.011,True,False,LOW
351.96,,3.72,-167.01,-2.03,3.16,7.78,0.03,False,False,False,False,False,False,0.034,-0.011,True,False,LOW
351.982,,3.85,-166.73,-1.97,3.16,7.83,0.03,False,False,False,False,False,False,0.037,-0.014,True,False,LOW
352.147,,3.55,-166.66,-2.04,3.01,8.06,0.01,False,False,False,False,False,False,0.034,-0.014,True,False,LOW
352.183,,3.8,-166.3,-1.85,3.03,8.17,0.04,False,False,False,False,False,False,0.029,-0.016,True,False,LOW
352.354,,3.79,-165.65,-1.93,3.07,8.75,0.07,False,False,False,False,False,False,0.024,-0.012,True,False,LOW
352.376,,4.25,-166.07,-1.84,3.13,8.77,0.09,False,False,False,False,False,False,0.029,-0.017,True,False,LOW
352.556,,4.17,-166.15,-1.9,3.32,8.77,0.11,False,False,False,False,False,False,0.031,-0.015,True,False,LOW
352.582,,4.2,-165.96,-1.97,3.35,8.8,0.1,False,False,False,False,False,False,0.025,-0.013,True,False,LOW
352.76,,4.0,-165.95,-2.07,3.33,8.9,0.03,False,False,False,False,False,False,0.028,-0.017,True,False,LOW
352.788,,3.94,-166.19,-2.11,3.32,8.87,0.01,False,False,False,False,False,False,0.021,-0.011,True,False,LOW
352.956,,3.42,-165.95,-2.13,3.02,8.93,-0.05,False,False,False,False,False,False,0.026,-0.01,True,False,LOW
352.983,,2.93,-166.28,-2.2,2.91,8.89,-0.06,False,False,False,False,False,False,0.028,-0.011,True,False,LOW
353.179,,2.79,-166.67,-2.19,2.46,8.54,-0.12,False,False,False,False,False,False,0.024,-0.014,True,False,LOW
353.202,,2.93,-166.78,-2.23,2.43,8.49,-0.13,False,False,False,False,False,False,0.028,-0.014,True,False,LOW
353.351,,2.77,-166.84,-2.21,2.26,8.29,-0.15,False,False,False,False,False,False,0.024,-0.012,True,False,LOW
353.385,,2.72,-166.57,-2.15,2.22,8.3,-0.15,False,False,False,False,False,False,0.029,-0.012,True,False,LOW
353.574,,2.48,-166.62,-2.17,1.99,8.31,-0.14,False,False,False,False,False,False,0.024,-0.012,True,False,LOW
353.597,,2.51,-166.92,-2.22,1.97,8.27,-0.15,False,False,False,False,False,False,0.022,-0.012,True,False,LOW
353.772,,2.42,-167.1,-2.25,1.85,8.04,-0.19,False,False,False,False,False,False,0.023,-0.009,True,False,LOW
353.795,,2.4,-166.97,-2.06,1.83,8.03,-0.17,False,False,False,False,False,False,0.024,-0.016,True,False,LOW
353.949,,2.67,-166.27,-1.97,1.91,8.34,-0.05,False,False,False,False,False,False,0.025,-0.013,True,False,LOW
353.976,,2.9,-167.63,-1.96,1.96,8.18,-0.04,False,False,False,False,False,False,0.022,-0.012,True,False,LOW
354.151,,2.57,-166.53,-2.0,1.92,8.3,-0.0,False,False,False,False,False,False,0.02,-0.011,True,False,LOW
354.175,,3.39,-167.71,-2.07,2.03,8.15,-0.01,False,False,False,False,False,False,0.023,-0.013,True,False,LOW
354.37,,3.01,-167.45,-2.01,2.2,7.78,0.01,False,False,False,False,False,False,0.024,-0.014,True,False,LOW
354.393,,2.69,-166.03,-2.26,2.17,7.92,-0.02,False,False,False,False,False,False,-0.002,-0.013,True,False,LOW
354.544,,3.53,-166.5,-2.43,2.51,8.17,-0.21,False,False,False,False,False,False,-0.02,-0.011,True,False,LOW
354.568,,3.06,-166.84,-2.14,2.49,8.16,-0.19,False,False,False,False,False,False,-0.003,-0.015,True,False,LOW
354.754,,2.85,-166.03,-2.24,2.32,8.56,-0.2,False,False,False,False,False,False,0.025,-0.005,True,False,LOW
354.776,,3.16,-166.63,-2.27,2.34,8.53,-0.21,False,False,False,False,False,False,0.029,-0.008,True,False,LOW
354.959,,3.12,-166.87,-2.24,2.39,8.28,-0.21,False,False,False,False,False,False,0.03,-0.012,True,False,LOW
354.982,,3.31,-166.02,-2.11,2.42,8.36,-0.19,False,False,False,False,False,False,0.026,-0.012,True,False,LOW
355.151,,3.38,-166.92,-2.14,2.57,8.18,-0.15,False,False,False,False,False,False,0.034,-0.01,True,False,LOW
355.174,,3.95,-166.57,-2.14,2.66,8.2,-0.14,False,False,False,False,False,False,0.021,0.043,False,False,LOW
355.356,,3.13,-165.91,-2.19,2.55,8.64,-0.15,False,False,False,False,False,False,0.015,-0.008,True,False,LOW
355.38,,3.56,-166.34,-2.21,2.59,8.64,-0.16,False,False,False,False,False,False,0.018,-0.013,True,False,LOW
355.549,,3.69,-167.4,-2.05,2.81,8.06,-0.09,False,False,False,False,False,False,0.028,-0.013,True,False,LOW
355.575,,3.82,-167.46,-2.08,2.86,7.98,-0.08,False,False,False,False,False,False,0.03,-0.012,True,False,LOW
355.752,,3.48,-166.63,-2.18,2.83,8.15,-0.12,False,False,False,False,False,False,0.032,-0.012,True,False,LOW
355.782,,3.56,-166.71,-2.05,2.84,8.16,-0.1,False,False,False,False,False,False,0.03,-0.013,True,False,LOW
355.949,,3.13,-166.74,-2.13,2.64,8.17,-0.1,False,False,False,False,False,False,0.026,-0.012,True,False,LOW
355.98,,3.72,-166.06,-2.1,2.7,8.29,-0.1,False,False,False,False,False,False,0.026,-0.012,True,False,LOW
356.139,,3.66,-167.06,-2.06,2.84,8.08,-0.06,False,False,False,False,False,False,0.026,-0.011,True,False,LOW
356.166,,3.94,-167.15,-2.12,2.9,8.04,-0.07,False,False,False,False,False,False,0.019,-0.018,True,False,LOW
356.344,,4.74,-166.54,-2.11,3.52,8.22,-0.07,False,False,False,False,False,False,0.024,-0.017,True,False,LOW
356.377,,3.92,-167.48,-2.02,3.47,8.08,-0.06,False,False,False,False,False,False,0.024,-0.018,True,False,LOW
356.538,,4.08,-166.8,-2.05,3.44,8.11,-0.04,False,False,False,False,False,False,0.011,-0.027,True,False,LOW
356.568,,3.77,-167.05,-1.96,3.38,8.07,-0.02,False,False,False,False,False,False,-0.004,-0.02,True,False,LOW
356.748,,4.1,-166.67,-2.15,3.4,8.17,-0.07,False,False,False,False,False,False,-0.015,-0.005,True,False,LOW
356.776,,4.29,-167.2,-2.01,3.43,8.1,-0.06,False,False,False,False,False,False,-0.011,-0.01,True,False,LOW
356.938,,4.4,-167.18,-2.15,3.58,7.92,-0.09,False,False,False,False,False,False,-0.005,-0.007,True,False,LOW
356.967,,3.98,-167.51,-2.05,3.53,7.84,-0.08,False,False,False,False,False,False,-0.004,-0.008,True,False,LOW
357.147,,4.07,-167.33,-2.07,3.46,7.71,-0.06,False,False,False,False,False,False,-0.007,-0.009,True,False,LOW
357.174,,3.54,-167.42,-1.97,3.37,7.68,-0.04,False,False,False,False,False,False,-0.002,-0.006,True,False,LOW
357.343,,3.7,-166.6,-1.91,3.19,8.02,0.04,False,False,False,False,False,False,0.051,-0.025,True,False,LOW
357.365,,3.76,-167.13,-1.77,3.17,7.99,0.07,False,False,False,False,False,False,0.05,-0.029,True,False,LOW
357.551,,4.64,-166.59,-1.66,3.6,8.18,0.23,False,False,False,False,False,False,-0.018,-0.021,True,False,LOW
357.574,,6.86,-168.0,-1.1,3.95,8.01,0.32,False,False,False,False,False,False,-0.012,-0.025,True,False,LOW
357.745,,6.81,-167.36,-0.68,5.13,7.78,0.87,False,False,False,False,False,False,-0.009,-0.024,True,False,LOW
357.769,,6.17,-167.97,-1.01,5.18,7.67,0.89,False,False,False,False,False,False,-0.017,-0.026,True,False,LOW
357.951,,5.5,-168.54,-0.64,4.99,6.97,1.16,False,False,False,False,False,False,-0.013,-0.023,True,False,LOW
357.974,,4.12,-166.58,-0.65,4.79,7.14,1.19,False,False,False,False,False,False,-0.007,-0.023,True,False,LOW
358.142,,5.03,-166.96,-0.56,4.56,7.57,1.33,False,False,False,False,False,False,-0.012,-0.025,True,False,LOW
358.166,,6.4,-168.24,-0.61,4.72,7.46,1.35,False,False,False,False,False,False,-0.015,-0.019,True,False,LOW
358.353,,5.94,-168.3,-0.45,5.01,7.0,1.47,False,False,False,False,False,False,-0.011,-0.02,True,False,LOW
358.375,,6.19,-167.61,-0.74,5.07,7.04,1.45,False,False,False,False,False,False,-0.01,-0.021,True,False,LOW
358.546,,6.57,-167.08,-0.29,5.5,7.46,1.6,False,False,False,False,False,False,0.005,-0.022,True,False,LOW
358.568,,7.53,-166.25,-0.09,5.68,7.62,1.64,False,False,False,False,False,False,0.016,-0.023,True,False,LOW
358.751,,4.83,-167.05,0.02,4.86,7.76,1.86,False,False,False,False,False,False,0.059,-0.003,True,False,LOW
358.773,,-1.29,-165.59,-1.07,3.85,7.97,1.75,False,False,False,False,False,False,0.053,-0.0,True,False,LOW
358.947,,-2.49,-165.22,-1.48,-0.23,8.91,1.11,False,False,False,False,False,False,0.052,-0.001,True,False,LOW
358.972,,-0.51,-165.13,-1.13,-0.39,9.04,1.08,False,False,False,False,False,False,0.059,-0.007,True,False,LOW
359.154,,1.68,-164.48,-0.89,0.38,9.82,1.11,False,False,False,False,False,False,0.005,-0.019,True,False,LOW
359.179,,1.68,-165.27,-0.63,0.47,9.8,1.15,False,False,False,False,False,False,0.008,-0.016,True,False,LOW
359.346,,2.94,-165.63,-0.51,1.39,9.54,1.34,False,False,False,False,False,False,0.009,-0.02,True,False,LOW
359.368,,2.93,-166.33,-0.57,1.5,9.42,1.36,False,False,False,False,False,False,0.013,-0.021,True,False,LOW
359.553,,3.33,-165.2,-0.68,2.13,9.59,1.35,False,False,False,False,False,False,0.012,-0.021,True,False,LOW
359.576,,3.21,-166.02,-0.43,2.18,9.5,1.38,False,False,False,False,False,False,0.009,-0.03,True,False,LOW
359.749,,3.72,-166.11,-0.39,2.64,9.14,1.52,False,False,False,False,False,False,0.013,-0.024,True,False,LOW
359.771,,4.57,-166.24,-0.37,2.8,9.08,1.54,False,False,False,False,False,False,0.014,-0.028,True,False,LOW
359.955,,4.46,-167.16,-0.44,3.34,8.36,1.56,False,False,False,False,False,False,0.015,-0.025,True,False,LOW
359.978,,5.07,-167.52,-0.5,3.48,8.24,1.56,False,False,False,False,False,False,0.014,-0.028,True,False,LOW
360.15,,4.97,-167.34,-0.58,3.91,7.89,1.5,False,False,False,False,False,False,0.014,-0.026,True,False,LOW
360.173,,4.99,-167.56,-0.49,3.97,7.82,1.51,False,False,False,False,False,False,0.016,-0.026,True,False,LOW
360.355,,4.76,-166.92,-0.51,4.03,7.92,1.51,False,False,False,False,False,False,-0.029,0.006,True,False,LOW
360.376,,4.77,-168.23,-0.42,4.04,7.77,1.53,False,False,False,False,False,False,0.015,-0.021,True,False,LOW
360.548,,4.57,-167.87,-0.39,3.96,7.39,1.59,False,False,False,False,False,False,0.001,-0.017,True,False,LOW
360.571,,3.96,-167.29,-0.4,3.87,7.43,1.59,False,False,False,False,False,False,-0.002,-0.013,True,False,LOW
360.757,,4.45,-167.13,-0.34,3.82,7.63,1.64,False,False,False,False,False,False,-0.01,-0.011,True,False,LOW
360.781,,4.53,-167.05,-0.33,3.82,7.66,1.65,False,False,False,False,False,False,-0.006,-0.012,True,False,LOW
360.965,,5.38,-167.68,-0.36,4.3,7.44,1.66,False,False,False,False,False,False,-0.015,-0.015,True,False,LOW
360.989,,5.54,-168.82,-0.49,4.37,7.26,1.65,False,False,False,False,False,False,-0.012,-0.008,True,False,LOW
361.169,,5.13,-168.2,-0.74,4.41,6.97,1.46,False,False,False,False,False,False,-0.019,-0.009,True,False,LOW
361.191,,5.15,-168.05,-0.95,4.42,6.96,1.41,False,False,False,False,False,False,-0.018,-0.007,True,False,LOW
361.359,,6.07,-167.64,-0.85,4.93,7.13,1.29,False,False,False,False,False,False,-0.017,-0.014,True,False,LOW
361.381,,6.49,-169.11,-0.84,5.04,6.96,1.28,False,False,False,False,False,False,-0.015,-0.013,True,False,LOW
361.563,,6.61,-168.44,-0.98,5.52,6.71,1.16,False,False,False,False,False,False,-0.011,-0.015,True,False,LOW
361.586,,6.82,-169.11,-1.1,5.61,6.59,1.13,False,False,False,False,False,False,-0.013,-0.014,True,False,LOW
361.758,,6.63,-168.22,-1.09,5.79,6.65,1.03,False,False,False,False,False,False,-0.016,-0.013,True,False,LOW
361.782,,6.46,-168.33,-1.23,5.79,6.65,1.0,False,False,False,False,False,False,-0.016,-0.012,True,False,LOW
361.951,,6.84,-168.16,-0.91,5.98,6.71,1.06,False,False,False,False,False,False,-0.014,-0.011,True,False,LOW
361.974,,5.87,-168.49,-0.92,5.88,6.68,1.07,False,False,False,False,False,False,-0.017,-0.016,True,False,LOW
362.145,,6.05,-167.27,-0.95,5.61,7.19,1.07,False,False,False,False,False,False,-0.01,-0.014,True,False,LOW
362.167,,6.38,-169.88,-1.0,5.62,6.92,1.07,False,False,False,False,False,False,-0.018,-0.01,True,False,LOW
362.352,,7.59,-168.14,-1.09,6.32,6.85,1.0,False,False,False,False,False,False,-0.028,-0.014,True,False,LOW
362.375,,9.26,-168.64,-1.2,6.63,6.77,0.98,False,False,False,False,False,False,-0.019,-0.013,True,False,LOW
362.545,,8.0,-168.8,-1.82,7.0,6.43,0.58,False,False,False,False,False,False,-0.022,-0.013,True,False,LOW
362.568,,7.3,-168.53,-1.9,6.95,6.43,0.52,False,False,False,False,False,False,-0.025,-0.008,True,False,LOW
362.755,,5.5,-168.29,-1.96,5.79,6.54,0.27,False,False,False,False,False,False,-0.025,-0.008,True,False,LOW
362.778,,6.73,-170.28,-1.69,5.82,6.29,0.28,False,False,False,False,False,False,-0.033,-0.004,True,False,LOW
362.945,,7.23,-169.96,-1.29,6.2,5.59,0.52,False,False,False,False,False,False,-0.037,-0.004,True,False,LOW
362.968,,6.22,-169.49,-1.13,6.11,5.57,0.57,False,False,False,False,False,False,-0.039,-0.004,True,False,LOW
363.153,,5.18,-170.47,-1.17,5.23,4.96,0.72,False,False,False,False,False,False,-0.035,-0.007,True,False,LOW
363.175,,4.65,-171.77,-1.6,5.07,4.72,0.69,False,False,False,False,False,False,-0.037,-0.004,True,False,LOW
363.347,,4.41,-171.76,-1.51,4.35,3.88,0.6,False,False,False,False,False,False,-0.026,-0.003,True,False,LOW
363.375,,5.55,-173.23,-1.83,4.43,3.51,0.54,False,False,False,False,False,False,-0.026,-0.004,True,False,LOW
363.553,,6.34,-172.36,-2.44,5.08,2.99,0.03,False,False,False,False,False,False,-0.02,-0.011,True,False,LOW
363.576,,7.47,-173.22,-2.33,5.3,2.82,-0.01,False,False,False,False,False,False,-0.028,-0.002,True,False,LOW
363.749,,7.19,-174.37,-2.09,5.95,1.58,-0.04,False,False,False,False,False,False,-0.028,0.0,True,False,LOW
363.771,,6.58,-176.15,-2.24,5.94,1.18,-0.06,False,False,False,False,False,False,-0.024,0.004,True,False,LOW
363.958,,6.86,-177.5,-2.19,6.07,-0.99,-0.11,False,False,False,False,True,True,-0.02,0.038,True,False,LOW
363.981,,7.88,-174.98,-2.5,6.22,-0.86,-0.16,False,False,False,False,False,False,-0.048,0.019,True,False,LOW
364.15,,6.97,-174.53,-2.53,6.26,-0.2,-0.34,False,False,False,False,False,False,-0.041,0.002,True,False,LOW
364.172,,6.87,-173.08,-2.62,6.25,0.06,-0.37,False,False,False,False,False,False,-0.037,0.003,True,False,LOW
364.359,,6.53,-173.53,-2.37,6.03,0.8,-0.35,False,False,False,False,False,False,-0.032,-0.0,True,False,LOW
364.38,,6.35,-173.54,-2.24,5.99,0.87,-0.34,False,False,False,False,False,False,-0.032,-0.002,True,False,LOW
364.564,,6.64,-173.9,-2.3,5.97,0.96,-0.3,False,False,False,False,False,False,-0.033,-0.002,True,False,LOW
364.588,,6.29,-173.97,-2.39,5.93,0.96,-0.31,False,False,False,False,False,False,-0.031,-0.002,True,False,LOW
364.745,,5.8,-173.64,-2.51,5.52,1.12,-0.39,False,False,False,False,False,False,-0.029,-0.005,True,False,LOW
364.774,,5.75,-173.45,-2.59,5.45,1.18,-0.42,False,False,False,False,False,False,-0.034,-0.009,True,False,LOW
364.951,,6.13,-174.58,-2.19,5.45,0.74,-0.28,False,False,False,False,False,False,-0.041,-0.003,True,False,LOW
364.973,,5.64,-174.72,-2.34,5.39,0.68,-0.29,False,False,False,False,False,False,-0.025,-0.002,True,False,LOW
365.146,,6.07,-174.58,-2.37,5.39,0.51,-0.31,False,False,False,False,False,False,-0.029,-0.002,True,False,LOW
365.175,,6.62,-174.79,-2.38,5.47,0.45,-0.32,False,False,False,False,False,False,-0.029,-0.0,True,False,LOW
365.352,,7.23,-174.32,-2.36,6.05,0.53,-0.33,False,False,False,False,False,False,-0.033,-0.001,True,False,LOW
365.376,,7.73,-174.36,-2.42,6.19,0.54,-0.33,False,False,False,False,False,False,-0.029,-0.005,True,False,LOW
365.545,,7.41,-173.99,-2.41,6.47,0.75,-0.36,False,False,False,False,False,False,-0.023,-0.005,True,False,LOW
365.573,,7.09,-173.91,-2.34,6.46,0.79,-0.35,False,False,False,False,False,False,-0.022,-0.006,True,False,LOW
365.75,,7.35,-174.0,-2.35,6.57,0.86,-0.33,False,False,False,False,False,False,-0.023,-0.005,True,False,LOW
365.774,,7.57,-174.24,-2.36,6.62,0.84,-0.33,False,False,False,False,False,False,-0.025,-0.006,True,False,LOW
366.055,,7.32,-174.36,-2.39,6.63,0.67,-0.35,False,False,False,False,False,False,-0.023,-0.007,True,False,LOW
366.075,,6.97,-174.35,-2.32,6.59,0.66,-0.34,False,False,False,False,False,False,-0.025,-0.006,True,False,LOW
366.181,,7.31,-173.71,-2.34,6.61,0.88,-0.33,False,False,False,False,False,False,-0.026,-0.007,True,False,LOW
366.206,,7.47,-173.48,-2.48,6.63,0.96,-0.35,False,False,False,False,False,False,-0.022,-0.007,True,False,LOW
366.345,,7.45,-173.69,-2.49,6.7,1.09,-0.4,False,False,False,False,False,False,-0.021,-0.007,True,False,LOW
366.374,,7.75,-173.52,-2.47,6.76,1.14,-0.41,False,False,False,False,False,False,-0.021,-0.008,True,False,LOW
366.561,,7.54,-173.68,-2.44,6.81,1.2,-0.41,False,False,False,False,False,False,-0.021,-0.009,True,False,LOW
366.585,,7.59,-173.51,-2.39,6.83,1.23,-0.4,False,False,False,False,False,False,-0.022,-0.007,True,False,LOW
366.752,,7.48,-173.3,-2.36,6.81,1.44,-0.36,False,False,False,False,False,False,-0.022,-0.008,True,False,LOW
366.774,,7.61,-173.64,-2.35,6.83,1.42,-0.36,False,False,False,False,False,False,-0.023,-0.006,True,False,LOW
366.952,,7.48,-173.39,-2.43,6.81,1.48,-0.38,False,False,False,False,False,False,-0.026,-0.005,True,False,LOW
366.974,,7.28,-173.42,-2.58,6.79,1.49,-0.4,False,False,False,False,False,False,-0.031,-0.003,True,False,LOW
367.145,,8.17,-173.05,-2.79,7.15,1.69,-0.59,False,False,False,False,False,False,-0.038,0.003,True,False,LOW
367.173,,8.06,-173.59,-3.23,7.19,1.64,-0.68,False,False,False,False,False,False,-0.044,0.005,True,False,LOW
367.352,,8.97,-172.74,-3.51,7.78,1.93,-1.11,False,False,False,False,False,False,-0.035,0.002,True,False,LOW
367.375,,9.2,-171.6,-3.35,7.88,2.12,-1.14,False,False,False,False,False,False,-0.029,-0.005,True,False,LOW
367.544,,9.31,-171.28,-3.21,8.27,2.93,-1.16,False,False,False,False,False,False,-0.025,-0.005,True,False,LOW
367.574,,9.0,-171.9,-2.85,8.28,2.95,-1.11,False,False,False,False,False,False,-0.019,-0.001,True,False,LOW
367.75,,8.84,-171.47,-2.48,8.22,3.22,-0.76,False,False,False,False,False,False,-0.018,0.001,True,False,LOW
367.773,,8.15,-171.13,-2.1,8.12,3.3,-0.67,False,False,False,False,False,False,-0.022,-0.003,True,False,LOW
367.942,,6.75,-172.03,-1.75,7.04,3.09,-0.17,False,False,False,False,False,False,-0.02,-0.002,True,False,LOW
367.975,,6.6,-171.46,-1.69,6.83,3.16,-0.08,False,False,False,False,False,False,-0.02,-0.004,True,False,LOW
368.149,,6.86,-172.37,-1.63,6.48,2.85,0.17,False,False,False,False,False,False,-0.015,-0.012,True,False,LOW
368.173,,7.03,-172.12,-1.52,6.47,2.84,0.22,False,False,False,False,False,False,-0.022,-0.009,True,False,LOW
368.344,,7.14,-171.76,-1.92,6.46,3.01,0.16,False,False,False,False,False,False,0.021,0.043,False,False,LOW
368.374,,7.32,-172.0,-2.15,6.49,3.0,0.12,False,False,False,False,False,False,-0.056,0.014,True,False,LOW
368.551,,7.61,-172.76,-2.01,6.72,2.56,0.07,False,False,False,False,False,False,-0.04,-0.002,True,False,LOW
368.572,,7.73,-172.66,-1.94,6.76,2.52,0.07,False,False,False,False,False,False,-0.034,-0.003,True,False,LOW
368.758,,8.01,-172.71,-1.89,7.07,2.36,0.11,False,False,False,False,False,False,-0.035,-0.006,True,False,LOW
368.781,,7.89,-172.57,-1.91,7.09,2.36,0.11,False,False,False,False,False,False,-0.028,-0.006,True,False,LOW
368.977,,7.79,-172.83,-1.98,7.1,2.22,0.08,False,False,False,False,False,False,-0.026,-0.008,True,False,LOW
369.0,,7.44,-172.88,-2.04,7.06,2.19,0.07,False,False,False,False,False,False,-0.024,-0.007,True,False,LOW
369.146,,7.97,-173.04,-2.21,7.17,2.05,-0.05,False,False,False,False,False,False,-0.025,-0.007,True,False,LOW
369.173,,7.9,-172.78,-2.19,7.18,2.06,-0.07,False,False,False,False,False,False,-0.017,-0.01,True,False,LOW
369.353,,7.82,-172.83,-2.26,7.16,2.08,-0.15,False,False,False,False,False,False,-0.013,-0.012,True,False,LOW
369.377,,7.99,-172.17,-2.2,7.18,2.17,-0.16,False,False,False,False,False,False,-0.015,-0.011,True,False,LOW
369.545,,7.83,-172.78,-2.23,7.16,2.16,-0.18,False,False,False,False,False,False,-0.015,-0.012,True,False,LOW
369.573,,7.81,-172.29,-2.26,7.16,2.23,-0.19,False,False,False,False,False,False,-0.016,-0.012,True,False,LOW
369.756,,7.91,-172.09,-2.27,7.2,2.56,-0.22,False,False,False,False,False,False,-0.017,-0.014,True,False,LOW
369.78,,8.01,-172.44,-2.27,7.21,2.55,-0.22,False,False,False,False,False,False,-0.018,-0.013,True,False,LOW
369.938,,7.9,-172.33,-2.07,7.22,2.58,-0.13,False,False,False,False,False,False,-0.013,-0.01,True,False,LOW
369.973,,7.89,-172.33,-2.17,7.22,2.58,-0.13,False,False,False,False,False,False,-0.006,-0.01,True,False,LOW
370.144,,8.0,-171.92,-2.16,7.27,2.8,-0.13,False,False,False,False,False,False,-0.004,-0.011,True,False,LOW
370.166,,7.84,-172.12,-2.22,7.26,2.81,-0.14,False,False,False,False,False,False,-0.008,-0.012,True,False,LOW
370.334,,7.78,-172.0,-2.23,7.18,2.87,-0.17,False,False,False,False,False,False,-0.006,-0.012,True,False,LOW
370.378,,7.77,-172.35,-2.2,7.16,2.81,-0.17,False,False,False,False,False,False,-0.008,-0.014,True,False,LOW
370.541,,7.74,-172.04,-2.22,7.11,2.85,-0.18,False,False,False,False,False,False,-0.008,-0.013,True,False,LOW
370.565,,7.76,-172.26,-2.21,7.1,2.83,-0.18,False,False,False,False,False,False,-0.007,-0.011,True,False,LOW
370.733,,7.68,-172.55,-2.26,7.05,2.6,-0.21,False,False,False,False,False,False,-0.01,-0.012,True,False,LOW
370.775,,8.22,-172.04,-2.26,7.15,2.66,-0.21,False,False,False,False,False,False,-0.015,-0.01,True,False,LOW
370.946,,7.82,-172.4,-2.38,7.15,2.59,-0.28,False,False,False,False,False,False,-0.029,-0.008,True,False,LOW
370.97,,7.82,-172.45,-2.33,7.15,2.58,-0.29,False,False,False,False,False,False,-0.026,-0.009,True,False,LOW
371.139,,7.97,-171.91,-2.37,7.22,2.81,-0.31,False,False,False,False,False,False,-0.023,-0.019,True,False,LOW
371.173,,7.76,-172.35,-2.4,7.2,2.77,-0.32,False,False,False,False,False,False,-0.021,-0.02,True,False,LOW
371.345,,8.07,-172.44,-2.37,7.3,2.62,-0.33,False,False,False,False,False,False,-0.016,-0.023,True,False,LOW
371.367,,7.87,-172.56,-2.37,7.28,2.59,-0.33,False,False,False,False,False,False,-0.018,-0.022,True,False,LOW
371.543,,7.73,-172.78,-2.41,7.16,2.36,-0.36,False,False,False,False,False,False,-0.016,-0.022,True,False,LOW
371.574,,7.58,-172.43,-2.41,7.12,2.38,-0.36,False,False,False,False,False,False,-0.018,-0.021,True,False,LOW
371.748,,7.68,-172.6,-2.44,7.06,2.35,-0.39,False,False,False,False,False,False,-0.016,-0.022,True,False,LOW
371.772,,7.72,-172.11,-2.48,7.05,2.42,-0.4,False,False,False,False,False,False,-0.018,-0.022,True,False,LOW
371.944,,7.72,-172.34,-2.47,7.05,2.51,-0.42,False,False,False,False,False,False,-0.017,-0.022,True,False,LOW
371.974,,7.9,-171.7,-2.37,7.07,2.63,-0.41,False,False,False,False,False,False,-0.059,0.02,True,False,LOW
372.153,,8.31,-172.22,-2.24,7.37,2.67,-0.3,False,False,False,False,False,False,-0.036,-0.014,True,False,LOW
372.176,,8.55,-171.82,-2.21,7.43,2.73,-0.29,False,False,False,False,False,False,-0.024,-0.02,True,False,LOW
372.341,,8.14,-171.73,-2.19,7.45,2.97,-0.22,False,False,False,False,False,False,-0.024,-0.02,True,False,LOW
372.374,,7.7,-171.89,-2.19,7.37,2.98,-0.21,False,False,False,False,False,False,-0.012,-0.02,True,False,LOW
372.555,,7.85,-172.01,-2.29,7.27,2.95,-0.24,False,False,False,False,False,False,-0.017,-0.02,True,False,LOW
372.579,,7.79,-171.75,-2.12,7.24,2.98,-0.22,False,False,False,False,False,False,-0.013,-0.02,True,False,LOW
372.742,,7.72,-172.06,-2.06,7.14,2.92,-0.12,False,False,False,False,False,False,0.004,-0.015,True,False,LOW
372.773,,7.7,-171.82,-2.13,7.12,2.95,-0.12,False,False,False,False,False,False,0.008,-0.015,True,False,LOW
372.952,,7.71,-172.41,-2.22,7.07,2.72,-0.16,False,False,False,False,False,False,0.01,-0.018,True,False,LOW
372.975,,7.66,-172.62,-2.1,7.06,2.67,-0.15,False,False,False,False,False,False,0.008,-0.017,True,False,LOW
373.145,,7.48,-172.55,-2.14,6.93,2.52,-0.13,False,False,False,False,False,False,-0.024,-0.008,True,False,LOW
373.174,,7.64,-172.64,-2.11,6.93,2.48,-0.12,False,False,False,False,False,False,-0.019,-0.011,True,False,LOW
373.36,,7.49,-171.53,-2.04,6.87,2.98,-0.06,False,False,False,False,False,False,0.002,-0.016,True,False,LOW
373.381,,7.54,-171.59,-2.04,6.86,3.02,-0.05,False,False,False,False,False,False,0.006,-0.018,True,False,LOW
373.544,,7.71,-172.19,-2.06,6.95,2.88,-0.04,False,False,False,False,False,False,0.006,-0.018,True,False,LOW
373.574,,7.73,-171.94,-2.12,6.96,2.9,-0.05,False,False,False,False,False,False,0.006,-0.017,True,False,LOW
373.753,,7.99,-171.88,-2.16,7.15,2.98,-0.09,False,False,False,False,False,False,0.007,-0.015,True,False,LOW
373.775,,7.61,-172.05,-2.24,7.12,2.97,-0.11,False,False,False,False,False,False,-0.009,0.012,True,False,LOW
373.943,,8.27,-171.6,-2.35,7.36,3.15,-0.22,False,False,False,False,False,False,-0.009,-0.005,True,False,LOW
373.973,,7.99,-171.58,-2.19,7.35,3.19,-0.21,False,False,False,False,False,False,-0.005,-0.018,True,False,LOW
374.154,,8.07,-171.43,-2.3,7.37,3.35,-0.24,False,False,False,False,False,False,-0.016,-0.018,True,False,LOW
374.175,,7.9,-171.71,-2.36,7.35,3.34,-0.25,False,False,False,False,False,False,-0.016,-0.018,True,False,LOW
374.344,,7.79,-171.73,-2.29,7.23,3.27,-0.26,False,False,False,False,False,False,-0.013,-0.02,True,False,LOW
374.368,,7.85,-171.54,-2.24,7.22,3.28,-0.25,False,False,False,False,False,False,-0.013,-0.021,True,False,LOW
374.557,,7.97,-172.24,-2.24,7.26,2.96,-0.23,False,False,False,False,False,False,-0.014,-0.021,True,False,LOW
374.579,,8.05,-173.16,-2.2,7.27,2.81,-0.22,False,False,False,False,False,False,-0.014,-0.022,True,False,LOW
374.749,,10.07,-173.88,-1.64,8.39,1.87,0.1,False,False,False,False,False,False,-0.014,-0.019,True,False,LOW
374.774,,9.86,-171.03,-1.39,8.5,2.15,0.17,False,False,False,False,False,False,-0.013,-0.026,True,False,LOW
374.954,,10.05,-170.46,-1.73,8.97,3.42,0.24,False,False,False,False,False,False,-0.015,-0.026,True,False,LOW
374.978,,9.12,-169.59,-1.57,8.9,3.69,0.27,False,False,False,False,False,False,-0.026,-0.006,True,False,LOW
375.144,,8.26,-168.55,-1.43,8.22,5.14,0.44,False,False,False,False,False,False,-0.019,-0.009,True,False,LOW
375.166,,8.55,-168.96,-1.37,8.18,5.25,0.47,False,False,False,False,False,False,-0.015,-0.01,True,False,LOW
375.364,,8.57,-169.66,-1.37,8.02,5.26,0.57,False,False,False,False,False,False,-0.015,-0.01,True,False,LOW
375.386,,7.99,-169.88,-1.46,7.93,5.24,0.57,False,False,False,False,False,False,-0.012,-0.013,True,False,LOW
375.557,,8.59,-169.66,-1.42,7.92,5.25,0.59,False,False,False,False,False,False,-0.033,0.015,True,False,LOW
375.578,,8.39,-169.89,-2.01,7.89,5.23,0.52,False,False,False,False,False,False,-0.003,0.007,True,False,LOW
375.75,,8.33,-169.61,-2.03,7.77,5.28,0.25,False,False,False,False,False,False,0.013,-0.014,True,False,LOW
375.771,,9.64,-169.83,-1.59,7.91,5.26,0.27,False,False,False,False,False,False,0.024,-0.013,True,False,LOW
375.943,,9.16,-170.65,-1.66,8.21,4.74,0.32,False,False,False,False,False,False,0.023,-0.013,True,False,LOW
375.965,,10.83,-170.05,-1.17,8.46,4.76,0.39,False,False,False,False,False,False,0.003,-0.009,True,False,LOW
376.151,,10.66,-169.15,-0.83,9.31,5.31,0.83,False,False,False,False,False,False,0.0,-0.009,True,False,LOW
376.173,,10.23,-169.03,-0.79,9.34,5.39,0.88,False,False,False,False,False,False,0.001,-0.004,True,False,LOW
376.345,,9.71,-170.34,-0.88,9.18,4.97,1.02,False,False,False,False,False,False,0.02,-0.015,True,False,LOW
376.372,,7.36,-171.28,-1.63,8.79,4.77,0.93,False,False,False,False,False,False,0.002,-0.016,True,False,LOW
376.568,,7.9,-171.84,-1.57,7.9,3.82,0.67,False,False,False,False,False,False,-0.012,-0.017,True,False,LOW
376.59,,9.7,-170.73,-1.24,8.04,3.87,0.69,False,False,False,False,False,False,-0.022,-0.012,True,False,LOW
376.736,,10.45,-171.43,-1.29,8.88,3.69,0.71,False,False,False,False,False,False,0.007,-0.01,True,False,LOW
376.759,,11.31,-171.33,-1.21,9.11,3.68,0.72,False,False,False,False,False,False,0.014,-0.011,True,False,LOW
376.987,,10.29,-171.45,-1.35,9.41,3.56,0.7,False,False,False,False,False,False,0.013,-0.01,True,False,LOW
377.018,,9.37,-171.4,-1.04,9.29,3.56,0.75,False,False,False,False,False,False,0.005,-0.009,True,False,LOW
377.143,,9.75,-170.15,-0.84,9.19,4.1,0.94,False,False,False,False,False,False,0.01,-0.011,True,False,LOW
377.165,,10.2,-171.74,-0.73,9.23,3.99,0.99,False,False,False,False,False,False,-0.03,0.025,True,False,LOW
377.341,,10.53,-170.86,-0.9,9.56,4.03,1.06,False,False,False,False,False,False,0.011,-0.007,True,False,LOW
377.367,,10.05,-171.77,-0.92,9.53,3.91,1.07,False,False,False,False,False,False,0.008,-0.01,True,False,LOW
377.549,,11.58,-172.03,-0.89,10.28,3.36,1.11,False,False,False,False,False,False,0.014,-0.012,True,False,LOW
377.603,,11.48,-171.24,-0.72,10.41,3.44,1.16,False,False,False,False,False,False,0.016,-0.012,True,False,LOW
377.745,,12.37,-171.65,-1.36,11.03,3.37,0.93,False,False,False,False,False,False,0.017,-0.017,True,False,LOW
377.769,,12.02,-170.66,-0.63,11.07,3.49,0.99,False,False,False,False,False,False,0.019,-0.014,True,False,LOW
377.928,,10.99,-170.39,-0.6,10.69,4.02,1.21,False,False,False,False,False,False,0.023,-0.011,True,False,LOW
377.956,,12.14,-170.51,-0.1,10.81,4.08,1.32,False,False,False,False,False,False,0.017,-0.006,True,False,LOW
378.135,,11.97,-170.81,-0.8,11.07,4.1,1.27,False,False,False,False,False,False,0.028,-0.011,True,False,LOW
378.165,,11.25,-170.53,-1.04,10.99,4.15,1.23,False,False,False,False,False,False,-0.009,-0.001,True,False,LOW
378.328,,12.59,-170.53,-0.78,11.46,4.28,1.24,False,False,False,False,False,False,-0.0,-0.003,True,False,LOW
378.357,,12.87,-170.46,-1.23,11.58,4.31,1.17,False,False,False,False,False,False,-0.017,-0.006,True,False,LOW
378.54,,12.87,-169.98,-1.15,11.91,4.66,1.01,False,False,False,False,False,False,-0.011,-0.007,True,False,LOW
378.568,,12.3,-170.36,-1.23,11.87,4.64,0.98,False,False,False,False,False,False,0.038,-0.005,True,False,LOW
378.731,,11.61,-170.66,-1.15,11.39,4.45,0.93,False,False,False,False,False,False,0.043,-0.009,True,False,LOW
378.759,,11.89,-171.02,-0.99,11.36,4.37,0.95,False,False,False,False,False,False,0.047,-0.002,True,False,LOW
378.936,,12.01,-170.57,-0.63,11.35,4.36,1.19,False,False,False,False,False,False,0.053,-0.003,True,False,LOW
378.965,,11.21,-170.5,-0.81,11.22,4.37,1.19,False,False,False,False,False,False,-0.017,0.004,True,False,LOW
379.134,,10.67,-170.97,-1.17,10.57,4.16,1.02,False,False,False,False,False,False,-0.012,-0.003,True,False,LOW
379.157,,10.81,-170.83,-1.24,10.51,4.15,0.99,False,False,False,False,False,False,-0.014,-0.002,True,False,LOW
379.339,,10.81,-171.55,-1.33,10.31,3.74,0.83,False,False,False,False,False,False,-0.009,-0.008,True,False,LOW
