elapsed_seconds,scenario_label,raw_yaw,raw_pitch,raw_roll,yaw,pitch,roll,yaw_suspicious,pitch_suspicious,roll_suspicious,dropout_suspicious,gaze_suspicious,suspicious,gaze_x,gaze_y,gaze_valid,device_detected,risk_level
37.859,,-4.2,-167.24,-3.09,-1.76,-0.21,-0.26,False,False,False,False,False,False,-0.009,-0.004,True,False,LOW
37.881,,-3.29,-167.8,-3.0,-1.65,-0.28,-0.25,False,False,False,False,False,False,-0.009,-0.005,True,False,LOW
38.01,,-3.7,-167.42,-3.15,-1.47,-0.33,-0.28,False,False,False,False,False,False,-0.008,-0.01,True,False,LOW
38.035,,-4.55,-168.02,-2.95,-1.56,-0.42,-0.26,False,False,False,False,False,False,-0.007,-0.013,True,False,LOW
38.16,,-4.04,-167.61,-2.76,-1.58,-0.49,-0.11,False,False,False,False,False,False,-0.006,-0.011,True,False,LOW
38.184,,-4.34,-167.62,-2.79,-1.62,-0.51,-0.09,False,False,False,False,False,False,-0.009,-0.01,True,False,LOW
38.305,,-3.96,-167.47,-2.7,-1.58,-0.48,0.0,False,False,False,False,False,False,-0.008,-0.011,True,False,LOW
38.333,,-4.35,-167.61,-2.72,-1.63,-0.49,0.02,False,False,False,False,False,False,-0.007,-0.013,True,False,LOW
38.438,,-4.13,-168.08,-2.68,-1.65,-0.72,0.07,False,False,False,False,False,False,-0.001,-0.011,True,False,LOW
38.461,,-4.28,-167.95,-2.59,-1.68,-0.74,0.09,False,False,False,False,False,False,-0.003,-0.01,True,False,LOW
38.606,,-4.19,-168.02,-2.49,-1.71,-0.86,0.21,False,False,False,False,False,False,-0.002,-0.008,True,False,LOW
38.629,,-5.75,-169.02,-2.54,-1.93,-1.01,0.22,False,False,False,False,False,False,-0.007,0.003,True,False,LOW
38.797,,-5.07,-168.96,-2.45,-2.3,-1.49,0.3,False,False,False,False,False,False,-0.02,0.003,True,False,LOW
38.821,,-4.72,-168.36,-2.55,-2.29,-1.47,0.3,False,False,False,False,False,False,-0.014,-0.006,True,False,LOW
39.0,,-4.54,-168.27,-2.53,-2.19,-1.35,0.3,False,False,False,False,False,False,-0.01,-0.005,True,False,LOW
39.024,,-3.79,-168.58,-2.41,-2.08,-1.38,0.32,False,False,False,False,False,False,-0.011,-0.004,True,False,LOW
39.199,,-4.48,-169.56,-2.65,-2.06,-1.99,0.24,False,False,False,False,False,False,-0.009,-0.006,True,False,LOW
39.221,,-4.67,-168.58,-2.81,-2.08,-1.93,0.22,False,False,False,False,False,False,-0.008,-0.01,True,False,LOW
39.405,,-4.08,-168.32,-2.6,-1.84,-1.59,0.22,False,False,False,False,False,False,-0.002,-0.013,True,False,LOW
39.426,,-4.93,-167.9,-2.33,-1.92,-1.5,0.26,False,False,False,False,False,False,0.019,-0.008,True,False,LOW
39.6,,-4.97,-167.46,-2.14,-2.24,-0.93,0.48,False,False,False,False,False,False,0.026,-0.006,True,False,LOW
39.623,,-5.08,-169.03,-2.14,-2.29,-1.07,0.51,False,False,False,False,False,False,0.018,-0.001,True,False,LOW
39.804,,-5.19,-170.32,-2.26,-2.54,-2.28,0.54,False,False,False,False,False,False,0.018,-0.005,True,False,LOW
39.827,,-4.26,-168.5,-2.0,-2.45,-2.17,0.58,False,False,False,False,False,False,-0.007,-0.007,True,False,LOW
39.998,,-4.42,-169.31,-1.93,-2.2,-2.23,0.75,False,False,False,False,False,False,-0.007,-0.013,True,False,LOW
40.022,,-3.22,-169.23,-1.97,-2.01,-2.23,0.76,False,False,False,False,False,False,-0.006,-0.01,True,False,LOW
40.211,,-2.1,-169.71,-2.1,-0.69,-2.47,0.74,False,False,False,False,False,False,-0.02,-0.006,True,False,LOW
40.233,,-1.77,-168.67,-1.68,-0.51,-2.37,0.79,False,False,False,False,False,False,-0.012,-0.004,True,False,LOW
40.4,,-2.57,-168.45,-1.79,-0.31,-1.88,0.92,False,False,False,False,False,False,-0.011,-0.007,True,False,LOW
40.423,,-2.72,-168.14,-1.84,-0.3,-1.78,0.93,False,False,False,False,False,False,-0.011,-0.007,True,False,LOW
40.607,,-2.73,-169.47,-1.89,-0.3,-2.13,0.94,False,False,False,False,False,False,-0.018,-0.004,True,False,LOW
40.632,,-1.55,-171.28,-1.57,-0.13,-2.43,0.98,False,False,False,False,False,False,0.002,-0.007,True,False,LOW
40.799,,-1.69,-172.8,-1.76,0.33,-4.23,1.03,False,False,False,False,False,False,0.003,-0.003,True,False,LOW
40.823,,-2.81,-172.5,-1.3,0.24,-4.4,1.09,False,False,False,False,False,False,0.01,-0.007,True,False,LOW
41.003,,-3.43,-172.56,-1.62,-0.42,-5.03,1.15,False,False,False,False,False,False,0.006,-0.009,True,False,LOW
41.027,,-4.61,-171.36,-1.58,-0.66,-4.93,1.17,False,False,False,False,False,False,0.002,-0.008,True,False,LOW
41.199,,-5.34,-171.96,-1.73,-1.87,-4.93,1.13,False,False,False,False,False,False,0.011,-0.005,True,False,LOW
41.223,,-5.26,-172.05,-1.56,-2.01,-4.94,1.15,False,False,False,False,False,False,0.011,-0.007,True,False,LOW
41.408,,-7.02,-172.36,-1.51,-3.45,-5.15,1.24,False,False,False,False,False,False,0.001,-0.007,True,False,LOW
41.43,,-7.91,-173.46,-1.8,-3.73,-5.32,1.22,False,False,False,False,False,False,0.005,-0.007,True,False,LOW
41.597,,-7.28,-172.49,-1.98,-4.33,-5.39,1.03,False,False,False,False,False,False,0.007,-0.007,True,False,LOW
41.62,,-7.31,-173.8,-1.81,-4.4,-5.58,1.03,False,False,False,False,False,False,0.001,-0.01,True,False,LOW
41.803,,-7.99,-174.3,-2.23,-5.04,-6.51,0.8,False,False,False,False,False,False,-0.022,-0.008,True,False,LOW
41.826,,-6.46,-173.63,-2.2,-4.91,-6.52,0.78,False,False,False,False,False,False,-0.017,-0.009,True,False,LOW
41.998,,-6.77,-175.36,-2.11,-4.61,-7.49,0.75,False,False,False,False,False,False,-0.016,-0.005,True,False,LOW
42.022,,-7.73,-176.66,-1.97,-4.7,-7.81,0.76,False,False,False,False,False,False,-0.02,-0.003,True,False,LOW
42.206,,-6.12,-175.98,-2.09,-4.15,-8.44,0.75,False,False,False,False,False,False,-0.049,0.015,True,False,LOW
42.229,,-3.12,-176.68,-2.17,-3.66,-8.61,0.74,False,False,False,False,False,False,0.016,0.057,False,False,LOW
42.407,,-1.24,-175.26,-2.72,-0.91,-8.41,0.4,False,False,False,False,True,True,-0.025,0.04,True,False,LOW
42.564,,-0.45,-175.17,-1.83,0.63,-8.27,0.7,False,False,False,False,False,False,-0.03,0.008,True,False,LOW
42.67,,0.74,-175.42,-1.69,1.74,-8.32,0.88,False,False,False,False,False,False,-0.027,0.004,True,False,LOW
42.694,,1.1,-175.71,-1.99,2.02,-8.37,0.87,False,False,False,False,False,False,-0.01,0.001,True,False,LOW
42.799,,1.7,-175.33,-2.09,2.95,-8.34,0.82,False,False,False,False,False,False,-0.008,0.0,True,False,LOW
42.822,,2.09,-175.99,-1.9,3.18,-8.42,0.83,False,False,False,False,False,False,-0.012,0.004,True,False,LOW
43.005,,3.25,-175.39,-1.91,4.61,-8.39,0.88,False,False,False,False,False,False,-0.016,0.007,True,False,LOW
43.027,,2.88,-176.18,-1.94,4.71,-8.48,0.88,False,False,False,False,False,False,-0.016,0.002,True,False,LOW
43.197,,3.08,-176.41,-1.97,5.15,-8.95,0.87,False,False,False,False,False,False,-0.02,0.0,True,False,LOW
43.219,,2.21,-176.53,-1.73,5.08,-9.03,0.9,False,False,False,False,False,False,-0.008,0.004,True,False,LOW
43.393,,2.37,-175.76,-1.65,4.94,-8.87,1.05,False,False,False,False,False,False,-0.009,0.002,True,False,LOW
43.423,,2.12,-175.39,-1.67,4.88,-8.79,1.07,False,False,False,False,False,False,-0.009,0.004,True,False,LOW
43.598,,1.75,-174.85,-1.64,4.51,-8.28,1.13,False,False,False,False,False,False,-0.002,0.004,True,False,LOW
43.621,,2.25,-174.24,-1.84,4.54,-8.13,1.11,False,False,False,False,True,True,-0.015,0.04,True,False,LOW
43.792,,1.37,-174.64,-1.71,4.16,-7.86,1.12,False,False,False,False,False,False,-0.022,0.012,True,False,LOW
43.822,,1.4,-172.76,-1.96,4.11,-7.49,1.08,False,False,False,False,False,False,-0.013,0.033,True,False,LOW
44.0,,0.88,-174.89,-1.8,3.69,-7.69,1.05,False,False,False,False,False,False,-0.006,0.005,True,False,LOW
44.023,,0.32,-174.67,-1.58,3.56,-7.68,1.08,False,False,False,False,False,False,0.031,0.001,True,False,LOW
44.188,,0.74,-174.72,-1.55,3.36,-7.69,1.18,False,False,False,False,False,False,0.038,-0.002,True,False,LOW
44.219,,0.64,-174.66,-1.7,3.32,-7.68,1.17,False,False,False,False,False,False,0.041,-0.002,True,False,LOW
44.4,,0.54,-174.86,-1.6,3.14,-7.76,1.2,False,False,False,False,False,False,0.042,-0.002,True,False,LOW
44.423,,1.9,-174.07,-1.34,3.29,-7.67,1.24,False,False,False,False,False,False,0.053,-0.004,True,False,LOW
44.589,,1.94,-175.83,-1.28,3.86,-8.25,1.4,False,False,False,False,False,False,0.059,0.0,True,False,LOW
44.62,,1.87,-176.01,-1.16,3.93,-8.37,1.44,False,False,False,False,False,False,0.057,0.002,True,False,LOW
44.801,,2.11,-176.35,-1.18,4.27,-8.88,1.55,False,False,False,False,False,False,0.055,-0.0,True,False,LOW
44.826,,2.26,-175.71,-1.3,4.33,-8.86,1.55,False,False,False,False,False,False,0.055,0.001,True,False,LOW
44.989,,1.95,-176.77,-1.2,4.36,-9.31,1.59,False,False,False,False,False,False,0.058,0.005,True,False,LOW
45.021,,2.29,-176.13,-1.14,4.42,-9.27,1.61,False,False,False,False,False,False,0.061,0.002,True,False,LOW
45.198,,1.81,-175.73,-1.25,4.33,-8.97,1.59,False,False,False,False,False,False,0.051,0.002,True,False,LOW
45.22,,1.65,-176.23,-1.25,4.3,-9.0,1.59,False,False,False,False,False,False,0.049,0.003,True,False,LOW
45.403,,1.68,-176.09,-1.24,4.2,-9.03,1.59,False,False,False,False,False,False,0.048,0.001,True,False,LOW
45.426,,1.46,-175.78,-1.17,4.17,-9.0,1.6,False,False,False,False,False,False,0.049,0.003,True,False,LOW
45.607,,1.05,-175.28,-1.25,3.8,-8.6,1.59,False,False,False,False,False,False,0.054,0.001,True,False,LOW
45.633,,1.13,-174.9,-1.06,3.77,-8.49,1.61,False,False,False,False,False,False,0.07,0.002,True,False,LOW
45.798,,1.3,-174.92,-0.87,3.75,-8.18,1.79,False,False,False,False,False,False,0.066,0.001,True,False,LOW
45.821,,1.39,-175.28,-0.86,3.76,-8.19,1.81,False,False,False,False,False,False,0.059,0.001,True,False,LOW
46.01,,1.34,-174.79,-1.03,3.77,-7.95,1.81,False,False,False,False,False,False,0.057,0.001,True,False,LOW
46.033,,0.84,-175.77,-1.21,3.71,-8.05,1.78,False,False,False,False,False,False,0.056,0.002,True,False,LOW
46.201,,1.47,-175.3,-1.16,3.81,-8.17,1.72,False,False,False,False,False,False,0.031,0.0,True,False,LOW
46.225,,0.72,-175.18,-1.36,3.72,-8.16,1.69,False,False,False,False,False,False,-0.019,-0.003,True,False,LOW
46.4,,0.58,-174.7,-1.54,3.35,-7.9,1.48,False,False,False,False,False,False,-0.014,0.025,True,False,LOW
46.423,,1.19,-175.36,-1.78,3.39,-7.96,1.42,False,False,False,False,False,False,-0.019,0.012,True,False,LOW
46.592,,1.21,-175.8,-1.73,3.52,-8.38,1.26,False,False,False,False,False,False,-0.005,0.002,True,False,LOW
46.621,,0.95,-175.33,-1.38,3.5,-8.37,1.29,False,False,False,False,False,False,-0.004,-0.003,True,False,LOW
46.797,,0.6,-175.55,-1.45,3.26,-8.45,1.34,False,False,False,False,False,False,-0.002,-0.001,True,False,LOW
46.821,,0.53,-175.26,-1.4,3.22,-8.42,1.35,False,False,False,False,False,False,-0.005,-0.002,True,False,LOW
46.989,,0.91,-175.52,-1.39,3.29,-8.46,1.4,False,False,False,False,False,False,-0.003,-0.0,True,False,LOW
47.02,,1.18,-175.96,-1.44,3.34,-8.53,1.39,False,False,False,False,False,False,-0.005,-0.001,True,False,LOW
47.197,,1.41,-176.07,-1.29,3.61,-8.8,1.47,False,False,False,False,False,False,-0.007,0.0,True,False,LOW
47.219,,1.58,-175.56,-1.33,3.66,-8.77,1.47,False,False,False,False,False,False,-0.005,-0.0,True,False,LOW
47.391,,1.51,-175.42,-1.27,3.81,-8.57,1.52,False,False,False,False,False,False,-0.005,0.001,True,False,LOW
47.42,,2.23,-175.01,-1.11,3.95,-8.48,1.55,False,False,False,False,False,False,-0.0,0.001,True,False,LOW
47.598,,1.91,-174.7,-1.2,4.16,-8.05,1.59,False,False,False,False,False,False,0.001,0.002,True,False,LOW
47.622,,1.69,-175.07,-1.33,4.16,-8.05,1.58,False,False,False,False,False,False,0.001,-0.001,True,False,LOW
47.79,,2.02,-174.05,-1.13,4.32,-7.51,1.64,False,False,False,False,False,False,-0.018,0.02,True,False,LOW
47.82,,1.82,-174.88,-1.35,4.31,-7.56,1.62,False,False,False,False,False,False,-0.021,0.026,True,False,LOW
47.998,,1.31,-176.21,-1.29,4.01,-8.43,1.58,False,False,False,False,False,False,-0.014,0.009,True,False,LOW
48.02,,1.86,-175.58,-1.3,4.05,-8.44,1.57,False,False,False,False,False,False,-0.004,0.003,True,False,LOW
48.188,,1.79,-175.78,-1.3,4.14,-8.6,1.55,False,False,False,False,False,False,-0.008,-0.001,True,False,LOW
48.221,,2.19,-174.63,-1.24,4.23,-8.43,1.56,False,False,False,False,False,False,-0.003,-0.002,True,False,LOW
48.4,,2.49,-174.88,-1.25,4.6,-8.12,1.57,False,False,False,False,False,False,-0.001,0.004,True,False,LOW
48.423,,2.06,-175.41,-1.21,4.59,-8.15,1.58,False,False,False,False,False,False,0.001,0.006,True,False,LOW
48.59,,1.72,-175.26,-1.21,4.37,-8.19,1.6,False,False,False,False,False,False,-0.003,0.007,True,False,LOW
48.622,,1.87,-175.16,-1.12,4.36,-8.18,1.62,False,False,False,False,False,False,-0.002,0.007,True,False,LOW
48.798,,0.98,-175.38,-0.96,3.86,-8.27,1.75,False,False,False,False,False,False,-0.009,0.009,True,False,LOW
48.821,,1.96,-174.06,-1.33,3.93,-8.11,1.72,False,False,False,False,False,False,0.016,0.057,False,False,LOW
48.991,,1.7,-175.17,-1.77,4.04,-8.12,1.38,False,False,False,False,False,False,0.016,0.057,False,False,LOW
49.022,,2.15,-174.02,-1.74,4.13,-7.93,1.33,False,False,False,False,False,False,-0.015,0.019,True,False,LOW
49.198,,1.86,-174.24,-1.48,4.22,-7.54,1.34,False,False,False,False,False,False,-0.011,0.011,True,False,LOW
49.222,,2.54,-175.15,-1.27,4.32,-7.62,1.37,False,False,False,False,False,False,-0.008,0.007,True,False,LOW
49.398,,2.23,-176.79,-1.39,4.51,-8.76,1.41,False,False,False,False,False,False,-0.005,0.005,True,False,LOW
49.422,,1.28,-178.11,-1.47,4.4,-9.1,1.4,False,False,False,False,False,False,-0.006,0.009,True,False,LOW
49.595,,1.26,-178.27,-1.42,4.03,-10.27,1.41,False,False,False,False,False,False,-0.008,0.008,True,False,LOW
49.617,,2.33,-178.51,-1.28,4.12,-10.43,1.42,False,False,False,False,False,False,-0.004,0.007,True,False,LOW
49.791,,3.32,-179.7,-1.54,4.99,-11.66,1.35,False,False,False,False,False,False,-0.001,0.007,True,False,LOW
49.819,,4.35,-178.33,-1.55,5.29,-11.6,1.34,False,False,False,False,False,False,0.0,0.004,True,False,LOW
49.998,,4.33,-177.87,-1.31,6.1,-11.19,1.44,False,False,False,False,False,False,-0.003,0.009,True,False,LOW
50.022,,3.9,-177.54,-1.21,6.13,-11.1,1.46,False,False,False,False,False,False,0.002,0.005,True,False,LOW
50.189,,4.29,-177.5,-1.23,6.45,-10.78,1.53,False,False,False,False,False,False,0.001,0.004,True,False,LOW
50.224,,4.63,-177.72,-1.06,6.56,-10.76,1.58,False,False,False,False,False,False,0.003,0.007,True,False,LOW
50.397,,4.29,-178.66,-0.89,6.65,-11.22,1.77,False,False,False,False,False,False,0.003,0.006,True,False,LOW
50.421,,4.01,-177.89,-0.9,6.63,-11.17,1.79,False,False,False,False,False,False,0.001,0.004,True,False,LOW
50.591,,3.98,-178.35,-1.03,6.52,-11.25,1.79,False,False,False,False,False,False,0.003,0.003,True,False,LOW
50.62,,4.19,-178.15,-0.98,6.54,-11.23,1.8,False,False,False,False,False,False,0.003,0.005,True,False,LOW
50.798,,4.12,-178.47,-1.11,6.55,-11.34,1.76,False,False,False,False,False,False,0.002,0.006,True,False,LOW
50.821,,4.28,-178.43,-1.03,6.57,-11.35,1.76,False,False,False,False,False,False,0.005,0.006,True,False,LOW
50.988,,4.23,-178.39,-1.1,6.62,-11.35,1.75,False,False,False,False,False,False,0.004,0.003,True,False,LOW
51.021,,4.32,-177.97,-1.32,6.65,-11.28,1.71,False,False,False,False,True,True,-0.01,0.036,True,False,LOW
51.198,,3.84,-177.24,-1.23,6.45,-10.71,1.65,False,False,False,False,False,False,0.043,0.021,True,False,LOW
51.221,,3.32,-177.53,-1.16,6.36,-10.68,1.65,False,False,False,False,False,False,0.052,0.011,True,False,LOW
51.39,,2.89,-177.68,-1.03,5.82,-10.67,1.73,False,False,False,False,False,False,0.051,0.01,True,False,LOW
51.421,,3.28,-178.32,-1.0,5.8,-10.77,1.75,False,False,False,False,False,False,0.053,0.008,True,False,LOW
51.597,,3.02,-178.08,-1.14,5.62,-10.92,1.72,False,False,False,False,False,False,0.051,0.008,True,False,LOW
51.621,,3.36,-177.79,-1.13,5.65,-10.9,1.71,False,False,False,False,False,False,0.051,0.011,True,False,LOW
51.788,,3.4,-178.46,-1.12,5.75,-11.17,1.71,False,False,False,False,False,False,0.049,0.007,True,False,LOW
51.821,,3.55,-178.7,-1.16,5.79,-11.26,1.7,False,False,False,False,False,False,0.053,0.006,True,False,LOW
51.998,,3.43,-178.36,-1.09,5.83,-11.3,1.72,False,False,False,False,False,False,0.053,0.006,True,False,LOW
52.02,,3.9,-177.86,-1.36,5.89,-11.24,1.69,False,False,False,False,False,False,-0.009,0.0,True,False,LOW
52.192,,4.28,-178.06,-1.58,6.33,-11.13,1.46,False,False,False,False,False,False,-0.005,-0.001,True,False,LOW
52.222,,4.31,-177.74,-1.68,6.4,-11.06,1.41,False,False,False,False,False,False,-0.021,0.033,True,False,LOW
52.398,,4.27,-177.74,-1.89,6.56,-10.88,1.16,False,False,False,False,False,False,-0.02,0.033,True,False,LOW
52.421,,4.04,-177.78,-1.97,6.55,-10.86,1.12,False,False,False,False,True,True,-0.04,0.045,True,False,LOW
52.591,,4.23,-177.33,-1.86,6.61,-10.57,1.04,False,False,False,False,False,False,-0.004,0.02,True,False,LOW
52.62,,4.23,-177.7,-1.57,6.62,-10.58,1.08,False,False,False,False,False,False,0.002,0.014,True,False,LOW
52.796,,4.23,-177.56,-1.42,6.65,-10.56,1.25,False,False,False,False,False,False,-0.002,0.01,True,False,LOW
52.819,,4.29,-178.66,-1.38,6.66,-10.7,1.28,False,False,False,False,False,False,-0.002,0.005,True,False,LOW
52.989,,4.28,-178.39,-1.4,6.69,-11.04,1.36,False,False,False,False,False,False,0.002,0.003,True,False,LOW
53.02,,4.48,-178.19,-1.43,6.73,-11.06,1.36,False,False,False,False,False,False,-0.001,0.005,True,False,LOW
53.198,,4.61,-178.04,-1.45,6.9,-11.03,1.37,False,False,False,False,False,False,-0.002,0.005,True,False,LOW
53.224,,4.39,-178.28,-1.49,6.89,-11.07,1.37,False,False,False,False,False,False,-0.001,0.008,True,False,LOW
53.401,,4.28,-178.41,-1.51,6.8,-11.23,1.34,False,False,False,False,False,False,0.0,0.006,True,False,LOW
53.425,,4.39,-178.51,-1.56,6.8,-11.27,1.33,False,False,False,False,False,False,0.002,0.004,True,False,LOW
53.601,,4.35,-178.91,-1.54,6.8,-11.59,1.31,False,False,False,False,False,False,0.002,0.004,True,False,LOW
53.625,,4.26,-178.49,-1.51,6.78,-11.57,1.31,False,False,False,False,False,False,0.002,0.004,True,False,LOW
53.799,,4.24,-178.49,-1.5,6.73,-11.51,1.32,False,False,False,False,False,False,-0.0,0.005,True,False,LOW
53.823,,4.24,-178.5,-1.47,6.72,-11.51,1.33,False,False,False,False,False,False,0.001,0.006,True,False,LOW
54.005,,4.37,-178.48,-1.55,6.77,-11.48,1.3,False,False,False,False,False,False,0.003,0.006,True,False,LOW
54.027,,4.33,-178.54,-1.52,6.77,-11.48,1.3,False,False,False,False,False,False,0.002,0.005,True,False,LOW
54.202,,4.44,-178.56,-1.48,6.83,-11.51,1.33,False,False,False,False,False,False,0.001,0.005,True,False,LOW
54.224,,4.69,-178.41,-1.48,6.87,-11.49,1.33,False,False,False,False,False,False,0.001,0.004,True,False,LOW
54.4,,4.71,-178.62,-1.5,7.02,-11.54,1.33,False,False,False,False,False,False,0.0,0.004,True,False,LOW
54.423,,4.74,-178.6,-1.55,7.04,-11.55,1.32,False,False,False,False,False,False,0.001,0.005,True,False,LOW
54.589,,4.71,-178.51,-1.48,7.09,-11.51,1.34,False,False,False,False,False,False,-0.0,0.003,True,False,LOW
54.62,,5.2,-178.85,-1.44,7.19,-11.56,1.35,False,False,False,False,False,False,-0.0,0.003,True,False,LOW
54.799,,5.11,-178.52,-1.51,7.38,-11.52,1.33,False,False,False,False,False,False,0.004,0.003,True,False,LOW
54.823,,5.31,-178.59,-1.49,7.43,-11.53,1.33,False,False,False,False,False,False,0.004,0.003,True,False,LOW
54.988,,5.53,-178.83,-1.43,7.71,-11.67,1.37,False,False,False,False,False,False,0.004,0.003,True,False,LOW
55.011,,5.57,-179.0,-1.39,7.75,-11.71,1.38,False,False,False,False,False,False,0.001,0.002,True,False,LOW
55.199,,5.32,-178.76,-1.37,7.75,-11.72,1.42,False,False,False,False,False,False,0.001,0.001,True,False,LOW
55.222,,5.57,-179.03,-1.36,7.79,-11.76,1.43,False,False,False,False,False,False,0.002,0.0,True,False,LOW
55.393,,5.41,-178.86,-1.27,7.82,-11.79,1.5,False,False,False,False,False,False,0.005,0.002,True,False,LOW
55.416,,5.23,-178.65,-1.26,7.8,-11.77,1.51,False,False,False,False,False,False,0.004,0.0,True,False,LOW
55.6,,5.42,-179.15,-1.31,7.83,-11.96,1.51,False,False,False,False,False,False,0.006,-0.0,True,False,LOW
55.624,,5.22,-178.91,-1.39,7.81,-11.95,1.5,False,False,False,False,False,False,0.001,0.0,True,False,LOW
55.788,,5.41,-178.73,-1.53,7.83,-11.82,1.4,False,False,False,False,False,False,0.005,-0.0,True,False,LOW
55.811,,5.53,-178.54,-1.49,7.85,-11.78,1.39,False,False,False,False,False,False,0.001,0.002,True,False,LOW
55.997,,5.38,-178.79,-1.48,7.83,-11.77,1.37,False,False,False,False,False,False,0.001,0.002,True,False,LOW
56.021,,5.41,-178.76,-1.46,7.84,-11.76,1.37,False,False,False,False,False,False,0.003,0.002,True,False,LOW
56.187,,5.57,-178.81,-1.45,7.92,-11.77,1.37,False,False,False,False,False,False,0.002,0.002,True,False,LOW
56.21,,5.59,-178.87,-1.48,7.94,-11.78,1.37,False,False,False,False,False,False,0.003,0.003,True,False,LOW
56.402,,5.81,-178.52,-1.33,8.11,-11.62,1.44,False,False,False,False,False,False,0.005,0.0,True,False,LOW
56.428,,5.91,-178.28,-1.29,8.14,-11.57,1.46,False,False,False,False,False,False,0.001,0.002,True,False,LOW
56.592,,6.17,-178.32,-1.3,8.38,-11.43,1.49,False,False,False,False,False,False,-0.002,0.0,True,False,LOW
56.619,,6.28,-178.47,-1.4,8.43,-11.43,1.48,False,False,False,False,False,False,0.001,0.0,True,False,LOW
56.798,,6.21,-178.3,-1.42,8.55,-11.34,1.44,False,False,False,False,False,False,0.001,0.002,True,False,LOW
56.823,,6.32,-178.32,-1.4,8.58,-11.34,1.44,False,False,False,False,False,False,0.004,0.002,True,False,LOW
56.99,,6.37,-178.55,-1.43,8.7,-11.43,1.42,False,False,False,False,False,False,0.004,0.001,True,False,LOW
57.013,,6.18,-178.05,-1.45,8.69,-11.38,1.42,False,False,False,False,False,False,0.002,0.002,True,False,LOW
57.199,,5.88,-178.18,-1.41,8.49,-11.25,1.42,False,False,False,False,False,False,0.005,0.003,True,False,LOW
57.221,,5.92,-178.55,-1.36,8.47,-11.29,1.42,False,False,False,False,False,False,0.004,0.0,True,False,LOW
57.391,,6.08,-178.42,-1.34,8.5,-11.34,1.46,False,False,False,False,False,False,0.005,0.002,True,False,LOW
57.415,,6.08,-178.51,-1.32,8.5,-11.36,1.47,False,False,False,False,False,False,0.005,0.002,True,False,LOW
57.594,,6.02,-178.88,-1.35,8.48,-11.62,1.47,False,False,False,False,False,False,0.004,0.001,True,False,LOW
57.616,,6.17,-178.51,-1.34,8.5,-11.6,1.48,False,False,False,False,False,False,0.005,0.002,True,False,LOW
57.79,,7.6,-177.91,-1.57,9.31,-11.22,1.36,False,False,False,False,False,False,-0.006,0.008,True,False,LOW
57.812,,11.95,-179.33,-1.68,10.05,-11.36,1.34,False,False,False,False,False,False,0.006,0.018,True,False,LOW
57.997,,16.26,-178.55,-1.75,15.22,-11.45,1.2,False,False,False,False,False,False,0.004,-0.001,True,False,LOW
58.02,,20.63,-177.19,-1.55,16.66,-11.28,1.21,False,False,False,False,False,False,0.016,0.013,True,False,LOW
58.189,,27.49,-176.15,-1.09,24.91,-10.13,1.48,False,False,False,False,True,True,0.004,0.039,True,False,LOW
58.213,,36.6,-174.65,0.69,28.2,-9.76,1.77,False,False,False,False,True,True,-0.184,-0.012,True,False,LOW
58.399,,43.59,-173.07,3.05,40.35,-7.63,4.1,True,False,False,False,True,True,-0.181,-0.034,True,False,LOW
58.422,,44.29,-173.44,2.53,41.77,-7.45,4.28,True,False,False,False,True,True,-0.226,-0.037,True,False,LOW
58.591,,44.88,-173.77,2.61,45.25,-7.07,4.91,True,False,False,False,True,True,-0.225,-0.032,True,False,LOW
58.614,,44.55,-174.38,2.71,45.57,-7.11,4.99,True,False,False,False,True,True,-0.231,-0.027,True,False,LOW
58.8,,44.79,-174.78,2.43,46.57,-7.46,5.14,True,False,False,False,True,True,-0.183,-0.028,True,False,LOW
58.941,,44.45,-174.77,2.46,46.73,-7.59,5.21,True,False,False,False,True,True,-0.164,-0.024,True,False,LOW
59.041,,43.85,-175.07,2.47,46.55,-7.76,5.25,True,False,False,False,True,True,-0.172,-0.019,True,False,LOW
59.065,,43.85,-176.63,1.39,46.52,-8.02,5.11,True,False,False,False,False,True,-0.068,-0.009,True,False,LOW
59.199,,44.0,-177.28,1.01,46.48,-9.09,4.52,True,False,False,False,False,True,-0.059,-0.002,True,False,LOW
59.223,,43.93,-177.28,0.9,46.47,-9.26,4.41,True,False,False,False,False,True,-0.074,-0.008,True,False,LOW
59.39,,43.62,-177.37,1.31,46.26,-9.83,4.27,True,False,False,False,False,True,-0.04,-0.003,True,False,LOW
59.413,,44.58,-175.35,2.08,46.36,-9.64,4.35,True,False,False,False,False,True,-0.008,-0.007,True,False,LOW
59.598,,44.28,-176.48,1.22,46.55,-9.54,4.19,True,False,False,False,False,True,-0.001,0.006,True,False,LOW
59.621,,45.21,-175.81,1.71,46.7,-9.44,4.23,True,False,False,False,False,True,0.057,-0.006,True,False,LOW
59.788,,45.22,-176.65,1.25,47.2,-9.53,4.15,True,False,False,False,False,True,-0.084,-0.013,True,False,LOW
59.812,,46.3,-174.34,2.7,47.41,-9.22,4.34,True,False,False,False,True,True,-0.223,-0.02,True,False,LOW
59.999,,46.25,-174.55,2.63,48.13,-8.27,4.96,True,False,False,False,True,True,-0.209,-0.006,True,False,LOW
60.021,,46.39,-175.17,1.71,48.22,-8.25,4.91,True,False,False,False,True,True,-0.217,-0.022,True,False,LOW
60.19,,45.84,-175.03,1.81,48.25,-8.12,4.77,True,False,False,False,True,True,-0.204,-0.006,True,False,LOW
60.213,,46.67,-173.11,2.63,48.37,-7.84,4.86,True,False,False,False,True,True,-0.208,-0.023,True,False,LOW
60.399,,46.16,-175.02,2.12,48.49,-7.92,4.91,True,False,False,False,True,True,-0.215,-0.019,True,False,LOW
60.422,,46.72,-173.22,2.91,48.58,-7.68,5.02,True,False,False,False,True,True,-0.22,-0.021,True,False,LOW
60.589,,45.6,-173.53,2.91,48.3,-7.05,5.39,True,False,False,False,True,True,-0.222,-0.009,True,False,LOW
60.612,,45.53,-174.54,2.57,48.26,-7.11,5.39,True,False,False,False,True,True,-0.167,0.002,True,False,LOW
60.797,,45.87,-174.8,2.24,48.29,-7.47,5.22,True,False,False,False,True,True,-0.157,-0.001,True,False,LOW
60.82,,46.58,-175.52,1.71,48.38,-7.6,5.13,True,False,False,False,True,True,-0.117,-0.005,True,False,LOW
60.991,,46.61,-174.38,2.52,48.73,-7.47,5.25,True,False,False,False,True,True,-0.118,-0.006,True,False,LOW
61.014,,46.24,-175.65,1.93,48.73,-7.62,5.18,True,False,False,False,True,True,-0.115,0.002,True,False,LOW
61.201,,46.69,-177.11,0.53,48.95,-8.99,4.18,True,False,False,False,False,True,-0.086,0.002,True,False,LOW
61.227,,45.87,-176.4,1.11,48.86,-9.05,4.14,True,False,False,False,False,True,-0.039,-0.003,True,False,LOW
61.403,,47.16,-176.4,0.83,49.25,-9.22,3.89,True,False,False,False,True,True,-0.106,-0.013,True,False,MODERATE
61.427,,46.33,-176.33,1.45,49.19,-9.23,3.94,True,False,False,False,False,True,-0.02,-0.004,True,False,MODERATE
61.602,,47.86,-175.17,2.2,49.77,-8.66,4.51,True,False,False,False,True,True,0.104,-0.004,True,False,MODERATE
61.626,,47.79,-175.58,1.6,49.84,-8.65,4.5,True,False,False,False,False,True,0.084,-0.004,True,False,MODERATE
61.8,,47.32,-176.19,1.52,49.8,-8.92,4.42,True,False,False,False,False,True,0.097,0.003,True,False,MODERATE
61.824,,50.04,-176.4,1.13,50.18,-8.98,4.36,True,False,False,False,True,True,-0.063,-0.037,True,False,MODERATE
62.008,,50.99,-177.62,0.91,52.01,-9.86,4.02,True,False,False,False,False,True,-0.065,-0.033,True,False,MODERATE
62.032,,49.7,-176.16,0.93,52.03,-9.76,3.99,True,False,False,False,False,True,0.081,0.034,True,False,MODERATE
62.201,,46.94,-177.02,0.64,50.66,-9.88,3.72,True,False,False,False,False,True,0.093,-0.009,True,False,MODERATE
62.854,,11.12,-175.8,-2.65,19.34,-8.99,0.85,False,False,False,False,False,False,0.021,0.008,True,False,MODERATE
62.99,,10.16,-176.55,-3.04,15.75,-9.23,0.35,False,False,False,False,False,False,0.016,0.057,False,False,MODERATE
63.014,,8.69,-177.2,-2.91,14.93,-9.36,0.29,False,False,False,False,False,False,-0.005,0.011,True,False,MODERATE
63.199,,8.37,-175.78,-2.88,12.45,-9.03,0.11,False,False,False,False,False,False,0.004,-0.0,True,False,MODERATE
63.224,,7.47,-175.67,-2.84,12.0,-8.98,0.09,False,False,False,False,False,False,0.003,0.0,True,False,MODERATE
63.392,,7.07,-175.88,-2.78,10.6,-8.91,0.07,False,False,False,False,False,False,0.007,0.001,True,False,MODERATE
63.416,,6.98,-175.75,-2.67,10.41,-8.89,0.08,False,False,False,False,False,False,0.002,0.0,True,False,MODERATE
63.595,,7.27,-175.41,-2.68,10.02,-8.62,0.12,False,False,False,False,False,False,0.032,-0.001,True,False,MODERATE
63.617,,7.48,-175.74,-2.63,10.01,-8.63,0.13,False,False,False,False,False,False,0.048,0.003,True,False,MODERATE
63.789,,7.26,-176.8,-2.6,9.84,-9.23,0.18,False,False,False,False,False,False,0.045,0.005,True,False,MODERATE
63.813,,6.95,-177.7,-2.7,9.78,-9.42,0.17,False,False,False,False,False,False,0.053,0.007,True,False,MODERATE
63.997,,6.92,-177.71,-2.69,9.55,-10.12,0.16,False,False,False,False,False,False,0.054,0.007,True,False,MODERATE
64.02,,7.15,-178.11,-2.68,9.56,-10.24,0.16,False,False,False,False,False,False,0.054,0.004,True,False,MODERATE
64.188,,6.93,-178.47,-2.81,9.46,-10.88,0.09,False,False,False,False,False,False,0.053,0.006,True,False,MODERATE
64.212,,6.8,-178.21,-2.82,9.43,-10.92,0.08,False,False,False,False,False,False,0.057,0.01,True,False,MODERATE
64.402,,6.47,-178.44,-2.74,9.14,-11.19,0.08,False,False,False,False,False,False,0.057,0.013,True,False,MODERATE
64.424,,6.33,-177.87,-2.71,9.1,-11.15,0.09,False,False,False,False,False,False,0.058,0.009,True,False,MODERATE
64.59,,5.84,-177.6,-2.68,8.67,-10.85,0.12,False,False,False,False,False,False,0.066,0.009,True,False,MODERATE
64.612,,5.54,-177.62,-2.53,8.58,-10.82,0.14,False,False,False,False,False,False,0.056,0.009,True,False,MODERATE
64.782,,5.61,-178.07,-2.59,8.3,-10.93,0.19,False,False,False,False,False,False,0.051,0.009,True,False,MODERATE
64.813,,5.47,-178.25,-2.49,8.24,-10.98,0.22,False,False,False,False,False,False,0.057,0.011,True,False,MODERATE
64.987,,5.21,-177.61,-2.25,7.93,-10.77,0.41,False,False,False,False,False,False,0.056,0.013,True,False,MODERATE
65.01,,4.95,-177.7,-2.71,7.85,-10.76,0.37,False,False,False,False,True,True,-0.032,0.049,True,False,MODERATE
65.18,,4.08,-176.16,-2.52,7.15,-9.9,0.34,False,False,False,False,False,False,-0.004,0.011,True,False,MODERATE
65.213,,3.85,-176.57,-2.55,6.99,-9.84,0.33,False,False,False,False,False,False,0.003,0.003,True,False,MODERATE
65.392,,4.76,-177.78,-2.56,7.1,-10.32,0.3,False,False,False,False,False,False,0.006,-0.001,True,False,MODERATE
65.417,,4.89,-177.63,-2.39,7.13,-10.36,0.32,False,False,False,False,False,False,0.007,-0.004,True,False,MODERATE
65.576,,4.99,-179.07,-2.36,7.28,-11.22,0.39,False,False,False,False,False,False,0.006,-0.003,True,False,MODERATE
65.613,,5.14,-178.24,-2.41,7.34,-11.22,0.4,False,False,False,False,False,False,0.007,-0.004,True,False,MODERATE
65.788,,4.21,-179.21,-2.79,6.98,-11.73,0.21,False,False,False,False,False,False,0.007,-0.003,True,False,MODERATE
65.811,,4.73,-178.88,-2.72,7.0,-11.74,0.2,False,False,False,False,False,False,0.009,-0.0,True,False,MODERATE
65.985,,4.28,-178.22,-2.85,6.85,-11.45,0.08,False,False,False,False,False,False,0.011,0.001,True,False,LOW
66.013,,4.41,-177.81,-2.86,6.85,-11.35,0.07,False,False,False,False,True,True,-0.008,0.039,True,False,LOW
66.19,,4.31,-177.86,-3.09,6.8,-11.08,-0.11,False,False,False,False,False,False,-0.009,0.019,True,False,LOW
66.213,,3.42,-177.23,-2.79,6.68,-10.96,-0.09,False,False,False,False,False,False,-0.002,0.006,True,False,LOW
66.381,,3.41,-176.46,-2.46,6.24,-10.15,0.15,False,False,False,False,False,False,-0.006,0.003,True,False,LOW
66.411,,3.09,-176.35,-2.69,6.13,-10.01,0.15,False,False,False,False,False,False,-0.001,0.003,True,False,LOW
66.588,,3.05,-176.58,-2.73,5.78,-9.76,0.12,False,False,False,False,False,False,0.003,0.003,True,False,LOW
66.612,,2.93,-176.44,-2.85,5.73,-9.71,0.1,False,False,False,False,False,False,0.005,0.003,True,False,LOW
66.782,,2.77,-176.76,-2.73,5.46,-9.72,0.1,False,False,False,False,False,False,0.005,0.01,True,False,LOW
66.811,,3.2,-176.54,-2.67,5.48,-9.69,0.11,False,False,False,False,False,False,0.004,0.013,True,False,LOW
66.987,,3.39,-177.4,-2.78,5.67,-10.05,0.08,False,False,False,False,False,False,0.004,0.013,True,False,LOW
67.011,,2.45,-177.99,-2.95,5.56,-10.17,0.05,False,False,False,False,False,False,0.004,0.011,True,False,LOW
67.185,,1.71,-177.74,-3.0,4.81,-10.45,-0.06,False,False,False,False,False,False,-0.001,0.012,True,False,LOW
67.213,,1.17,-178.06,-2.89,4.61,-10.55,-0.06,False,False,False,False,False,False,-0.0,0.012,True,False,LOW
67.391,,1.67,-177.56,-2.85,4.34,-10.54,-0.04,False,False,False,False,False,False,-0.003,0.013,True,False,LOW
67.414,,1.97,-177.84,-2.82,4.35,-10.57,-0.03,False,False,False,False,False,False,0.0,0.013,True,False,LOW
67.581,,2.25,-178.28,-2.67,4.53,-10.92,0.07,False,False,False,False,False,False,-0.002,0.012,True,False,LOW
67.611,,2.5,-177.24,-2.4,4.59,-10.81,0.12,False,False,False,False,False,False,-0.005,0.011,True,False,LOW
67.792,,3.2,-176.0,-2.52,5.16,-9.81,0.22,False,False,False,False,False,False,-0.002,0.012,True,False,LOW
67.815,,3.2,-176.24,-2.67,5.22,-9.73,0.22,False,False,False,False,False,False,0.044,0.013,True,False,LOW
67.981,,3.47,-177.14,-2.62,5.58,-9.93,0.21,False,False,False,False,False,False,0.046,0.011,True,False,LOW
68.013,,3.23,-176.28,-2.55,5.59,-9.81,0.22,False,False,False,False,False,False,0.044,0.01,True,False,LOW
68.195,,3.02,-176.33,-2.59,5.52,-9.53,0.23,False,False,False,False,False,False,0.047,0.012,True,False,LOW
68.221,,2.77,-177.0,-2.62,5.48,-9.6,0.23,False,False,False,False,False,False,0.051,0.013,True,False,LOW
68.382,,2.67,-176.42,-2.75,5.29,-9.49,0.15,False,False,False,False,False,False,0.011,0.013,True,False,LOW
68.413,,1.97,-176.81,-2.7,5.14,-9.54,0.15,False,False,False,False,False,False,0.002,0.012,True,False,LOW
68.593,,1.88,-176.19,-2.9,4.7,-9.34,0.03,False,False,False,False,False,False,0.005,0.01,True,False,LOW
68.616,,2.38,-175.96,-2.68,4.71,-9.28,0.05,False,False,False,False,False,False,0.047,0.009,True,False,LOW
68.783,,2.49,-175.99,-2.59,4.83,-9.12,0.15,False,False,False,False,False,False,0.044,0.011,True,False,LOW
68.812,,2.8,-176.36,-2.6,4.89,-9.15,0.16,False,False,False,False,False,False,0.048,0.007,True,False,LOW
68.99,,2.34,-176.58,-2.52,4.83,-9.36,0.24,False,False,False,False,False,False,0.051,0.008,True,False,LOW
69.013,,3.16,-176.73,-2.5,4.93,-9.41,0.25,False,False,False,False,False,False,0.052,0.007,True,False,LOW
69.181,,3.0,-177.18,-2.73,5.2,-9.79,0.17,False,False,False,False,True,True,0.001,0.041,True,False,LOW
69.212,,2.3,-176.66,-2.77,5.12,-9.77,0.16,False,False,False,False,False,False,-0.008,0.018,True,False,LOW
69.403,,2.04,-176.94,-2.67,4.77,-9.85,0.16,False,False,False,False,False,False,-0.005,0.015,True,False,LOW
69.427,,1.69,-177.2,-2.66,4.69,-9.89,0.16,False,False,False,False,False,False,-0.004,0.013,True,False,LOW
69.589,,1.23,-178.37,-3.3,4.16,-10.64,-0.16,False,False,False,False,False,False,0.016,0.057,False,False,LOW
69.611,,2.34,-177.52,-3.23,4.24,-10.62,-0.19,False,False,False,False,True,True,-0.017,0.035,True,False,LOW
69.801,,1.47,-176.95,-2.84,4.06,-10.24,-0.09,False,False,False,False,False,False,-0.012,0.018,True,False,LOW
69.825,,0.82,-176.73,-2.93,3.95,-10.17,-0.09,False,False,False,False,False,False,-0.01,0.016,True,False,LOW
69.993,,0.69,-176.47,-3.04,3.52,-9.79,-0.15,False,False,False,False,False,False,-0.007,0.011,True,False,LOW
70.017,,1.15,-177.32,-3.09,3.53,-9.85,-0.17,False,False,False,False,False,False,-0.009,0.011,True,False,LOW
70.205,,0.67,-177.05,-3.02,3.3,-9.94,-0.18,False,False,False,False,False,False,-0.01,0.006,True,False,LOW
70.228,,0.58,-177.68,-2.73,3.26,-10.04,-0.14,False,False,False,False,False,False,0.03,0.012,True,False,LOW
70.383,,0.47,-177.52,-2.77,3.09,-10.26,-0.04,False,False,False,False,False,False,0.035,0.009,True,False,LOW
70.413,,0.91,-177.48,-2.78,3.13,-10.29,-0.03,False,False,False,False,False,False,0.042,0.008,True,False,LOW
70.592,,0.91,-178.2,-2.62,3.25,-10.76,0.1,False,False,False,False,False,False,0.044,0.007,True,False,LOW
70.615,,1.25,-178.24,-2.67,3.3,-10.82,0.11,False,False,False,False,False,False,0.046,0.01,True,False,LOW
70.782,,0.89,-178.57,-2.67,3.32,-11.2,0.13,False,False,False,False,False,False,0.048,0.01,True,False,LOW
70.813,,0.87,-178.48,-2.63,3.32,-11.24,0.14,False,False,False,False,False,False,0.048,0.008,True,False,LOW
70.992,,0.66,-178.52,-2.64,3.2,-11.37,0.17,False,False,False,False,False,False,0.052,0.009,True,False,LOW
71.015,,0.94,-177.3,-2.82,3.22,-11.23,0.15,False,False,False,False,False,False,-0.01,0.011,True,False,LOW
71.185,,1.66,-177.4,-2.92,3.68,-10.78,0.03,False,False,False,False,False,False,-0.007,0.011,True,False,LOW
71.212,,1.67,-177.3,-2.96,3.75,-10.7,0.0,False,False,False,False,False,False,-0.005,0.008,True,False,LOW
71.392,,1.46,-177.73,-2.96,3.83,-10.7,-0.07,False,False,False,False,False,False,-0.005,0.01,True,False,LOW
71.415,,1.64,-177.6,-2.94,3.86,-10.68,-0.07,False,False,False,False,False,False,-0.009,0.011,True,False,LOW
71.581,,1.22,-177.94,-2.94,3.76,-10.8,-0.09,False,False,False,False,False,False,-0.007,0.009,True,False,LOW
71.611,,1.34,-178.19,-2.89,3.76,-10.86,-0.09,False,False,False,False,False,False,-0.005,0.011,True,False,LOW
71.79,,1.46,-177.62,-2.71,3.84,-10.72,0.02,False,False,False,False,False,False,-0.002,0.013,True,False,LOW
71.813,,0.61,-177.86,-2.59,3.73,-10.73,0.05,False,False,False,False,False,False,-0.001,0.012,True,False,LOW
71.983,,0.26,-177.5,-2.61,3.19,-10.6,0.14,False,False,False,False,False,False,-0.001,0.01,True,False,LOW
72.012,,0.44,-176.69,-2.51,3.14,-10.45,0.17,False,False,False,False,False,False,-0.002,0.011,True,False,LOW
72.189,,0.02,-176.82,-2.67,2.78,-10.1,0.16,False,False,False,False,False,False,-0.001,0.01,True,False,LOW
72.213,,-0.2,-176.66,-2.68,2.7,-10.03,0.16,False,False,False,False,False,False,0.001,0.009,True,False,LOW
72.381,,0.0,-176.49,-2.62,2.57,-9.73,0.19,False,False,False,False,False,False,0.001,0.007,True,False,LOW
72.415,,-0.34,-176.78,-2.56,2.48,-9.74,0.2,False,False,False,False,False,False,-0.001,0.007,True,False,LOW
72.589,,-0.59,-176.46,-2.53,2.15,-9.57,0.25,False,False,False,False,False,False,-0.002,0.007,True,False,LOW
72.612,,-0.78,-176.09,-2.56,2.08,-9.51,0.26,False,False,False,False,False,False,-0.006,0.005,True,False,LOW
72.781,,-0.19,-175.94,-2.56,2.17,-9.2,0.26,False,False,False,False,False,False,-0.002,0.006,True,False,LOW
72.812,,-0.06,-176.04,-2.56,2.2,-9.16,0.26,False,False,False,False,False,False,-0.003,0.005,True,False,LOW
72.991,,-0.32,-176.19,-2.62,2.16,-9.16,0.24,False,False,False,False,False,False,-0.004,0.007,True,False,LOW
73.013,,-0.34,-175.8,-2.57,2.15,-9.11,0.24,False,False,False,False,False,False,-0.005,0.004,True,False,LOW
73.182,,-0.54,-176.07,-2.54,2.02,-9.08,0.26,False,False,False,False,False,False,-0.005,0.003,True,False,LOW
73.214,,-0.8,-176.03,-2.61,1.96,-9.06,0.26,False,False,False,False,False,False,-0.008,0.001,True,False,LOW
73.398,,-1.85,-176.11,-2.6,1.21,-9.07,0.24,False,False,False,False,False,False,-0.006,0.006,True,False,LOW
73.423,,-2.16,-176.25,-2.62,1.08,-9.09,0.24,False,False,False,False,False,False,-0.011,0.006,True,False,LOW
73.577,,-2.73,-176.16,-2.61,0.38,-9.11,0.23,False,False,False,False,False,False,-0.01,0.005,True,False,LOW
73.612,,-2.18,-176.8,-2.61,0.36,-9.23,0.23,False,False,False,False,False,False,-0.01,0.005,True,False,LOW
73.789,,-2.01,-177.19,-2.54,0.4,-9.73,0.26,False,False,False,False,False,False,-0.014,0.006,True,False,LOW
73.811,,-2.73,-177.03,-2.37,0.31,-9.76,0.28,False,False,False,False,False,False,-0.016,0.006,True,False,LOW
73.985,,-3.08,-177.08,-2.38,-0.2,-9.91,0.37,False,False,False,False,False,False,-0.015,0.003,True,False,LOW
74.013,,-3.76,-176.61,-2.5,-0.37,-9.87,0.37,False,False,False,False,False,False,-0.012,0.004,True,False,LOW
74.188,,-5.27,-176.12,-2.49,-1.71,-9.46,0.35,False,False,False,False,False,False,-0.013,0.009,True,False,LOW
74.212,,-16.0,-176.26,-2.57,-3.94,-9.43,0.34,False,False,False,False,True,True,0.103,-0.006,True,False,LOW
74.384,,-30.47,-174.38,-3.3,-19.74,-8.32,-0.08,False,False,False,False,True,True,0.142,-0.025,True,False,LOW
74.413,,-39.38,-174.7,-3.91,-24.8,-8.21,-0.24,False,False,False,False,True,True,0.152,-0.028,True,False,LOW
74.59,,-43.07,-174.29,-5.69,-35.61,-7.7,-1.67,True,False,False,False,True,True,0.208,-0.019,True,False,LOW
74.613,,-46.34,-174.48,-5.96,-37.57,-7.67,-1.88,True,False,False,False,True,True,0.197,-0.05,True,False,LOW
74.782,,-48.34,-174.38,-6.09,-42.96,-7.5,-2.62,True,False,False,False,True,True,0.092,-0.057,True,False,LOW
74.812,,-49.68,-174.56,-6.7,-44.03,-7.51,-2.84,True,False,False,False,True,True,0.113,-0.039,True,False,LOW
74.99,,-50.0,-174.14,-7.1,-46.21,-7.29,-3.62,True,False,False,False,True,True,0.042,-0.04,True,False,LOW
75.012,,-49.98,-173.93,-7.57,-46.43,-7.25,-3.77,True,False,False,False,True,True,0.066,-0.041,True,False,LOW
75.183,,-50.45,-175.37,-6.3,-47.33,-7.81,-3.61,True,False,False,False,True,True,0.073,-0.039,True,False,LOW
75.206,,-50.35,-176.02,-6.23,-47.42,-7.97,-3.58,True,False,False,False,False,True,0.081,-0.035,True,False,LOW
75.392,,-50.61,-175.71,-6.37,-47.85,-8.36,-3.56,True,False,False,False,False,True,0.098,-0.034,True,False,LOW
75.539,,-50.26,-176.08,-6.24,-47.83,-8.7,-3.49,True,False,False,False,False,True,0.07,-0.027,True,False,LOW
75.643,,-50.78,-176.39,-6.05,-48.04,-8.96,-3.38,True,False,False,False,False,True,0.082,-0.035,True,False,LOW
75.666,,-50.17,-176.49,-6.13,-48.0,-9.03,-3.37,True,False,False,False,False,True,0.1,-0.032,True,False,LOW
75.792,,-50.39,-176.08,-6.46,-47.98,-9.04,-3.49,True,False,False,False,True,True,0.11,-0.029,True,False,LOW
75.815,,-50.22,-175.74,-6.5,-47.95,-9.0,-3.51,True,False,False,False,False,True,0.096,-0.031,True,False,LOW
75.982,,-50.57,-176.54,-5.87,-48.04,-9.26,-3.27,True,False,False,False,True,True,0.114,-0.029,True,False,LOW
76.005,,-50.63,-176.72,-6.09,-48.06,-9.32,-3.27,True,False,False,False,True,True,0.18,-0.042,True,False,LOW
76.188,,-50.89,-176.17,-6.57,-48.27,-9.22,-3.52,True,False,False,False,True,True,0.152,0.039,True,False,LOW
76.211,,-51.0,-175.78,-6.92,-48.31,-9.16,-3.59,True,False,False,False,True,True,0.123,0.006,True,False,LOW
76.382,,-51.82,-174.19,-7.64,-48.87,-8.1,-4.24,True,False,False,False,True,True,0.137,-0.03,True,False,LOW
76.407,,-51.41,-175.11,-6.96,-48.89,-8.1,-4.22,True,False,False,False,True,True,0.114,-0.016,True,False,LOW
76.591,,-51.49,-174.61,-7.25,-48.97,-7.82,-4.33,True,False,False,False,True,True,0.143,-0.026,True,False,LOW
76.614,,-51.68,-174.54,-7.65,-49.01,-7.78,-4.39,True,False,False,False,True,True,0.151,-0.028,True,False,LOW
76.781,,-51.26,-174.21,-7.08,-48.91,-7.47,-4.32,True,False,False,False,True,True,0.151,-0.025,True,False,LOW
76.805,,-51.2,-175.11,-6.62,-48.89,-7.54,-4.25,True,False,False,False,True,True,0.162,-0.016,True,False,LOW
76.988,,-51.6,-175.25,-6.49,-49.04,-7.91,-3.93,True,False,False,False,True,True,0.152,-0.011,True,False,LOW
77.01,,-51.46,-174.62,-7.11,-49.03,-7.87,-3.97,True,False,False,False,True,True,0.129,-0.023,True,False,LOW
77.181,,-50.78,-175.84,-6.28,-48.67,-8.36,-3.7,True,False,False,False,True,True,0.161,-0.016,True,False,LOW
77.205,,-51.2,-175.25,-6.8,-48.68,-8.34,-3.74,True,False,False,False,True,True,0.155,-0.017,True,False,LOW
77.4,,-50.54,-175.23,-6.24,-48.36,-8.26,-3.56,True,False,False,False,False,True,0.088,-0.031,True,False,LOW
77.425,,-50.61,-174.81,-6.43,-48.33,-8.2,-3.56,True,False,False,False,False,True,0.092,-0.015,True,False,LOW
77.587,,-50.61,-175.24,-6.27,-48.25,-8.2,-3.5,True,False,False,False,False,True,0.078,-0.017,True,False,LOW
77.611,,-50.5,-175.69,-5.96,-48.23,-8.27,-3.45,True,False,False,False,False,True,0.032,-0.024,True,False,MODERATE
77.803,,-50.42,-175.3,-5.72,-48.09,-8.27,-3.14,True,False,False,False,False,True,-0.086,0.001,True,False,MODERATE
77.828,,-50.47,-174.34,-6.9,-48.08,-8.13,-3.27,True,False,False,False,True,True,-0.179,0.001,True,False,MODERATE
77.995,,-50.16,-175.45,-6.05,-47.9,-8.28,-3.25,True,False,False,False,True,True,-0.166,-0.001,True,False,MODERATE
78.021,,-49.99,-175.23,-6.27,-47.85,-8.27,-3.27,True,False,False,False,True,True,-0.168,0.001,True,False,MODERATE
78.202,,-50.23,-174.45,-6.68,-47.82,-7.81,-3.58,True,False,False,False,True,True,-0.153,0.015,True,False,MODERATE
78.229,,-50.41,-174.73,-6.4,-47.84,-7.8,-3.58,True,False,False,False,True,True,-0.259,-0.01,True,False,MODERATE
78.382,,-47.32,-176.09,-5.51,-46.34,-8.42,-3.14,True,False,False,False,True,True,-0.159,-0.003,True,False,MODERATE
78.521,,-42.89,-175.83,-4.67,-43.35,-8.6,-2.52,True,False,False,False,True,True,-0.14,-0.009,True,False,MODERATE
78.624,,-39.6,-176.26,-4.46,-40.56,-8.85,-2.16,True,False,False,False,True,True,-0.113,0.011,True,False,MODERATE
78.648,,-35.66,-177.73,-3.5,-39.19,-9.11,-1.95,True,False,False,False,False,True,-0.092,0.012,True,False,MODERATE
78.782,,-29.76,-178.9,-2.81,-32.44,-10.45,-1.0,True,False,False,False,False,True,-0.083,0.018,True,False,MODERATE
78.807,,-22.98,-178.25,-2.76,-29.74,-10.56,-0.85,False,False,False,False,False,False,-0.066,0.015,True,False,MODERATE
78.988,,-16.07,179.51,-2.44,-18.97,-12.19,-0.16,False,False,False,False,False,False,-0.04,0.007,True,False,MODERATE
79.01,,-11.4,179.01,-2.81,-16.67,-12.44,-0.14,False,False,False,False,False,False,-0.025,0.005,True,False,MODERATE
79.18,,-7.29,-178.83,-3.44,-8.95,-12.1,-0.39,False,False,False,False,False,False,-0.018,0.001,True,False,MODERATE
79.204,,-6.91,-179.31,-3.65,-7.98,-12.13,-0.44,False,False,False,False,False,False,-0.017,-0.0,True,False,MODERATE
79.39,,-6.57,-177.77,-3.57,-5.55,-11.38,-0.6,False,False,False,False,False,False,-0.014,0.006,True,False,MODERATE
79.414,,-6.72,-177.93,-3.45,-5.32,-11.31,-0.61,False,False,False,False,False,False,-0.011,0.001,True,False,MODERATE
79.585,,-4.29,-177.33,-3.37,-3.3,-10.78,-0.57,False,False,False,False,False,False,-0.003,0.002,True,False,MODERATE
79.608,,-1.6,-177.8,-3.12,-2.6,-10.78,-0.54,False,False,False,False,True,True,-0.025,0.035,True,False,MODERATE
79.788,,0.09,-176.89,-2.98,0.45,-10.28,-0.33,False,False,False,False,False,False,-0.021,0.017,True,False,MODERATE
79.811,,-0.71,-177.85,-2.7,0.66,-10.35,-0.27,False,False,False,False,False,False,-0.004,0.008,True,False,MODERATE
79.983,,-1.43,-177.95,-2.66,0.85,-10.65,-0.04,False,False,False,False,False,False,-0.036,0.005,True,False,MODERATE
80.006,,-2.51,-176.75,-2.67,0.73,-10.53,-0.01,False,False,False,False,False,False,-0.039,0.005,True,False,MODERATE
80.188,,-2.96,-177.13,-2.93,0.05,-10.3,-0.06,False,False,False,False,False,False,-0.025,0.007,True,False,MODERATE
80.212,,-3.07,-177.97,-2.64,-0.04,-10.38,-0.03,False,False,False,False,False,False,-0.007,0.007,True,False,MODERATE
80.381,,-3.69,-177.89,-2.87,-0.67,-10.63,-0.03,False,False,False,False,False,False,-0.013,0.03,True,False,MODERATE
80.405,,-2.84,-176.77,-2.83,-0.63,-10.51,-0.03,False,False,False,False,True,True,-0.033,0.039,True,False,MODERATE
80.588,,-4.23,-177.84,-2.61,-1.26,-10.67,0.1,False,False,False,False,False,False,-0.008,0.006,True,False,MODERATE
80.61,,-4.07,-177.51,-2.6,-1.31,-10.65,0.12,False,False,False,False,False,False,-0.009,0.005,True,False,MODERATE
80.779,,-5.07,-177.63,-2.83,-2.0,-10.62,0.06,False,False,False,False,False,False,-0.003,0.002,True,False,MODERATE
80.802,,-5.41,-176.46,-2.7,-2.13,-10.47,0.07,False,False,False,False,False,False,-0.009,-0.001,True,False,MODERATE
80.99,,-5.88,-177.1,-2.74,-2.86,-10.25,0.08,False,False,False,False,False,False,-0.009,-0.002,True,False,MODERATE
81.013,,-5.22,-178.35,-2.66,-2.85,-10.39,0.09,False,False,False,False,False,False,-0.01,-0.002,True,False,MODERATE
81.181,,-6.16,-178.01,-2.77,-3.31,-10.69,0.08,False,False,False,False,False,False,-0.009,-0.002,True,False,MODERATE
81.206,,-6.29,-178.03,-2.65,-3.38,-10.74,0.09,False,False,False,False,False,False,-0.009,0.0,True,False,MODERATE
81.393,,-5.97,-179.11,-2.33,-3.46,-11.48,0.31,False,False,False,False,False,False,-0.013,0.002,True,False,MODERATE
81.417,,-6.7,-178.49,-2.41,-3.57,-11.47,0.33,False,False,False,False,False,False,-0.017,0.009,True,False,MODERATE
81.577,,-5.43,-178.61,-2.52,-3.28,-11.53,0.32,False,False,False,False,False,False,-0.009,0.005,True,False,MODERATE
81.601,,-6.44,-178.2,-2.61,-3.38,-11.48,0.31,False,False,False,False,False,False,-0.006,0.002,True,False,MODERATE
81.79,,-6.39,-178.43,-2.68,-3.69,-11.44,0.22,False,False,False,False,False,False,-0.009,0.001,True,False,MODERATE
81.813,,-5.77,-179.2,-2.64,-3.65,-11.53,0.22,False,False,False,False,False,False,-0.016,0.0,True,False,LOW
81.978,,-5.86,-178.91,-2.69,-3.53,-11.71,0.18,False,False,False,False,False,False,-0.023,0.019,True,False,LOW
82.002,,-5.34,-178.04,-2.57,-3.45,-11.62,0.19,False,False,False,False,False,False,-0.038,0.035,True,False,LOW
82.191,,-4.88,-178.64,-2.38,-2.89,-11.61,0.33,False,False,False,False,False,False,-0.019,0.01,True,False,LOW
82.215,,-5.02,-179.53,-2.52,-2.85,-11.73,0.33,False,False,False,False,False,False,-0.006,0.006,True,False,LOW
82.38,,-4.64,-178.82,-2.7,-2.51,-11.76,0.23,False,False,False,False,False,False,-0.008,0.007,True,False,LOW
82.403,,-5.07,-178.75,-2.74,-2.53,-11.76,0.21,False,False,False,False,False,False,-0.005,0.005,True,False,LOW
82.589,,-5.21,-179.23,-2.75,-2.66,-12.0,0.14,False,False,False,False,False,False,-0.013,0.006,True,False,LOW
82.612,,-5.44,-178.54,-2.77,-2.7,-11.94,0.13,False,False,False,False,False,False,-0.019,0.013,True,False,LOW
82.787,,-4.78,-178.52,-2.8,-2.51,-11.7,0.08,False,False,False,False,False,False,-0.016,0.007,True,False,LOW
82.811,,-4.5,-178.47,-2.86,-2.45,-11.67,0.06,False,False,False,False,False,False,-0.011,0.007,True,False,LOW
82.989,,-4.83,-178.21,-2.95,-2.42,-11.41,-0.03,False,False,False,False,False,False,-0.009,0.004,True,False,LOW
83.012,,-4.56,-177.83,-3.32,-2.38,-11.33,-0.09,False,False,False,False,False,False,0.016,0.057,False,False,LOW
83.18,,-3.04,-177.81,-3.44,-1.44,-11.04,-0.36,False,False,False,False,False,False,-0.014,0.029,True,False,LOW
83.203,,-4.07,-177.36,-3.21,-1.47,-10.95,-0.36,False,False,False,False,False,False,-0.017,0.017,True,False,LOW
83.399,,-4.13,-178.23,-3.16,-1.59,-11.09,-0.35,False,False,False,False,False,False,-0.007,0.013,True,False,LOW
83.423,,-4.23,-178.45,-3.04,-1.62,-11.13,-0.33,False,False,False,False,False,False,-0.016,0.011,True,False,LOW
83.58,,-4.24,-178.65,-2.55,-1.71,-11.37,-0.02,False,False,False,False,False,False,0.037,0.017,True,False,LOW
83.602,,-4.89,-178.77,-2.64,-1.8,-11.42,0.0,False,False,False,False,False,False,0.041,0.009,True,False,LOW
83.789,,-3.96,-178.46,-2.67,-1.65,-11.43,0.09,False,False,False,False,False,False,0.04,0.006,True,False,LOW
83.813,,-3.94,-178.7,-2.75,-1.63,-11.46,0.09,False,False,False,False,False,False,0.04,0.01,True,False,LOW
83.98,,-3.62,-179.07,-2.72,-1.4,-11.76,0.1,False,False,False,False,False,False,0.038,0.01,True,False,LOW
84.004,,-3.12,-179.57,-2.68,-1.3,-11.87,0.11,False,False,False,False,False,False,0.042,0.015,True,False,LOW
84.192,,-2.67,-179.3,-2.62,-0.71,-12.09,0.16,False,False,False,False,False,False,0.042,0.015,True,False,LOW
84.215,,-2.71,-179.29,-2.61,-0.66,-12.11,0.17,False,False,False,False,False,False,0.042,0.012,True,False,LOW
84.382,,-2.62,-178.84,-2.58,-0.41,-11.96,0.21,False,False,False,False,False,False,0.036,0.013,True,False,LOW
84.406,,-3.21,-178.92,-2.46,-0.46,-11.95,0.23,False,False,False,False,False,False,0.042,0.013,True,False,LOW
84.594,,-3.64,-178.17,-2.38,-0.86,-11.51,0.35,False,False,False,False,False,False,0.037,0.009,True,False,LOW
84.617,,-3.78,-178.46,-2.47,-0.92,-11.5,0.35,False,False,False,False,False,False,0.038,0.012,True,False,LOW
84.782,,-3.49,-178.22,-2.8,-0.99,-11.34,0.19,False,False,False,False,False,False,-0.02,0.014,True,False,LOW
84.804,,-3.03,-178.05,-2.68,-0.94,-11.3,0.18,False,False,False,False,False,False,0.01,0.012,True,False,LOW
84.989,,-3.17,-178.11,-2.33,-0.83,-11.18,0.35,False,False,False,False,False,False,0.039,0.016,True,False,LOW
85.012,,-3.35,-178.86,-2.4,-0.84,-11.26,0.36,False,False,False,False,False,False,0.04,0.013,True,False,LOW
85.181,,-3.09,-178.87,-2.29,-0.74,-11.56,0.45,False,False,False,False,False,False,0.04,0.015,True,False,LOW
85.204,,-3.32,-178.57,-2.33,-0.76,-11.56,0.46,False,False,False,False,False,False,0.037,0.015,True,False,LOW
85.383,,-3.57,-178.95,-2.4,-0.96,-11.75,0.44,False,False,False,False,False,False,0.036,0.014,True,False,LOW
85.407,,-3.62,-178.79,-2.36,-0.99,-11.75,0.45,False,False,False,False,False,False,0.035,0.015,True,False,LOW
85.588,,-3.03,-179.88,-2.23,-0.77,-12.34,0.53,False,False,False,False,False,False,0.036,0.018,True,False,LOW
85.61,,-3.04,179.97,-2.15,-0.75,-12.43,0.55,False,False,False,False,False,False,0.038,0.018,True,False,LOW
85.781,,-4.16,-178.97,-2.32,-1.26,-12.17,0.53,False,False,False,False,False,False,0.032,0.015,True,False,LOW
85.805,,-3.72,178.73,-2.27,-1.26,-12.47,0.53,False,False,False,False,False,False,0.032,0.018,True,False,LOW
85.992,,-4.06,178.92,-2.36,-1.46,-13.35,0.5,False,False,False,False,False,False,0.038,0.017,True,False,LOW
86.015,,-4.22,-179.38,-2.32,-1.5,-13.22,0.5,False,False,False,False,False,False,0.037,0.018,True,False,LOW
86.185,,-4.35,-179.7,-2.17,-1.71,-12.94,0.58,False,False,False,False,False,False,0.036,0.015,True,False,LOW
86.209,,-4.16,-178.97,-2.18,-1.71,-12.8,0.59,False,False,False,False,False,False,0.041,0.017,True,False,LOW
86.381,,-3.99,-178.81,-2.16,-1.63,-12.26,0.63,False,False,False,False,False,False,0.039,0.016,True,False,LOW
86.405,,-3.34,-178.0,-2.4,-1.53,-12.08,0.61,False,False,False,False,False,False,0.019,0.015,True,False,LOW
86.577,,-3.72,-178.24,-2.51,-1.4,-11.62,0.46,False,False,False,False,False,False,-0.024,0.01,True,False,LOW
86.604,,-2.35,-177.6,-2.63,-1.17,-11.45,0.42,False,False,False,False,False,False,-0.02,0.031,True,False,LOW
86.781,,-2.16,-177.19,-2.62,-0.38,-10.75,0.31,False,False,False,False,True,True,-0.013,0.042,True,False,LOW
86.804,,-2.45,-177.24,-2.71,-0.33,-10.68,0.28,False,False,False,False,False,False,-0.019,0.028,True,False,LOW
86.971,,-3.0,-177.27,-2.59,-0.45,-10.45,0.26,False,False,False,False,False,False,-0.019,0.015,True,False,LOW
87.004,,-2.89,-177.65,-2.62,-0.45,-10.48,0.25,False,False,False,False,False,False,-0.02,0.014,True,False,LOW
87.18,,-3.14,-177.28,-2.5,-0.58,-10.36,0.29,False,False,False,False,False,False,-0.018,0.012,True,False,LOW
87.204,,-2.93,-178.09,-2.63,-0.57,-10.45,0.28,False,False,False,False,False,False,-0.02,0.007,True,False,LOW
87.372,,-2.98,-177.67,-2.55,-0.55,-10.55,0.28,False,False,False,False,False,False,-0.017,0.011,True,False,LOW
87.405,,-2.89,-177.94,-2.61,-0.54,-10.61,0.27,False,False,False,False,False,False,-0.016,0.008,True,False,LOW
87.58,,-2.86,-177.31,-2.53,-0.48,-10.44,0.29,False,False,False,False,False,False,-0.016,0.007,True,False,LOW
87.603,,-2.67,-177.64,-2.61,-0.44,-10.46,0.28,False,False,False,False,False,False,-0.015,0.007,True,False,LOW
87.774,,-2.82,-177.71,-2.52,-0.41,-10.57,0.29,False,False,False,False,False,False,-0.016,0.007,True,False,LOW
87.804,,-2.88,-177.61,-2.56,-0.42,-10.58,0.29,False,False,False,False,False,False,-0.016,0.008,True,False,LOW
87.982,,-2.51,-177.84,-2.57,-0.23,-10.7,0.27,False,False,False,False,False,False,-0.014,0.006,True,False,LOW
88.004,,-2.73,-177.89,-2.6,-0.24,-10.72,0.27,False,False,False,False,False,False,-0.016,0.007,True,False,LOW
88.172,,-2.37,-177.75,-2.59,-0.08,-10.72,0.25,False,False,False,False,False,False,-0.012,0.006,True,False,LOW
88.204,,-3.12,-177.32,-2.61,-0.18,-10.65,0.25,False,False,False,False,False,False,-0.01,0.006,True,False,LOW
88.383,,-2.94,-177.98,-2.66,-0.35,-10.81,0.21,False,False,False,False,False,False,-0.014,0.007,True,False,LOW
88.407,,-2.65,-177.51,-2.56,-0.33,-10.76,0.22,False,False,False,False,False,False,-0.013,0.007,True,False,LOW
88.572,,-2.64,-178.23,-2.48,-0.27,-10.99,0.28,False,False,False,False,False,False,-0.013,0.007,True,False,LOW
88.605,,-2.59,-177.99,-2.5,-0.25,-10.98,0.29,False,False,False,False,False,False,-0.013,0.007,True,False,LOW
88.783,,-2.72,-177.64,-2.51,-0.26,-10.78,0.31,False,False,False,False,False,False,-0.013,0.007,True,False,LOW
88.807,,-2.68,-178.35,-2.39,-0.26,-10.85,0.32,False,False,False,False,False,False,-0.015,0.006,True,False,LOW
88.975,,-2.74,-178.65,-2.32,-0.28,-11.25,0.42,False,False,False,False,False,False,-0.012,0.007,True,False,LOW
89.004,,-2.75,-178.73,-2.47,-0.29,-11.32,0.41,False,False,False,False,False,False,-0.012,0.004,True,False,LOW
89.18,,-2.95,-178.84,-2.45,-0.4,-11.58,0.39,False,False,False,False,False,False,-0.015,0.003,True,False,LOW
89.203,,-2.74,-178.55,-2.49,-0.39,-11.57,0.39,False,False,False,False,False,False,-0.016,0.004,True,False,LOW
89.374,,-2.57,-178.46,-2.53,-0.26,-11.5,0.34,False,False,False,False,False,False,-0.015,0.006,True,False,LOW
89.404,,-1.87,-178.62,-2.48,-0.12,-11.51,0.34,False,False,False,False,False,False,-0.015,0.006,True,False,LOW
89.575,,-1.92,-178.87,-2.41,0.22,-11.68,0.38,False,False,False,False,False,False,-0.013,0.009,True,False,LOW
89.597,,-1.63,-179.34,-2.44,0.29,-11.76,0.38,False,False,False,False,False,False,-0.014,0.005,True,False,LOW
89.772,,-1.87,-178.48,-2.37,0.44,-11.6,0.42,False,False,False,False,False,False,-0.013,0.008,True,False,LOW
89.804,,-1.76,-178.62,-2.5,0.48,-11.6,0.41,False,False,False,False,False,False,-0.011,0.005,True,False,LOW
89.982,,-2.31,-177.96,-2.49,0.29,-11.24,0.37,False,False,False,False,False,False,-0.013,0.006,True,False,LOW
90.005,,-0.7,-177.62,-2.23,0.49,-11.16,0.4,False,False,False,False,False,False,-0.013,0.006,True,False,LOW
90.171,,8.84,-179.21,-2.28,6.62,-11.68,0.48,False,False,False,False,False,False,-0.076,0.023,True,False,LOW
90.204,,18.26,-176.64,-2.0,10.34,-11.3,0.54,False,False,False,False,True,True,-0.153,-0.004,True,False,LOW
90.379,,24.92,-176.79,-1.6,21.44,-10.47,0.9,False,False,False,False,True,True,-0.155,-0.033,True,False,LOW
90.404,,29.96,-175.43,-0.79,24.01,-10.17,1.06,False,False,False,False,True,True,-0.2,-0.017,True,False,LOW
90.574,,33.11,-173.65,0.58,31.53,-8.21,2.32,False,False,False,False,True,True,-0.18,-0.013,True,False,LOW
90.603,,33.37,-173.69,0.27,32.58,-7.94,2.45,True,False,False,False,True,True,-0.167,-0.013,True,False,LOW
90.781,,32.83,-174.44,-0.2,34.23,-7.65,2.55,True,False,False,False,True,True,-0.162,-0.02,True,False,LOW
90.804,,32.2,-174.05,0.08,34.3,-7.56,2.6,True,False,False,False,True,True,-0.159,-0.031,True,False,LOW
90.973,,32.0,-173.75,0.04,34.38,-7.11,2.74,True,False,False,False,True,True,-0.156,-0.028,True,False,LOW
91.004,,32.06,-174.78,-0.54,34.4,-7.22,2.67,True,False,False,False,True,True,-0.152,-0.03,True,False,LOW
91.181,,32.04,-174.26,-0.48,34.44,-7.23,2.5,True,False,False,False,True,True,-0.155,-0.033,True,False,LOW
91.211,,31.84,-174.78,-0.52,34.42,-7.31,2.47,True,False,False,False,True,True,-0.16,-0.029,True,False,LOW
91.371,,32.36,-174.51,-0.4,34.61,-7.4,2.45,True,False,False,False,True,True,-0.145,-0.028,True,False,LOW
91.405,,32.55,-175.58,-0.86,34.68,-7.61,2.36,True,False,False,False,True,True,-0.148,-0.032,True,False,LOW
91.583,,32.53,-175.88,-1.16,34.84,-8.28,1.99,True,False,False,False,True,True,-0.145,-0.031,True,False,LOW
91.606,,32.49,-175.41,-1.13,34.85,-8.29,1.96,True,False,False,False,True,True,-0.146,-0.03,True,False,LOW
91.771,,32.53,-175.12,-0.94,34.91,-8.19,1.92,True,False,False,False,True,True,-0.126,-0.033,True,False,LOW
91.803,,32.21,-175.07,-0.92,34.87,-8.16,1.92,True,False,False,False,False,True,0.033,0.007,True,False,LOW
91.981,,29.86,-176.02,-0.92,33.48,-8.6,1.91,True,False,False,False,False,True,0.01,0.0,True,False,LOW
92.004,,26.65,-176.14,-0.8,32.82,-8.67,1.93,True,False,False,False,False,True,0.015,0.002,True,False,LOW
92.295,,18.14,-178.23,-1.94,24.27,-10.34,1.25,False,False,False,False,False,False,0.017,0.005,True,False,LOW
92.316,,8.66,-177.22,-2.41,21.81,-10.32,1.15,False,False,False,False,False,False,0.006,0.006,True,False,LOW
92.421,,0.62,-175.95,-2.92,11.27,-9.76,0.64,False,False,False,False,False,False,-0.006,0.0,True,False,LOW
92.444,,-3.86,-176.29,-2.96,8.09,-9.69,0.54,False,False,False,False,False,False,-0.017,-0.0,True,False,LOW
92.573,,-8.38,-176.72,-3.33,-0.7,-9.69,0.05,False,False,False,False,False,False,-0.013,-0.0,True,False,LOW
92.602,,-10.49,-176.37,-3.12,-2.78,-9.64,-0.0,False,False,False,False,False,False,-0.014,0.001,True,False,LOW
92.78,,-12.7,-176.64,-3.0,-7.69,-9.62,-0.09,False,False,False,False,False,False,0.038,0.016,True,False,LOW
92.803,,-13.35,-176.65,-3.24,-8.34,-9.62,-0.13,False,False,False,False,False,False,0.034,0.01,True,False,LOW
92.976,,-11.7,-177.39,-2.9,-8.89,-10.01,-0.1,False,False,False,False,False,False,0.042,0.015,True,False,LOW
93.004,,-9.66,-176.38,-2.83,-8.59,-9.91,-0.09,False,False,False,False,False,False,0.04,0.011,True,False,LOW
93.185,,-8.95,-176.76,-2.65,-7.44,-9.81,0.06,False,False,False,False,False,False,0.042,0.011,True,False,LOW
93.208,,-8.46,-177.17,-2.75,-7.26,-9.85,0.06,False,False,False,False,False,False,0.041,0.013,True,False,LOW
93.38,,-8.35,-176.88,-2.75,-6.55,-9.85,0.07,False,False,False,False,False,False,0.042,0.01,True,False,LOW
93.404,,-8.29,-176.54,-2.81,-6.45,-9.8,0.06,False,False,False,False,False,False,0.041,0.014,True,False,LOW
93.585,,-7.91,-177.09,-2.75,-5.92,-9.94,0.07,False,False,False,False,False,False,0.043,0.009,True,False,LOW
93.608,,-8.16,-177.03,-2.68,-5.89,-9.95,0.08,False,False,False,False,False,False,0.047,0.008,True,False,LOW
93.783,,-8.22,-176.91,-2.74,-5.83,-9.91,0.09,False,False,False,False,False,False,0.048,0.01,True,False,LOW
93.808,,-8.42,-176.15,-2.76,-5.85,-9.8,0.08,False,False,False,False,False,False,0.042,0.011,True,False,LOW
93.992,,-8.28,-176.13,-3.01,-5.85,-9.42,-0.06,False,False,False,False,False,False,0.027,0.007,True,False,LOW
94.014,,-8.12,-175.22,-3.42,-5.83,-9.26,-0.12,False,False,False,False,False,False,-0.023,-0.001,True,False,LOW
94.184,,-8.35,-175.45,-3.5,-5.87,-8.82,-0.41,False,False,False,False,False,False,-0.024,-0.001,True,False,LOW
94.207,,-8.73,-175.86,-3.54,-5.92,-8.82,-0.45,False,False,False,False,False,False,-0.021,-0.003,True,False,LOW
94.386,,-9.59,-176.65,-3.32,-6.58,-9.24,-0.47,False,False,False,False,False,False,-0.03,0.001,True,False,LOW
94.409,,-8.58,-176.47,-3.3,-6.53,-9.27,-0.47,False,False,False,False,False,False,0.016,0.006,True,False,LOW
94.576,,-8.49,-176.58,-3.11,-6.28,-9.41,-0.37,False,False,False,False,False,False,0.017,0.006,True,False,LOW
94.603,,-8.61,-176.79,-3.03,-6.27,-9.46,-0.35,False,False,False,False,False,False,0.026,0.009,True,False,LOW
94.78,,-8.6,-176.8,-3.08,-6.21,-9.63,-0.3,False,False,False,False,False,False,0.03,0.014,True,False,LOW
94.802,,-8.9,-177.26,-2.81,-6.24,-9.7,-0.26,False,False,False,False,False,False,0.036,0.016,True,False,LOW
94.972,,-8.98,-177.05,-2.95,-6.4,-9.87,-0.19,False,False,False,False,False,False,0.038,0.015,True,False,LOW
95.005,,-9.24,-177.72,-2.82,-6.46,-10.01,-0.15,False,False,False,False,False,False,0.037,0.012,True,False,LOW
95.181,,-9.77,-177.45,-2.8,-6.93,-10.23,-0.06,False,False,False,False,False,False,0.035,0.015,True,False,LOW
95.204,,-10.01,-177.85,-2.65,-7.01,-10.31,-0.03,False,False,False,False,False,False,0.028,0.014,True,False,LOW
95.374,,-10.06,-177.65,-2.72,-7.33,-10.47,0.04,False,False,False,False,False,False,0.028,0.013,True,False,LOW
95.405,,-10.31,-177.67,-2.78,-7.42,-10.5,0.05,False,False,False,False,False,False,0.026,0.013,True,False,LOW
95.582,,-10.05,-177.62,-2.74,-7.52,-10.55,0.07,False,False,False,False,False,False,0.023,0.013,True,False,LOW
95.606,,-10.45,-177.15,-3.09,-7.59,-10.49,0.03,False,False,False,False,False,False,-0.023,0.011,True,False,LOW
95.771,,-10.24,-177.13,-3.09,-7.7,-10.29,-0.12,False,False,False,False,False,False,-0.023,0.011,True,False,LOW
95.803,,-10.3,-177.48,-2.86,-7.73,-10.32,-0.11,False,False,False,False,False,False,-0.004,0.012,True,False,LOW
95.982,,-9.89,-178.19,-2.45,-7.58,-10.77,0.15,False,False,False,False,False,False,0.026,0.019,True,False,LOW
96.004,,-9.81,-178.25,-2.41,-7.55,-10.82,0.19,False,False,False,False,False,False,0.028,0.015,True,False,LOW
96.171,,-10.58,-178.27,-2.42,-7.86,-11.04,0.3,False,False,False,False,False,False,0.028,0.015,True,False,LOW
96.202,,-10.59,-178.77,-2.32,-7.9,-11.16,0.34,False,False,False,False,False,False,0.032,0.013,True,False,LOW
96.38,,-11.24,-179.0,-2.42,-8.38,-11.59,0.38,False,False,False,False,False,False,0.025,0.013,True,False,LOW
96.403,,-15.85,-177.95,-3.13,-9.14,-11.51,0.29,False,False,False,False,False,False,0.019,0.011,True,False,LOW
96.572,,-23.7,-179.62,-3.19,-16.3,-12.07,-0.05,False,False,False,False,False,False,0.01,0.013,True,False,LOW
96.596,,-29.41,-179.75,-3.14,-18.57,-12.16,-0.08,False,False,False,False,False,False,-0.009,0.012,True,False,LOW
96.781,,-33.82,-178.61,-3.02,-26.89,-11.85,-0.14,False,False,False,False,False,False,-0.036,0.009,True,False,LOW
96.804,,-36.66,-176.75,-3.25,-28.4,-11.56,-0.18,False,False,False,False,False,False,-0.04,0.012,True,False,LOW
96.974,,-40.35,-177.56,-3.23,-34.38,-11.02,-0.29,True,False,False,False,True,True,-0.024,0.039,True,False,LOW
97.0,,-44.1,-174.85,-5.58,-36.02,-10.5,-0.67,True,False,False,False,True,True,0.211,-0.024,True,False,LOW
97.181,,-46.39,-175.13,-5.88,-41.06,-9.15,-1.99,True,False,False,False,True,True,0.239,-0.061,True,False,LOW
97.204,,-47.84,-175.07,-5.79,-41.91,-8.99,-2.13,True,False,False,False,True,True,0.233,-0.045,True,False,LOW
97.374,,-48.34,-175.51,-5.66,-44.29,-8.71,-2.5,True,False,False,False,True,True,0.232,-0.062,True,False,LOW
97.397,,-48.88,-176.16,-5.13,-44.65,-8.77,-2.48,True,False,False,False,True,True,0.209,-0.071,True,False,LOW
97.576,,-48.99,-176.25,-4.76,-45.75,-9.01,-2.19,True,False,False,False,True,True,0.237,-0.069,True,False,LOW
97.6,,-49.1,-178.09,-3.35,-45.9,-9.3,-1.95,True,False,False,False,True,True,0.147,-0.02,True,False,LOW
97.775,,-49.46,-177.47,-3.86,-46.52,-9.91,-1.46,True,False,False,False,True,True,0.134,0.047,True,False,LOW
97.799,,-50.08,-177.42,-4.26,-46.69,-9.98,-1.45,True,False,False,False,True,True,0.148,-0.013,True,False,LOW
97.98,,-50.05,-176.27,-4.86,-47.2,-9.58,-1.76,True,False,False,False,True,True,0.136,-0.03,True,False,LOW
98.003,,-50.35,-176.65,-5.36,-47.3,-9.59,-1.86,True,False,False,False,True,True,0.213,-0.037,True,False,LOW
98.174,,-51.08,-176.17,-5.12,-48.02,-9.36,-2.09,True,False,False,False,True,True,0.192,-0.023,True,False,LOW
98.198,,-50.73,-177.45,-4.38,-48.06,-9.5,-2.01,True,False,False,False,True,True,0.142,-0.016,True,False,LOW
98.382,,-51.12,-178.8,-3.67,-48.4,-10.75,-1.38,True,False,False,False,True,True,0.124,-0.023,True,False,LOW
98.406,,-51.42,-178.48,-4.41,-48.48,-10.85,-1.41,True,False,False,False,True,True,0.127,-0.035,True,False,LOW
98.572,,-50.74,-178.82,-4.1,-48.39,-11.34,-1.34,True,False,False,False,True,True,0.167,-0.036,True,False,LOW
98.595,,-51.59,-177.43,-4.87,-48.49,-11.22,-1.43,True,False,False,False,True,True,0.156,-0.027,True,False,LOW
98.785,,-51.95,-178.72,-4.09,-49.06,-11.48,-1.34,True,False,False,False,True,True,0.167,-0.023,True,False,LOW
98.809,,-52.11,-178.73,-4.08,-49.14,-11.51,-1.32,True,False,False,False,True,True,0.177,-0.022,True,False,LOW
98.972,,-52.52,-179.26,-4.1,-49.63,-11.88,-1.3,True,False,False,False,True,True,0.211,-0.019,True,False,LOW
98.994,,-52.21,-178.45,-4.71,-49.65,-11.82,-1.37,True,False,False,False,True,True,0.237,-0.022,True,False,LOW
99.18,,-52.2,-176.87,-5.31,-49.71,-10.74,-1.98,True,False,False,False,True,True,0.226,-0.042,True,False,LOW
99.204,,-52.47,-178.85,-3.78,-49.75,-10.88,-1.84,True,False,False,False,True,True,0.194,-0.04,True,False,LOW
99.372,,-52.83,-179.35,-3.85,-50.08,-11.63,-1.41,True,False,False,False,True,True,0.173,-0.011,True,False,LOW
99.397,,-53.01,-178.6,-4.46,-50.15,-11.62,-1.44,True,False,False,False,True,True,0.162,-0.029,True,False,LOW
99.582,,-53.45,-178.3,-4.38,-50.62,-11.43,-1.5,True,False,False,False,True,True,0.144,-0.055,True,False,LOW
99.604,,-53.11,-178.78,-3.98,-50.63,-11.47,-1.46,True,False,False,False,True,True,0.115,-0.055,True,False,LOW
99.772,,-53.08,-179.08,-3.78,-50.63,-11.77,-1.19,True,False,False,False,True,True,0.108,-0.047,True,False,MODERATE
99.796,,-52.72,-179.24,-3.84,-50.59,-11.83,-1.17,True,False,False,False,False,True,-0.036,-0.024,True,False,MODERATE
99.983,,-52.32,-178.47,-4.54,-50.2,-11.62,-1.46,True,False,False,False,True,True,-0.115,-0.016,True,False,MODERATE
100.007,,-49.03,-177.2,-5.31,-49.67,-11.42,-1.6,True,False,False,False,True,True,-0.19,-0.007,True,False,MODERATE
100.173,,-46.86,-177.78,-3.98,-46.77,-11.07,-1.37,True,False,False,False,True,True,-0.146,0.001,True,False,MODERATE
100.196,,-45.4,-178.85,-3.71,-46.16,-11.17,-1.31,True,False,False,False,True,True,-0.131,-0.003,True,False,MODERATE
100.379,,-43.38,-179.33,-3.48,-43.08,-11.78,-0.95,True,False,False,False,True,True,-0.138,0.012,True,False,MODERATE
100.402,,-36.48,-178.16,-4.27,-41.41,-11.7,-1.01,True,False,False,False,False,True,-0.087,0.007,True,False,MODERATE
100.574,,-25.79,-179.41,-2.74,-29.83,-12.05,-0.43,False,False,False,False,False,False,-0.058,0.011,True,False,MODERATE
100.689,,-18.6,179.68,-2.07,-22.24,-12.58,0.08,False,False,False,False,False,False,-0.023,-0.003,True,False,MODERATE
100.793,,-14.42,178.97,-1.75,-16.84,-13.16,0.49,False,False,False,False,False,False,-0.021,0.004,True,False,MODERATE
100.816,,-12.31,-179.73,-2.05,-15.29,-13.1,0.53,False,False,False,False,False,False,-0.022,0.004,True,False,MODERATE
100.973,,-10.78,-179.32,-2.33,-11.04,-12.7,0.51,False,False,False,False,False,False,-0.013,0.001,True,False,MODERATE
100.998,,-9.95,-179.34,-2.56,-10.31,-12.64,0.48,False,False,False,False,False,False,-0.011,0.004,True,False,MODERATE
101.181,,-9.4,-179.64,-2.72,-8.26,-12.63,0.28,False,False,False,False,False,False,-0.004,0.003,True,False,MODERATE
101.204,,-9.53,178.62,-2.78,-8.07,-12.85,0.25,False,False,False,False,True,True,-0.017,0.045,True,False,MODERATE
101.39,,-8.73,179.65,-2.57,-7.03,-13.11,0.26,False,False,False,False,False,False,-0.027,0.009,True,False,MODERATE
101.415,,-7.46,-179.76,-2.39,-6.7,-13.06,0.28,False,False,False,False,False,False,0.015,0.009,True,False,MODERATE
101.588,,-7.9,-179.95,-2.35,-6.01,-12.99,0.39,False,False,False,False,False,False,0.03,0.017,True,False,MODERATE
101.611,,-7.34,179.24,-2.61,-5.85,-13.08,0.36,False,False,False,False,False,False,0.036,0.014,True,False,MODERATE
101.783,,-6.11,178.82,-2.73,-4.65,-13.65,0.23,False,False,False,False,False,False,0.036,0.012,True,False,MODERATE
101.807,,-6.5,-180.0,-2.62,-4.57,-13.56,0.22,False,False,False,False,False,False,0.04,0.007,True,False,MODERATE
101.992,,-6.82,179.85,-2.48,-4.46,-13.32,0.29,False,False,False,False,False,False,0.044,0.01,True,False,MODERATE
102.013,,-6.3,178.78,-2.27,-4.39,-13.43,0.32,False,False,False,False,False,False,0.049,0.014,True,False,MODERATE
102.188,,-6.43,179.0,-2.13,-4.17,-13.71,0.52,False,False,False,False,False,False,0.044,0.017,True,False,MODERATE
102.212,,-6.18,178.7,-2.15,-4.11,-13.79,0.54,False,False,False,False,False,False,0.044,0.02,True,False,MODERATE
102.387,,-5.76,179.12,-2.27,-3.69,-13.82,0.55,False,False,False,False,False,False,0.041,0.02,True,False,MODERATE
102.413,,-5.7,179.76,-2.37,-3.63,-13.74,0.54,False,False,False,False,False,False,0.04,0.018,True,False,MODERATE
102.574,,-5.77,179.63,-2.46,-3.48,-13.54,0.45,False,False,False,False,False,False,0.043,0.018,True,False,MODERATE
102.597,,-5.15,179.67,-2.34,-3.38,-13.51,0.46,False,False,False,False,False,False,0.042,0.017,True,False,MODERATE
102.78,,-4.99,179.59,-2.31,-2.92,-13.44,0.49,False,False,False,False,False,False,0.041,0.018,True,False,MODERATE
102.803,,-4.99,179.43,-2.34,-2.88,-13.45,0.49,False,False,False,False,False,False,0.04,0.017,True,False,MODERATE
102.972,,-5.47,-179.46,-2.44,-2.96,-12.92,0.44,False,False,False,False,False,False,0.038,0.017,True,False,MODERATE
102.996,,-4.52,-178.56,-2.51,-2.84,-12.73,0.42,False,False,False,False,False,False,0.036,0.018,True,False,MODERATE
103.184,,-3.7,-178.63,-2.48,-1.96,-12.1,0.38,False,False,False,False,False,False,0.047,0.021,True,False,MODERATE
103.208,,-3.46,-178.44,-2.55,-1.83,-12.0,0.37,False,False,False,False,False,False,0.047,0.021,True,False,MODERATE
103.372,,-3.59,-178.87,-2.52,-1.48,-11.92,0.34,False,False,False,False,False,False,0.049,0.021,True,False,MODERATE
103.396,,-3.34,-177.95,-2.83,-1.4,-11.78,0.29,False,False,False,False,False,False,-0.002,0.016,True,False,MODERATE
103.581,,-1.6,-178.49,-2.88,-0.15,-11.6,0.11,False,False,False,False,False,False,0.003,0.015,True,False,MODERATE
103.605,,-1.6,179.91,-2.86,-0.01,-11.8,0.09,False,False,False,False,False,False,-0.011,0.011,True,False,LOW
103.771,,-2.33,-179.67,-2.82,0.05,-12.23,0.05,False,False,False,False,False,False,-0.009,0.014,True,False,LOW
103.794,,-1.54,-179.84,-2.8,0.17,-12.31,0.05,False,False,False,False,False,False,-0.01,0.011,True,False,LOW
103.982,,-0.6,-178.53,-3.16,1.1,-11.87,-0.16,False,False,False,False,False,False,-0.017,0.029,True,False,LOW
104.004,,-0.0,-177.79,-3.21,1.28,-11.73,-0.19,False,False,False,False,True,True,-0.011,0.036,True,False,LOW
104.173,,-0.3,-177.95,-3.19,1.74,-11.31,-0.28,False,False,False,False,False,False,-0.008,0.006,True,False,LOW
104.195,,-0.28,-177.96,-3.03,1.79,-11.26,-0.27,False,False,False,False,False,False,-0.003,0.006,True,False,LOW
104.385,,-0.3,-178.17,-3.08,1.99,-11.19,-0.26,False,False,False,False,False,False,-0.003,0.007,True,False,LOW
104.409,,-0.38,-178.4,-3.17,2.0,-11.22,-0.27,False,False,False,False,False,False,-0.006,0.011,True,False,LOW
104.571,,-0.94,-179.49,-3.19,1.74,-11.85,-0.31,False,False,False,False,False,False,-0.007,0.01,True,False,LOW
104.594,,-0.94,-178.41,-2.84,1.71,-11.79,-0.28,False,False,False,False,False,False,-0.03,0.015,True,False,LOW
104.781,,-1.1,-177.07,-3.44,1.51,-10.83,-0.46,False,False,False,False,False,False,-0.031,0.01,True,False,LOW
104.805,,-0.63,-176.83,-3.3,1.55,-10.69,-0.46,False,False,False,False,False,False,-0.019,0.012,True,False,LOW
104.973,,-1.87,-177.78,-3.11,1.04,-10.72,-0.37,False,False,False,False,False,False,-0.0,0.006,True,False,LOW
104.996,,-0.78,-178.76,-3.02,1.12,-10.85,-0.34,False,False,False,False,False,False,-0.036,0.012,True,False,LOW
105.18,,0.22,-177.73,-3.2,1.96,-10.77,-0.36,False,False,False,False,False,False,-0.039,0.011,True,False,LOW
105.202,,0.97,-177.28,-3.22,2.15,-10.7,-0.36,False,False,False,False,False,False,-0.015,0.015,True,False,LOW
105.374,,-0.38,-176.73,-3.16,2.1,-10.18,-0.35,False,False,False,False,False,False,0.002,0.014,True,False,LOW
105.399,,-0.73,-176.93,-3.22,2.05,-10.14,-0.35,False,False,False,False,False,False,-0.0,0.011,True,False,LOW
105.577,,-0.46,-176.86,-3.17,2.01,-9.97,-0.35,False,False,False,False,False,False,-0.003,0.013,True,False,LOW
105.6,,0.37,-176.96,-3.51,2.12,-9.97,-0.39,False,False,False,False,True,True,-0.007,0.047,True,False,LOW
105.773,,0.31,-177.61,-3.47,2.45,-10.29,-0.52,False,False,False,False,True,True,-0.009,0.057,True,False,LOW
105.797,,0.44,-176.85,-3.07,2.51,-10.22,-0.48,False,False,False,False,False,False,0.045,0.024,True,False,LOW
105.979,,0.7,-177.24,-2.94,2.85,-10.22,-0.28,False,False,False,False,False,False,0.05,0.023,True,False,LOW
106.003,,1.6,-177.17,-2.94,3.02,-10.21,-0.26,False,False,False,False,False,False,0.032,0.012,True,False,LOW
106.173,,0.82,-176.39,-3.07,3.14,-9.76,-0.25,False,False,False,False,False,False,-0.016,0.015,True,False,LOW
106.196,,1.55,-177.13,-3.41,3.26,-9.81,-0.29,False,False,False,False,True,True,-0.013,0.05,True,False,LOW
106.361,,1.03,-176.54,-3.23,3.37,-9.66,-0.35,False,False,False,False,False,False,-0.011,0.021,True,False,LOW
106.396,,1.43,-177.91,-3.15,3.46,-9.88,-0.34,False,False,False,False,False,False,-0.016,0.013,True,False,LOW
106.572,,1.0,-177.84,-3.2,3.45,-10.38,-0.36,False,False,False,False,False,False,-0.013,0.013,True,False,LOW
106.596,,1.07,-176.88,-3.29,3.46,-10.31,-0.37,False,False,False,False,False,False,-0.006,0.011,True,False,LOW
106.766,,1.5,-177.19,-3.29,3.71,-10.23,-0.42,False,False,False,False,False,False,-0.006,0.011,True,False,LOW
106.796,,1.97,-177.02,-3.23,3.82,-10.19,-0.41,False,False,False,False,False,False,-0.01,0.011,True,False,LOW
106.976,,1.35,-177.28,-3.01,3.81,-10.22,-0.29,False,False,False,False,False,False,-0.021,0.021,True,False,LOW
106.997,,1.34,-177.47,-3.0,3.8,-10.25,-0.28,False,False,False,False,False,False,-0.029,0.021,True,False,LOW
107.168,,1.28,-177.06,-3.03,3.76,-10.14,-0.24,False,False,False,False,False,False,-0.027,0.022,True,False,LOW
107.196,,1.26,-177.03,-2.99,3.75,-10.11,-0.22,False,False,False,False,False,False,-0.012,0.018,True,False,LOW
107.37,,1.95,-176.05,-2.82,4.09,-9.54,-0.1,False,False,False,False,False,False,-0.005,0.013,True,False,LOW
107.395,,2.37,-176.25,-2.68,4.19,-9.49,-0.07,False,False,False,False,False,False,-0.003,0.011,True,False,LOW
107.567,,2.78,-176.69,-2.64,4.73,-9.58,0.07,False,False,False,False,False,False,-0.001,0.009,True,False,LOW
107.596,,2.94,-177.83,-2.83,4.84,-9.77,0.06,False,False,False,False,False,False,0.001,0.01,True,False,LOW
107.771,,4.73,-177.18,-2.72,6.1,-9.97,0.08,False,False,False,False,False,False,-0.0,0.009,True,False,LOW
107.795,,5.62,-178.16,-2.85,6.39,-10.13,0.07,False,False,False,False,False,False,0.0,0.008,True,False,LOW
107.963,,5.96,-177.89,-2.71,7.48,-10.51,0.1,False,False,False,False,False,False,-0.014,0.007,True,False,LOW
107.994,,5.74,-177.48,-2.57,7.6,-10.5,0.12,False,False,False,False,False,False,-0.009,0.006,True,False,LOW
108.285,,5.58,-176.91,-2.69,7.88,-10.1,0.13,False,False,False,False,False,False,-0.01,0.005,True,False,LOW
108.306,,5.5,-177.6,-2.75,7.88,-10.16,0.13,False,False,False,False,False,False,0.005,0.007,True,False,LOW
108.411,,4.81,-177.51,-2.85,7.63,-10.29,0.07,False,False,False,False,False,False,0.003,0.01,True,False,LOW
108.434,,5.22,-177.43,-2.79,7.63,-10.3,0.07,False,False,False,False,False,False,0.005,0.009,True,False,LOW
108.573,,4.66,-177.14,-2.58,7.38,-10.21,0.15,False,False,False,False,False,False,0.018,0.012,True,False,LOW
108.594,,4.64,-177.42,-2.62,7.35,-10.23,0.16,False,False,False,False,False,False,0.01,0.013,True,False,LOW
108.766,,4.65,-176.94,-2.59,7.21,-10.07,0.2,False,False,False,False,False,False,0.008,0.011,True,False,LOW
108.796,,5.04,-176.45,-2.62,7.26,-9.96,0.2,False,False,False,False,False,False,0.006,0.009,True,False,LOW
108.969,,5.39,-176.45,-2.69,7.56,-9.68,0.17,False,False,False,False,False,False,0.005,0.008,True,False,LOW
108.992,,6.0,-177.08,-2.69,7.67,-9.72,0.17,False,False,False,False,False,False,0.005,0.005,True,False,LOW
109.165,,5.98,-176.81,-2.66,8.07,-9.75,0.17,False,False,False,False,False,False,0.004,0.005,True,False,LOW
109.196,,6.07,-177.25,-2.68,8.14,-9.83,0.17,False,False,False,False,False,False,0.004,0.003,True,False,LOW
109.377,,6.3,-177.13,-2.63,8.47,-9.97,0.18,False,False,False,False,False,False,0.005,0.002,True,False,LOW
109.407,,6.17,-176.9,-2.5,8.49,-9.96,0.21,False,False,False,False,False,False,0.001,0.002,True,False,LOW
109.571,,6.51,-176.74,-2.45,8.73,-9.83,0.3,False,False,False,False,False,False,-0.001,0.003,True,False,LOW
109.595,,6.82,-177.23,-2.47,8.8,-9.88,0.3,False,False,False,False,False,False,0.001,0.002,True,False,LOW
109.783,,6.59,-177.54,-2.52,8.93,-10.22,0.31,False,False,False,False,False,False,-0.001,0.005,True,False,LOW
109.806,,6.64,-177.0,-2.41,8.95,-10.19,0.32,False,False,False,False,False,False,-0.002,0.003,True,False,LOW
109.977,,6.6,-176.82,-2.31,8.99,-9.98,0.42,False,False,False,False,False,False,-0.001,0.003,True,False,LOW
110.0,,6.65,-177.38,-2.48,9.01,-10.03,0.42,False,False,False,False,False,False,-0.001,0.003,True,False,LOW
110.181,,6.52,-176.12,-2.57,8.98,-9.53,0.33,False,False,False,False,False,False,-0.001,0.002,True,False,LOW
110.205,,7.09,-176.46,-2.54,9.06,-9.51,0.33,False,False,False,False,False,False,-0.001,0.0,True,False,LOW
110.368,,7.1,-176.52,-2.63,9.3,-9.5,0.26,False,False,False,False,False,False,0.001,0.001,True,False,LOW
110.396,,7.52,-176.5,-2.63,9.4,-9.5,0.25,False,False,False,False,False,False,0.003,-0.001,True,False,LOW
110.572,,7.6,-176.45,-2.74,9.74,-9.46,0.17,False,False,False,False,False,False,0.005,0.001,True,False,LOW
110.596,,7.11,-176.43,-2.64,9.72,-9.45,0.17,False,False,False,False,False,False,0.002,0.001,True,False,LOW
110.763,,11.01,-177.7,-2.71,11.71,-10.08,0.14,False,False,False,False,False,False,0.016,0.057,False,False,LOW
110.796,,21.17,-176.28,-2.15,14.55,-9.94,0.24,False,False,False,False,True,True,-0.21,0.004,True,False,LOW
110.974,,31.36,-175.83,-1.06,27.01,-9.33,1.06,False,False,False,False,True,True,-0.255,-0.002,True,False,LOW
110.998,,39.42,-175.15,0.31,30.61,-9.16,1.36,False,False,False,False,True,True,-0.249,-0.029,True,False,LOW
111.163,,44.47,-175.91,2.81,41.43,-9.01,3.69,True,False,False,False,True,True,-0.233,-0.011,True,False,LOW
111.196,,46.97,-176.29,3.28,43.75,-9.06,4.16,True,False,False,False,True,True,-0.226,-0.004,True,False,LOW
111.372,,50.67,-175.33,3.46,49.86,-8.65,5.35,True,False,False,False,True,True,-0.251,-0.033,True,False,LOW
111.396,,49.49,-175.3,3.64,50.28,-8.6,5.52,True,False,False,False,True,True,-0.25,-0.05,True,False,LOW
111.566,,48.1,-176.84,2.66,50.43,-9.23,5.5,True,False,False,False,True,True,-0.297,-0.084,True,False,LOW
111.596,,47.05,-176.82,3.03,50.26,-9.32,5.56,True,False,False,False,True,True,-0.254,-0.078,True,False,LOW
111.77,,45.63,-178.07,1.47,49.07,-10.24,4.9,True,False,False,False,True,True,-0.228,-0.037,True,False,LOW
111.794,,44.42,-177.06,2.55,48.78,-10.21,4.96,True,False,False,False,True,True,-0.201,-0.029,True,False,LOW
111.966,,43.69,-176.55,2.88,47.36,-9.85,5.36,True,False,False,False,True,True,-0.212,-0.044,True,False,LOW
111.995,,41.78,-177.76,2.74,46.81,-9.99,5.39,True,False,False,False,True,True,-0.182,-0.043,True,False,LOW
112.174,,42.19,-176.24,3.03,45.59,-9.58,5.64,True,False,False,False,True,True,-0.198,-0.041,True,False,LOW
112.197,,41.57,-177.47,2.24,45.36,-9.69,5.57,True,False,False,False,True,True,-0.177,-0.043,True,False,LOW
112.365,,42.74,-177.25,2.45,45.26,-9.97,5.42,True,False,False,False,True,True,-0.208,-0.05,True,False,LOW
112.396,,42.11,-178.29,1.81,45.14,-10.19,5.29,True,False,False,False,True,True,-0.198,-0.045,True,False,LOW
112.57,,42.24,-176.66,2.41,44.89,-9.89,5.26,True,False,False,False,True,True,-0.214,-0.051,True,False,LOW
112.595,,41.23,-178.14,1.24,44.71,-10.07,5.09,True,False,False,False,True,True,-0.185,-0.034,True,False,LOW
112.767,,41.66,-176.83,2.44,44.39,-9.93,5.19,True,False,False,False,True,True,-0.222,-0.032,True,False,LOW
112.796,,42.01,-177.15,1.52,44.4,-9.96,5.05,True,False,False,False,True,True,-0.191,-0.037,True,False,LOW
112.971,,42.07,-177.35,1.68,44.46,-10.15,4.76,True,False,False,False,True,True,-0.196,-0.049,True,False,LOW
112.995,,41.84,-176.27,2.23,44.43,-10.02,4.8,True,False,False,False,True,True,-0.2,-0.045,True,False,LOW
113.178,,41.93,-175.84,2.05,44.4,-9.37,4.85,True,False,False,False,True,True,-0.202,-0.046,True,False,LOW
113.202,,42.28,-175.14,2.15,44.44,-9.2,4.86,True,False,False,False,True,True,-0.185,-0.054,True,False,LOW
113.372,,41.7,-176.06,1.82,44.28,-9.11,4.75,True,False,False,False,True,True,-0.146,-0.036,True,False,LOW
113.398,,41.65,-175.57,1.92,44.26,-9.02,4.75,True,False,False,False,True,True,-0.165,-0.052,True,False,LOW
113.561,,41.57,-175.77,1.55,44.13,-8.88,4.56,True,False,False,False,True,True,-0.166,-0.051,True,False,MODERATE
113.595,,41.53,-176.68,0.93,44.1,-9.01,4.42,True,False,False,False,False,True,-0.083,-0.02,True,False,MODERATE
113.771,,42.25,-177.6,0.42,44.41,-9.84,3.79,True,False,False,False,False,True,0.004,-0.019,True,False,MODERATE
113.795,,42.57,-178.55,-0.62,44.49,-10.08,3.57,True,False,False,False,False,True,0.04,-0.016,True,False,MODERATE
113.965,,42.91,-177.25,0.53,44.94,-10.15,3.46,True,False,False,False,False,True,0.064,0.002,True,False,MODERATE
113.995,,43.1,-178.06,-0.14,45.04,-10.3,3.33,True,False,False,False,False,True,0.074,0.003,True,False,MODERATE
114.173,,43.03,-176.4,1.07,45.27,-9.81,3.63,True,False,False,False,False,True,0.078,-0.0,True,False,MODERATE
114.195,,42.5,-175.66,1.74,45.23,-9.66,3.75,True,False,False,False,True,True,0.103,-0.006,True,False,MODERATE
114.366,,40.38,-173.65,1.79,43.96,-8.03,4.21,True,False,False,False,False,True,0.074,-0.004,True,False,MODERATE
114.526,,33.21,-175.26,-0.95,39.41,-8.13,3.02,True,False,False,False,False,True,0.016,0.057,False,False,MODERATE
114.633,,23.5,-176.79,-2.01,32.7,-8.79,2.09,True,False,False,False,False,True,0.024,0.013,True,False,MODERATE
114.657,,16.17,-176.3,-1.74,29.59,-8.86,1.95,False,False,False,False,False,False,0.024,-0.005,True,False,MODERATE
114.768,,10.52,-174.78,-1.94,19.89,-8.4,1.49,False,False,False,False,False,False,0.021,-0.008,True,False,MODERATE
114.799,,8.21,-175.04,-1.83,17.14,-8.33,1.41,False,False,False,False,False,False,0.02,-0.006,True,False,MODERATE
114.969,,7.56,-175.05,-1.85,12.52,-8.17,1.18,False,False,False,False,False,False,0.002,-0.002,True,False,MODERATE
114.993,,7.27,-174.42,-1.86,11.94,-8.06,1.15,False,False,False,False,False,False,0.005,-0.001,True,False,MODERATE
115.164,,6.63,-174.81,-1.97,10.21,-7.92,1.0,False,False,False,False,False,False,0.001,-0.0,True,False,MODERATE
115.195,,6.66,-175.11,-2.02,9.97,-7.94,0.97,False,False,False,False,False,False,0.006,-0.001,True,False,MODERATE
115.372,,6.74,-175.6,-2.17,9.52,-8.27,0.8,False,False,False,False,False,False,0.009,-0.006,True,False,MODERATE
115.396,,5.95,-174.67,-2.24,9.34,-8.19,0.77,False,False,False,False,False,False,0.013,-0.0,True,False,MODERATE
115.565,,4.59,-174.85,-2.28,8.07,-8.0,0.66,False,False,False,False,False,False,0.003,0.004,True,False,MODERATE
115.595,,2.69,-177.14,-3.01,7.51,-8.35,0.52,False,False,False,False,False,False,0.001,0.011,True,False,MODERATE
115.771,,2.34,-179.09,-2.88,5.97,-10.39,0.22,False,False,False,False,False,False,-0.002,0.009,True,False,MODERATE
115.794,,1.46,-179.48,-2.68,5.66,-10.69,0.21,False,False,False,False,False,False,0.001,0.014,True,False,MODERATE
115.966,,1.36,-178.96,-2.83,4.63,-11.37,0.1,False,False,False,False,False,False,-0.002,0.012,True,False,MODERATE
115.994,,1.8,-178.45,-2.67,4.56,-11.38,0.11,False,False,False,False,True,True,0.008,0.058,True,False,MODERATE
116.174,,1.35,-177.05,-2.68,4.14,-10.65,0.13,False,False,False,False,True,True,0.019,0.045,True,False,MODERATE
116.198,,1.14,-176.67,-2.7,4.06,-10.52,0.13,False,False,False,False,False,False,-0.003,0.014,True,False,MODERATE
116.368,,1.09,-176.34,-2.5,3.78,-9.88,0.23,False,False,False,False,False,False,-0.005,0.008,True,False,MODERATE
116.397,,1.23,-176.58,-2.5,3.76,-9.83,0.25,False,False,False,False,False,False,-0.002,0.01,True,False,MODERATE
116.575,,0.47,-177.13,-2.7,3.3,-9.97,0.19,False,False,False,False,False,False,0.001,0.008,True,False,MODERATE
116.599,,-0.97,-176.18,-2.76,3.04,-9.86,0.17,False,False,False,False,False,False,0.002,0.009,True,False,MODERATE
116.766,,-1.42,-176.26,-2.72,1.96,-9.53,0.14,False,False,False,False,False,False,-0.003,0.004,True,False,MODERATE
116.79,,-1.43,-176.34,-2.76,1.82,-9.5,0.13,False,False,False,False,False,False,0.001,0.006,True,False,MODERATE
116.972,,-1.46,-175.84,-2.79,1.36,-9.13,0.08,False,False,False,False,False,False,-0.002,0.008,True,False,MODERATE
116.995,,-1.16,-176.35,-2.77,1.35,-9.15,0.08,False,False,False,False,False,False,-0.004,0.011,True,False,MODERATE
117.166,,-0.34,-176.68,-2.62,1.74,-9.41,0.15,False,False,False,False,False,False,-0.001,0.011,True,False,MODERATE
117.189,,0.25,-177.13,-2.23,1.86,-9.5,0.21,False,False,False,False,False,False,-0.011,0.012,True,False,MODERATE
117.377,,0.32,-177.78,-2.47,2.35,-10.19,0.29,False,False,False,False,False,False,-0.009,0.009,True,False,MODERATE
117.402,,0.58,-176.41,-2.37,2.45,-10.08,0.31,False,False,False,False,False,False,-0.008,0.004,True,False,MODERATE
117.573,,1.02,-176.26,-2.18,2.98,-9.64,0.49,False,False,False,False,False,False,-0.006,0.005,True,False,MODERATE
117.597,,1.31,-175.88,-2.32,3.09,-9.53,0.49,False,False,False,False,False,False,-0.003,0.006,True,False,LOW
117.786,,1.35,-176.66,-2.33,3.48,-9.58,0.5,False,False,False,False,False,False,-0.0,0.006,True,False,LOW
117.81,,1.45,-176.31,-2.35,3.53,-9.54,0.49,False,False,False,False,False,False,0.001,0.007,True,False,LOW
117.973,,1.55,-176.59,-2.41,3.77,-9.55,0.46,False,False,False,False,False,False,0.001,0.007,True,False,LOW
117.996,,1.49,-176.45,-2.42,3.79,-9.53,0.45,False,False,False,False,False,False,-0.002,0.007,True,False,LOW
118.178,,1.3,-176.67,-2.5,3.76,-9.59,0.39,False,False,False,False,False,False,-0.001,0.007,True,False,LOW
118.202,,0.85,-176.1,-2.31,3.7,-9.52,0.4,False,False,False,False,False,False,-0.001,0.006,True,False,LOW
118.37,,1.37,-176.09,-2.4,3.76,-9.28,0.42,False,False,False,False,False,False,0.016,0.057,False,False,LOW
118.395,,1.06,-176.08,-2.65,3.72,-9.25,0.38,False,False,False,False,False,False,-0.012,0.017,True,False,LOW
118.57,,0.18,-175.38,-2.67,3.14,-8.77,0.27,False,False,False,False,False,False,-0.013,0.006,True,False,LOW
118.593,,-0.01,-175.04,-2.95,3.04,-8.67,0.22,False,False,False,False,False,False,-0.006,0.007,True,False,LOW
118.765,,-0.05,-175.92,-2.77,2.7,-8.79,0.13,False,False,False,False,False,False,-0.003,0.009,True,False,LOW
118.79,,0.57,-175.21,-2.55,2.74,-8.7,0.15,False,False,False,False,False,False,-0.004,0.009,True,False,LOW
118.972,,0.28,-175.0,-2.58,2.73,-8.3,0.21,False,False,False,False,False,False,-0.001,0.011,True,False,LOW
118.993,,0.21,-174.81,-2.53,2.72,-8.24,0.22,False,False,False,False,False,False,-0.001,0.01,True,False,LOW
119.164,,1.11,-175.17,-2.34,3.15,-8.19,0.36,False,False,False,False,False,False,-0.005,0.009,True,False,LOW
119.188,,0.72,-174.52,-2.57,3.15,-8.1,0.35,False,False,False,False,False,False,-0.006,0.013,True,False,LOW
119.38,,0.52,-174.95,-2.71,3.05,-8.0,0.22,False,False,False,False,False,False,-0.003,0.013,True,False,LOW
119.405,,0.18,-174.95,-2.74,2.99,-7.99,0.2,False,False,False,False,False,False,-0.004,0.012,True,False,LOW
119.565,,0.2,-174.18,-2.79,2.81,-7.56,0.12,False,False,False,False,False,False,-0.007,0.01,True,False,LOW
119.588,,0.46,-174.91,-2.8,2.82,-7.6,0.11,False,False,False,False,False,False,-0.007,0.01,True,False,LOW
119.771,,1.07,-174.6,-2.79,3.19,-7.58,0.07,False,False,False,False,False,False,0.007,0.009,True,False,LOW
119.795,,1.05,-174.7,-2.72,3.23,-7.6,0.08,False,False,False,False,False,False,0.007,0.005,True,False,LOW
119.966,,0.23,-174.41,-2.75,2.94,-7.48,0.08,False,False,False,False,False,False,-0.006,0.011,True,False,LOW
119.99,,0.64,-174.36,-2.81,2.96,-7.46,0.07,False,False,False,False,False,False,-0.004,0.013,True,False,LOW
120.177,,0.8,-174.37,-2.71,3.11,-7.4,0.1,False,False,False,False,False,False,-0.004,0.01,True,False,LOW
120.202,,0.47,-174.4,-2.64,3.08,-7.39,0.11,False,False,False,False,False,False,0.016,0.057,False,False,LOW
120.366,,-0.04,-173.69,-2.63,2.73,-7.02,0.16,False,False,False,False,False,False,0.037,0.011,True,False,LOW
120.39,,0.31,-174.73,-2.47,2.74,-7.11,0.18,False,False,False,False,False,False,0.049,-0.004,True,False,LOW
120.569,,0.55,-174.61,-2.55,2.87,-7.36,0.23,False,False,False,False,False,False,0.052,0.0,True,False,LOW
120.593,,0.67,-173.84,-2.53,2.9,-7.29,0.24,False,False,False,False,False,False,-0.013,0.009,True,False,LOW
120.763,,1.31,-174.44,-2.52,3.34,-7.35,0.28,False,False,False,False,False,False,-0.004,0.005,True,False,LOW
120.787,,1.22,-174.53,-2.59,3.39,-7.37,0.27,False,False,False,False,False,False,-0.002,0.002,True,False,LOW
120.972,,0.98,-174.37,-2.71,3.4,-7.35,0.19,False,False,False,False,False,False,-0.001,0.003,True,False,LOW
120.999,,0.22,-175.12,-2.7,3.3,-7.46,0.18,False,False,False,False,False,False,0.016,0.057,False,False,LOW
121.165,,0.23,-173.91,-2.93,2.97,-7.17,0.04,False,False,False,False,False,False,-0.013,0.007,True,False,LOW
121.187,,-0.37,-174.2,-2.81,2.86,-7.17,0.04,False,False,False,False,False,False,-0.01,0.003,True,False,LOW
121.373,,-1.1,-175.24,-3.05,2.02,-7.73,-0.1,False,False,False,False,False,False,-0.004,0.006,True,False,LOW
121.398,,-0.15,-174.02,-2.91,2.06,-7.63,-0.1,False,False,False,False,False,False,-0.01,0.0,True,False,LOW
121.563,,-0.75,-175.67,-2.81,1.87,-8.15,-0.04,False,False,False,False,False,False,-0.007,0.008,True,False,LOW
121.586,,-0.3,-173.98,-2.99,1.9,-7.99,-0.05,False,False,False,False,False,False,-0.007,0.006,True,False,LOW
121.772,,0.14,-174.04,-2.96,2.27,-7.46,-0.1,False,False,False,False,False,False,-0.003,0.006,True,False,LOW
121.796,,0.5,-174.47,-2.8,2.36,-7.45,-0.08,False,False,False,False,False,False,0.004,0.006,True,False,LOW
121.966,,0.45,-173.85,-2.88,2.64,-7.12,-0.06,False,False,False,False,False,False,0.009,0.008,True,False,LOW
121.992,,0.36,-174.44,-2.73,2.66,-7.16,-0.04,False,False,False,False,False,False,0.013,0.004,True,False,LOW
122.172,,0.52,-174.24,-2.76,2.82,-7.19,0.02,False,False,False,False,False,False,0.01,0.004,True,False,LOW
122.196,,0.12,-174.41,-2.84,2.79,-7.21,0.01,False,False,False,False,False,False,-0.0,0.008,True,False,LOW
122.365,,0.64,-174.05,-2.81,2.94,-7.11,0.02,False,False,False,False,False,False,-0.003,0.006,True,False,LOW
122.391,,-0.07,-174.66,-2.87,2.86,-7.19,0.01,False,False,False,False,False,False,-0.007,0.007,True,False,LOW
122.571,,0.26,-174.32,-2.98,2.77,-7.24,-0.08,False,False,False,False,False,False,-0.007,0.011,True,False,LOW
122.594,,0.45,-173.93,-2.97,2.79,-7.2,-0.08,False,False,False,False,False,False,-0.003,0.008,True,False,LOW
122.768,,0.4,-174.06,-2.91,2.82,-7.11,-0.08,False,False,False,False,False,False,-0.001,0.005,True,False,LOW
122.791,,0.49,-174.04,-2.84,2.83,-7.1,-0.07,False,False,False,False,False,False,-0.001,0.006,True,False,LOW
122.97,,0.66,-173.98,-2.89,2.97,-7.02,-0.07,False,False,False,False,False,False,0.002,0.006,True,False,LOW
122.993,,0.76,-174.22,-2.82,3.0,-7.04,-0.06,False,False,False,False,False,False,0.001,0.005,True,False,LOW
123.169,,0.91,-173.86,-2.81,3.19,-6.93,-0.02,False,False,False,False,False,False,-0.002,0.009,True,False,LOW
123.193,,0.83,-173.24,-2.85,3.2,-6.83,-0.02,False,False,False,False,False,False,-0.004,0.011,True,False,LOW
123.376,,0.33,-174.12,-2.76,2.97,-6.97,0.03,False,False,False,False,False,False,-0.005,0.007,True,False,LOW
123.401,,1.12,-174.11,-2.82,3.05,-6.99,0.03,False,False,False,False,False,False,-0.004,0.008,True,False,LOW
123.566,,0.96,-173.65,-2.87,3.23,-6.8,-0.01,False,False,False,False,False,False,-0.004,0.009,True,False,LOW
123.589,,0.81,-173.79,-2.58,3.23,-6.79,0.03,False,False,False,False,False,False,0.033,-0.004,True,False,LOW
123.773,,-1.28,-173.39,-2.68,2.11,-6.56,0.09,False,False,False,False,False,False,0.075,-0.01,True,False,LOW
123.796,,-6.18,-172.78,-3.21,1.18,-6.45,0.03,False,False,False,False,False,False,0.06,-0.011,True,False,LOW
123.965,,-13.07,-172.76,-3.59,-5.83,-6.07,-0.38,False,False,False,False,False,False,0.065,0.005,True,False,LOW
123.987,,-22.49,-173.6,-4.09,-8.76,-6.13,-0.49,False,False,False,False,True,True,0.177,-0.013,True,False,LOW
124.173,,-29.7,-173.29,-4.21,-21.26,-6.2,-0.98,False,False,False,False,True,True,0.155,-0.007,True,False,LOW
124.197,,-35.22,-172.0,-4.74,-24.05,-6.03,-1.11,False,False,False,False,True,True,0.143,-0.022,True,False,LOW
124.366,,-38.28,-173.89,-3.47,-31.78,-6.46,-0.86,False,False,False,False,True,True,0.156,-0.012,True,False,LOW
124.392,,-40.12,-174.06,-3.75,-33.18,-6.54,-0.87,True,False,False,False,True,True,0.174,-0.013,True,False,LOW
124.572,,-41.78,-175.17,-3.98,-37.1,-7.41,-1.02,True,False,False,False,True,True,0.195,0.004,True,False,LOW
124.594,,-43.01,-175.38,-3.96,-37.74,-7.53,-1.03,True,False,False,False,True,True,0.216,0.005,True,False,LOW
124.767,,-42.77,-175.02,-4.26,-39.28,-7.77,-1.24,True,False,False,False,True,True,0.193,-0.005,True,False,LOW
124.909,,-42.27,-176.09,-3.26,-39.56,-8.4,-0.86,True,False,False,False,True,True,0.2,-0.003,True,False,LOW
125.01,,-41.75,-175.66,-2.87,-39.46,-8.49,-0.53,True,False,False,False,True,True,0.205,0.003,True,False,LOW
125.032,,-41.68,-175.45,-2.85,-39.43,-8.48,-0.47,True,False,False,False,True,True,0.196,0.0,True,False,LOW
125.165,,-41.73,-175.05,-2.82,-39.36,-8.27,-0.25,True,False,False,False,True,True,0.205,-0.001,True,False,LOW
125.189,,-41.63,-175.18,-3.0,-39.34,-8.25,-0.24,True,False,False,False,True,True,0.204,-0.003,True,False,LOW
125.377,,-42.19,-175.8,-2.65,-39.56,-8.54,-0.01,True,False,False,False,True,True,0.194,-0.001,True,False,LOW
125.402,,-42.2,-175.53,-3.08,-39.59,-8.53,-0.04,True,False,False,False,True,True,0.201,-0.003,True,False,LOW
125.573,,-42.61,-175.83,-3.13,-39.9,-8.67,-0.18,True,False,False,False,True,True,0.193,0.001,True,False,LOW
125.597,,-42.5,-176.0,-3.02,-39.92,-8.71,-0.18,True,False,False,False,True,True,0.199,-0.003,True,False,LOW
125.785,,-42.61,-175.65,-3.04,-40.06,-8.66,-0.2,True,False,False,False,True,True,0.188,0.009,True,False,LOW
125.808,,-42.46,-175.47,-3.45,-40.05,-8.63,-0.25,True,False,False,False,True,True,0.161,0.008,True,False,LOW
125.975,,-42.44,-175.71,-3.21,-40.02,-8.66,-0.32,True,False,False,False,True,True,0.196,0.003,True,False,LOW
125.997,,-42.42,-175.75,-3.03,-40.02,-8.66,-0.3,True,False,False,False,True,True,0.192,0.004,True,False,LOW
126.18,,-42.36,-175.67,-3.11,-39.97,-8.65,-0.29,True,False,False,False,True,True,0.119,-0.008,True,False,LOW
126.204,,-42.94,-175.24,-3.41,-40.04,-8.59,-0.33,True,False,False,False,True,True,0.116,-0.011,True,False,LOW
126.369,,-42.86,-174.82,-3.23,-40.23,-8.18,-0.37,True,False,False,False,True,True,0.167,-0.004,True,False,LOW
126.394,,-42.29,-175.77,-2.74,-40.18,-8.26,-0.3,True,False,False,False,True,True,0.154,-0.006,True,False,LOW
126.574,,-42.08,-175.38,-3.16,-39.89,-8.31,-0.32,True,False,False,False,True,True,0.133,-0.017,True,False,LOW
126.597,,-42.35,-175.04,-3.28,-39.89,-8.27,-0.33,True,False,False,False,True,True,0.136,-0.019,True,False,LOW
126.763,,-42.37,-175.25,-3.34,-39.91,-8.24,-0.42,True,False,False,False,True,True,0.103,-0.018,True,False,MODERATE
126.785,,-42.51,-175.37,-3.06,-39.93,-8.26,-0.4,True,False,False,False,False,True,0.082,-0.015,True,False,MODERATE
126.973,,-42.6,-175.1,-3.15,-40.06,-8.15,-0.36,True,False,False,False,False,True,0.093,-0.011,True,False,MODERATE
126.997,,-42.5,-175.41,-3.04,-40.06,-8.18,-0.34,True,False,False,False,True,True,0.106,-0.018,True,False,MODERATE
127.165,,-42.56,-175.14,-2.86,-40.09,-8.15,-0.18,True,False,False,False,False,True,-0.054,-0.015,True,False,MODERATE
127.188,,-41.38,-175.17,-3.1,-39.94,-8.15,-0.19,True,False,False,False,False,True,-0.081,-0.005,True,False,MODERATE
127.359,,-39.82,-175.83,-2.94,-38.57,-8.49,-0.15,True,False,False,False,True,True,-0.105,0.006,True,False,MODERATE
127.388,,-36.77,-173.86,-3.78,-37.8,-8.22,-0.27,True,False,False,False,False,True,-0.086,0.003,True,False,MODERATE
127.564,,-30.19,-175.06,-3.03,-31.85,-8.12,-0.24,False,False,False,False,False,False,-0.078,0.011,True,False,MODERATE
127.633,,-23.38,-173.57,-3.04,-27.46,-7.62,-0.23,False,False,False,False,False,False,-0.051,0.004,True,False,MODERATE
127.757,,-17.8,-174.2,-2.66,-20.72,-7.42,-0.05,False,False,False,False,False,False,-0.03,0.001,True,False,MODERATE
127.787,,-14.87,-173.77,-2.92,-18.61,-7.3,-0.06,False,False,False,False,False,False,-0.019,0.019,True,False,MODERATE
127.964,,-13.31,-173.93,-2.98,-13.71,-7.09,-0.11,False,False,False,False,False,False,-0.016,0.001,True,False,MODERATE
127.986,,-12.87,-174.35,-2.73,-13.11,-7.12,-0.08,False,False,False,False,False,False,-0.013,-0.002,True,False,MODERATE
128.158,,-11.96,-173.09,-2.72,-10.97,-6.56,0.02,False,False,False,False,False,False,-0.002,-0.001,True,False,MODERATE
128.188,,-12.73,-172.64,-3.04,-10.83,-6.4,-0.02,False,False,False,False,False,False,-0.006,-0.004,True,False,MODERATE
128.364,,-13.05,-174.56,-2.81,-10.71,-6.99,0.0,False,False,False,False,False,False,-0.008,-0.003,True,False,MODERATE
128.387,,-12.87,-173.34,-3.2,-10.67,-6.9,-0.05,False,False,False,False,False,False,-0.003,-0.005,True,False,MODERATE
128.554,,-12.94,-172.48,-3.25,-10.58,-6.14,-0.24,False,False,False,False,False,False,-0.007,-0.009,True,False,MODERATE
128.588,,-12.93,-173.33,-3.17,-10.56,-6.17,-0.26,False,False,False,False,False,False,0.015,-0.001,True,False,MODERATE
128.769,,-13.2,-173.57,-3.09,-10.67,-6.37,-0.26,False,False,False,False,False,False,0.013,-0.004,True,False,MODERATE
128.793,,-13.5,-173.95,-3.23,-10.72,-6.44,-0.28,False,False,False,False,False,False,-0.004,-0.002,True,False,MODERATE
128.956,,-13.64,-174.02,-3.14,-10.96,-6.72,-0.29,False,False,False,False,False,False,-0.009,-0.005,True,False,MODERATE
128.987,,-13.53,-173.98,-3.3,-10.98,-6.76,-0.32,False,False,False,False,False,False,-0.016,0.001,True,False,MODERATE
129.171,,-13.31,-174.28,-3.42,-10.92,-7.03,-0.47,False,False,False,False,False,False,-0.011,0.0,True,False,MODERATE
129.194,,-12.9,-173.85,-3.49,-10.86,-7.0,-0.49,False,False,False,False,False,False,-0.015,-0.003,True,False,MODERATE
129.355,,-12.92,-174.21,-3.51,-10.67,-7.09,-0.59,False,False,False,False,False,False,-0.014,-0.001,True,False,MODERATE
129.388,,-12.95,-173.95,-3.49,-10.64,-7.06,-0.6,False,False,False,False,False,False,-0.017,-0.0,True,False,MODERATE
129.565,,-12.86,-174.18,-3.47,-10.52,-7.11,-0.62,False,False,False,False,False,False,-0.015,-0.0,True,False,MODERATE
129.587,,-13.22,-174.76,-3.28,-10.56,-7.19,-0.6,False,False,False,False,False,False,-0.012,0.028,True,False,MODERATE
129.756,,-12.94,-174.31,-3.51,-10.53,-7.24,-0.64,False,False,False,False,False,False,-0.024,0.009,True,False,MODERATE
129.787,,-12.7,-174.8,-3.26,-10.48,-7.33,-0.61,False,False,False,False,False,False,-0.02,0.007,True,False,MODERATE
129.968,,-11.17,-174.14,-2.87,-9.53,-7.21,-0.3,False,False,False,False,False,False,-0.018,0.004,True,False,MODERATE
129.992,,-11.94,-173.36,-3.15,-9.53,-7.09,-0.31,False,False,False,False,False,False,-0.011,0.003,True,False,MODERATE
130.156,,-11.78,-172.74,-3.1,-9.43,-6.38,-0.29,False,False,False,False,False,False,-0.011,0.001,True,False,MODERATE
130.187,,-11.88,-173.72,-3.17,-9.43,-6.43,-0.3,False,False,False,False,False,False,-0.013,0.003,True,False,MODERATE
130.367,,-11.7,-174.4,-3.09,-9.34,-6.93,-0.28,False,False,False,False,False,False,-0.015,0.002,True,False,MODERATE
130.391,,-11.09,-175.8,-3.18,-9.25,-7.19,-0.29,False,False,False,False,False,False,-0.007,0.001,True,False,MODERATE
130.555,,-11.73,-174.81,-3.28,-9.27,-7.5,-0.37,False,False,False,False,False,False,-0.005,0.0,True,False,LOW
130.587,,-11.97,-173.73,-3.45,-9.31,-7.36,-0.41,False,False,False,False,False,False,-0.002,-0.0,True,False,LOW
130.765,,-11.78,-173.53,-3.2,-9.33,-6.9,-0.39,False,False,False,False,False,False,-0.008,0.001,True,False,LOW
130.788,,-11.43,-173.7,-3.21,-9.28,-6.87,-0.39,False,False,False,False,False,False,-0.007,0.001,True,False,LOW
130.96,,-11.02,-173.96,-3.16,-8.91,-6.9,-0.36,False,False,False,False,False,False,-0.008,0.001,True,False,LOW
130.99,,-10.12,-173.37,-3.37,-8.71,-6.81,-0.39,False,False,False,False,False,False,-0.01,0.02,True,False,LOW
131.165,,-10.03,-174.05,-3.23,-8.11,-6.92,-0.39,False,False,False,False,False,False,-0.019,0.007,True,False,LOW
131.187,,-10.84,-174.42,-3.15,-8.15,-6.98,-0.38,False,False,False,False,False,False,-0.012,0.008,True,False,LOW
131.355,,-10.27,-174.9,-3.05,-7.98,-7.44,-0.3,False,False,False,False,False,False,-0.01,0.006,True,False,LOW
131.389,,-11.16,-174.73,-3.22,-8.11,-7.49,-0.32,False,False,False,False,False,False,-0.012,0.005,True,False,LOW
131.565,,-10.67,-173.25,-3.39,-8.17,-6.82,-0.44,False,False,False,False,False,False,-0.01,0.005,True,False,LOW
131.588,,-11.18,-174.05,-3.35,-8.25,-6.84,-0.45,False,False,False,False,False,False,-0.008,0.005,True,False,LOW
131.758,,-11.58,-173.58,-3.58,-8.72,-6.69,-0.61,False,False,False,False,False,False,-0.021,0.001,True,False,LOW
131.787,,-11.3,-173.44,-3.59,-8.74,-6.65,-0.63,False,False,False,False,False,False,-0.02,0.003,True,False,LOW
131.964,,-10.82,-173.51,-3.56,-8.55,-6.56,-0.68,False,False,False,False,False,False,-0.018,0.003,True,False,LOW
131.987,,-11.07,-173.72,-3.71,-8.56,-6.58,-0.71,False,False,False,False,False,False,-0.009,0.004,True,False,LOW
132.16,,-10.78,-173.89,-3.58,-8.45,-6.72,-0.73,False,False,False,False,False,False,-0.01,0.004,True,False,LOW
132.189,,-10.89,-173.65,-3.74,-8.45,-6.71,-0.76,False,False,False,False,False,False,-0.007,0.006,True,False,LOW
132.368,,-10.77,-174.05,-3.68,-8.38,-6.87,-0.81,False,False,False,False,False,False,-0.015,0.003,True,False,LOW
132.395,,-10.52,-173.86,-3.78,-8.34,-6.87,-0.83,False,False,False,False,False,False,-0.015,0.001,True,False,LOW
132.557,,-10.94,-174.13,-3.87,-8.42,-6.99,-0.94,False,False,False,False,False,False,-0.011,0.001,True,False,LOW
132.586,,-10.49,-173.63,-4.02,-8.36,-6.93,-0.98,False,False,False,False,False,False,-0.01,0.001,True,False,LOW
132.765,,-11.13,-174.11,-3.9,-8.54,-7.01,-1.03,False,False,False,False,False,False,-0.008,-0.0,True,False,LOW
132.789,,-10.6,-173.65,-3.94,-8.49,-6.96,-1.04,False,False,False,False,False,False,-0.008,0.0,True,False,LOW
132.955,,-10.16,-172.46,-4.47,-8.09,-6.16,-1.35,False,False,False,False,False,False,0.016,0.057,False,False,LOW
132.987,,-10.73,-174.17,-3.97,-8.12,-6.33,-1.31,False,False,False,False,False,False,-0.029,0.012,True,False,LOW
133.167,,-10.99,-174.23,-3.76,-8.35,-6.79,-1.11,False,False,False,False,False,False,-0.012,0.005,True,False,LOW
133.191,,-10.49,-173.87,-3.64,-8.31,-6.8,-1.07,False,False,False,False,False,False,-0.011,0.004,True,False,LOW
133.362,,-10.8,-174.21,-3.6,-8.34,-7.0,-0.91,False,False,False,False,False,False,-0.01,0.0,True,False,LOW
133.388,,-10.44,-173.98,-3.7,-8.29,-6.99,-0.91,False,False,False,False,False,False,-0.005,-0.001,True,False,LOW
133.572,,-10.7,-173.69,-3.84,-8.27,-6.81,-0.96,False,False,False,False,False,False,0.001,0.001,True,False,LOW
133.594,,-11.45,-174.52,-3.82,-8.36,-6.89,-0.97,False,False,False,False,False,False,0.0,0.006,True,False,LOW
133.767,,-11.3,-174.71,-3.77,-8.62,-7.31,-0.95,False,False,False,False,False,False,-0.002,0.007,True,False,LOW
133.791,,-11.09,-174.09,-3.75,-8.63,-7.28,-0.95,False,False,False,False,False,False,0.002,0.007,True,False,LOW
133.973,,-11.1,-173.39,-3.82,-8.64,-6.79,-0.97,False,False,False,False,False,False,0.005,0.004,True,False,LOW
133.997,,-10.71,-173.5,-3.77,-8.6,-6.74,-0.97,False,False,False,False,False,False,0.003,0.003,True,False,LOW
134.166,,-10.25,-173.73,-3.67,-8.19,-6.72,-0.9,False,False,False,False,False,False,-0.012,0.002,True,False,LOW
134.189,,-9.84,-173.24,-3.77,-8.08,-6.65,-0.91,False,False,False,False,False,False,-0.009,0.0,True,False,LOW
134.37,,-9.51,-173.05,-3.76,-7.53,-6.31,-0.92,False,False,False,False,False,False,-0.006,-0.002,True,False,LOW
134.395,,-9.64,-173.53,-3.75,-7.49,-6.34,-0.92,False,False,False,False,False,False,-0.006,-0.001,True,False,LOW
134.557,,-9.73,-173.26,-3.76,-7.39,-6.28,-0.92,False,False,False,False,False,False,-0.009,-0.0,True,False,LOW
134.587,,-10.1,-173.81,-3.63,-7.43,-6.37,-0.9,False,False,False,False,False,False,-0.001,0.006,True,False,LOW
134.764,,-9.75,-173.63,-3.7,-7.37,-6.49,-0.89,False,False,False,False,False,False,-0.028,0.022,True,False,LOW
134.787,,-9.79,-173.81,-3.76,-7.37,-6.53,-0.89,False,False,False,False,False,False,-0.025,0.023,True,False,LOW
134.957,,-10.02,-173.89,-3.76,-7.48,-6.7,-0.91,False,False,False,False,False,False,-0.033,0.018,True,False,LOW
134.987,,-9.71,-173.91,-3.62,-7.44,-6.73,-0.89,False,False,False,False,False,False,-0.028,0.006,True,False,LOW
135.166,,-9.42,-173.41,-3.69,-7.2,-6.54,-0.88,False,False,False,False,False,False,-0.022,0.006,True,False,LOW
135.191,,-9.14,-173.05,-3.75,-7.13,-6.47,-0.88,False,False,False,False,False,False,-0.012,0.003,True,False,LOW
135.354,,-9.0,-173.23,-3.71,-6.84,-6.33,-0.88,False,False,False,False,False,False,-0.012,0.003,True,False,LOW
135.388,,-8.98,-173.32,-3.77,-6.78,-6.33,-0.89,False,False,False,False,False,False,-0.009,0.001,True,False,LOW
135.565,,-9.17,-172.82,-4.03,-6.75,-6.04,-1.05,False,False,False,False,False,False,-0.009,-0.003,True,False,LOW
135.589,,-9.46,-173.43,-3.81,-6.79,-6.09,-1.04,False,False,False,False,False,False,-0.034,0.008,True,False,LOW
135.756,,-8.93,-173.24,-3.91,-6.64,-6.15,-1.06,False,False,False,False,False,False,-0.03,0.012,True,False,LOW
135.788,,-8.44,-172.89,-3.77,-6.53,-6.1,-1.04,False,False,False,False,False,False,-0.018,0.004,True,False,LOW
135.966,,-8.38,-172.35,-4.02,-6.21,-5.69,-1.12,False,False,False,False,False,False,-0.011,0.001,True,False,LOW
135.99,,-8.44,-172.52,-3.98,-6.18,-5.66,-1.12,False,False,False,False,False,False,-0.013,-0.001,True,False,LOW
136.156,,-8.16,-172.15,-3.89,-5.95,-5.38,-1.09,False,False,False,False,False,False,-0.01,0.0,True,False,LOW
136.187,,-7.87,-171.78,-3.79,-5.86,-5.27,-1.07,False,False,False,False,False,False,-0.015,-0.004,True,False,LOW
136.366,,-7.38,-171.36,-3.75,-5.36,-4.77,-0.99,False,False,False,False,False,False,-0.014,-0.004,True,False,LOW
136.389,,-7.42,-171.52,-3.84,-5.31,-4.73,-0.99,False,False,False,False,False,False,-0.009,-0.004,True,False,LOW
136.558,,-8.07,-170.94,-3.91,-5.48,-4.3,-1.04,False,False,False,False,False,False,-0.008,-0.003,True,False,LOW
136.589,,-7.77,-171.6,-3.79,-5.45,-4.34,-1.03,False,False,False,False,False,False,-0.004,0.003,True,False,LOW
136.765,,-7.39,-171.54,-3.65,-5.19,-4.43,-0.92,False,False,False,False,False,False,-0.006,-0.005,True,False,LOW
136.788,,-7.2,-172.25,-3.52,-5.13,-4.53,-0.89,False,False,False,False,False,False,-0.011,-0.004,True,False,LOW
136.956,,-6.15,-172.47,-3.41,-4.39,-5.01,-0.73,False,False,False,False,False,False,-0.013,-0.001,True,False,LOW
136.989,,0.07,-171.58,-3.06,-2.93,-4.93,-0.64,False,False,False,False,False,False,-0.065,-0.004,True,False,LOW
137.164,,10.92,-173.15,-2.59,7.16,-5.56,-0.17,False,False,False,False,False,False,-0.027,0.03,True,False,LOW
137.187,,20.7,-173.32,-1.98,10.79,-5.66,-0.04,False,False,False,False,True,True,-0.186,0.0,True,False,LOW
137.36,,27.79,-174.43,-1.22,23.9,-6.59,0.85,False,False,False,False,True,True,-0.166,-0.024,True,False,LOW
137.388,,31.75,-173.62,-0.13,26.73,-6.59,1.15,False,False,False,False,True,True,-0.18,-0.012,True,False,LOW
137.565,,33.51,-172.47,0.18,32.81,-5.98,2.17,True,False,False,False,True,True,-0.18,-0.006,True,False,LOW
137.589,,34.14,-174.83,-0.59,33.61,-6.24,2.18,True,False,False,False,True,True,-0.214,-0.006,True,False,LOW
137.758,,35.29,-174.23,-0.38,36.12,-6.75,2.32,True,False,False,False,True,True,-0.22,-0.001,True,False,LOW
137.787,,36.02,-173.0,-0.14,36.62,-6.62,2.38,True,False,False,False,True,True,-0.218,-0.004,True,False,LOW
137.965,,36.33,-173.46,-0.66,37.88,-6.52,2.27,True,False,False,False,True,True,-0.222,-0.003,True,False,LOW
137.989,,36.4,-173.19,-0.38,38.03,-6.47,2.29,True,False,False,False,True,True,-0.228,-0.004,True,False,LOW
138.157,,37.31,-173.45,-0.22,38.98,-6.45,2.46,True,False,False,False,True,True,-0.236,-0.007,True,False,LOW
138.18,,37.25,-173.9,-0.69,39.09,-6.5,2.42,True,False,False,False,True,True,-0.234,-0.012,True,False,LOW
138.365,,37.95,-173.97,-0.8,39.82,-6.74,2.21,True,False,False,False,True,True,-0.242,-0.009,True,False,LOW
138.39,,37.51,-174.16,-0.91,39.84,-6.79,2.17,True,False,False,False,True,True,-0.239,-0.013,True,False,LOW
138.558,,38.79,-175.1,-1.33,40.58,-7.46,1.82,True,False,False,False,True,True,-0.236,-0.01,True,False,LOW
138.582,,38.08,-175.09,-1.13,40.57,-7.54,1.81,True,False,False,False,True,True,-0.215,-0.025,True,False,LOW
138.767,,37.78,-175.05,-1.26,40.38,-7.8,1.68,True,False,False,False,True,True,-0.2,-0.043,True,False,LOW
138.791,,37.72,-174.71,-1.14,40.35,-7.79,1.68,True,False,False,False,True,True,-0.195,-0.042,True,False,LOW
138.959,,37.92,-174.43,-0.94,40.36,-7.59,1.79,True,False,False,False,True,True,-0.207,-0.026,True,False,LOW
138.983,,37.71,-174.35,-0.95,40.33,-7.55,1.8,True,False,False,False,True,True,-0.215,-0.015,True,False,LOW
139.165,,38.05,-174.03,-0.57,40.41,-7.26,2.05,True,False,False,False,True,True,-0.205,-0.025,True,False,LOW
139.188,,37.8,-174.59,-0.99,40.39,-7.29,2.02,True,False,False,False,True,True,-0.198,-0.032,True,False,LOW
139.354,,37.52,-174.46,-0.86,40.17,-7.36,1.99,True,False,False,False,True,True,-0.204,-0.032,True,False,LOW
139.378,,37.3,-174.34,-0.74,40.11,-7.36,2.01,True,False,False,False,True,True,-0.195,-0.042,True,False,LOW
139.563,,37.18,-173.78,-0.55,39.85,-7.03,2.15,True,False,False,False,True,True,-0.197,-0.036,True,False,LOW
139.588,,37.18,-174.33,-0.7,39.81,-7.07,2.15,True,False,False,False,True,True,-0.19,-0.041,True,False,LOW
139.754,,37.46,-175.11,-0.99,39.86,-7.59,1.99,True,False,False,False,True,True,-0.184,-0.043,True,False,LOW
139.777,,37.59,-175.89,-1.27,39.88,-7.76,1.94,True,False,False,False,True,True,-0.195,-0.05,True,False,LOW
139.968,,37.23,-175.79,-1.19,39.77,-8.32,1.77,True,False,False,False,True,True,-0.198,-0.042,True,False,MODERATE
139.992,,37.38,-175.73,-1.37,39.77,-8.37,1.73,True,False,False,False,True,True,-0.182,-0.059,True,False,MODERATE
140.159,,37.23,-176.16,-1.34,39.72,-8.77,1.61,True,False,False,False,True,True,-0.208,-0.042,True,False,MODERATE
140.183,,37.45,-175.41,-1.26,39.74,-8.72,1.6,True,False,False,False,True,True,-0.149,-0.053,True,False,MODERATE
140.365,,36.14,-174.26,-0.89,39.12,-7.92,1.78,True,False,False,False,False,True,0.034,-0.002,True,False,MODERATE
140.391,,32.55,-175.39,-1.77,38.45,-7.98,1.68,True,False,False,False,False,True,0.04,-0.002,True,False,MODERATE
140.555,,28.95,-175.02,-1.25,34.49,-7.98,1.63,True,False,False,False,False,True,0.028,0.005,True,False,MODERATE
140.577,,23.81,-176.85,-1.99,33.11,-8.21,1.53,True,False,False,False,False,True,0.016,0.001,True,False,MODERATE
140.765,,16.24,-176.54,-2.42,23.79,-8.93,0.91,False,False,False,False,False,False,0.008,0.004,True,False,MODERATE
140.899,,8.71,-177.41,-3.13,16.55,-9.62,0.34,False,False,False,False,False,False,-0.009,0.019,True,False,MODERATE
141.004,,-0.73,-176.41,-3.95,8.6,-9.52,-0.26,False,False,False,False,False,False,-0.007,0.009,True,False,MODERATE
141.028,,-3.06,-176.5,-3.69,6.46,-9.51,-0.35,False,False,False,False,False,False,-0.023,0.021,True,False,MODERATE
141.166,,-3.2,-175.37,-3.87,2.15,-8.97,-0.68,False,False,False,False,False,False,-0.014,-0.004,True,False,MODERATE
141.188,,-3.95,-176.47,-4.09,1.43,-9.02,-0.75,False,False,False,False,False,False,-0.013,0.004,True,False,MODERATE
141.361,,-3.82,-176.57,-3.95,-0.28,-9.29,-0.95,False,False,False,False,False,False,-0.014,0.003,True,False,MODERATE
141.386,,-4.41,-176.24,-3.93,-0.59,-9.28,-0.97,False,False,False,False,False,False,-0.013,-0.0,True,False,MODERATE
141.57,,-3.37,-175.38,-3.74,-0.79,-8.78,-0.94,False,False,False,False,False,False,-0.012,0.0,True,False,MODERATE
141.593,,-1.49,-175.48,-3.37,-0.55,-8.74,-0.89,False,False,False,False,False,False,-0.015,0.004,True,False,MODERATE
141.765,,0.51,-174.83,-3.2,1.29,-8.24,-0.62,False,False,False,False,False,False,-0.009,0.003,True,False,MODERATE
141.912,,1.16,-175.25,-3.08,2.43,-8.23,-0.44,False,False,False,False,False,False,-0.008,0.004,True,False,MODERATE
142.029,,1.26,-175.26,-3.07,2.99,-8.23,-0.35,False,False,False,False,False,False,-0.006,0.001,True,False,MODERATE
142.053,,0.18,-175.5,-3.27,2.94,-8.26,-0.37,False,False,False,False,True,True,-0.001,0.043,True,False,MODERATE
142.168,,-1.37,-176.75,-3.31,2.15,-8.89,-0.41,False,False,False,False,False,False,-0.016,0.008,True,False,MODERATE
142.193,,-1.68,-176.68,-3.37,1.95,-8.99,-0.43,False,False,False,False,False,False,-0.006,0.005,True,False,MODERATE
142.368,,-2.18,-175.74,-3.31,1.04,-8.84,-0.46,False,False,False,False,False,False,0.012,-0.003,True,False,MODERATE
142.392,,-1.86,-175.88,-3.16,0.97,-8.84,-0.44,False,False,False,False,False,False,0.011,0.001,True,False,MODERATE
142.558,,-2.05,-175.19,-3.01,0.67,-8.49,-0.31,False,False,False,False,False,False,0.032,-0.01,True,False,MODERATE
142.58,,-1.61,-174.34,-2.9,0.69,-8.34,-0.28,False,False,False,False,False,False,0.028,-0.004,True,False,MODERATE
142.769,,-1.91,-174.65,-3.11,0.6,-7.94,-0.28,False,False,False,False,False,False,-0.001,0.004,True,False,MODERATE
142.792,,-1.99,-175.27,-3.21,0.58,-7.98,-0.29,False,False,False,False,False,False,-0.005,0.008,True,False,MODERATE
142.956,,-1.86,-175.23,-2.94,0.58,-8.09,-0.2,False,False,False,False,False,False,-0.009,0.007,True,False,MODERATE
142.979,,-2.33,-175.42,-3.14,0.52,-8.13,-0.21,False,False,False,False,False,False,-0.011,0.013,True,False,MODERATE
143.167,,-1.19,-176.82,-2.9,0.92,-9.04,-0.14,False,False,False,False,False,False,-0.01,0.01,True,False,MODERATE
143.192,,-0.58,-174.69,-3.1,1.05,-8.85,-0.15,False,False,False,False,False,False,-0.013,0.009,True,False,MODERATE
143.355,,-0.81,-174.21,-3.49,1.35,-7.99,-0.41,False,False,False,False,False,False,-0.008,0.004,True,False,MODERATE
143.379,,-2.14,-175.9,-3.69,1.21,-8.1,-0.47,False,False,False,False,False,False,-0.009,0.005,True,False,MODERATE
143.566,,-1.57,-175.97,-3.49,1.03,-8.56,-0.57,False,False,False,False,False,False,-0.011,0.0,True,False,MODERATE
143.588,,-0.89,-176.43,-3.42,1.09,-8.66,-0.58,False,False,False,False,False,False,-0.012,0.004,True,False,MODERATE
143.756,,-0.81,-176.77,-3.24,1.37,-9.23,-0.49,False,False,False,False,False,False,-0.011,-0.001,True,False,MODERATE
143.779,,-1.27,-175.89,-3.29,1.34,-9.18,-0.49,False,False,False,False,False,False,-0.006,0.005,True,False,LOW
143.965,,-1.34,-176.06,-3.28,1.21,-9.1,-0.47,False,False,False,False,False,False,-0.004,0.006,True,False,LOW
143.987,,-2.96,-175.99,-3.23,0.99,-9.08,-0.46,False,False,False,False,False,False,-0.002,-0.005,True,False,LOW
144.155,,-3.43,-175.49,-3.39,-0.06,-8.76,-0.51,False,False,False,False,False,False,0.002,-0.002,True,False,LOW
144.178,,-3.24,-175.67,-3.51,-0.16,-8.75,-0.53,False,False,False,False,False,False,0.001,-0.002,True,False,LOW
144.368,,-3.87,-174.76,-3.79,-0.87,-8.19,-0.77,False,False,False,False,False,False,0.001,-0.004,True,False,LOW
144.395,,-3.16,-174.35,-3.52,-0.85,-8.05,-0.76,False,False,False,False,False,False,0.016,0.057,False,False,LOW
144.556,,-2.45,-175.03,-3.68,-0.43,-8.03,-0.8,False,False,False,False,False,False,-0.041,0.03,True,False,LOW
144.579,,-1.58,-175.04,-3.62,-0.26,-8.02,-0.8,False,False,False,False,False,False,-0.035,0.026,True,False,LOW
144.764,,-1.68,-174.8,-3.61,0.3,-7.89,-0.79,False,False,False,False,False,False,-0.019,0.008,True,False,LOW
144.785,,-1.24,-174.6,-3.53,0.41,-7.85,-0.78,False,False,False,False,False,False,-0.012,0.008,True,False,LOW
144.957,,-1.25,-174.7,-3.28,0.83,-7.76,-0.61,False,False,False,False,False,False,-0.013,0.003,True,False,LOW
144.98,,-0.58,-174.3,-3.29,0.97,-7.69,-0.59,False,False,False,False,False,False,-0.011,0.002,True,False,LOW
145.164,,-0.35,-173.84,-3.35,1.59,-7.21,-0.55,False,False,False,False,False,False,-0.007,0.005,True,False,LOW
145.187,,-0.68,-173.83,-3.26,1.61,-7.16,-0.54,False,False,False,False,False,False,0.022,-0.002,True,False,LOW
145.356,,-0.67,-173.42,-3.3,1.69,-6.76,-0.5,False,False,False,False,False,False,0.023,0.002,True,False,LOW
145.386,,-1.53,-173.92,-3.47,1.57,-6.78,-0.52,False,False,False,False,False,False,0.024,-0.001,True,False,LOW
145.561,,-1.09,-173.76,-3.51,1.45,-6.75,-0.61,False,False,False,False,False,False,0.021,-0.004,True,False,LOW
145.585,,-1.14,-174.13,-3.74,1.43,-6.8,-0.65,False,False,False,False,False,False,-0.013,0.006,True,False,LOW
145.755,,-1.28,-173.93,-3.68,1.29,-6.85,-0.75,False,False,False,False,False,False,-0.009,0.005,True,False,LOW
145.778,,-0.52,-172.63,-3.6,1.37,-6.69,-0.75,False,False,False,False,False,False,-0.004,0.002,True,False,LOW
145.967,,-1.0,-173.69,-3.51,1.41,-6.67,-0.71,False,False,False,False,False,False,0.002,0.003,True,False,LOW
145.992,,-1.85,-173.3,-3.75,1.3,-6.62,-0.74,False,False,False,False,False,False,0.003,0.004,True,False,LOW
146.155,,-1.18,-173.41,-3.57,1.28,-6.5,-0.74,False,False,False,False,False,False,0.002,-0.001,True,False,LOW
146.177,,-1.45,-173.31,-3.36,1.24,-6.47,-0.72,False,False,False,False,False,False,-0.01,0.009,True,False,LOW
146.372,,-0.87,-173.79,-3.43,1.42,-6.63,-0.65,False,False,False,False,False,False,-0.009,0.01,True,False,LOW
146.396,,-0.82,-173.49,-3.53,1.45,-6.61,-0.66,False,False,False,False,False,False,-0.007,0.007,True,False,LOW
146.559,,-0.84,-173.2,-3.61,1.53,-6.38,-0.72,False,False,False,False,False,False,-0.006,0.005,True,False,LOW
146.581,,-1.1,-173.07,-3.38,1.5,-6.34,-0.7,False,False,False,False,False,False,-0.008,0.003,True,False,LOW
146.766,,-1.23,-172.91,-3.22,1.34,-6.09,-0.53,False,False,False,False,False,False,-0.01,0.003,True,False,LOW
146.79,,-1.4,-172.43,-3.32,1.3,-6.0,-0.53,False,False,False,False,True,True,-0.021,0.035,True,False,LOW
146.955,,0.03,-172.06,-3.22,1.9,-5.49,-0.46,False,False,False,False,False,False,-0.023,0.027,True,False,LOW
146.978,,-0.82,-172.07,-2.97,1.87,-5.43,-0.42,False,False,False,False,False,False,-0.021,0.006,True,False,LOW
147.164,,0.24,-169.68,-3.25,2.31,-3.88,-0.42,False,False,False,False,False,False,-0.012,0.007,True,False,LOW
147.188,,0.91,-170.23,-3.28,2.45,-3.78,-0.42,False,False,False,False,False,False,0.016,0.057,False,False,LOW
147.356,,1.02,-168.89,-3.38,2.98,-2.75,-0.49,False,False,False,False,False,False,-0.015,0.018,True,False,LOW
147.38,,-0.17,-168.54,-3.38,2.89,-2.58,-0.5,False,False,False,False,False,False,-0.016,0.004,True,False,LOW
147.565,,0.15,-168.32,-3.24,2.73,-1.86,-0.45,False,False,False,False,False,False,-0.01,0.003,True,False,LOW
147.589,,-0.84,-168.72,-3.09,2.58,-1.84,-0.43,False,False,False,False,False,False,-0.001,-0.005,True,False,LOW
147.758,,-0.39,-168.38,-3.11,2.3,-1.58,-0.35,False,False,False,False,False,False,-0.004,-0.004,True,False,LOW
147.781,,-0.68,-168.51,-2.98,2.23,-1.57,-0.32,False,False,False,False,False,False,-0.006,-0.004,True,False,LOW
147.963,,-0.22,-168.98,-2.87,2.23,-1.77,-0.17,False,False,False,False,False,False,0.018,-0.008,True,False,LOW
147.986,,-0.85,-169.58,-2.92,2.14,-1.87,-0.16,False,False,False,False,False,False,0.013,-0.004,True,False,LOW
148.155,,-0.79,-170.14,-2.86,1.88,-2.52,-0.09,False,False,False,False,False,False,-0.003,-0.001,True,False,LOW
148.178,,-0.92,-170.38,-2.99,1.84,-2.63,-0.1,False,False,False,False,False,False,0.001,0.001,True,False,LOW
148.348,,-1.4,-170.96,-2.96,1.42,-3.32,-0.12,False,False,False,False,False,False,0.0,-0.001,True,False,LOW
148.38,,-1.53,-170.7,-2.86,1.33,-3.38,-0.1,False,False,False,False,False,False,-0.002,-0.005,True,False,LOW
148.556,,-1.98,-170.69,-2.91,0.86,-3.53,-0.09,False,False,False,False,False,False,-0.001,-0.005,True,False,LOW
148.579,,-1.85,-170.49,-2.87,0.83,-3.52,-0.08,False,False,False,False,False,False,0.006,-0.006,True,False,LOW
148.75,,-2.04,-170.47,-2.77,0.6,-3.48,-0.01,False,False,False,False,False,False,0.013,-0.005,True,False,LOW
148.78,,-1.94,-170.33,-2.99,0.59,-3.45,-0.03,False,False,False,False,False,False,-0.01,-0.003,True,False,LOW
148.961,,-2.22,-170.74,-2.99,0.39,-3.59,-0.1,False,False,False,False,False,False,-0.008,-0.007,True,False,LOW
149.067,,-2.44,-170.77,-2.95,0.23,-3.65,-0.11,False,False,False,False,False,False,0.0,-0.005,True,False,LOW
149.171,,-2.46,-170.87,-2.92,0.13,-3.73,-0.1,False,False,False,False,False,False,0.002,-0.004,True,False,LOW
149.194,,-3.19,-170.48,-2.89,0.01,-3.69,-0.1,False,False,False,False,False,False,-0.003,-0.008,True,False,LOW
149.361,,-3.19,-170.38,-2.93,-0.38,-3.52,-0.1,False,False,False,False,False,False,-0.004,-0.008,True,False,LOW
149.468,,-3.65,-171.22,-3.07,-0.73,-3.79,-0.16,False,False,False,False,False,False,-0.006,-0.001,True,False,LOW
149.576,,-3.38,-171.11,-2.98,-0.81,-3.91,-0.15,False,False,False,False,False,False,-0.004,-0.003,True,False,LOW
149.599,,-3.21,-171.1,-3.08,-0.81,-3.93,-0.17,False,False,False,False,False,False,-0.002,-0.004,True,False,LOW
149.765,,-3.55,-172.05,-3.15,-0.96,-4.49,-0.24,False,False,False,False,False,False,-0.0,-0.005,True,False,LOW
149.869,,-7.57,-171.73,-3.56,-2.73,-4.58,-0.44,False,False,False,False,False,False,-0.001,0.001,True,False,LOW
149.997,,-7.63,-171.57,-3.59,-3.9,-4.56,-0.58,False,False,False,False,False,False,0.001,0.0,True,False,LOW
150.02,,-14.14,-171.83,-4.19,-5.22,-4.59,-0.68,False,False,False,False,False,False,0.005,0.012,True,False,LOW
150.167,,-23.54,-173.22,-4.33,-14.64,-5.38,-1.08,False,False,False,False,True,True,0.105,-0.004,True,False,LOW
150.268,,-36.57,-173.02,-4.16,-25.23,-5.62,-1.18,False,False,False,False,False,False,0.097,-0.015,True,False,LOW
150.376,,-36.23,-172.15,-4.88,-29.88,-5.42,-1.54,False,False,False,False,True,True,0.112,-0.017,True,False,LOW
150.4,,-40.72,-173.25,-4.98,-31.8,-5.53,-1.63,False,False,False,False,True,True,0.207,-0.011,True,False,LOW
150.555,,-43.91,-173.62,-5.79,-37.84,-6.06,-2.3,True,False,False,False,True,True,0.206,-0.026,True,False,LOW
150.667,,-45.21,-175.08,-5.6,-40.4,-6.92,-2.5,True,False,False,False,True,True,0.134,-0.023,True,False,LOW
150.771,,-45.17,-174.96,-5.24,-41.51,-7.34,-2.46,True,False,False,False,True,True,0.108,-0.028,True,False,LOW
150.794,,-46.51,-174.3,-5.65,-41.95,-7.33,-2.51,True,False,False,False,True,True,0.237,-0.045,True,False,LOW
150.958,,-46.58,-174.94,-4.82,-43.19,-7.63,-2.25,True,False,False,False,True,True,0.224,-0.052,True,False,LOW
151.068,,-46.31,-175.06,-4.71,-43.49,-7.8,-2.1,True,False,False,False,True,True,0.258,-0.047,True,False,LOW
151.172,,-46.94,-175.22,-4.46,-43.92,-7.96,-1.91,True,False,False,False,True,True,0.241,-0.036,True,False,LOW
151.197,,-46.14,-174.55,-4.38,-43.89,-7.9,-1.86,True,False,False,False,True,True,0.236,-0.033,True,False,LOW
151.356,,-45.57,-174.78,-4.05,-43.5,-7.82,-1.54,True,False,False,False,True,True,0.225,-0.034,True,False,LOW
151.466,,-45.46,-174.98,-4.38,-43.3,-7.87,-1.54,True,False,False,False,True,True,0.204,-0.036,True,False,LOW
151.573,,-45.6,-175.29,-3.67,-43.25,-8.03,-1.25,True,False,False,False,True,True,0.169,-0.013,True,False,LOW
151.597,,-45.41,-175.6,-3.5,-43.21,-8.1,-1.18,True,False,False,False,True,True,0.164,-0.022,True,False,LOW
151.755,,-45.57,-175.35,-3.92,-43.17,-8.21,-1.13,True,False,False,False,True,True,0.147,-0.025,True,False,LOW
151.867,,-45.55,-176.44,-3.32,-43.15,-8.72,-0.86,True,False,False,False,True,True,0.163,-0.03,True,False,LOW
151.97,,-45.08,-175.71,-3.73,-42.94,-8.7,-0.88,True,False,False,False,True,True,0.19,-0.026,True,False,LOW
151.994,,-45.49,-175.32,-3.91,-42.96,-8.65,-0.9,True,False,False,False,True,True,0.184,-0.033,True,False,LOW
152.158,,-44.88,-176.51,-3.15,-42.69,-9.07,-0.61,True,False,False,False,True,True,0.177,-0.026,True,False,LOW
152.268,,-43.23,-177.84,-2.54,-41.89,-9.81,-0.23,True,False,False,False,True,True,0.134,-0.024,True,False,LOW
152.372,,-44.17,-178.66,-1.87,-41.82,-10.56,0.25,True,False,False,False,True,True,0.1,-0.024,True,False,LOW
152.397,,-44.1,-177.64,-1.83,-41.8,-10.57,0.36,True,False,False,False,True,True,0.101,-0.017,True,False,LOW
152.556,,-43.03,-177.43,-1.37,-41.18,-10.48,0.93,True,False,False,False,False,True,0.093,-0.017,True,False,LOW
152.667,,-42.95,-176.15,-1.59,-40.9,-9.92,1.06,True,False,False,False,False,True,0.085,-0.023,True,False,LOW
152.773,,-42.75,-176.86,-1.42,-40.66,-9.88,1.2,True,False,False,False,False,True,0.06,-0.022,True,False,LOW
152.796,,-42.53,-176.82,-1.58,-40.58,-9.87,1.21,True,False,False,False,False,True,0.096,-0.016,True,False,LOW
152.956,,-43.15,-177.42,-1.15,-40.65,-10.13,1.45,True,False,False,False,False,True,0.057,-0.024,True,False,LOW
153.067,,-42.55,-178.51,-0.98,-40.42,-10.7,1.62,True,False,False,False,False,True,0.005,-0.013,True,False,LOW
153.171,,-42.68,-177.13,-1.74,-40.35,-10.46,1.41,True,False,False,False,False,True,0.018,-0.015,True,False,LOW
153.195,,-42.42,-176.87,-1.51,-40.3,-10.38,1.4,True,False,False,False,False,True,0.001,-0.008,True,False,LOW
153.358,,-42.22,-176.77,-1.62,-40.03,-10.05,1.3,True,False,False,False,False,True,0.003,-0.008,True,False,LOW
153.467,,-42.32,-178.12,-1.61,-39.97,-10.48,1.27,True,False,False,False,False,True,0.012,-0.01,True,False,LOW
153.569,,-42.93,-177.3,-1.69,-40.17,-10.4,1.22,True,False,False,False,False,True,0.007,-0.017,True,False,MODERATE
153.593,,-42.26,-178.38,-1.16,-40.12,-10.53,1.28,True,False,False,False,False,True,0.003,-0.016,True,False,MODERATE
153.757,,-42.59,-178.92,-0.64,-40.14,-11.24,1.75,True,False,False,False,False,True,-0.005,-0.025,True,False,MODERATE
153.867,,-42.83,-179.75,-0.91,-40.24,-11.87,1.82,True,False,False,False,True,True,-0.102,0.002,True,False,MODERATE
153.971,,-42.94,-179.52,-1.21,-40.34,-12.12,1.74,True,False,False,False,False,True,-0.095,-0.002,True,False,MODERATE
153.994,,-42.22,-179.1,-1.45,-40.27,-12.11,1.69,True,False,False,False,True,True,-0.146,-0.011,True,False,MODERATE
154.157,,-40.12,-178.15,-2.23,-38.92,-11.61,1.13,True,False,False,False,False,True,-0.098,0.005,True,False,MODERATE
154.267,,-25.62,179.26,-1.71,-31.05,-12.5,1.13,False,False,False,False,False,False,0.016,0.057,False,False,MODERATE
154.374,,-26.44,179.09,-1.77,-27.57,-13.08,1.1,False,False,False,False,False,False,0.016,0.057,False,False,MODERATE
154.468,,-17.79,-179.91,-1.85,-21.59,-13.0,1.06,False,False,False,False,False,False,-0.039,0.019,True,False,MODERATE
154.572,,-13.79,-179.38,-1.99,-16.28,-12.74,0.97,False,False,False,False,False,False,-0.035,0.013,True,False,MODERATE
154.667,,-11.78,-177.35,-2.28,-12.89,-11.8,0.81,False,False,False,False,False,False,-0.016,0.003,True,False,MODERATE
154.771,,-11.14,-178.45,-2.17,-10.84,-11.65,0.75,False,False,False,False,False,False,-0.022,0.01,True,False,MODERATE
154.796,,-12.46,-177.99,-2.4,-10.69,-11.55,0.71,False,False,False,False,False,False,-0.018,0.006,True,False,MODERATE
154.956,,-11.28,-178.48,-2.37,-9.65,-11.5,0.58,False,False,False,False,False,False,-0.005,0.011,True,False,MODERATE
155.068,,-10.8,-178.48,-2.26,-9.07,-11.48,0.58,False,False,False,False,False,False,0.032,0.013,True,False,MODERATE
155.169,,-10.85,-178.63,-2.24,-8.79,-11.53,0.58,False,False,False,False,False,False,0.033,0.011,True,False,MODERATE
155.192,,-10.52,-178.6,-2.34,-8.69,-11.53,0.57,False,False,False,False,False,False,0.026,0.014,True,False,MODERATE
155.359,,-9.36,-177.97,-2.17,-7.74,-11.23,0.62,False,False,False,False,False,False,0.028,0.016,True,False,MODERATE
155.467,,-8.74,-177.26,-2.64,-7.12,-10.81,0.44,False,False,False,False,False,False,0.031,0.013,True,False,MODERATE
155.57,,-9.3,-176.82,-2.59,-7.02,-10.4,0.36,False,False,False,False,False,False,0.027,0.015,True,False,MODERATE
155.593,,-8.79,-176.97,-2.5,-6.93,-10.34,0.36,False,False,False,False,False,False,0.03,0.015,True,False,MODERATE
155.757,,-9.41,-177.99,-2.44,-6.95,-10.66,0.37,False,False,False,False,False,False,0.031,0.015,True,False,MODERATE
155.867,,-9.38,-179.98,-2.32,-6.94,-11.62,0.43,False,False,False,False,False,False,0.025,0.019,True,False,MODERATE
155.969,,-9.96,-179.52,-2.37,-7.17,-11.97,0.44,False,False,False,False,False,False,0.028,0.019,True,False,MODERATE
155.993,,-9.13,179.17,-2.01,-7.11,-12.23,0.49,False,False,False,False,False,False,0.042,0.021,True,False,MODERATE
156.158,,-9.49,179.13,-2.0,-7.08,-13.09,0.67,False,False,False,False,False,False,0.037,0.019,True,False,MODERATE
156.267,,-9.96,179.13,-2.14,-7.26,-13.41,0.68,False,False,False,False,False,False,0.034,0.018,True,False,MODERATE
156.37,,-10.13,179.99,-2.25,-7.43,-13.24,0.64,False,False,False,False,False,False,0.031,0.018,True,False,MODERATE
156.395,,-10.02,179.78,-2.41,-7.45,-13.23,0.61,False,False,False,False,False,False,0.035,0.022,True,False,MODERATE
156.557,,-10.28,179.08,-2.17,-7.65,-13.57,0.63,False,False,False,False,False,False,0.037,0.023,True,False,MODERATE
156.667,,-9.8,179.07,-2.42,-7.53,-13.71,0.54,False,False,False,False,False,False,0.027,0.024,True,False,MODERATE
156.771,,-10.12,179.0,-2.34,-7.59,-13.81,0.52,False,False,False,False,False,False,0.024,0.021,True,False,MODERATE
156.793,,-9.31,178.67,-2.08,-7.5,-13.87,0.55,False,False,False,False,False,False,0.027,0.024,True,False,MODERATE
156.956,,-8.08,178.74,-2.06,-6.54,-14.06,0.66,False,False,False,False,False,False,0.035,0.024,True,False,MODERATE
157.067,,-7.95,178.62,-1.91,-6.1,-14.18,0.77,False,False,False,False,False,False,0.042,0.026,True,False,MODERATE
157.173,,-8.21,179.5,-1.99,-5.97,-13.89,0.8,False,False,False,False,False,False,0.038,0.023,True,False,MODERATE
157.197,,-8.17,179.26,-2.06,-5.93,-13.87,0.79,False,False,False,False,False,False,0.039,0.021,True,False,LOW
157.362,,-8.21,179.33,-1.95,-5.85,-13.75,0.84,False,False,False,False,False,False,0.04,0.02,True,False,LOW
157.467,,-8.32,179.67,-2.07,-5.86,-13.57,0.81,False,False,False,False,False,False,0.037,0.02,True,False,LOW
157.579,,-8.27,179.94,-2.12,-5.85,-13.34,0.77,False,False,False,False,False,False,0.037,0.019,True,False,LOW
157.602,,-7.94,179.83,-2.05,-5.8,-13.32,0.77,False,False,False,False,False,False,0.035,0.019,True,False,LOW
157.766,,-8.61,-179.6,-2.26,-5.99,-12.93,0.67,False,False,False,False,False,False,0.034,0.02,True,False,LOW
157.868,,-7.63,-179.73,-2.51,-5.67,-12.84,0.53,False,False,False,False,False,False,0.008,0.007,True,False,LOW
157.98,,-7.88,-179.82,-2.55,-5.58,-12.82,0.43,False,False,False,False,False,False,0.011,0.005,True,False,LOW
158.003,,-7.9,-179.64,-2.59,-5.56,-12.79,0.4,False,False,False,False,False,False,-0.002,0.005,True,False,LOW
158.174,,-7.93,-179.81,-2.7,-5.52,-12.79,0.26,False,False,False,False,False,False,-0.013,0.001,True,False,LOW
158.268,,-7.24,178.97,-2.98,-5.25,-13.25,0.11,False,False,False,False,False,False,-0.032,0.034,True,False,LOW
158.375,,-7.58,179.38,-3.08,-5.2,-13.39,-0.04,False,False,False,False,False,False,-0.031,0.03,True,False,LOW
158.399,,-8.11,179.17,-2.89,-5.27,-13.44,-0.04,False,False,False,False,False,False,-0.019,0.005,True,False,LOW
158.683,,-7.82,179.13,-2.91,-5.34,-13.7,-0.07,False,False,False,False,False,False,-0.013,0.0,True,False,LOW
158.705,,-7.49,179.21,-2.64,-5.3,-13.71,-0.04,False,False,False,False,False,False,0.028,0.023,True,False,LOW
158.81,,-7.77,179.8,-2.75,-5.31,-13.49,0.01,False,False,False,False,False,False,0.021,0.028,True,False,LOW
158.833,,-7.57,178.94,-2.75,-5.29,-13.56,0.02,False,False,False,False,False,False,0.028,0.022,True,False,LOW
158.959,,-7.94,178.72,-2.55,-5.38,-13.87,0.14,False,False,False,False,False,False,0.023,0.02,True,False,LOW
159.067,,-7.97,179.53,-2.71,-5.44,-13.7,0.13,False,False,False,False,False,False,-0.011,0.007,True,False,LOW
159.171,,-8.05,179.49,-2.72,-5.51,-13.61,0.12,False,False,False,False,False,False,-0.012,0.007,True,False,LOW
159.194,,-7.91,179.59,-2.82,-5.5,-13.58,0.11,False,False,False,False,False,False,-0.007,0.006,True,False,LOW
159.355,,-8.35,179.34,-2.74,-5.71,-13.61,0.1,False,False,False,False,False,False,-0.011,0.005,True,False,LOW
159.466,,-7.68,-179.34,-3.19,-5.52,-13.06,-0.09,False,False,False,False,False,False,-0.023,0.014,True,False,LOW
159.646,,-7.79,-179.5,-3.0,-5.43,-12.74,-0.13,False,False,False,False,False,False,-0.018,0.007,True,False,LOW
159.671,,-8.02,179.7,-2.96,-5.45,-12.81,-0.13,False,False,False,False,False,False,-0.018,0.002,True,False,LOW
159.773,,-8.33,-179.92,-2.92,-5.62,-12.84,-0.12,False,False,False,False,False,False,-0.013,0.001,True,False,LOW
159.868,,-7.54,178.77,-2.56,-5.43,-13.36,0.03,False,False,False,False,False,False,0.034,0.021,True,False,LOW
160.044,,-7.33,179.06,-2.76,-5.14,-13.65,0.05,False,False,False,False,False,False,0.044,0.023,True,False,LOW
160.067,,-7.24,178.45,-2.61,-5.1,-13.77,0.07,False,False,False,False,False,False,0.043,0.021,True,False,LOW
160.171,,-7.5,178.56,-2.57,-5.08,-14.03,0.15,False,False,False,False,False,False,0.048,0.018,True,False,LOW
160.268,,-7.01,178.59,-2.53,-4.89,-14.17,0.21,False,False,False,False,False,False,0.045,0.02,True,False,LOW
160.443,,-6.89,178.64,-2.64,-4.66,-14.25,0.2,False,False,False,False,False,False,0.045,0.016,True,False,LOW
160.466,,-6.93,178.8,-2.68,-4.63,-14.24,0.19,False,False,False,False,False,False,0.047,0.016,True,False,LOW
160.57,,-7.29,178.81,-2.66,-4.72,-14.21,0.18,False,False,False,False,False,False,0.046,0.021,True,False,LOW
160.669,,-7.42,178.98,-2.63,-4.82,-14.13,0.19,False,False,False,False,False,False,0.052,0.019,True,False,LOW
160.847,,-6.9,178.5,-2.58,-4.63,-14.31,0.22,False,False,False,False,False,False,0.04,0.022,True,False,LOW
160.879,,-6.93,178.58,-2.58,-4.61,-14.32,0.23,False,False,False,False,False,False,0.042,0.022,True,False,LOW
160.988,,-7.05,178.52,-2.58,-4.61,-14.37,0.24,False,False,False,False,False,False,0.041,0.021,True,False,LOW
161.067,,-7.5,177.91,-2.52,-4.76,-14.61,0.26,False,False,False,False,False,False,0.037,0.018,True,False,LOW
161.245,,-7.03,177.79,-2.69,-4.67,-14.91,0.2,False,False,False,False,False,False,0.038,0.019,True,False,LOW
161.268,,-7.11,178.2,-2.76,-4.67,-14.89,0.18,False,False,False,False,False,False,0.041,0.021,True,False,LOW
161.372,,-6.85,178.45,-2.82,-4.57,-14.75,0.11,False,False,False,False,False,False,0.04,0.02,True,False,LOW
161.466,,-6.96,178.44,-2.86,-4.55,-14.67,0.06,False,False,False,False,False,False,0.041,0.021,True,False,LOW
161.639,,-6.99,178.58,-2.89,-4.55,-14.52,-0.0,False,False,False,False,False,False,0.041,0.021,True,False,LOW
161.663,,-7.0,178.54,-2.85,-4.55,-14.51,-0.01,False,False,False,False,False,False,0.04,0.021,True,False,LOW
161.764,,-7.02,178.52,-2.85,-4.56,-14.49,-0.01,False,False,False,False,False,False,0.04,0.02,True,False,LOW
161.867,,-6.77,178.83,-2.88,-4.47,-14.35,-0.03,False,False,False,False,False,False,0.04,0.021,True,False,LOW
162.052,,-6.53,178.11,-2.82,-4.26,-14.62,-0.01,False,False,False,False,False,False,0.042,0.021,True,False,LOW
162.078,,-6.35,178.09,-2.84,-4.21,-14.66,-0.01,False,False,False,False,False,False,0.039,0.021,True,False,LOW
162.187,,-6.62,178.2,-2.85,-4.2,-14.71,-0.01,False,False,False,False,False,False,0.04,0.021,True,False,LOW
162.268,,-6.42,178.18,-2.82,-4.12,-14.73,-0.0,False,False,False,False,False,False,0.044,0.021,True,False,LOW
162.456,,-6.34,178.27,-2.76,-4.0,-14.72,0.04,False,False,False,False,False,False,0.043,0.021,True,False,LOW
162.486,,-6.44,178.24,-2.77,-4.0,-14.72,0.04,False,False,False,False,False,False,0.042,0.02,True,False,LOW
162.613,,-6.58,178.1,-2.76,-4.06,-14.79,0.05,False,False,False,False,False,False,0.042,0.021,True,False,LOW
162.666,,-6.66,178.45,-2.82,-4.1,-14.72,0.04,False,False,False,False,False,False,0.037,0.021,True,False,LOW
162.854,,-6.55,178.49,-2.88,-4.11,-14.59,-0.01,False,False,False,False,False,False,0.041,0.022,True,False,LOW
162.879,,-6.59,178.5,-2.86,-4.11,-14.57,-0.01,False,False,False,False,False,False,0.036,0.024,True,False,LOW
162.985,,-7.3,179.29,-2.75,-4.42,-14.21,0.03,False,False,False,False,False,False,0.031,0.023,True,False,LOW
163.07,,-6.61,178.08,-2.6,-4.33,-14.45,0.1,False,False,False,False,False,False,0.038,0.02,True,False,LOW
163.244,,-3.67,179.7,-2.77,-2.66,-13.82,0.08,False,False,False,False,False,False,0.039,0.027,True,False,LOW
163.267,,-3.71,179.4,-2.87,-2.47,-13.79,0.06,False,False,False,False,False,False,0.039,0.029,True,False,LOW
163.373,,7.65,175.93,-2.26,3.58,-15.14,0.27,False,False,False,False,True,True,0.057,0.038,True,False,LOW
163.466,,28.54,179.25,-1.43,18.38,-14.62,0.69,False,False,False,False,True,True,-0.018,0.049,True,False,LOW
163.643,,33.51,-178.51,-0.09,30.19,-12.92,1.8,False,False,False,False,True,True,-0.138,-0.003,True,False,LOW
163.667,,34.57,-177.14,0.51,31.77,-12.5,2.02,False,False,False,False,True,True,-0.15,-0.006,True,False,LOW
163.773,,37.52,-177.44,0.67,36.23,-11.6,2.65,True,False,False,False,True,True,-0.147,-0.027,True,False,LOW
163.866,,40.05,-179.33,0.42,39.36,-11.87,2.88,True,False,False,False,True,True,-0.237,-0.002,True,False,LOW
164.041,,39.92,-179.35,1.15,41.17,-12.11,3.47,True,False,False,False,True,True,-0.218,-0.001,True,False,LOW
164.065,,41.22,-176.62,2.11,41.6,-11.76,3.68,True,False,False,False,True,True,-0.239,-0.009,True,False,LOW
164.171,,41.84,-178.21,0.53,42.87,-11.51,3.55,True,False,False,False,True,True,-0.317,-0.016,True,False,LOW
164.273,,42.49,-178.02,1.09,43.78,-11.3,3.69,True,False,False,False,True,True,-0.283,-0.026,True,False,LOW
164.446,,42.29,-178.25,1.06,44.31,-11.26,3.8,True,False,False,False,True,True,-0.255,-0.027,True,False,LOW
164.471,,42.24,-178.46,1.32,44.36,-11.28,3.85,True,False,False,False,True,True,-0.282,-0.028,True,False,LOW
164.58,,42.15,-178.57,1.16,44.46,-11.39,3.91,True,False,False,False,True,True,-0.271,-0.027,True,False,LOW
164.667,,43.32,-179.15,0.21,44.95,-11.65,3.6,True,False,False,False,True,True,-0.289,-0.038,True,False,LOW
164.843,,43.06,-178.71,0.5,45.24,-11.67,3.46,True,False,False,False,True,True,-0.28,-0.04,True,False,LOW
164.866,,43.57,-178.26,0.98,45.35,-11.61,3.5,True,False,False,False,True,True,-0.281,-0.041,True,False,LOW
164.972,,43.36,-178.51,0.35,45.54,-11.56,3.37,True,False,False,False,True,True,-0.286,-0.038,True,False,LOW
165.067,,43.85,-178.37,0.54,45.83,-11.48,3.37,True,False,False,False,True,True,-0.267,-0.033,True,False,LOW
165.248,,43.67,-178.02,0.5,45.98,-11.22,3.35,True,False,False,False,True,True,-0.258,-0.046,True,False,LOW
165.271,,43.94,-178.33,0.35,46.03,-11.23,3.33,True,False,False,False,True,True,-0.275,-0.042,True,False,LOW
165.383,,43.82,-178.63,0.29,46.13,-11.38,3.24,True,False,False,False,True,True,-0.261,-0.035,True,False,LOW
165.467,,43.26,-179.05,0.29,45.98,-11.6,3.2,True,False,False,False,True,True,-0.264,-0.033,True,False,LOW
165.655,,43.85,-176.75,1.66,46.15,-10.57,3.9,True,False,False,False,True,True,-0.277,-0.054,True,False,LOW
165.68,,43.56,-177.79,0.8,46.13,-10.6,3.87,True,False,False,False,True,True,-0.268,-0.036,True,False,LOW
165.797,,43.6,-177.01,1.6,46.09,-10.33,4.11,True,False,False,False,True,True,-0.252,-0.042,True,False,LOW
165.869,,42.22,-179.04,0.1,45.63,-10.87,3.74,True,False,False,False,True,True,-0.216,0.036,True,False,LOW
166.055,,42.52,-178.16,0.73,45.26,-11.01,3.64,True,False,False,False,True,True,-0.258,-0.021,True,False,LOW
166.078,,42.65,-177.9,0.73,45.24,-10.99,3.63,True,False,False,False,True,True,-0.249,-0.028,True,False,MODERATE
166.189,,42.73,-178.41,0.44,45.21,-11.15,3.48,True,False,False,False,True,True,-0.247,-0.029,True,False,MODERATE
166.267,,42.85,-178.4,0.47,45.24,-11.23,3.42,True,False,False,False,True,True,-0.2,-0.027,True,False,MODERATE
166.445,,42.76,-177.94,0.72,45.22,-11.06,3.49,True,False,False,False,True,True,-0.184,-0.031,True,False,MODERATE
166.468,,42.37,-178.47,0.46,45.17,-11.11,3.46,True,False,False,False,True,True,-0.19,-0.029,True,False,MODERATE
166.576,,43.85,-178.07,0.14,45.62,-11.08,3.26,True,False,False,False,True,True,-0.18,-0.026,True,False,MODERATE
166.667,,44.65,-178.09,-0.15,46.17,-11.07,3.05,True,False,False,False,True,True,-0.194,-0.026,True,False,MODERATE
166.845,,45.09,-177.2,0.26,46.91,-10.59,3.07,True,False,False,False,True,True,-0.194,-0.036,True,False,MODERATE
166.963,,44.89,-176.94,0.5,47.09,-10.3,3.18,True,False,False,False,True,True,-0.184,-0.034,True,False,MODERATE
167.067,,44.97,-176.49,0.21,47.22,-9.96,3.13,True,False,False,False,True,True,-0.131,-0.033,True,False,MODERATE
167.091,,34.68,-176.22,-2.04,45.5,-9.85,2.79,True,False,False,False,False,True,0.07,-0.002,True,False,MODERATE
167.244,,25.65,-178.81,-2.91,35.02,-10.8,1.31,True,False,False,False,False,True,0.037,0.001,True,False,MODERATE
167.266,,24.54,-177.57,-2.96,33.41,-10.77,1.11,True,False,False,False,False,True,0.033,0.01,True,False,MODERATE
167.37,,16.15,-177.86,-2.94,25.23,-10.79,0.59,False,False,False,False,False,False,0.001,0.012,True,False,MODERATE
167.468,,0.85,-177.65,-3.0,12.74,-10.73,0.29,False,False,False,False,False,False,-0.005,0.011,True,False,MODERATE
167.645,,-3.55,-178.2,-2.85,3.45,-10.96,0.12,False,False,False,False,False,False,-0.011,0.002,True,False,MODERATE
167.667,,-2.91,-178.44,-2.85,2.64,-11.02,0.1,False,False,False,False,False,False,-0.016,0.011,True,False,MODERATE
167.772,,-4.03,-178.02,-2.66,0.44,-11.01,0.13,False,False,False,False,False,False,-0.013,0.003,True,False,MODERATE
167.868,,-6.16,-177.11,-3.02,-1.55,-10.65,0.01,False,False,False,False,False,False,-0.015,0.001,True,False,MODERATE
168.048,,-6.04,-178.12,-2.85,-2.76,-10.89,-0.01,False,False,False,False,False,False,-0.009,0.001,True,False,MODERATE
168.071,,-6.18,-177.9,-2.77,-2.92,-10.88,0.0,False,False,False,False,False,False,-0.008,-0.0,True,False,MODERATE
168.176,,-5.95,-178.63,-2.74,-3.18,-11.17,0.04,False,False,False,False,False,False,-0.011,-0.002,True,False,MODERATE
168.267,,-6.42,-178.18,-2.98,-3.5,-11.16,-0.03,False,False,False,False,False,False,-0.042,0.008,True,False,MODERATE
168.442,,-6.51,-177.49,-3.08,-3.81,-10.79,-0.15,False,False,False,False,False,False,-0.044,0.003,True,False,MODERATE
168.464,,-6.6,-177.65,-3.14,-3.85,-10.77,-0.17,False,False,False,False,False,False,-0.044,0.002,True,False,MODERATE
168.569,,-7.1,-177.98,-3.19,-4.19,-10.84,-0.24,False,False,False,False,False,False,-0.045,0.006,True,False,MODERATE
168.667,,-6.81,-178.21,-3.41,-4.26,-10.97,-0.37,False,False,False,False,False,False,-0.038,0.001,True,False,MODERATE
168.841,,-7.09,-178.36,-3.33,-4.47,-11.16,-0.44,False,False,False,False,False,False,-0.037,0.005,True,False,MODERATE
168.864,,-7.13,-178.39,-3.34,-4.5,-11.19,-0.45,False,False,False,False,False,False,-0.037,0.005,True,False,MODERATE
168.968,,-7.95,-177.74,-3.05,-4.91,-11.0,-0.36,False,False,False,False,False,False,-0.008,0.003,True,False,MODERATE
169.067,,-7.42,-178.09,-3.01,-4.94,-11.02,-0.29,False,False,False,False,False,False,-0.008,-0.0,True,False,MODERATE
169.24,,-7.66,-178.11,-3.07,-5.09,-11.05,-0.26,False,False,False,False,False,False,-0.007,-0.0,True,False,MODERATE
169.264,,-7.73,-178.15,-3.09,-5.11,-11.06,-0.26,False,False,False,False,False,False,-0.006,0.0,True,False,MODERATE
169.373,,-7.45,-178.85,-3.1,-5.07,-11.37,-0.27,False,False,False,False,False,False,-0.023,0.027,True,False,MODERATE
169.467,,-7.81,-177.86,-3.24,-5.18,-11.17,-0.32,False,False,False,False,False,False,-0.022,0.016,True,False,MODERATE
169.639,,-7.41,-178.8,-3.07,-5.07,-11.48,-0.28,False,False,False,False,False,False,-0.009,0.005,True,False,MODERATE
169.662,,-7.4,-179.19,-2.97,-5.06,-11.57,-0.26,False,False,False,False,False,False,-0.01,0.003,True,False,MODERATE
169.769,,-8.31,-179.78,-2.92,-5.39,-12.06,-0.19,False,False,False,False,False,False,-0.007,0.003,True,False,MODERATE
169.867,,-8.14,-179.3,-2.96,-5.51,-12.14,-0.17,False,False,False,False,False,False,-0.003,0.002,True,False,MODERATE
170.044,,-7.58,-179.49,-2.96,-5.31,-12.31,-0.15,False,False,False,False,False,False,-0.005,0.002,True,False,MODERATE
170.066,,-7.33,-179.02,-2.93,-5.26,-12.27,-0.14,False,False,False,False,False,False,-0.006,0.002,True,False,MODERATE
170.168,,-7.1,-178.85,-2.93,-5.02,-12.1,-0.13,False,False,False,False,False,False,-0.006,0.001,True,False,MODERATE
170.268,,-8.18,-177.92,-3.17,-5.3,-11.62,-0.21,False,False,False,False,False,False,-0.005,0.002,True,False,MODERATE
170.442,,-8.14,-178.16,-3.19,-5.51,-11.36,-0.29,False,False,False,False,False,False,-0.006,0.003,True,False,LOW
170.464,,-8.13,-177.84,-3.13,-5.53,-11.29,-0.29,False,False,False,False,False,False,-0.006,0.004,True,False,LOW
170.566,,-7.83,-177.46,-3.13,-5.48,-10.95,-0.29,False,False,False,False,False,False,-0.006,0.003,True,False,LOW
170.667,,-8.6,-177.62,-3.18,-5.75,-10.8,-0.32,False,False,False,False,False,False,-0.009,0.004,True,False,LOW
170.843,,-7.96,-178.63,-3.11,-5.63,-11.22,-0.3,False,False,False,False,False,False,-0.01,0.003,True,False,LOW
170.865,,-7.98,-178.67,-3.12,-5.62,-11.27,-0.3,False,False,False,False,False,False,-0.01,0.002,True,False,LOW
170.972,,-8.03,-178.72,-3.12,-5.61,-11.44,-0.29,False,False,False,False,False,False,-0.01,0.001,True,False,LOW
171.067,,-7.83,-178.3,-3.04,-5.53,-11.38,-0.26,False,False,False,False,False,False,-0.011,0.003,True,False,LOW
171.245,,-7.85,-179.04,-3.12,-5.46,-11.71,-0.28,False,False,False,False,False,False,-0.009,0.001,True,False,LOW
171.268,,-7.49,-178.66,-2.9,-5.41,-11.7,-0.25,False,False,False,False,False,False,0.021,0.004,True,False,LOW
171.374,,-7.48,-178.37,-2.89,-5.26,-11.56,-0.17,False,False,False,False,False,False,0.02,0.005,True,False,LOW
171.466,,-7.68,-178.22,-2.9,-5.25,-11.42,-0.14,False,False,False,False,False,False,0.018,-0.002,True,False,LOW
171.643,,-7.78,-178.57,-2.93,-5.3,-11.48,-0.12,False,False,False,False,False,False,0.018,-0.001,True,False,LOW
171.667,,-7.65,-178.5,-2.95,-5.29,-11.48,-0.12,False,False,False,False,False,False,0.02,-0.001,True,False,LOW
171.771,,-7.69,-178.34,-2.95,-5.27,-11.41,-0.12,False,False,False,False,False,False,0.021,-0.0,True,False,LOW
171.867,,-8.07,-178.72,-3.41,-5.41,-11.52,-0.29,False,False,False,False,False,False,-0.015,0.027,True,False,LOW
172.046,,-7.09,-178.0,-3.62,-5.0,-11.23,-0.56,False,False,False,False,False,False,-0.025,0.027,True,False,LOW
172.07,,-7.47,-179.01,-3.33,-5.01,-11.33,-0.55,False,False,False,False,False,False,-0.019,0.01,True,False,LOW
172.18,,-7.9,-178.7,-3.28,-5.19,-11.47,-0.51,False,False,False,False,False,False,-0.018,0.009,True,False,LOW
172.268,,-8.57,-178.88,-2.83,-5.53,-11.61,-0.33,False,False,False,False,False,False,-0.007,0.006,True,False,LOW
172.444,,-7.51,-178.64,-2.95,-5.29,-11.61,-0.22,False,False,False,False,False,False,-0.007,0.0,True,False,LOW
172.467,,-8.07,-178.86,-3.17,-5.33,-11.64,-0.23,False,False,False,False,False,False,-0.004,0.004,True,False,LOW
172.572,,-7.86,-179.4,-3.08,-5.37,-11.93,-0.24,False,False,False,False,False,False,-0.004,0.003,True,False,LOW
172.667,,-8.72,-179.85,-3.0,-5.72,-12.27,-0.21,False,False,False,False,False,False,0.0,0.003,True,False,LOW
172.841,,-8.61,-179.45,-3.08,-5.96,-12.35,-0.23,False,False,False,False,False,False,-0.003,0.005,True,False,LOW
172.865,,-8.7,-179.3,-3.07,-6.0,-12.34,-0.23,False,False,False,False,False,False,-0.052,0.011,True,False,LOW
172.969,,-8.65,-179.32,-3.08,-6.08,-12.32,-0.24,False,False,False,False,False,False,-0.049,0.012,True,False,LOW
173.068,,-8.44,-179.84,-3.14,-6.05,-12.51,-0.27,False,False,False,False,False,False,-0.039,0.009,True,False,LOW
173.244,,-8.79,-179.3,-3.16,-6.21,-12.38,-0.3,False,False,False,False,False,False,-0.037,0.008,True,False,LOW
173.268,,-8.89,-178.47,-3.18,-6.24,-12.26,-0.31,False,False,False,False,False,False,-0.04,0.01,True,False,LOW
173.375,,-8.74,-178.64,-3.21,-6.26,-11.99,-0.34,False,False,False,False,False,False,-0.038,0.008,True,False,LOW
173.468,,-10.07,-177.97,-3.03,-6.78,-11.59,-0.29,False,False,False,False,False,False,-0.009,0.001,True,False,LOW
173.651,,-10.53,-178.34,-3.16,-7.5,-11.44,-0.31,False,False,False,False,False,False,-0.008,0.002,True,False,LOW
173.674,,-10.07,-178.75,-3.05,-7.51,-11.48,-0.3,False,False,False,False,False,False,-0.009,0.002,True,False,LOW
173.79,,-10.21,-178.72,-3.03,-7.62,-11.57,-0.26,False,False,False,False,False,False,-0.01,0.001,True,False,LOW
173.868,,-10.39,-178.87,-3.08,-7.73,-11.66,-0.25,False,False,False,False,False,False,-0.008,0.001,True,False,LOW
174.056,,-10.34,-179.26,-2.95,-7.82,-11.97,-0.18,False,False,False,False,False,False,-0.01,0.003,True,False,LOW
174.08,,-10.5,-179.34,-3.0,-7.86,-12.01,-0.18,False,False,False,False,False,False,-0.005,0.001,True,False,LOW
174.196,,-10.46,-179.18,-2.98,-7.93,-12.07,-0.17,False,False,False,False,False,False,-0.008,0.003,True,False,LOW
174.267,,-10.37,-178.73,-3.49,-7.93,-11.96,-0.32,False,False,False,False,False,False,0.016,0.057,False,False,LOW
174.445,,-9.86,179.83,-3.13,-7.66,-12.59,-0.31,False,False,False,False,False,False,-0.026,0.02,True,False,LOW
174.469,,-10.73,-179.36,-3.32,-7.74,-12.55,-0.33,False,False,False,False,False,False,-0.015,0.013,True,False,LOW
174.573,,-10.25,-179.37,-3.15,-7.77,-12.47,-0.33,False,False,False,False,False,False,-0.019,0.013,True,False,LOW
174.667,,-10.41,-178.65,-3.37,-7.84,-12.15,-0.41,False,False,False,False,False,False,-0.011,0.002,True,False,LOW
174.849,,-10.33,-178.94,-3.22,-7.87,-12.02,-0.4,False,False,False,False,False,False,-0.004,0.006,True,False,LOW
174.875,,-10.16,-178.96,-3.21,-7.85,-12.01,-0.4,False,False,False,False,False,False,-0.002,0.004,True,False,LOW
174.982,,-10.09,-178.87,-3.18,-7.77,-11.94,-0.38,False,False,False,False,False,False,-0.001,0.005,True,False,LOW
175.067,,-9.99,-179.14,-2.74,-7.69,-12.0,-0.21,False,False,False,False,False,False,0.018,0.014,True,False,LOW
175.377,,-9.88,-178.91,-2.86,-7.53,-11.92,-0.09,False,False,False,False,False,False,0.023,0.012,True,False,LOW
175.399,,-10.11,-178.6,-3.05,-7.54,-11.88,-0.11,False,False,False,False,False,False,-0.01,0.009,True,False,LOW
175.503,,-10.31,-178.51,-3.06,-7.67,-11.72,-0.16,False,False,False,False,False,False,-0.013,0.007,True,False,LOW
175.526,,-9.39,-178.36,-3.47,-7.58,-11.67,-0.22,False,False,False,False,False,False,-0.01,0.006,True,False,LOW
175.644,,-9.46,-178.52,-3.38,-7.34,-11.59,-0.36,False,False,False,False,False,False,-0.009,0.001,True,False,LOW
175.667,,-9.71,-178.63,-3.23,-7.33,-11.59,-0.37,False,False,False,False,False,False,-0.019,0.008,True,False,LOW
175.772,,-9.59,-178.65,-3.18,-7.26,-11.6,-0.36,False,False,False,False,False,False,-0.018,0.009,True,False,LOW
175.868,,-9.79,-179.04,-3.29,-7.29,-11.76,-0.4,False,False,False,False,False,False,-0.011,0.004,True,False,LOW
176.046,,-9.84,-179.74,-3.45,-7.35,-12.27,-0.52,False,False,False,False,False,False,-0.03,0.027,True,False,LOW
176.069,,-8.57,-179.59,-3.18,-7.19,-12.3,-0.49,False,False,False,False,False,False,-0.029,0.027,True,False,LOW
176.174,,-9.42,-179.86,-3.23,-7.1,-12.52,-0.46,False,False,False,False,False,False,-0.03,0.029,True,False,LOW
176.269,,-9.17,-179.81,-3.16,-6.96,-12.62,-0.41,False,False,False,False,False,False,-0.026,0.024,True,False,LOW
176.445,,-9.39,-179.33,-3.13,-6.96,-12.45,-0.35,False,False,False,False,False,False,-0.016,0.009,True,False,LOW
176.468,,-9.5,-178.86,-3.12,-6.97,-12.37,-0.34,False,False,False,False,False,False,-0.012,0.008,True,False,LOW
176.572,,-9.36,-178.69,-3.08,-6.95,-12.08,-0.31,False,False,False,False,False,False,-0.015,0.009,True,False,LOW
176.667,,-11.46,-178.23,-3.05,-7.75,-11.75,-0.27,False,False,False,False,False,False,-0.007,0.008,True,False,LOW
176.844,,-13.47,-179.22,-2.96,-9.55,-11.98,-0.2,False,False,False,False,False,False,-0.014,0.005,True,False,LOW
176.866,,-13.77,-179.8,-2.96,-9.79,-12.08,-0.19,False,False,False,False,False,False,-0.017,0.004,True,False,LOW
176.97,,-13.67,-179.62,-3.03,-10.4,-12.28,-0.19,False,False,False,False,False,False,-0.017,0.005,True,False,LOW
177.067,,-13.65,-179.28,-2.94,-10.73,-12.27,-0.16,False,False,False,False,False,False,-0.019,0.005,True,False,LOW
177.243,,-13.58,-179.16,-3.02,-10.95,-12.2,-0.18,False,False,False,False,False,False,-0.017,0.005,True,False,LOW
177.266,,-13.99,-179.03,-3.11,-11.03,-12.17,-0.19,False,False,False,False,False,False,-0.019,0.006,True,False,LOW
177.372,,-13.95,-178.71,-3.2,-11.23,-11.97,-0.26,False,False,False,False,False,False,-0.021,0.008,True,False,LOW
177.467,,-25.54,-178.8,-2.27,-16.55,-11.9,0.05,False,False,False,False,False,False,0.092,-0.006,True,False,LOW
177.652,,-36.07,-175.95,-4.03,-27.44,-10.25,-0.63,False,False,False,False,True,True,0.165,-0.019,True,False,LOW
177.675,,-42.8,-176.68,-4.87,-30.28,-10.17,-0.82,False,False,False,False,True,True,0.19,-0.009,True,False,LOW
177.783,,-42.62,-176.6,-4.53,-35.75,-9.92,-1.19,True,False,False,False,True,True,0.192,-0.018,True,False,LOW
177.867,,-48.43,-176.53,-6.1,-40.79,-9.77,-1.95,True,False,False,False,True,True,0.238,-0.05,True,False,LOW
178.043,,-49.69,-178.82,-4.45,-44.85,-10.84,-1.77,True,False,False,False,True,True,0.19,-0.063,True,False,LOW
178.066,,-50.56,-177.24,-5.34,-45.46,-10.76,-1.87,True,False,False,False,True,True,0.197,-0.035,True,False,LOW
178.168,,-50.95,-178.57,-4.24,-46.92,-11.07,-1.69,True,False,False,False,True,True,0.168,-0.026,True,False,LOW
178.269,,-50.5,-179.09,-3.76,-47.44,-11.46,-1.39,True,False,False,False,True,True,0.145,-0.014,True,False,LOW
178.446,,-50.99,-179.77,-3.8,-48.07,-12.15,-1.17,True,False,False,False,True,True,0.153,-0.023,True,False,LOW
178.47,,-50.77,-178.86,-3.87,-48.1,-12.11,-1.15,True,False,False,False,True,True,0.131,-0.027,True,False,LOW
178.574,,-50.5,179.94,-3.49,-48.09,-12.48,-0.96,True,False,False,False,True,True,0.101,-0.013,True,False,LOW
178.667,,-50.41,-179.84,-3.33,-48.04,-12.6,-0.78,True,False,False,False,True,True,0.129,-0.013,True,False,LOW
178.845,,-50.93,-178.87,-3.35,-48.28,-12.2,-0.64,True,False,False,False,True,True,0.192,-0.039,True,False,LOW
178.868,,-50.63,-178.77,-3.68,-48.27,-12.14,-0.67,True,False,False,False,True,True,0.132,-0.023,True,False,LOW
178.971,,-50.48,-178.36,-3.97,-48.18,-11.82,-0.86,True,False,False,False,True,True,0.166,-0.026,True,False,LOW
179.067,,-50.61,-178.87,-3.76,-48.18,-11.83,-0.88,True,False,False,False,True,True,0.171,-0.031,True,False,LOW
179.245,,-50.31,-178.66,-3.59,-48.01,-11.72,-0.82,True,False,False,False,True,True,0.159,-0.023,True,False,LOW
179.268,,-50.12,-177.72,-4.16,-47.97,-11.59,-0.88,True,False,False,False,True,True,0.163,-0.034,True,False,LOW
179.373,,-49.82,-177.53,-4.21,-47.73,-11.14,-1.08,True,False,False,False,True,True,0.157,-0.034,True,False,LOW
179.466,,-49.73,-177.33,-4.23,-47.57,-10.82,-1.2,True,False,False,False,True,True,0.102,-0.008,True,False,LOW
179.656,,-49.68,-177.42,-4.46,-47.39,-10.58,-1.44,True,False,False,False,False,True,0.07,-0.009,True,False,LOW
179.681,,-50.21,-177.24,-4.43,-47.44,-10.53,-1.46,True,False,False,False,True,True,0.127,-0.013,True,False,LOW
179.791,,-50.11,-177.1,-4.47,-47.53,-10.34,-1.53,True,False,False,False,True,True,0.137,-0.017,True,False,LOW
179.867,,-49.77,-177.29,-4.2,-47.47,-10.31,-1.48,True,False,False,False,True,True,0.103,-0.02,True,False,LOW
180.047,,-49.67,-177.71,-3.97,-47.34,-10.51,-1.3,True,False,False,False,True,True,0.129,-0.029,True,False,LOW
180.071,,-50.11,-177.56,-3.86,-47.39,-10.51,-1.26,True,False,False,False,True,True,0.187,-0.03,True,False,LOW
180.238,,-49.74,-178.02,-3.7,-47.34,-10.76,-1.06,True,False,False,False,True,True,0.138,-0.015,True,False,LOW
180.267,,-49.97,-177.72,-4.1,-47.37,-10.75,-1.09,True,False,False,False,True,True,0.16,-0.02,True,False,LOW
180.446,,-50.26,-177.31,-4.29,-47.61,-10.5,-1.29,True,False,False,False,True,True,0.148,-0.028,True,False,MODERATE
180.47,,-49.96,-177.6,-4.09,-47.6,-10.51,-1.28,True,False,False,False,True,True,0.129,-0.018,True,False,MODERATE
180.641,,-49.73,-177.47,-4.18,-47.44,-10.47,-1.32,True,False,False,False,False,True,0.095,-0.024,True,False,MODERATE
180.667,,-49.47,-177.23,-4.17,-47.38,-10.43,-1.32,True,False,False,False,False,True,0.099,-0.018,True,False,MODERATE
180.847,,-49.6,-177.8,-3.9,-47.26,-10.61,-1.19,True,False,False,False,False,True,-0.027,-0.014,True,False,MODERATE
180.872,,-49.2,-177.48,-3.99,-47.2,-10.59,-1.18,True,False,False,False,False,True,-0.029,-0.022,True,False,MODERATE
181.037,,-49.16,-178.29,-3.31,-46.95,-10.93,-0.82,True,False,False,False,False,True,-0.029,0.0,True,False,MODERATE
181.066,,-49.18,-178.48,-3.68,-46.92,-11.02,-0.83,True,False,False,False,False,True,-0.005,0.001,True,False,MODERATE
181.245,,-49.09,-177.97,-3.83,-46.77,-10.98,-0.92,True,False,False,False,False,True,-0.023,0.004,True,False,MODERATE
181.372,,-47.37,-177.12,-4.84,-45.93,-10.58,-1.41,True,False,False,False,True,True,-0.148,0.004,True,False,MODERATE
181.491,,-42.78,-177.34,-4.52,-43.31,-10.46,-1.53,True,False,False,False,False,True,-0.1,-0.001,True,False,MODERATE
181.514,,-36.28,-178.39,-2.68,-41.61,-10.58,-1.31,True,False,False,False,False,True,-0.085,0.011,True,False,MODERATE
181.648,,-28.02,-178.33,-2.7,-32.26,-10.91,-0.63,True,False,False,False,False,True,-0.07,0.013,True,False,MODERATE
181.673,,-20.59,-178.52,-2.11,-28.75,-10.99,-0.43,False,False,False,False,False,False,-0.045,0.008,True,False,MODERATE
181.849,,-16.82,-179.55,-2.15,-19.14,-11.82,0.17,False,False,False,False,False,False,-0.02,0.007,True,False,MODERATE
181.873,,-13.85,-178.57,-2.19,-17.34,-11.78,0.24,False,False,False,False,False,False,-0.018,0.0,True,False,MODERATE
182.056,,-13.06,-179.06,-2.08,-12.98,-11.91,0.52,False,False,False,False,False,False,-0.017,0.002,True,False,MODERATE
182.079,,-13.0,-178.92,-2.28,-12.52,-11.91,0.52,False,False,False,False,False,False,-0.032,0.006,True,False,MODERATE
182.245,,-12.94,-178.92,-2.46,-11.34,-11.9,0.44,False,False,False,False,False,False,-0.048,0.016,True,False,MODERATE
182.268,,-13.19,-179.02,-2.7,-11.24,-11.91,0.4,False,False,False,False,False,False,-0.087,0.014,True,False,MODERATE
182.442,,-12.92,-179.07,-2.95,-10.81,-11.98,0.13,False,False,False,False,False,False,-0.083,0.015,True,False,MODERATE
182.466,,-12.37,-178.48,-3.56,-10.68,-11.91,0.01,False,False,False,False,False,False,-0.085,0.029,True,False,MODERATE
182.635,,-12.31,-179.58,-3.09,-10.24,-12.24,-0.13,False,False,False,False,False,False,-0.073,0.006,True,False,MODERATE
182.668,,-12.02,-179.25,-3.12,-10.12,-12.24,-0.16,False,False,False,False,False,False,-0.06,0.004,True,False,MODERATE
182.841,,-12.08,-178.73,-3.11,-9.86,-11.96,-0.22,False,False,False,False,False,False,-0.062,0.005,True,False,MODERATE
182.864,,-11.94,-179.62,-2.82,-9.81,-12.04,-0.19,False,False,False,False,False,False,-0.061,0.003,True,False,MODERATE
183.037,,-11.69,-179.39,-2.76,-9.51,-12.21,-0.06,False,False,False,False,False,False,-0.056,0.004,True,False,MODERATE
183.068,,-11.63,-179.22,-2.59,-9.46,-12.2,-0.01,False,False,False,False,False,False,-0.029,0.007,True,False,MODERATE
183.245,,-11.78,-179.11,-2.54,-9.4,-12.14,0.15,False,False,False,False,False,False,-0.014,0.004,True,False,MODERATE
183.268,,-11.43,-178.88,-2.66,-9.34,-12.1,0.15,False,False,False,False,False,False,-0.015,0.004,True,False,MODERATE
183.435,,-11.5,-179.3,-2.56,-9.2,-12.19,0.21,False,False,False,False,False,False,-0.012,0.005,True,False,MODERATE
183.466,,-11.85,-179.16,-2.58,-9.23,-12.18,0.22,False,False,False,False,False,False,-0.009,0.004,True,False,MODERATE
183.641,,-11.97,-179.28,-2.64,-9.39,-12.22,0.2,False,False,False,False,False,False,-0.008,0.005,True,False,MODERATE
183.663,,-10.47,-179.02,-3.1,-9.22,-12.19,0.15,False,False,False,False,True,True,-0.037,0.041,True,False,MODERATE
183.837,,-10.45,-179.45,-2.83,-8.57,-12.31,0.07,False,False,False,False,False,False,-0.024,0.02,True,False,MODERATE
183.867,,-11.49,-179.81,-2.63,-8.65,-12.39,0.09,False,False,False,False,False,False,-0.023,0.012,True,False,MODERATE
184.044,,-11.12,-179.94,-2.56,-8.67,-12.66,0.18,False,False,False,False,False,False,-0.018,0.012,True,False,MODERATE
184.067,,-11.06,-179.71,-2.57,-8.66,-12.67,0.19,False,False,False,False,False,False,-0.019,0.011,True,False,MODERATE
184.238,,-10.49,-179.4,-2.39,-8.34,-12.51,0.32,False,False,False,False,False,False,0.031,0.024,True,False,MODERATE
184.267,,-10.95,-179.82,-2.35,-8.37,-12.56,0.35,False,False,False,False,False,False,0.033,0.019,True,False,MODERATE
184.445,,-10.64,179.58,-2.33,-8.28,-13.0,0.43,False,False,False,False,False,False,0.038,0.019,True,False,MODERATE
184.469,,-10.63,179.82,-2.28,-8.27,-13.02,0.44,False,False,False,False,False,False,0.027,0.02,True,False,MODERATE
184.637,,-10.77,179.35,-2.17,-8.3,-13.33,0.56,False,False,False,False,False,False,0.027,0.02,True,False,MODERATE
184.669,,-10.99,-179.39,-2.19,-8.34,-13.17,0.57,False,False,False,False,False,False,0.025,0.019,True,False,LOW
184.846,,-11.04,-179.47,-2.24,-8.48,-12.78,0.58,False,False,False,False,False,False,0.025,0.016,True,False,LOW
184.869,,-10.3,-178.34,-2.85,-8.4,-12.58,0.5,False,False,False,False,False,False,-0.014,0.009,True,False,LOW
185.038,,-10.81,-178.38,-3.17,-8.38,-11.93,0.06,False,False,False,False,False,False,-0.012,0.006,True,False,LOW
185.067,,-10.36,-178.59,-2.87,-8.31,-11.87,0.05,False,False,False,False,False,False,-0.022,0.005,True,False,LOW
185.249,,-10.42,-178.78,-2.93,-8.13,-11.8,-0.03,False,False,False,False,False,False,-0.021,0.004,True,False,LOW
185.272,,-10.6,-178.78,-2.96,-8.14,-11.8,-0.04,False,False,False,False,False,False,-0.024,0.004,True,False,LOW
185.437,,-10.36,-179.22,-2.8,-8.03,-12.0,-0.01,False,False,False,False,False,False,-0.02,0.002,True,False,LOW
185.467,,-9.61,-179.08,-3.2,-7.89,-12.01,-0.07,False,False,False,False,False,False,-0.031,0.023,True,False,LOW
185.641,,-9.15,-178.76,-3.44,-7.26,-11.86,-0.35,False,False,False,False,False,False,-0.025,0.029,True,False,LOW
185.664,,-8.87,-179.24,-3.53,-7.15,-11.91,-0.4,False,False,False,False,False,False,-0.002,0.029,True,False,LOW
185.84,,-8.86,179.67,-3.32,-6.76,-12.65,-0.45,False,False,False,False,False,False,-0.021,0.019,True,False,LOW
185.868,,-9.49,179.89,-3.05,-6.8,-12.72,-0.41,False,False,False,False,False,False,-0.019,0.01,True,False,LOW
186.047,,-9.57,-178.92,-3.18,-6.98,-12.28,-0.38,False,False,False,False,False,False,-0.02,0.009,True,False,LOW
186.069,,-9.61,-179.08,-3.1,-7.0,-12.25,-0.37,False,False,False,False,False,False,-0.018,0.009,True,False,LOW
186.24,,-9.63,-179.11,-3.08,-7.1,-12.16,-0.31,False,False,False,False,False,False,-0.018,0.009,True,False,LOW
186.267,,-10.09,-179.24,-3.01,-7.18,-12.17,-0.29,False,False,False,False,False,False,-0.015,0.008,True,False,LOW
186.447,,-9.66,-178.89,-2.97,-7.2,-12.0,-0.21,False,False,False,False,False,False,-0.017,0.007,True,False,LOW
186.47,,-9.7,-178.68,-3.13,-7.21,-11.96,-0.22,False,False,False,False,False,False,-0.014,0.006,True,False,LOW
186.639,,-9.56,-179.0,-3.04,-7.16,-11.96,-0.22,False,False,False,False,False,False,-0.011,0.007,True,False,LOW
186.667,,-9.91,-178.77,-2.98,-7.21,-11.93,-0.21,False,False,False,False,False,False,-0.012,0.007,True,False,LOW
186.846,,-10.2,-178.92,-2.84,-7.5,-11.91,-0.1,False,False,False,False,False,False,-0.012,0.009,True,False,LOW
186.869,,-10.07,-178.86,-2.8,-7.52,-11.9,-0.08,False,False,False,False,False,False,-0.012,0.008,True,False,LOW
187.041,,-9.98,-179.14,-2.76,-7.53,-12.01,-0.0,False,False,False,False,False,False,-0.011,0.008,True,False,LOW
187.068,,-10.39,-178.93,-2.8,-7.59,-11.99,0.0,False,False,False,False,False,False,-0.01,0.008,True,False,LOW
187.248,,-9.93,-178.95,-2.99,-7.54,-11.95,-0.08,False,False,False,False,False,False,-0.024,0.021,True,False,LOW
187.272,,-9.03,-178.27,-3.4,-7.41,-11.86,-0.15,False,False,False,False,False,False,-0.023,0.03,True,False,LOW
187.44,,-9.09,-179.77,-2.96,-7.01,-12.31,-0.14,False,False,False,False,False,False,-0.019,0.015,True,False,LOW
187.468,,-9.66,-179.09,-3.0,-7.05,-12.27,-0.14,False,False,False,False,False,False,-0.016,0.009,True,False,LOW
187.645,,-9.66,-178.51,-3.05,-7.14,-11.85,-0.18,False,False,False,False,False,False,-0.013,0.008,True,False,LOW
187.669,,-9.77,-178.8,-2.94,-7.16,-11.84,-0.17,False,False,False,False,False,False,-0.014,0.009,True,False,LOW
187.838,,-10.11,-179.21,-2.86,-7.43,-12.02,-0.1,False,False,False,False,False,False,-0.013,0.008,True,False,LOW
187.867,,-10.0,-178.88,-2.81,-7.45,-11.99,-0.08,False,False,False,False,False,False,-0.016,0.012,True,False,LOW
188.047,,-9.99,-178.9,-2.72,-7.5,-11.93,0.02,False,False,False,False,False,False,-0.014,0.009,True,False,LOW
188.07,,-9.87,-178.32,-2.8,-7.49,-11.84,0.02,False,False,False,False,False,False,-0.014,0.006,True,False,LOW
188.239,,-9.83,-178.16,-3.04,-7.44,-11.47,-0.1,False,False,False,False,False,False,-0.021,0.006,True,False,LOW
188.268,,-9.63,-178.35,-3.1,-7.4,-11.45,-0.12,False,False,False,False,False,False,-0.018,0.008,True,False,LOW
188.446,,-8.86,-177.4,-3.7,-6.88,-10.87,-0.52,False,False,False,False,True,True,-0.017,0.036,True,False,LOW
188.469,,-8.73,-178.94,-3.29,-6.8,-11.0,-0.51,False,False,False,False,False,False,-0.018,0.021,True,False,LOW
188.639,,-9.89,-178.99,-3.0,-7.14,-11.5,-0.34,False,False,False,False,False,False,-0.023,0.009,True,False,LOW
188.667,,-10.01,-178.45,-3.13,-7.2,-11.49,-0.33,False,False,False,False,False,False,-0.012,0.003,True,False,LOW
188.845,,-9.9,-178.76,-2.99,-7.34,-11.62,-0.24,False,False,False,False,False,False,-0.01,0.003,True,False,LOW
188.868,,-10.28,-178.57,-2.88,-7.4,-11.61,-0.22,False,False,False,False,False,False,-0.01,0.005,True,False,LOW
189.04,,-10.19,-177.82,-2.98,-7.58,-11.18,-0.18,False,False,False,False,False,False,-0.008,0.002,True,False,LOW
189.067,,-10.11,-178.93,-3.3,-7.6,-11.29,-0.23,False,False,False,False,False,False,-0.014,0.002,True,False,LOW
189.249,,-9.74,-178.91,-3.7,-7.44,-11.61,-0.57,False,False,False,False,False,False,-0.02,0.001,True,False,LOW
189.271,,-7.98,-178.71,-4.05,-7.19,-11.62,-0.65,False,False,False,False,False,False,-0.033,0.003,True,False,LOW
189.452,,-5.92,-177.0,-4.22,-5.12,-10.73,-1.05,False,False,False,False,False,False,-0.028,0.002,True,False,LOW
189.475,,-6.56,-176.11,-4.1,-4.98,-10.51,-1.08,False,False,False,False,False,False,-0.011,0.004,True,False,LOW
189.652,,-7.38,-176.33,-3.9,-4.96,-9.85,-1.07,False,False,False,False,False,False,-0.011,-0.002,True,False,LOW
189.677,,-4.85,-178.09,-3.5,-4.57,-10.02,-1.02,False,False,False,False,False,False,-0.012,0.004,True,False,LOW
189.847,,-3.21,-177.57,-3.62,-2.47,-10.29,-0.9,False,False,False,False,False,False,-0.012,0.007,True,False,LOW
189.87,,-2.27,-177.98,-3.29,-2.07,-10.37,-0.84,False,False,False,False,False,False,-0.002,0.004,True,False,LOW
190.056,,-2.94,-177.22,-3.59,-1.17,-10.27,-0.8,False,False,False,False,False,False,0.001,0.008,True,False,LOW
190.078,,-1.05,-176.16,-3.33,-0.8,-10.13,-0.76,False,False,False,False,False,False,0.027,0.004,True,False,LOW
190.245,,0.32,-176.21,-3.04,1.17,-9.64,-0.48,False,False,False,False,False,False,0.027,0.005,True,False,LOW
190.271,,-0.58,-175.99,-3.24,1.28,-9.54,-0.47,False,False,False,False,False,False,-0.005,0.009,True,False,LOW
190.444,,-0.22,-174.87,-3.21,1.8,-8.63,-0.42,False,False,False,False,False,False,-0.004,0.008,True,False,LOW
190.468,,-0.08,-175.77,-2.63,1.88,-8.64,-0.34,False,False,False,False,False,False,0.049,0.023,True,False,LOW
190.636,,-0.14,-176.39,-2.61,2.1,-9.01,-0.05,False,False,False,False,False,False,0.041,0.018,True,False,LOW
190.661,,0.68,-176.21,-2.84,2.25,-9.04,-0.04,False,False,False,False,False,False,0.044,0.023,True,False,LOW
190.845,,0.97,-176.63,-2.76,2.89,-9.34,0.02,False,False,False,False,False,False,0.039,0.021,True,False,LOW
190.871,,0.68,-176.71,-2.78,2.93,-9.39,0.02,False,False,False,False,False,False,0.041,0.019,True,False,LOW
191.037,,1.03,-176.92,-2.83,3.21,-9.65,0.01,False,False,False,False,False,False,0.042,0.02,True,False,LOW
191.061,,1.23,-177.11,-2.92,3.27,-9.71,-0.0,False,False,False,False,False,False,0.042,0.021,True,False,LOW
191.246,,1.42,-177.76,-3.09,3.59,-10.27,-0.14,False,False,False,False,False,False,0.044,0.023,True,False,LOW
191.268,,1.09,-177.44,-2.99,3.59,-10.28,-0.14,False,False,False,False,False,False,0.051,0.023,True,False,LOW
191.437,,1.68,-177.71,-2.96,3.86,-10.49,-0.14,False,False,False,False,False,False,0.057,0.025,True,False,LOW
191.471,,2.06,-177.29,-2.85,3.98,-10.45,-0.12,False,False,False,False,False,False,0.031,0.013,True,False,LOW
191.641,,1.56,-175.73,-3.1,3.99,-9.53,-0.2,False,False,False,False,False,False,0.001,0.005,True,False,LOW
191.666,,1.75,-176.22,-3.12,4.02,-9.49,-0.21,False,False,False,False,False,False,-0.006,0.004,True,False,LOW
192.006,,1.22,-176.21,-3.3,3.77,-9.28,-0.39,False,False,False,False,False,False,-0.007,0.006,True,False,LOW
