elapsed_seconds,scenario_label,raw_yaw,raw_pitch,raw_roll,yaw,pitch,roll,yaw_suspicious,pitch_suspicious,roll_suspicious,dropout_suspicious,gaze_suspicious,suspicious,gaze_x,gaze_y,gaze_valid,device_detected,risk_level
18.834,,3.54,-176.49,-1.21,0.0,-0.46,-0.06,False,False,False,False,False,False,0.01,-0.003,True,False,LOW
18.855,,2.35,-176.48,-1.43,-0.14,-0.46,-0.09,False,False,False,False,False,False,0.019,-0.005,True,False,LOW
18.96,,2.88,-175.65,-1.17,-0.35,-0.12,-0.06,False,False,False,False,False,False,0.012,-0.003,True,False,LOW
18.985,,2.75,-174.43,-1.15,-0.42,0.13,-0.05,False,False,False,False,False,False,0.014,-0.002,True,False,LOW
19.09,,2.63,-174.64,-1.1,-0.62,0.66,-0.01,False,False,False,False,False,False,0.013,-0.002,True,False,LOW
19.115,,2.94,-175.05,-1.1,-0.62,0.7,-0.0,False,False,False,False,False,False,0.007,-0.005,True,False,LOW
19.219,,2.66,-175.46,-1.08,-0.72,0.65,0.03,False,False,False,False,False,False,0.005,-0.005,True,False,LOW
19.243,,2.64,-175.32,-1.09,-0.75,0.66,0.03,False,False,False,False,False,False,0.007,-0.006,True,False,LOW
19.4,,2.65,-175.05,-1.2,-0.82,0.82,-0.01,False,False,False,False,False,False,-0.002,-0.005,True,False,LOW
19.423,,2.63,-175.66,-1.35,-0.83,0.76,-0.03,False,False,False,False,False,False,-0.003,-0.006,True,False,LOW
19.595,,3.02,-177.47,-1.45,-0.67,-0.4,-0.17,False,False,False,False,False,False,-0.067,0.022,True,False,LOW
19.63,,2.98,-177.06,-1.68,-0.65,-0.52,-0.24,False,False,False,False,False,False,-0.055,0.013,True,False,LOW
19.803,,3.68,-177.52,-1.22,-0.23,-1.04,-0.15,False,False,False,False,False,False,0.075,0.013,True,False,LOW
19.827,,3.65,-177.2,-1.27,-0.19,-1.06,-0.15,False,False,False,False,False,False,0.079,0.005,True,False,LOW
19.994,,3.53,-176.36,-1.16,-0.1,-0.68,-0.08,False,False,False,False,False,False,0.074,0.0,True,False,LOW
20.029,,2.91,-177.04,-1.24,-0.19,-0.74,-0.08,False,False,False,False,False,False,0.073,0.002,True,False,LOW
20.204,,3.1,-177.67,-1.12,-0.32,-1.22,-0.02,False,False,False,False,False,False,0.069,0.004,True,False,LOW
20.229,,4.15,-176.84,-0.94,-0.19,-1.16,0.01,False,False,False,False,False,False,0.064,0.003,True,False,LOW
20.405,,3.73,-177.2,-1.0,0.01,-1.17,0.08,False,False,False,False,False,False,0.066,0.003,True,False,LOW
20.43,,3.81,-175.35,-1.36,0.05,-0.91,0.05,False,False,False,False,False,False,-0.007,-0.003,True,False,LOW
20.616,,3.9,-174.53,-1.39,0.22,0.44,-0.11,False,False,False,False,False,False,-0.012,-0.001,True,False,LOW
20.639,,4.13,-174.87,-1.28,0.27,0.54,-0.11,False,False,False,False,False,False,-0.007,-0.004,True,False,LOW
20.807,,4.18,-174.68,-1.34,0.46,0.97,-0.15,False,False,False,False,False,False,-0.03,-0.007,True,False,LOW
20.831,,3.82,-175.28,-1.77,0.44,0.94,-0.21,False,False,False,False,False,False,-0.026,-0.003,True,False,LOW
21.017,,2.74,-175.67,-1.65,-0.24,0.62,-0.37,False,False,False,False,False,False,-0.052,-0.004,True,False,LOW
21.041,,4.18,-175.46,-1.51,-0.12,0.62,-0.37,False,False,False,False,False,False,-0.035,-0.002,True,False,LOW
21.205,,4.87,-175.57,-1.46,0.63,0.54,-0.34,False,False,False,False,False,False,-0.037,-0.003,True,False,LOW
21.229,,5.84,-174.82,-0.93,0.87,0.63,-0.26,False,False,False,False,False,False,-0.048,0.001,True,False,LOW
21.434,,6.97,-174.76,-1.08,2.37,0.99,-0.08,False,False,False,False,False,False,-0.026,0.002,True,False,LOW
21.461,,7.58,-175.77,-1.1,2.64,0.89,-0.06,False,False,False,False,False,False,0.053,-0.006,True,False,LOW
21.593,,7.19,-176.33,-1.19,3.12,0.34,-0.05,False,False,False,False,False,False,0.059,-0.004,True,False,LOW
21.615,,7.15,-175.0,-1.26,3.19,0.42,-0.06,False,False,False,False,False,False,0.052,-0.006,True,False,LOW
21.803,,7.99,-174.55,-0.73,3.89,1.0,0.2,False,False,False,False,False,False,0.059,-0.007,True,False,LOW
21.826,,8.1,-173.85,-0.9,3.98,1.16,0.21,False,False,False,False,False,False,0.027,-0.006,True,False,LOW
22.022,,8.14,-174.65,-0.88,4.33,1.28,0.24,False,False,False,False,False,False,0.026,-0.009,True,False,LOW
22.05,,8.86,-176.23,-1.14,4.49,1.05,0.21,False,False,False,False,False,False,0.005,0.008,True,False,LOW
22.202,,8.68,-177.43,-1.64,4.82,-0.19,-0.14,False,False,False,False,False,False,-0.003,0.02,True,False,LOW
22.224,,8.84,-176.28,-1.3,4.88,-0.2,-0.14,False,False,False,False,False,False,0.013,0.026,True,False,LOW
22.399,,8.69,-175.16,-1.33,5.02,0.36,-0.16,False,False,False,False,False,False,0.015,0.004,True,False,LOW
22.434,,7.35,-176.34,-1.29,4.8,0.24,-0.16,False,False,False,False,False,False,0.057,0.005,True,False,LOW
22.611,,7.56,-175.77,-0.95,4.39,0.25,0.03,False,False,False,False,False,False,0.059,0.006,True,False,LOW
22.637,,8.09,-175.46,-0.95,4.41,0.3,0.06,False,False,False,False,False,False,0.02,0.021,True,False,LOW
22.911,,8.58,-175.5,-1.15,4.81,0.44,0.02,False,False,False,False,False,False,0.03,0.007,True,False,LOW
22.934,,8.53,-174.98,-1.25,4.83,0.52,0.01,False,False,False,False,False,False,0.039,-0.0,True,False,LOW
23.041,,8.43,-174.47,-0.81,4.86,0.95,0.14,False,False,False,False,False,False,0.044,-0.004,True,False,LOW
23.066,,8.24,-175.35,-1.04,4.83,0.91,0.14,False,False,False,False,False,False,0.039,-0.002,True,False,LOW
23.2,,8.08,-173.96,-0.94,4.7,1.45,0.17,False,False,False,False,False,False,0.032,0.002,True,False,LOW
23.228,,8.03,-174.78,-1.1,4.67,1.42,0.15,False,False,False,False,False,False,0.033,0.002,True,False,LOW
23.404,,7.8,-174.59,-0.97,4.45,1.43,0.17,False,False,False,False,False,False,0.025,0.004,True,False,LOW
23.428,,7.73,-174.7,-1.12,4.42,1.42,0.15,False,False,False,False,False,False,0.028,0.004,True,False,LOW
23.595,,8.08,-174.91,-1.32,4.48,1.27,-0.02,False,False,False,False,False,False,0.012,0.01,True,False,LOW
23.618,,7.78,-174.53,-1.3,4.45,1.3,-0.03,False,False,False,False,False,False,0.013,0.007,True,False,LOW
23.804,,7.56,-174.61,-1.32,4.22,1.36,-0.11,False,False,False,False,False,False,0.034,0.007,True,False,LOW
23.827,,7.73,-174.31,-1.26,4.21,1.41,-0.11,False,False,False,False,False,False,0.033,0.007,True,False,LOW
24.001,,7.95,-173.91,-1.2,4.32,1.78,-0.08,False,False,False,False,False,False,0.024,-0.002,True,False,LOW
24.026,,7.85,-174.91,-1.43,4.32,1.69,-0.11,False,False,False,False,False,False,0.017,0.001,True,False,LOW
24.206,,8.23,-174.71,-1.31,4.51,1.49,-0.13,False,False,False,False,False,False,0.015,0.0,True,False,LOW
24.23,,7.97,-174.53,-1.25,4.5,1.5,-0.13,False,False,False,False,False,False,0.014,0.004,True,False,LOW
24.406,,7.94,-174.87,-1.44,4.45,1.32,-0.21,False,False,False,False,False,False,0.017,-0.001,True,False,LOW
24.431,,8.01,-174.92,-1.27,4.45,1.29,-0.2,False,False,False,False,False,False,0.016,0.012,True,False,LOW
24.604,,8.35,-175.13,-1.47,4.64,1.09,-0.26,False,False,False,False,False,False,0.02,0.01,True,False,LOW
24.626,,8.37,-173.64,-1.28,4.66,1.25,-0.25,False,False,False,False,False,False,0.017,0.011,True,False,LOW
24.792,,8.19,-174.12,-1.42,4.66,1.59,-0.26,False,False,False,False,False,False,0.018,0.01,True,False,LOW
24.816,,8.55,-174.16,-1.34,4.7,1.63,-0.25,False,False,False,False,False,False,0.017,0.009,True,False,LOW
25.014,,8.7,-173.59,-1.44,4.96,2.09,-0.27,False,False,False,False,False,False,0.008,-0.004,True,False,LOW
25.038,,8.91,-172.46,-1.24,5.01,2.29,-0.25,False,False,False,False,False,False,0.003,-0.01,True,False,LOW
25.205,,8.74,-172.89,-1.35,5.11,2.74,-0.22,False,False,False,False,False,False,0.0,-0.005,True,False,LOW
25.229,,8.64,-173.29,-1.3,5.11,2.74,-0.21,False,False,False,False,False,False,0.015,-0.01,True,False,LOW
25.413,,8.07,-173.31,-1.25,4.8,2.73,-0.15,False,False,False,False,False,False,0.016,0.002,True,False,LOW
25.442,,8.49,-175.58,-1.58,4.82,2.36,-0.2,False,False,False,False,True,True,0.021,0.035,True,False,LOW
25.606,,8.5,-175.03,-1.58,4.89,1.65,-0.31,False,False,False,False,False,False,0.018,0.058,False,False,LOW
25.628,,8.41,-174.03,-1.59,4.89,1.7,-0.33,False,False,False,False,False,False,0.002,0.019,True,False,LOW
25.813,,8.53,-172.84,-1.46,4.94,2.5,-0.32,False,False,False,False,False,False,-0.04,0.005,True,False,LOW
25.835,,8.83,-172.91,-1.52,4.99,2.58,-0.33,False,False,False,False,False,False,-0.037,-0.001,True,False,LOW
26.004,,8.74,-172.03,-1.51,5.1,3.33,-0.34,False,False,False,False,False,False,-0.035,-0.001,True,False,LOW
26.027,,8.09,-173.15,-1.26,5.03,3.27,-0.31,False,False,False,False,False,False,0.022,-0.0,True,False,LOW
26.213,,8.3,-173.45,-1.35,4.88,2.9,-0.25,False,False,False,False,False,False,0.021,-0.001,True,False,LOW
26.237,,7.71,-174.59,-1.5,4.79,2.7,-0.26,False,False,False,False,False,False,0.019,-0.001,True,False,LOW
26.405,,8.35,-173.15,-1.63,4.8,2.79,-0.38,False,False,False,False,False,False,-0.04,-0.002,True,False,LOW
26.427,,8.27,-173.67,-1.65,4.79,2.74,-0.39,False,False,False,False,False,False,-0.039,-0.0,True,False,LOW
26.613,,8.29,-173.91,-1.56,4.77,2.4,-0.4,False,False,False,False,False,False,-0.025,0.004,True,False,LOW
26.637,,8.17,-174.25,-1.32,4.75,2.32,-0.37,False,False,False,False,False,False,0.021,-0.002,True,False,LOW
26.802,,8.18,-174.44,-1.34,4.69,1.94,-0.28,False,False,False,False,False,False,0.023,-0.002,True,False,LOW
26.827,,8.34,-175.3,-1.18,4.71,1.76,-0.24,False,False,False,False,False,False,0.077,0.005,True,False,LOW
27.015,,8.39,-174.33,-1.1,4.79,1.73,-0.08,False,False,False,False,False,False,0.073,0.001,True,False,LOW
27.038,,8.76,-175.69,-1.15,4.84,1.55,-0.07,False,False,False,False,False,False,0.068,-0.002,True,False,LOW
27.203,,7.95,-174.98,-1.09,4.62,1.29,-0.01,False,False,False,False,False,False,0.068,-0.001,True,False,LOW
27.227,,8.29,-175.77,-1.12,4.64,1.14,-0.0,False,False,False,False,False,False,0.063,-0.001,True,False,LOW
27.416,,7.93,-175.33,-1.16,4.5,0.9,-0.01,False,False,False,False,False,False,0.062,0.0,True,False,LOW
27.439,,8.2,-175.14,-1.13,4.52,0.9,-0.0,False,False,False,False,False,False,0.065,-0.0,True,False,LOW
27.607,,8.97,-177.62,-1.29,4.99,-0.42,-0.07,False,False,False,False,False,False,0.05,0.019,True,False,LOW
27.635,,7.57,-175.63,-1.3,4.84,-0.29,-0.08,False,False,False,False,False,False,0.074,0.022,True,False,LOW
27.818,,8.17,-176.11,-1.6,4.73,-0.18,-0.28,False,False,False,False,False,False,0.021,0.035,True,False,LOW
27.841,,7.98,-175.35,-1.54,4.69,-0.07,-0.29,False,False,False,False,False,False,0.014,0.016,True,False,LOW
28.004,,8.59,-174.59,-1.38,4.87,0.71,-0.26,False,False,False,False,False,False,0.013,0.007,True,False,LOW
28.03,,8.51,-173.41,-1.32,4.89,1.0,-0.25,False,False,False,False,False,False,0.017,0.005,True,False,LOW
28.212,,8.49,-174.91,-1.43,4.92,1.07,-0.27,False,False,False,False,False,False,0.014,0.003,True,False,LOW
28.236,,8.02,-174.25,-1.54,4.86,1.17,-0.28,False,False,False,False,False,False,0.015,0.004,True,False,LOW
28.416,,8.08,-174.32,-1.53,4.69,1.46,-0.33,False,False,False,False,False,False,0.018,0.001,True,False,LOW
28.439,,8.36,-174.03,-1.45,4.71,1.53,-0.33,False,False,False,False,False,False,0.015,0.001,True,False,LOW
28.619,,8.43,-175.15,-1.52,4.8,1.18,-0.35,False,False,False,False,False,False,0.018,0.001,True,False,LOW
28.643,,8.52,-176.0,-1.6,4.83,1.03,-0.36,False,False,False,False,False,False,0.018,0.058,False,False,LOW
28.809,,8.35,-176.0,-1.34,4.82,0.51,-0.28,False,False,False,False,False,False,0.025,0.021,True,False,LOW
28.833,,8.2,-174.99,-1.38,4.8,0.58,-0.27,False,False,False,False,False,False,0.022,0.014,True,False,LOW
29.022,,8.35,-174.95,-1.34,4.8,0.85,-0.23,False,False,False,False,False,False,0.019,0.01,True,False,LOW
29.049,,8.47,-175.36,-1.12,4.82,0.83,-0.19,False,False,False,False,False,False,0.062,0.011,True,False,LOW
29.215,,8.5,-175.68,-1.17,4.89,0.58,-0.1,False,False,False,False,False,False,0.063,0.01,True,False,LOW
29.238,,8.56,-175.21,-1.12,4.91,0.61,-0.09,False,False,False,False,False,False,0.065,0.003,True,False,LOW
29.41,,8.63,-175.3,-1.26,5.0,0.67,-0.1,False,False,False,False,False,False,0.069,0.002,True,False,LOW
29.433,,8.38,-175.03,-1.19,4.98,0.71,-0.09,False,False,False,False,False,False,0.066,0.0,True,False,LOW
29.599,,8.24,-174.89,-1.25,4.84,0.93,-0.1,False,False,False,False,False,False,0.07,-0.003,True,False,LOW
29.622,,8.28,-174.45,-1.3,4.83,1.02,-0.1,False,False,False,False,False,False,0.065,-0.004,True,False,LOW
29.811,,8.2,-174.58,-1.25,4.74,1.26,-0.1,False,False,False,False,False,False,0.067,-0.003,True,False,LOW
29.834,,8.02,-174.21,-1.17,4.7,1.33,-0.09,False,False,False,False,False,False,0.063,-0.004,True,False,LOW
30.003,,8.06,-174.37,-1.15,4.61,1.5,-0.04,False,False,False,False,False,False,0.063,-0.001,True,False,LOW
30.029,,8.34,-174.46,-1.59,4.63,1.51,-0.1,False,False,False,False,False,False,0.012,0.009,True,False,LOW
30.209,,8.8,-171.96,-1.33,4.97,2.91,-0.14,False,False,False,False,False,False,0.02,0.005,True,False,LOW
30.233,,8.31,-172.53,-1.78,4.94,3.0,-0.21,False,False,False,False,False,False,0.018,0.018,True,False,LOW
30.402,,8.61,-171.76,-1.29,5.01,3.67,-0.17,False,False,False,False,False,False,0.022,0.011,True,False,LOW
30.425,,7.87,-171.45,-1.26,4.92,3.8,-0.16,False,False,False,False,False,False,0.018,0.017,True,False,LOW
30.635,,7.76,-170.97,-1.43,4.52,4.53,-0.23,False,False,False,False,False,False,0.006,0.008,True,False,LOW
30.664,,7.38,-169.88,-1.25,4.41,4.81,-0.21,False,False,False,False,False,False,0.009,0.011,True,False,LOW
30.803,,7.4,-170.92,-1.34,4.15,4.95,-0.2,False,False,False,False,False,False,0.011,0.014,True,False,LOW
30.835,,7.58,-169.25,-0.99,4.13,5.29,-0.14,False,False,False,False,False,False,-0.002,0.005,True,False,LOW
31.013,,7.46,-169.18,-1.04,4.02,6.15,-0.01,False,False,False,False,False,False,0.008,0.002,True,False,LOW
31.037,,7.3,-168.46,-1.3,3.98,6.35,-0.03,False,False,False,False,False,False,0.007,0.004,True,False,LOW
31.201,,7.47,-169.39,-1.39,3.96,6.5,-0.13,False,False,False,False,True,True,0.018,0.039,True,False,LOW
31.224,,7.5,-169.46,-1.52,3.96,6.51,-0.16,False,False,False,False,False,False,0.018,0.023,True,False,LOW
31.396,,7.38,-169.95,-1.7,3.9,6.29,-0.37,False,False,False,False,False,False,0.015,0.021,True,False,LOW
31.422,,7.54,-169.63,-1.51,3.91,6.3,-0.37,False,False,False,False,False,False,0.017,0.017,True,False,LOW
31.6,,7.83,-170.2,-1.59,4.11,6.05,-0.4,False,False,False,False,False,False,0.026,0.016,True,False,LOW
31.623,,8.1,-169.1,-1.27,4.17,6.17,-0.37,False,False,False,False,False,False,0.02,0.014,True,False,LOW
31.794,,7.69,-169.41,-1.44,4.16,6.4,-0.33,False,False,False,False,False,False,0.025,0.015,True,False,LOW
31.821,,7.78,-169.25,-1.29,4.17,6.46,-0.3,False,False,False,False,False,False,0.027,0.011,True,False,LOW
32.001,,7.84,-169.31,-1.38,4.24,6.6,-0.26,False,False,False,False,False,False,0.025,0.013,True,False,LOW
32.024,,7.74,-169.37,-1.39,4.23,6.61,-0.26,False,False,False,False,False,False,0.024,0.017,True,False,LOW
32.196,,7.86,-169.22,-1.31,4.28,6.71,-0.21,False,False,False,False,False,False,0.024,0.016,True,False,LOW
32.227,,7.39,-169.3,-1.36,4.21,6.72,-0.21,False,False,False,False,False,False,0.021,0.015,True,False,LOW
32.4,,7.75,-169.66,-1.39,4.21,6.54,-0.22,False,False,False,False,False,False,0.012,0.022,True,False,LOW
32.424,,8.02,-169.41,-1.64,4.24,6.55,-0.26,False,False,False,False,False,False,-0.02,0.021,True,False,LOW
32.594,,7.22,-168.97,-1.82,3.95,6.81,-0.47,False,False,False,False,False,False,0.026,0.028,True,False,LOW
32.622,,7.22,-169.08,-2.0,3.91,6.83,-0.53,False,False,False,False,False,False,-0.054,0.003,True,False,LOW
32.804,,7.37,-168.57,-1.71,3.87,7.17,-0.55,False,False,False,False,False,False,-0.034,-0.009,True,False,LOW
32.828,,7.27,-168.47,-1.43,3.85,7.22,-0.51,False,False,False,False,False,False,0.017,0.001,True,False,LOW
32.994,,7.2,-168.99,-1.49,3.75,7.13,-0.42,False,False,False,False,False,False,0.01,-0.003,True,False,LOW
33.021,,7.7,-169.99,-1.6,3.81,6.97,-0.43,False,False,False,False,False,False,0.023,0.001,True,False,LOW
33.203,,7.63,-170.23,-1.72,3.96,6.33,-0.5,False,False,False,False,False,False,0.023,0.004,True,False,LOW
33.226,,7.17,-169.83,-1.6,3.92,6.32,-0.5,False,False,False,False,False,False,0.026,0.001,True,False,LOW
33.395,,7.27,-169.72,-1.58,3.82,6.31,-0.46,False,False,False,False,False,False,0.022,-0.0,True,False,LOW
33.422,,7.34,-170.03,-1.7,3.82,6.27,-0.48,False,False,False,False,False,False,0.025,0.003,True,False,LOW
33.603,,7.59,-169.92,-1.64,3.94,6.18,-0.48,False,False,False,False,False,False,0.025,-0.0,True,False,LOW
33.628,,7.48,-169.28,-1.46,3.94,6.26,-0.46,False,False,False,False,False,False,0.024,-0.003,True,False,LOW
33.795,,8.01,-170.57,-1.52,4.21,5.85,-0.41,False,False,False,False,False,False,0.027,-0.001,True,False,LOW
33.821,,7.95,-171.19,-1.64,4.24,5.7,-0.42,False,False,False,False,False,False,0.025,0.004,True,False,LOW
34.006,,7.94,-171.06,-1.74,4.33,5.3,-0.51,False,False,False,False,False,False,0.021,0.004,True,False,LOW
34.031,,8.2,-171.5,-1.8,4.37,5.19,-0.53,False,False,False,False,False,False,0.029,0.002,True,False,LOW
34.196,,8.11,-171.28,-1.65,4.47,4.96,-0.52,False,False,False,False,False,False,0.026,-0.002,True,False,LOW
34.222,,8.0,-171.12,-1.51,4.47,4.95,-0.49,False,False,False,False,False,False,0.022,0.003,True,False,LOW
34.405,,7.97,-171.02,-1.49,4.45,4.98,-0.41,False,False,False,False,False,False,0.027,-0.001,True,False,LOW
34.427,,8.05,-170.69,-1.06,4.46,5.03,-0.35,False,False,False,False,False,False,0.078,0.001,True,False,LOW
34.595,,8.05,-172.3,-1.33,4.48,4.35,-0.26,False,False,False,False,False,False,0.075,0.003,True,False,LOW
34.634,,8.29,-172.32,-1.21,4.54,4.22,-0.22,False,False,False,False,False,False,0.07,-0.0,True,False,LOW
34.804,,7.82,-172.34,-1.3,4.4,3.94,-0.18,False,False,False,False,False,False,0.067,-0.002,True,False,LOW
34.828,,8.32,-173.22,-1.39,4.45,3.79,-0.19,False,False,False,False,False,False,0.071,0.0,True,False,LOW
34.999,,8.29,-172.85,-1.29,4.61,3.47,-0.16,False,False,False,False,False,False,0.068,-0.002,True,False,LOW
35.022,,7.87,-173.3,-1.31,4.57,3.37,-0.16,False,False,False,False,False,False,0.081,-0.0,True,False,LOW
35.204,,7.66,-173.1,-1.39,4.33,3.13,-0.2,False,False,False,False,False,False,0.082,-0.0,True,False,LOW
35.228,,7.77,-173.25,-1.54,4.32,3.08,-0.23,False,False,False,False,False,False,0.079,-0.001,True,False,LOW
35.398,,8.17,-172.25,-1.15,4.48,3.44,-0.11,False,False,False,False,False,False,0.081,0.001,True,False,LOW
35.422,,7.62,-173.06,-1.43,4.42,3.38,-0.13,False,False,False,False,False,False,0.076,0.007,True,False,LOW
35.604,,7.84,-172.93,-1.4,4.36,3.23,-0.2,False,False,False,False,False,False,0.076,0.005,True,False,LOW
35.629,,7.81,-173.92,-1.54,4.35,3.07,-0.22,False,False,False,False,False,False,0.077,0.005,True,False,LOW
35.796,,7.98,-172.63,-1.35,4.39,3.24,-0.21,False,False,False,False,False,False,0.075,0.005,True,False,LOW
35.823,,7.88,-173.2,-1.32,4.39,3.18,-0.21,False,False,False,False,False,False,0.069,0.006,True,False,LOW
36.007,,7.84,-172.92,-1.3,4.34,3.14,-0.18,False,False,False,False,False,False,0.069,0.004,True,False,LOW
36.031,,8.35,-172.72,-1.21,4.4,3.16,-0.16,False,False,False,False,False,False,0.075,0.007,True,False,LOW
36.198,,8.49,-172.47,-1.47,4.69,3.37,-0.24,False,False,False,False,False,False,0.015,0.03,True,False,LOW
36.221,,8.15,-173.44,-1.6,4.68,3.27,-0.27,False,False,False,False,True,True,0.04,0.042,True,False,LOW
36.416,,8.31,-172.09,-1.54,4.73,3.64,-0.34,False,False,False,False,False,False,0.018,0.023,True,False,LOW
36.44,,8.15,-172.05,-1.36,4.71,3.68,-0.32,False,False,False,False,False,False,0.023,0.015,True,False,LOW
36.602,,7.89,-172.4,-1.53,4.53,3.66,-0.35,False,False,False,False,False,False,0.02,0.007,True,False,LOW
36.629,,7.8,-172.91,-1.7,4.49,3.58,-0.38,False,False,False,False,False,False,0.022,0.003,True,False,LOW
36.811,,7.85,-171.65,-1.48,4.39,4.01,-0.35,False,False,False,False,False,False,0.02,0.002,True,False,LOW
36.834,,7.76,-172.52,-1.65,4.37,3.94,-0.37,False,False,False,False,False,False,0.021,-0.0,True,False,LOW
37.007,,7.55,-171.98,-1.56,4.18,4.0,-0.39,False,False,False,False,False,False,0.02,-0.001,True,False,LOW
37.035,,7.66,-171.89,-1.55,4.17,4.02,-0.39,False,False,False,False,False,False,0.019,-0.001,True,False,LOW
37.208,,7.78,-172.84,-1.71,4.21,3.58,-0.48,False,False,False,False,False,False,0.018,-0.0,True,False,LOW
37.232,,7.68,-171.39,-1.32,4.2,3.73,-0.44,False,False,False,False,False,False,0.025,-0.007,True,False,LOW
37.393,,7.78,-171.95,-1.64,4.22,3.91,-0.46,False,False,False,False,False,False,0.028,0.015,True,False,LOW
37.423,,8.35,-171.93,-1.74,4.31,3.94,-0.48,False,False,False,False,False,False,0.033,0.025,True,False,LOW
37.605,,8.1,-171.48,-1.51,4.45,4.27,-0.42,False,False,False,False,False,False,0.035,0.018,True,False,LOW
37.628,,8.52,-172.13,-1.56,4.52,4.22,-0.42,False,False,False,False,False,False,0.028,0.009,True,False,LOW
37.792,,7.81,-172.08,-1.72,4.39,4.08,-0.49,False,False,False,False,False,False,0.02,0.009,True,False,LOW
37.821,,8.03,-172.25,-1.85,4.41,4.04,-0.53,False,False,False,False,False,False,0.027,0.004,True,False,LOW
38.0,,8.21,-171.84,-1.23,4.55,4.12,-0.29,False,False,False,False,False,False,0.072,0.009,True,False,LOW
38.024,,7.72,-172.82,-1.39,4.5,3.99,-0.28,False,False,False,False,False,False,0.073,0.001,True,False,LOW
38.193,,8.03,-172.7,-1.39,4.49,3.65,-0.26,False,False,False,False,False,False,0.069,0.006,True,False,LOW
38.222,,8.56,-172.3,-1.45,4.58,3.66,-0.27,False,False,False,False,False,False,0.069,0.003,True,False,LOW
38.401,,8.14,-171.98,-1.54,4.59,3.87,-0.33,False,False,False,False,False,False,0.067,0.004,True,False,LOW
38.424,,8.76,-172.43,-1.35,4.67,3.83,-0.32,False,False,False,False,False,False,0.073,0.001,True,False,LOW
38.599,,8.73,-172.1,-1.43,4.95,3.88,-0.3,False,False,False,False,False,False,0.073,0.004,True,False,LOW
38.622,,8.3,-173.22,-1.52,4.92,3.74,-0.31,False,False,False,False,False,False,0.074,-0.003,True,False,LOW
38.801,,8.46,-172.94,-1.42,4.92,3.39,-0.29,False,False,False,False,False,False,0.074,0.001,True,False,LOW
38.824,,8.35,-172.57,-1.48,4.91,3.4,-0.29,False,False,False,False,False,False,0.079,0.0,True,False,LOW
39.0,,8.35,-172.86,-1.36,4.86,3.28,-0.25,False,False,False,False,False,False,0.081,-0.001,True,False,LOW
39.025,,8.33,-172.34,-1.36,4.85,3.33,-0.24,False,False,False,False,False,False,0.089,0.0,True,False,LOW
39.323,,8.63,-172.69,-1.43,5.01,3.34,-0.27,False,False,False,False,False,False,0.085,-0.003,True,False,LOW
39.344,,8.82,-172.49,-1.22,5.04,3.36,-0.24,False,False,False,False,False,False,0.075,0.002,True,False,LOW
39.453,,8.31,-172.69,-1.31,4.93,3.35,-0.21,False,False,False,False,False,False,0.081,0.002,True,False,LOW
39.48,,8.3,-172.59,-1.18,4.9,3.37,-0.18,False,False,False,False,False,False,0.089,-0.004,True,False,LOW
39.605,,8.41,-171.73,-1.47,4.89,3.78,-0.24,False,False,False,False,False,False,0.026,0.009,True,False,LOW
39.631,,8.09,-172.18,-1.69,4.84,3.79,-0.28,False,False,False,False,False,False,0.029,0.002,True,False,LOW
39.793,,7.93,-171.33,-1.61,4.61,4.26,-0.37,False,False,False,False,False,False,0.018,0.002,True,False,LOW
39.822,,8.18,-171.97,-1.7,4.62,4.23,-0.4,False,False,False,False,False,False,0.023,-0.002,True,False,LOW
40.002,,8.1,-173.45,-1.75,4.59,3.34,-0.51,False,False,False,False,False,False,0.018,0.058,False,False,LOW
40.026,,8.33,-173.97,-1.87,4.61,3.16,-0.54,False,False,False,False,False,False,0.018,0.058,False,False,LOW
40.195,,8.22,-173.01,-1.85,4.65,3.09,-0.62,False,False,False,False,False,False,0.024,0.029,True,False,LOW
40.222,,8.29,-171.95,-1.64,4.66,3.23,-0.6,False,False,False,False,False,False,0.021,0.008,True,False,LOW
40.4,,7.77,-172.41,-1.76,4.43,3.44,-0.61,False,False,False,False,False,False,0.016,0.01,True,False,LOW
40.425,,8.0,-172.27,-1.77,4.44,3.48,-0.61,False,False,False,False,False,False,0.014,0.004,True,False,LOW
40.595,,7.84,-171.95,-1.81,4.37,3.79,-0.63,False,False,False,False,False,False,0.018,0.004,True,False,LOW
40.623,,7.8,-171.85,-1.75,4.35,3.85,-0.63,False,False,False,False,False,False,0.021,0.001,True,False,LOW
40.8,,8.19,-171.88,-1.76,4.51,4.01,-0.62,False,False,False,False,False,False,0.02,0.001,True,False,LOW
40.824,,8.5,-171.24,-1.59,4.57,4.12,-0.6,False,False,False,False,False,False,0.021,0.002,True,False,LOW
40.994,,8.29,-172.05,-1.84,4.66,4.05,-0.64,False,False,False,False,False,False,0.022,0.004,True,False,LOW
41.022,,8.5,-171.56,-1.65,4.71,4.11,-0.62,False,False,False,False,False,False,0.023,-0.001,True,False,LOW
41.208,,7.92,-172.3,-1.87,4.53,3.91,-0.68,False,False,False,False,False,False,0.023,0.0,True,False,LOW
41.238,,7.91,-171.79,-1.81,4.51,3.96,-0.67,False,False,False,False,False,False,0.015,0.002,True,False,LOW
41.398,,8.38,-171.89,-1.76,4.67,4.05,-0.64,False,False,False,False,False,False,0.02,-0.002,True,False,LOW
41.422,,8.26,-171.59,-1.66,4.68,4.1,-0.62,False,False,False,False,False,False,0.016,0.005,True,False,LOW
41.607,,8.03,-171.99,-1.76,4.58,4.07,-0.62,False,False,False,False,False,False,0.019,-0.001,True,False,LOW
41.631,,8.08,-172.05,-1.81,4.57,4.06,-0.62,False,False,False,False,False,False,0.021,0.0,True,False,LOW
41.794,,8.11,-171.82,-1.75,4.57,4.13,-0.61,False,False,False,False,False,False,0.017,0.004,True,False,LOW
41.818,,8.11,-171.83,-1.79,4.57,4.14,-0.61,False,False,False,False,False,False,0.015,0.004,True,False,LOW
42.005,,8.12,-171.72,-1.69,4.58,4.23,-0.57,False,False,False,False,False,False,0.015,0.003,True,False,LOW
42.028,,8.1,-171.89,-1.82,4.57,4.22,-0.59,False,False,False,False,False,False,0.018,-0.0,True,False,LOW
42.196,,8.49,-171.56,-1.79,4.77,4.35,-0.61,False,False,False,False,False,False,0.014,0.003,True,False,LOW
42.218,,8.37,-172.02,-1.8,4.78,4.31,-0.62,False,False,False,False,False,False,0.013,0.002,True,False,LOW
42.403,,8.2,-172.3,-1.73,4.71,4.0,-0.6,False,False,False,False,False,False,0.026,0.012,True,False,LOW
42.425,,8.35,-171.75,-1.52,4.73,4.03,-0.57,False,False,False,False,False,False,0.007,0.031,True,False,LOW
42.598,,8.39,-172.76,-1.57,4.79,3.63,-0.49,False,False,False,False,False,False,0.018,0.058,False,False,LOW
42.62,,8.28,-171.37,-1.66,4.78,3.76,-0.49,False,False,False,False,False,False,0.026,0.021,True,False,LOW
42.804,,8.39,-171.64,-1.75,4.82,4.1,-0.55,False,False,False,False,False,False,0.025,0.015,True,False,LOW
42.827,,8.09,-171.76,-1.61,4.79,4.13,-0.54,False,False,False,False,False,False,0.069,0.007,True,False,LOW
42.997,,7.99,-171.71,-1.46,4.61,4.23,-0.42,False,False,False,False,False,False,0.068,0.006,True,False,LOW
43.021,,7.88,-172.09,-1.44,4.57,4.19,-0.4,False,False,False,False,False,False,0.071,0.005,True,False,LOW
43.204,,8.14,-171.4,-1.26,4.59,4.43,-0.25,False,False,False,False,False,False,0.077,0.005,True,False,LOW
43.228,,8.48,-171.56,-1.59,4.63,4.43,-0.27,False,False,False,False,False,False,0.023,0.006,True,False,LOW
43.394,,8.87,-170.81,-1.68,4.99,4.84,-0.4,False,False,False,False,False,False,0.02,0.003,True,False,LOW
43.416,,8.33,-171.79,-1.86,4.97,4.77,-0.44,False,False,False,False,False,False,0.016,0.008,True,False,LOW
43.603,,8.3,-171.59,-1.83,4.86,4.59,-0.57,False,False,False,False,False,False,0.021,0.002,True,False,LOW
43.628,,8.15,-172.66,-1.94,4.82,4.42,-0.6,False,False,False,False,False,False,0.02,-0.001,True,False,LOW
43.796,,8.24,-171.98,-1.89,4.76,4.23,-0.67,False,False,False,False,False,False,0.014,0.001,True,False,LOW
43.817,,8.04,-172.14,-1.91,4.73,4.18,-0.68,False,False,False,False,False,False,0.016,0.0,True,False,LOW
44.005,,8.14,-171.97,-1.9,4.66,4.12,-0.72,False,False,False,False,False,False,0.022,-0.003,True,False,LOW
44.029,,8.42,-171.79,-1.91,4.69,4.13,-0.72,False,False,False,False,False,False,0.021,-0.001,True,False,LOW
44.198,,8.37,-171.96,-1.98,4.76,4.1,-0.78,False,False,False,False,False,False,0.018,0.005,True,False,LOW
44.23,,8.09,-171.66,-1.8,4.73,4.15,-0.76,False,False,False,False,False,False,0.014,0.003,True,False,LOW
44.414,,8.35,-172.62,-1.98,4.77,3.75,-0.8,False,False,False,False,False,False,0.013,0.002,True,False,LOW
44.437,,8.42,-172.33,-1.79,4.78,3.74,-0.78,False,False,False,False,False,False,0.017,0.003,True,False,LOW
44.605,,8.96,-171.86,-1.58,5.11,3.96,-0.6,False,False,False,False,False,False,0.018,-0.001,True,False,LOW
44.63,,8.77,-171.34,-1.71,5.13,4.06,-0.59,False,False,False,False,False,False,0.022,0.004,True,False,LOW
44.811,,8.5,-171.93,-1.72,5.04,4.08,-0.58,False,False,False,False,False,False,0.015,0.005,True,False,LOW
44.834,,8.88,-172.61,-1.8,5.08,4.0,-0.59,False,False,False,False,False,False,0.015,-0.001,True,False,LOW
45.003,,8.86,-173.1,-1.85,5.2,3.44,-0.65,False,False,False,False,False,False,0.014,0.004,True,False,LOW
45.029,,9.34,-172.26,-1.53,5.29,3.49,-0.61,False,False,False,False,False,False,0.022,0.004,True,False,LOW
45.21,,8.95,-172.04,-1.92,5.35,3.75,-0.69,False,False,False,False,False,False,0.022,0.007,True,False,LOW
45.234,,9.92,-171.03,-1.75,5.5,3.93,-0.68,False,False,False,False,False,False,0.032,0.01,True,False,LOW
45.394,,13.98,-168.66,-2.23,8.13,5.74,-0.88,False,False,False,False,False,False,-0.005,0.005,True,False,LOW
45.417,,19.66,-166.22,-6.92,9.5,6.36,-1.6,False,False,False,False,False,False,-0.093,0.028,True,False,LOW
45.602,,17.91,-163.66,-4.65,12.43,9.9,-2.68,False,False,False,False,False,False,0.004,0.003,True,False,LOW
45.622,,0.0,0.0,0.0,0.0,0.0,0.0,False,False,False,True,False,True,0.0,0.0,False,False,LOW
45.793,,0.0,0.0,0.0,0.0,0.0,0.0,False,False,False,True,False,True,0.0,0.0,False,False,LOW
45.81,,0.0,0.0,0.0,0.0,0.0,0.0,False,False,False,True,False,True,0.0,0.0,False,False,LOW
45.995,,0.0,0.0,0.0,0.0,0.0,0.0,False,False,False,True,False,True,0.0,0.0,False,False,LOW
46.011,,0.0,0.0,0.0,0.0,0.0,0.0,False,False,False,True,False,True,0.0,0.0,False,False,LOW
46.19,,0.0,0.0,0.0,0.0,0.0,0.0,False,False,False,True,False,True,0.0,0.0,False,False,LOW
46.206,,0.0,0.0,0.0,0.0,0.0,0.0,False,False,False,True,False,True,0.0,0.0,False,False,LOW
46.395,,0.0,0.0,0.0,0.0,0.0,0.0,False,False,False,True,False,True,0.0,0.0,False,False,LOW
46.412,,0.0,0.0,0.0,0.0,0.0,0.0,False,False,False,True,False,True,0.0,0.0,False,False,LOW
46.585,,0.0,0.0,0.0,0.0,0.0,0.0,False,False,False,True,False,True,0.0,0.0,False,False,LOW
46.603,,0.0,0.0,0.0,0.0,0.0,0.0,False,False,False,True,False,True,0.0,0.0,False,False,LOW
46.795,,0.0,0.0,0.0,0.0,0.0,0.0,False,False,False,True,False,True,0.0,0.0,False,False,LOW
46.813,,0.0,0.0,0.0,0.0,0.0,0.0,False,False,False,True,False,True,0.0,0.0,False,False,LOW
46.988,,0.0,0.0,0.0,0.0,0.0,0.0,False,False,False,True,False,True,0.0,0.0,False,False,LOW
47.019,,0.0,0.0,0.0,0.0,0.0,0.0,False,False,False,True,False,True,0.0,0.0,False,False,LOW
47.198,,0.0,0.0,0.0,0.0,0.0,0.0,False,False,False,True,False,True,0.0,0.0,False,False,LOW
47.215,,0.0,0.0,0.0,0.0,0.0,0.0,False,False,False,True,False,True,0.0,0.0,False,False,LOW
47.392,,0.0,0.0,0.0,0.0,0.0,0.0,False,False,False,True,False,True,0.0,0.0,False,False,LOW
47.409,,0.0,0.0,0.0,0.0,0.0,0.0,False,False,False,True,False,True,0.0,0.0,False,False,LOW
47.597,,0.0,0.0,0.0,0.0,0.0,0.0,False,False,False,True,False,True,0.0,0.0,False,False,LOW
47.618,,0.0,0.0,0.0,0.0,0.0,0.0,False,False,False,True,False,True,0.0,0.0,False,False,LOW
47.788,,0.0,0.0,0.0,0.0,0.0,0.0,False,False,False,True,False,True,0.0,0.0,False,False,LOW
47.806,,0.0,0.0,0.0,0.0,0.0,0.0,False,False,False,True,False,True,0.0,0.0,False,False,LOW
48.001,,0.0,0.0,0.0,0.0,0.0,0.0,False,False,False,True,False,True,0.0,0.0,False,False,LOW
48.019,,0.0,0.0,0.0,0.0,0.0,0.0,False,False,False,True,False,True,0.0,0.0,False,False,LOW
48.191,,0.0,0.0,0.0,0.0,0.0,0.0,False,False,False,True,False,True,0.0,0.0,False,False,LOW
48.207,,0.0,0.0,0.0,0.0,0.0,0.0,False,False,False,True,False,True,0.0,0.0,False,False,LOW
48.398,,0.0,0.0,0.0,0.0,0.0,0.0,False,False,False,True,False,True,0.0,0.0,False,False,LOW
48.416,,0.0,0.0,0.0,0.0,0.0,0.0,False,False,False,True,False,True,0.0,0.0,False,False,LOW
48.589,,0.0,0.0,0.0,0.0,0.0,0.0,False,False,False,True,False,True,0.0,0.0,False,False,LOW
48.608,,0.0,0.0,0.0,0.0,0.0,0.0,False,False,False,True,False,True,0.0,0.0,False,False,LOW
48.799,,0.0,0.0,0.0,0.0,0.0,0.0,False,False,False,True,False,True,0.0,0.0,False,False,LOW
48.817,,0.0,0.0,0.0,0.0,0.0,0.0,False,False,False,True,False,True,0.0,0.0,False,False,LOW
48.99,,0.0,0.0,0.0,0.0,0.0,0.0,False,False,False,True,False,True,0.0,0.0,False,False,LOW
49.008,,0.0,0.0,0.0,0.0,0.0,0.0,False,False,False,True,False,True,0.0,0.0,False,False,LOW
49.199,,0.0,0.0,0.0,0.0,0.0,0.0,False,False,False,True,False,True,0.0,0.0,False,False,LOW
49.216,,0.0,0.0,0.0,0.0,0.0,0.0,False,False,False,True,False,True,0.0,0.0,False,False,LOW
49.391,,0.0,0.0,0.0,0.0,0.0,0.0,False,False,False,True,False,True,0.0,0.0,False,False,LOW
49.408,,0.0,0.0,0.0,0.0,0.0,0.0,False,False,False,True,False,True,0.0,0.0,False,False,LOW
49.596,,0.0,0.0,0.0,0.0,0.0,0.0,False,False,False,True,False,True,0.0,0.0,False,False,MODERATE
49.613,,0.0,0.0,0.0,0.0,0.0,0.0,False,False,False,True,False,True,0.0,0.0,False,False,MODERATE
49.79,,0.0,0.0,0.0,0.0,0.0,0.0,False,False,False,True,False,True,0.0,0.0,False,False,MODERATE
49.809,,0.0,0.0,0.0,0.0,0.0,0.0,False,False,False,True,False,True,0.0,0.0,False,False,MODERATE
49.998,,0.0,0.0,0.0,0.0,0.0,0.0,False,False,False,True,False,True,0.0,0.0,False,False,MODERATE
50.016,,0.0,0.0,0.0,0.0,0.0,0.0,False,False,False,True,False,True,0.0,0.0,False,False,MODERATE
50.192,,0.0,0.0,0.0,0.0,0.0,0.0,False,False,False,True,False,True,0.0,0.0,False,False,MODERATE
50.208,,0.0,0.0,0.0,0.0,0.0,0.0,False,False,False,True,False,True,0.0,0.0,False,False,MODERATE
50.399,,0.0,0.0,0.0,0.0,0.0,0.0,False,False,False,True,False,True,0.0,0.0,False,False,MODERATE
51.188,,-4.03,-167.27,-4.33,-7.02,8.79,-3.17,False,False,False,False,False,False,0.01,0.012,True,False,MODERATE
51.321,,-3.41,-170.26,-4.31,-6.99,7.37,-3.16,False,False,False,False,False,False,0.024,0.006,True,False,MODERATE
51.345,,-1.97,-171.77,-3.57,-6.79,6.9,-3.06,False,False,False,False,False,False,0.021,0.009,True,False,MODERATE
51.465,,2.25,-172.34,-2.59,-4.22,5.39,-2.34,False,False,False,False,False,False,0.011,0.004,True,False,MODERATE
51.49,,2.67,-170.58,-1.7,-3.68,5.39,-2.09,False,False,False,False,False,False,0.019,0.002,True,False,MODERATE
51.609,,2.51,-169.73,-1.97,-2.41,5.8,-1.51,False,False,False,False,False,False,0.004,0.021,True,False,MODERATE
51.634,,2.0,-170.86,-2.24,-2.27,5.71,-1.45,False,False,False,False,False,False,-0.009,0.032,True,False,MODERATE
51.799,,1.87,-169.97,-2.29,-1.95,5.89,-1.29,False,False,False,False,False,False,-0.012,0.007,True,False,MODERATE
51.823,,2.35,-170.74,-2.04,-1.84,5.81,-1.23,False,False,False,False,False,False,-0.005,-0.001,True,False,MODERATE
52.001,,1.27,-171.71,-1.93,-2.07,5.0,-0.99,False,False,False,False,False,False,0.0,-0.006,True,False,MODERATE
52.026,,1.35,-172.44,-1.9,-2.09,4.79,-0.96,False,False,False,False,False,False,0.009,0.004,True,False,MODERATE
52.196,,3.79,-172.4,-1.52,-0.84,4.17,-0.65,False,False,False,False,False,False,0.025,0.004,True,False,MODERATE
52.22,,3.24,-171.55,-1.01,-0.77,4.21,-0.54,False,False,False,False,False,False,0.066,0.002,True,False,MODERATE
52.409,,4.18,-171.14,-0.57,0.02,4.58,0.08,False,False,False,False,False,False,0.073,0.004,True,False,MODERATE
52.433,,4.81,-170.93,-0.14,0.2,4.65,0.21,False,False,False,False,False,False,0.077,0.006,True,False,MODERATE
52.601,,5.31,-171.77,-0.39,1.04,4.45,0.5,False,False,False,False,False,False,0.08,0.006,True,False,MODERATE
52.634,,3.24,-173.21,-0.36,0.81,4.16,0.55,False,False,False,False,False,False,0.076,0.003,True,False,MODERATE
52.794,,2.73,-171.9,-0.58,-0.01,4.15,0.56,False,False,False,False,False,False,0.068,0.01,True,False,MODERATE
52.817,,3.05,-171.59,-0.57,-0.08,4.18,0.56,False,False,False,False,False,False,0.068,0.008,True,False,MODERATE
53.002,,3.36,-172.49,-0.61,-0.13,3.83,0.55,False,False,False,False,False,False,0.068,0.009,True,False,MODERATE
53.027,,3.69,-171.68,-0.68,-0.1,3.9,0.54,False,False,False,False,False,False,0.071,0.01,True,False,MODERATE
53.193,,3.82,-171.63,-0.78,0.1,4.16,0.45,False,False,False,False,False,False,0.067,0.01,True,False,MODERATE
53.216,,4.57,-171.63,-0.62,0.22,4.19,0.46,False,False,False,False,False,False,0.069,0.007,True,False,LOW
53.394,,4.57,-171.87,-0.78,0.65,4.17,0.41,False,False,False,False,False,False,0.068,0.005,True,False,LOW
53.418,,4.48,-172.1,-0.67,0.69,4.14,0.42,False,False,False,False,False,False,0.068,0.003,True,False,LOW
53.591,,4.5,-171.2,-1.09,0.83,4.5,0.23,False,False,False,False,False,False,0.017,0.008,True,False,LOW
53.614,,4.93,-170.47,-0.9,0.91,4.64,0.24,False,False,False,False,False,False,0.011,0.005,True,False,LOW
53.795,,5.67,-170.0,-0.56,1.57,5.4,0.42,False,False,False,False,False,False,0.015,0.0,True,False,LOW
53.819,,6.18,-170.51,-0.81,1.72,5.42,0.41,False,False,False,False,False,False,0.053,0.004,True,False,LOW
53.986,,5.54,-170.78,-0.63,1.87,5.33,0.47,False,False,False,False,False,False,0.075,0.004,True,False,LOW
54.014,,5.69,-171.47,-0.81,1.91,5.21,0.45,False,False,False,False,False,False,0.074,0.006,True,False,LOW
54.195,,6.34,-172.2,-0.82,2.39,4.47,0.39,False,False,False,False,False,False,0.069,0.008,True,False,LOW
54.218,,5.83,-172.55,-0.88,2.38,4.33,0.37,False,False,False,False,False,False,0.07,0.006,True,False,LOW
54.383,,6.24,-171.21,-0.89,2.54,4.58,0.31,False,False,False,False,False,False,0.049,0.008,True,False,LOW
54.414,,6.67,-173.09,-1.24,2.64,4.3,0.25,False,False,False,False,False,False,0.025,0.024,True,False,LOW
54.597,,6.01,-174.54,-1.43,2.55,2.73,-0.04,False,False,False,False,False,False,0.02,0.021,True,False,LOW
54.62,,6.61,-175.93,-1.98,2.62,2.35,-0.14,False,False,False,False,False,False,-0.001,0.028,True,False,LOW
54.785,,7.37,-177.15,-1.63,3.25,0.45,-0.32,False,False,False,False,False,False,0.013,0.024,True,False,LOW
54.816,,7.67,-175.8,-1.55,3.4,0.41,-0.33,False,False,False,False,False,False,0.014,0.015,True,False,LOW
54.996,,8.17,-175.48,-1.05,4.07,0.49,-0.1,False,False,False,False,False,False,0.019,0.009,True,False,LOW
55.021,,7.3,-173.98,-0.77,4.03,0.7,-0.04,False,False,False,False,False,False,0.019,0.006,True,False,LOW
55.19,,8.15,-174.13,-0.57,4.33,1.33,0.28,False,False,False,False,False,False,0.063,0.021,True,False,LOW
55.214,,7.24,-175.37,-0.55,4.25,1.24,0.33,False,False,False,False,False,False,0.069,0.021,True,False,LOW
55.396,,7.05,-175.25,-0.6,3.85,0.99,0.45,False,False,False,False,False,False,0.07,0.02,True,False,LOW
55.419,,7.31,-175.63,-0.59,3.84,0.92,0.46,False,False,False,False,False,False,0.072,0.016,True,False,LOW
55.589,,6.92,-175.73,-0.72,3.6,0.59,0.44,False,False,False,False,False,False,0.067,0.019,True,False,LOW
55.619,,7.17,-175.74,-0.84,3.61,0.54,0.42,False,False,False,False,False,False,0.073,0.018,True,False,LOW
55.797,,6.92,-175.45,-0.78,3.49,0.56,0.4,False,False,False,False,False,False,0.073,0.018,True,False,LOW
55.821,,6.97,-175.37,-0.84,3.48,0.58,0.38,False,False,False,False,False,False,0.075,0.02,True,False,LOW
55.99,,7.11,-175.13,-0.88,3.53,0.74,0.33,False,False,False,False,False,False,0.074,0.019,True,False,LOW
56.015,,7.08,-174.86,-0.9,3.53,0.8,0.31,False,False,False,False,False,False,0.075,0.018,True,False,LOW
56.196,,6.82,-176.29,-1.09,3.4,0.23,0.18,False,False,False,False,False,False,0.066,0.028,True,False,LOW
56.22,,7.41,-175.11,-1.24,3.46,0.32,0.14,False,False,False,False,False,False,0.059,0.026,True,False,LOW
56.395,,7.54,-176.32,-1.73,3.74,0.0,-0.24,False,False,False,False,True,True,0.03,0.041,True,False,LOW
56.418,,8.38,-174.7,-1.39,3.89,0.18,-0.24,False,False,False,False,False,False,0.021,0.021,True,False,LOW
56.595,,7.42,-174.76,-1.44,3.88,0.76,-0.27,False,False,False,False,False,False,0.019,0.015,True,False,LOW
56.618,,7.56,-174.41,-1.29,3.9,0.88,-0.25,False,False,False,False,False,False,0.015,0.008,True,False,LOW
56.794,,7.41,-174.17,-1.31,3.89,1.41,-0.2,False,False,False,False,False,False,0.015,0.006,True,False,LOW
56.819,,7.3,-174.14,-1.32,3.87,1.48,-0.2,False,False,False,False,False,False,0.018,0.008,True,False,LOW
56.998,,7.45,-173.8,-1.32,3.89,1.88,-0.18,False,False,False,False,False,False,0.02,0.007,True,False,LOW
57.021,,7.71,-173.39,-1.3,3.93,1.99,-0.18,False,False,False,False,False,False,0.016,0.009,True,False,LOW
57.189,,7.79,-173.74,-1.35,4.09,2.14,-0.19,False,False,False,False,False,False,0.017,0.007,True,False,LOW
57.215,,8.1,-173.57,-1.29,4.16,2.19,-0.18,False,False,False,False,False,False,0.018,0.005,True,False,LOW
57.407,,8.04,-173.25,-1.32,4.35,2.52,-0.18,False,False,False,False,False,False,0.019,0.006,True,False,LOW
57.433,,8.13,-173.37,-1.3,4.38,2.54,-0.17,False,False,False,False,False,False,0.017,0.004,True,False,LOW
57.59,,8.06,-175.1,-1.41,4.45,1.73,-0.22,False,False,False,False,False,False,0.02,0.023,True,False,LOW
57.615,,8.54,-175.47,-1.64,4.53,1.56,-0.25,False,False,False,False,False,False,0.018,0.058,False,False,LOW
57.796,,7.94,-174.99,-1.58,4.46,1.28,-0.35,False,False,False,False,False,False,-0.006,0.023,True,False,LOW
57.82,,7.69,-174.71,-1.41,4.42,1.29,-0.34,False,False,False,False,False,False,0.017,0.021,True,False,LOW
57.992,,7.84,-174.54,-1.39,4.36,1.39,-0.29,False,False,False,False,False,False,0.019,0.013,True,False,LOW
58.016,,7.71,-174.28,-1.4,4.33,1.44,-0.28,False,False,False,False,False,False,0.02,0.009,True,False,LOW
58.197,,7.86,-173.13,-1.22,4.33,2.23,-0.17,False,False,False,False,False,False,0.018,0.007,True,False,LOW
58.22,,7.99,-173.62,-1.31,4.34,2.25,-0.17,False,False,False,False,False,False,0.02,0.007,True,False,LOW
58.39,,8.18,-173.72,-1.36,4.5,2.28,-0.19,False,False,False,False,False,False,0.021,0.005,True,False,LOW
58.414,,8.07,-173.7,-1.2,4.5,2.29,-0.17,False,False,False,False,False,False,0.062,0.021,True,False,LOW
58.596,,7.65,-173.83,-1.23,4.29,2.24,-0.12,False,False,False,False,False,False,0.066,0.018,True,False,LOW
58.62,,7.67,-173.72,-1.24,4.27,2.25,-0.12,False,False,False,False,False,False,0.07,0.017,True,False,LOW
58.791,,7.88,-173.79,-1.22,4.31,2.24,-0.09,False,False,False,False,False,False,0.073,0.011,True,False,LOW
58.815,,7.91,-174.17,-1.28,4.31,2.19,-0.1,False,False,False,False,False,False,0.072,0.011,True,False,LOW
58.996,,7.6,-174.25,-1.24,4.18,1.97,-0.09,False,False,False,False,False,False,0.07,0.012,True,False,LOW
59.021,,7.61,-173.84,-1.17,4.16,2.0,-0.08,False,False,False,False,False,False,0.068,0.013,True,False,LOW
59.191,,7.65,-174.06,-1.35,4.14,1.99,-0.14,False,False,False,False,False,False,0.068,0.016,True,False,LOW
59.216,,7.88,-173.95,-1.42,4.16,2.0,-0.16,False,False,False,False,False,False,0.07,0.013,True,False,LOW
59.399,,7.75,-174.0,-1.5,4.19,2.02,-0.26,False,False,False,False,False,False,0.069,0.012,True,False,LOW
59.422,,8.08,-174.68,-1.31,4.23,1.93,-0.25,False,False,False,False,False,False,0.066,0.011,True,False,LOW
59.59,,7.74,-174.22,-1.44,4.22,1.87,-0.27,False,False,False,False,False,False,0.067,0.013,True,False,LOW
59.614,,8.01,-174.3,-1.34,4.25,1.85,-0.26,False,False,False,False,False,False,0.069,0.013,True,False,LOW
59.798,,8.52,-173.73,-1.77,4.65,2.09,-0.45,False,False,False,False,False,False,0.019,0.012,True,False,LOW
59.821,,8.44,-173.38,-1.62,4.68,2.16,-0.46,False,False,False,False,False,False,0.018,0.009,True,False,LOW
59.991,,8.31,-174.76,-1.71,4.73,1.7,-0.51,False,False,False,False,False,False,0.015,0.021,True,False,LOW
60.015,,8.38,-174.76,-2.1,4.74,1.64,-0.57,False,False,False,False,False,False,0.034,0.027,True,False,LOW
60.2,,8.54,-174.14,-1.84,4.88,1.78,-0.63,False,False,False,False,False,False,0.022,0.023,True,False,LOW
60.223,,8.06,-174.5,-1.81,4.84,1.75,-0.64,False,False,False,False,False,False,0.018,0.016,True,False,LOW
60.397,,8.15,-174.28,-1.72,4.72,1.75,-0.6,False,False,False,False,False,False,0.015,0.008,True,False,LOW
60.422,,8.1,-174.43,-1.5,4.7,1.73,-0.57,False,False,False,False,False,False,0.071,0.018,True,False,LOW
60.602,,7.99,-174.61,-1.5,4.56,1.56,-0.45,False,False,False,False,False,False,0.072,0.018,True,False,LOW
60.626,,8.0,-174.3,-1.46,4.55,1.58,-0.43,False,False,False,False,False,False,0.068,0.014,True,False,LOW
60.915,,7.89,-173.78,-1.31,4.42,2.02,-0.26,False,False,False,False,False,False,0.068,0.013,True,False,LOW
60.937,,8.0,-173.33,-1.25,4.43,2.1,-0.24,False,False,False,False,False,False,0.074,0.012,True,False,LOW
61.053,,8.11,-173.23,-1.58,4.49,2.4,-0.32,False,False,False,False,False,False,0.028,0.008,True,False,LOW
61.078,,8.0,-173.04,-1.69,4.48,2.49,-0.35,False,False,False,False,False,False,0.028,0.003,True,False,LOW
61.196,,8.16,-172.65,-1.63,4.54,2.88,-0.4,False,False,False,False,False,False,0.028,-0.001,True,False,LOW
61.219,,8.32,-173.0,-1.69,4.57,2.9,-0.42,False,False,False,False,False,False,0.026,-0.002,True,False,LOW
61.393,,8.3,-172.6,-1.71,4.67,3.18,-0.49,False,False,False,False,False,False,0.025,0.001,True,False,LOW
61.416,,8.35,-172.41,-1.73,4.69,3.24,-0.51,False,False,False,False,False,False,0.025,0.001,True,False,LOW
61.588,,8.43,-174.27,-2.01,4.79,2.47,-0.69,False,False,False,False,False,False,0.037,0.028,True,False,LOW
61.613,,8.56,-173.39,-1.76,4.82,2.49,-0.68,False,False,False,False,False,False,0.015,0.027,True,False,LOW
61.794,,8.57,-174.55,-2.28,4.93,1.95,-0.92,False,False,False,False,True,True,0.02,0.039,True,False,LOW
61.816,,8.2,-173.49,-2.14,4.9,2.02,-0.93,False,False,False,False,False,False,0.012,0.019,True,False,LOW
61.988,,8.79,-174.69,-2.59,5.08,1.67,-1.2,False,False,False,False,False,False,0.025,0.021,True,False,LOW
62.02,,9.14,-174.05,-3.02,5.17,1.72,-1.31,False,False,False,False,False,False,0.02,0.015,True,False,LOW
62.192,,9.31,-172.23,-2.96,5.49,2.83,-1.58,False,False,False,False,False,False,0.014,0.009,True,False,LOW
62.214,,11.05,-172.45,-3.79,5.75,2.92,-1.71,False,False,False,False,False,False,0.021,0.013,True,False,LOW
62.385,,13.54,-170.95,-4.01,8.09,4.08,-2.32,False,False,False,False,False,False,0.026,0.011,True,False,LOW
62.41,,14.85,-165.32,-5.48,8.62,5.22,-2.62,False,False,False,False,False,False,0.021,0.029,True,False,LOW
62.595,,23.66,-166.64,-6.71,15.63,7.68,-4.28,False,False,False,False,False,False,-0.481,0.038,True,False,LOW
62.62,,0.0,0.0,0.0,0.0,0.0,0.0,False,False,False,True,False,True,0.0,0.0,False,False,LOW
62.781,,0.0,0.0,0.0,0.0,0.0,0.0,False,False,False,True,False,True,0.0,0.0,False,False,LOW
62.797,,0.0,0.0,0.0,0.0,0.0,0.0,False,False,False,True,False,True,0.0,0.0,False,False,LOW
62.989,,0.0,0.0,0.0,0.0,0.0,0.0,False,False,False,True,False,True,0.0,0.0,False,False,LOW
63.007,,0.0,0.0,0.0,0.0,0.0,0.0,False,False,False,True,False,True,0.0,0.0,False,False,LOW
63.183,,0.0,0.0,0.0,0.0,0.0,0.0,False,False,False,True,False,True,0.0,0.0,False,False,LOW
63.199,,0.0,0.0,0.0,0.0,0.0,0.0,False,False,False,True,False,True,0.0,0.0,False,False,LOW
63.391,,0.0,0.0,0.0,0.0,0.0,0.0,False,False,False,True,False,True,0.0,0.0,False,False,LOW
63.408,,0.0,0.0,0.0,0.0,0.0,0.0,False,False,False,True,False,True,0.0,0.0,False,False,LOW
63.583,,0.0,0.0,0.0,0.0,0.0,0.0,False,False,False,True,False,True,0.0,0.0,False,False,LOW
63.6,,0.0,0.0,0.0,0.0,0.0,0.0,False,False,False,True,False,True,0.0,0.0,False,False,LOW
63.79,,0.0,0.0,0.0,0.0,0.0,0.0,False,False,False,True,False,True,0.0,0.0,False,False,LOW
63.808,,0.0,0.0,0.0,0.0,0.0,0.0,False,False,False,True,False,True,0.0,0.0,False,False,LOW
63.984,,0.0,0.0,0.0,0.0,0.0,0.0,False,False,False,True,False,True,0.0,0.0,False,False,LOW
64.002,,0.0,0.0,0.0,0.0,0.0,0.0,False,False,False,True,False,True,0.0,0.0,False,False,LOW
64.19,,0.0,0.0,0.0,0.0,0.0,0.0,False,False,False,True,False,True,0.0,0.0,False,False,LOW
64.207,,0.0,0.0,0.0,0.0,0.0,0.0,False,False,False,True,False,True,0.0,0.0,False,False,LOW
64.383,,0.0,0.0,0.0,0.0,0.0,0.0,False,False,False,True,False,True,0.0,0.0,False,False,LOW
64.4,,0.0,0.0,0.0,0.0,0.0,0.0,False,False,False,True,False,True,0.0,0.0,False,False,LOW
64.59,,0.0,0.0,0.0,0.0,0.0,0.0,False,False,False,True,False,True,0.0,0.0,False,False,LOW
64.607,,0.0,0.0,0.0,0.0,0.0,0.0,False,False,False,True,False,True,0.0,0.0,False,False,LOW
64.783,,0.0,0.0,0.0,0.0,0.0,0.0,False,False,False,True,False,True,0.0,0.0,False,False,LOW
64.801,,0.0,0.0,0.0,0.0,0.0,0.0,False,False,False,True,False,True,0.0,0.0,False,False,LOW
64.992,,0.0,0.0,0.0,0.0,0.0,0.0,False,False,False,True,False,True,0.0,0.0,False,False,LOW
65.01,,0.0,0.0,0.0,0.0,0.0,0.0,False,False,False,True,False,True,0.0,0.0,False,False,LOW
65.182,,0.0,0.0,0.0,0.0,0.0,0.0,False,False,False,True,False,True,0.0,0.0,False,False,LOW
65.199,,0.0,0.0,0.0,0.0,0.0,0.0,False,False,False,True,False,True,0.0,0.0,False,False,LOW
65.389,,0.0,0.0,0.0,0.0,0.0,0.0,False,False,False,True,False,True,0.0,0.0,False,False,LOW
65.406,,0.0,0.0,0.0,0.0,0.0,0.0,False,False,False,True,False,True,0.0,0.0,False,False,LOW
65.583,,0.0,0.0,0.0,0.0,0.0,0.0,False,False,False,True,False,True,0.0,0.0,False,False,LOW
65.6,,0.0,0.0,0.0,0.0,0.0,0.0,False,False,False,True,False,True,0.0,0.0,False,False,LOW
65.792,,0.0,0.0,0.0,0.0,0.0,0.0,False,False,False,True,False,True,0.0,0.0,False,False,LOW
65.812,,0.0,0.0,0.0,0.0,0.0,0.0,False,False,False,True,False,True,0.0,0.0,False,False,LOW
65.989,,0.0,0.0,0.0,0.0,0.0,0.0,False,False,False,True,False,True,0.0,0.0,False,False,LOW
66.007,,0.0,0.0,0.0,0.0,0.0,0.0,False,False,False,True,False,True,0.0,0.0,False,False,LOW
66.19,,0.0,0.0,0.0,0.0,0.0,0.0,False,False,False,True,False,True,0.0,0.0,False,False,LOW
66.207,,0.0,0.0,0.0,0.0,0.0,0.0,False,False,False,True,False,True,0.0,0.0,False,False,LOW
66.383,,0.0,0.0,0.0,0.0,0.0,0.0,False,False,False,True,False,True,0.0,0.0,False,False,LOW
66.401,,0.0,0.0,0.0,0.0,0.0,0.0,False,False,False,True,False,True,0.0,0.0,False,False,LOW
66.589,,0.0,0.0,0.0,0.0,0.0,0.0,False,False,False,True,False,True,0.0,0.0,False,False,MODERATE
66.619,,0.0,0.0,0.0,0.0,0.0,0.0,False,False,False,True,False,True,0.0,0.0,False,False,MODERATE
66.782,,0.0,0.0,0.0,0.0,0.0,0.0,False,False,False,True,False,True,0.0,0.0,False,False,MODERATE
66.8,,0.0,0.0,0.0,0.0,0.0,0.0,False,False,False,True,False,True,0.0,0.0,False,False,MODERATE
66.994,,0.0,0.0,0.0,0.0,0.0,0.0,False,False,False,True,False,True,0.0,0.0,False,False,MODERATE
67.015,,0.0,0.0,0.0,0.0,0.0,0.0,False,False,False,True,False,True,0.0,0.0,False,False,MODERATE
67.184,,0.0,0.0,0.0,0.0,0.0,0.0,False,False,False,True,False,True,0.0,0.0,False,False,MODERATE
67.201,,0.0,0.0,0.0,0.0,0.0,0.0,False,False,False,True,False,True,0.0,0.0,False,False,MODERATE
67.389,,0.0,0.0,0.0,0.0,0.0,0.0,False,False,False,True,False,True,0.0,0.0,False,False,MODERATE
67.485,,0.0,0.0,0.0,0.0,0.0,0.0,False,False,False,True,False,True,0.0,0.0,False,False,MODERATE
67.589,,0.0,0.0,0.0,0.0,0.0,0.0,False,False,False,True,False,True,0.0,0.0,False,False,MODERATE
67.607,,0.0,0.0,0.0,0.0,0.0,0.0,False,False,False,True,False,True,0.0,0.0,False,False,MODERATE
67.801,,-34.11,-161.42,-8.88,-36.16,14.41,-7.63,False,False,False,False,False,False,-0.033,0.042,True,False,MODERATE
67.824,,-47.46,-165.82,-5.17,-38.97,13.81,-7.12,False,False,False,False,False,False,-0.035,0.027,True,False,MODERATE
67.991,,-43.09,-166.1,-2.34,-43.62,11.68,-3.83,False,False,False,False,False,False,0.013,0.019,True,False,MODERATE
68.017,,-38.53,-167.44,-1.74,-43.34,11.16,-3.26,False,False,False,False,False,False,0.008,0.026,True,False,MODERATE
68.197,,-32.36,-165.27,-2.91,-39.38,10.94,-2.41,False,False,False,False,False,False,0.049,0.028,True,False,MODERATE
68.222,,-30.4,-165.65,-3.96,-38.54,10.85,-2.47,False,False,False,False,False,False,0.081,0.023,True,False,MODERATE
68.397,,-25.58,-165.55,-5.84,-33.01,10.65,-3.64,False,False,False,False,False,False,0.081,0.018,True,False,MODERATE
68.422,,-24.09,-167.72,-5.55,-32.01,10.29,-3.74,False,False,False,False,False,False,0.045,0.015,True,False,MODERATE
68.6,,-20.76,-166.5,-5.56,-27.33,9.87,-4.1,False,False,False,False,False,False,0.04,0.014,True,False,MODERATE
68.623,,-18.06,-166.71,-3.98,-26.28,9.8,-3.94,False,False,False,False,False,False,0.041,0.013,True,False,MODERATE
68.794,,-17.64,-168.01,-3.75,-23.24,8.84,-3.23,False,False,False,False,False,False,0.042,0.018,True,False,MODERATE
68.817,,-16.69,-167.87,-4.02,-22.72,8.75,-3.18,False,False,False,False,True,True,0.019,0.041,True,False,MODERATE
69.002,,-17.14,-167.83,-4.19,-21.51,8.45,-3.1,False,False,False,False,False,False,0.042,0.017,True,False,MODERATE
69.025,,-17.52,-167.88,-4.6,-21.45,8.41,-3.15,False,False,False,False,False,False,0.018,0.058,False,False,MODERATE
69.192,,-16.42,-167.89,-4.49,-20.63,8.27,-3.25,False,False,False,False,False,False,0.024,0.028,True,False,MODERATE
69.217,,-17.12,-168.28,-3.97,-20.64,8.19,-3.19,False,False,False,False,False,False,0.05,0.013,True,False,MODERATE
69.393,,-16.21,-166.85,-4.58,-20.16,8.71,-3.32,False,False,False,False,False,False,0.047,0.009,True,False,MODERATE
69.417,,-16.8,-167.58,-4.5,-20.18,8.68,-3.32,False,False,False,False,False,False,0.042,0.008,True,False,MODERATE
69.586,,-15.58,-166.94,-4.61,-19.62,8.89,-3.39,False,False,False,False,False,False,0.039,0.009,True,False,MODERATE
69.611,,-15.13,-167.66,-4.43,-19.48,8.82,-3.38,False,False,False,False,False,False,0.033,0.013,True,False,MODERATE
69.792,,-14.69,-167.66,-4.69,-18.8,8.58,-3.46,False,False,False,False,False,False,0.039,0.006,True,False,MODERATE
69.815,,-14.87,-167.31,-4.98,-18.75,8.6,-3.51,False,False,False,False,False,False,0.052,0.01,True,False,LOW
69.986,,-14.73,-167.52,-4.99,-18.49,8.55,-3.68,False,False,False,False,False,False,0.057,0.013,True,False,LOW
70.01,,-14.77,-167.88,-5.0,-18.47,8.5,-3.7,False,False,False,False,False,False,-0.008,0.011,True,False,LOW
70.193,,-9.8,-167.12,-4.7,-15.58,8.72,-3.62,False,False,False,False,False,False,-0.06,0.002,True,False,LOW
70.216,,-3.26,-165.48,-4.3,-14.06,8.96,-3.56,False,False,False,False,False,False,-0.086,0.011,True,False,LOW
70.386,,-2.8,-165.93,-3.6,-9.47,9.56,-2.98,False,False,False,False,False,False,0.004,0.006,True,False,LOW
70.408,,-3.61,-165.97,-4.15,-9.07,9.63,-2.98,False,False,False,False,False,False,0.01,0.008,True,False,LOW
70.593,,-5.66,-166.6,-4.1,-9.15,9.52,-2.97,False,False,False,False,False,False,0.012,0.006,True,False,LOW
70.616,,-7.19,-166.76,-4.0,-9.37,9.49,-2.95,False,False,False,False,False,False,0.064,0.012,True,False,LOW
70.786,,-7.51,-167.18,-4.35,-10.24,9.16,-3.08,False,False,False,False,False,False,0.066,0.012,True,False,LOW
70.81,,-7.99,-167.63,-4.44,-10.42,9.05,-3.11,False,False,False,False,False,False,0.063,0.011,True,False,LOW
70.995,,-7.33,-166.86,-4.46,-10.66,9.12,-3.22,False,False,False,False,False,False,0.067,0.009,True,False,LOW
71.02,,-8.51,-167.36,-4.42,-10.86,9.05,-3.22,False,False,False,False,False,False,0.066,0.009,True,False,LOW
71.185,,-8.02,-166.88,-4.69,-11.23,9.1,-3.39,False,False,False,False,False,False,0.067,0.005,True,False,LOW
71.211,,-8.7,-167.73,-4.82,-11.37,8.99,-3.43,False,False,False,False,False,False,0.06,0.008,True,False,LOW
71.397,,-8.7,-166.97,-4.75,-11.85,9.03,-3.52,False,False,False,False,False,False,0.063,0.007,True,False,LOW
71.42,,-8.28,-166.87,-4.7,-11.85,9.05,-3.52,False,False,False,False,False,False,0.075,0.008,True,False,LOW
71.588,,-8.88,-166.53,-4.62,-12.15,9.28,-3.5,False,False,False,False,False,False,0.076,0.005,True,False,LOW
71.613,,-8.3,-166.44,-5.11,-12.1,9.32,-3.56,False,False,False,False,False,False,-0.013,0.032,True,False,LOW
71.798,,-8.93,-166.33,-4.86,-12.3,9.53,-3.64,False,False,False,False,False,False,0.043,0.016,True,False,LOW
71.822,,-9.38,-167.29,-4.79,-12.39,9.42,-3.64,False,False,False,False,False,False,0.05,0.014,True,False,LOW
71.991,,-9.14,-167.02,-4.96,-12.54,9.21,-3.73,False,False,False,False,False,False,0.052,0.013,True,False,LOW
72.016,,-9.28,-166.68,-4.89,-12.58,9.23,-3.73,False,False,False,False,False,False,0.049,0.015,True,False,LOW
72.196,,-8.8,-166.93,-4.73,-12.45,9.16,-3.65,False,False,False,False,False,False,0.047,0.015,True,False,LOW
72.22,,-8.18,-166.69,-5.32,-12.36,9.18,-3.72,False,False,False,False,True,True,-0.03,0.036,True,False,LOW
72.399,,-8.34,-166.49,-5.12,-12.1,9.37,-3.85,False,False,False,False,False,False,-0.016,0.018,True,False,LOW
72.423,,-8.76,-167.53,-5.18,-12.13,9.26,-3.88,False,False,False,False,False,False,-0.002,0.018,True,False,LOW
72.597,,-7.74,-165.38,-5.38,-11.68,9.99,-4.06,False,False,False,False,False,False,0.018,0.058,False,False,LOW
72.621,,-8.47,-166.63,-4.97,-11.72,9.91,-4.03,False,False,False,False,False,False,0.062,0.023,True,False,LOW
72.793,,-8.54,-166.68,-4.75,-11.91,9.62,-3.81,False,False,False,False,False,False,0.053,0.016,True,False,LOW
72.817,,-8.46,-166.8,-4.79,-11.92,9.57,-3.78,False,False,False,False,False,False,0.058,0.012,True,False,LOW
72.999,,-8.61,-166.68,-4.81,-12.04,9.45,-3.72,False,False,False,False,False,False,0.053,0.013,True,False,LOW
73.022,,-8.65,-166.78,-4.87,-12.06,9.42,-3.72,False,False,False,False,False,False,0.053,0.012,True,False,LOW
73.19,,-8.36,-166.84,-4.91,-11.98,9.3,-3.74,False,False,False,False,False,False,0.052,0.009,True,False,LOW
73.214,,-8.71,-167.27,-4.74,-12.01,9.23,-3.72,False,False,False,False,False,False,0.049,0.015,True,False,LOW
73.395,,-8.78,-167.04,-4.77,-12.18,9.1,-3.67,False,False,False,False,False,False,0.053,0.015,True,False,LOW
73.418,,-8.51,-166.66,-4.9,-12.16,9.14,-3.68,False,False,False,False,False,False,0.053,0.013,True,False,LOW
73.59,,-8.67,-166.69,-4.77,-12.19,9.24,-3.65,False,False,False,False,False,False,0.051,0.012,True,False,LOW
73.614,,-8.28,-166.88,-4.76,-12.14,9.23,-3.64,False,False,False,False,False,False,0.048,0.012,True,False,LOW
73.778,,-8.24,-166.92,-4.95,-11.96,9.17,-3.72,False,False,False,False,False,False,-0.002,0.013,True,False,LOW
73.808,,-8.62,-167.3,-5.1,-11.99,9.1,-3.76,False,False,False,False,False,False,-0.007,0.012,True,False,LOW
73.989,,-8.92,-167.37,-5.1,-12.24,8.86,-3.86,False,False,False,False,False,False,-0.009,0.014,True,False,LOW
74.013,,-8.21,-167.31,-5.16,-12.18,8.84,-3.88,False,False,False,False,False,False,-0.013,0.023,True,False,LOW
74.178,,-7.75,-166.93,-5.36,-11.72,8.97,-4.05,False,False,False,False,False,False,-0.029,0.033,True,False,LOW
74.206,,-7.49,-166.33,-5.22,-11.61,9.09,-4.05,False,False,False,False,False,False,-0.0,0.013,True,False,LOW
74.389,,-7.87,-167.44,-5.01,-11.5,8.82,-3.95,False,False,False,False,False,False,-0.005,0.013,True,False,LOW
74.413,,-8.51,-167.09,-4.97,-11.57,8.84,-3.93,False,False,False,False,False,False,0.054,0.015,True,False,LOW
74.581,,-8.01,-166.66,-4.92,-11.56,9.11,-3.85,False,False,False,False,False,False,0.056,0.018,True,False,LOW
74.606,,-8.36,-166.94,-4.87,-11.61,9.11,-3.83,False,False,False,False,False,False,0.054,0.015,True,False,LOW
74.794,,-8.24,-167.24,-4.98,-11.7,8.94,-3.83,False,False,False,False,False,False,0.056,0.016,True,False,LOW
74.817,,-8.33,-167.23,-5.02,-11.72,8.92,-3.84,False,False,False,False,False,False,0.061,0.018,True,False,LOW
74.982,,-8.03,-166.74,-5.08,-11.65,9.11,-3.88,False,False,False,False,False,False,0.061,0.014,True,False,LOW
75.008,,-8.27,-166.93,-5.06,-11.67,9.11,-3.89,False,False,False,False,False,False,0.057,0.02,True,False,LOW
75.188,,-7.44,-165.5,-5.7,-11.3,9.87,-4.24,False,False,False,False,False,False,0.018,0.058,False,False,LOW
75.212,,-7.36,-166.55,-5.41,-11.25,9.82,-4.24,False,False,False,False,False,False,-0.015,0.024,True,False,LOW
75.381,,-7.77,-167.04,-5.28,-11.28,9.39,-4.19,False,False,False,False,False,False,-0.005,0.015,True,False,LOW
75.406,,-7.69,-166.97,-5.06,-11.27,9.34,-4.15,False,False,False,False,False,False,0.046,-0.0,True,False,LOW
75.589,,-7.95,-166.77,-4.95,-11.39,9.3,-3.96,False,False,False,False,False,False,0.058,-0.005,True,False,LOW
75.613,,-8.21,-166.69,-4.89,-11.44,9.3,-3.93,False,False,False,False,False,False,0.062,-0.008,True,False,LOW
75.781,,-8.12,-166.72,-4.9,-11.55,9.31,-3.84,False,False,False,False,False,False,0.064,-0.005,True,False,LOW
75.807,,-7.96,-166.73,-4.99,-11.54,9.31,-3.84,False,False,False,False,False,False,-0.005,0.012,True,False,LOW
75.99,,-7.66,-166.72,-5.1,-11.36,9.31,-3.9,False,False,False,False,False,False,-0.005,0.01,True,False,LOW
76.013,,-7.7,-166.66,-5.07,-11.34,9.32,-3.9,False,False,False,False,False,False,-0.005,0.006,True,False,LOW
76.181,,-7.65,-166.68,-4.96,-11.26,9.33,-3.85,False,False,False,False,False,False,-0.004,0.003,True,False,LOW
76.206,,-8.45,-167.1,-4.72,-11.37,9.28,-3.82,False,False,False,False,False,False,0.053,0.016,True,False,LOW
76.398,,-8.54,-166.36,-4.8,-11.76,9.49,-3.72,False,False,False,False,False,False,0.057,0.014,True,False,LOW
76.422,,-7.62,-166.49,-4.78,-11.68,9.5,-3.71,False,False,False,False,False,False,0.056,0.013,True,False,LOW
76.588,,-8.36,-167.38,-4.74,-11.79,9.06,-3.65,False,False,False,False,False,False,0.053,0.01,True,False,LOW
76.611,,-7.96,-166.79,-4.9,-11.75,9.09,-3.66,False,False,False,False,False,False,0.056,0.006,True,False,LOW
76.797,,-8.12,-167.55,-4.81,-11.7,8.76,-3.66,False,False,False,False,False,False,0.061,0.007,True,False,LOW
76.822,,-8.16,-167.53,-4.88,-11.7,8.72,-3.67,False,False,False,False,False,False,0.064,0.008,True,False,LOW
76.991,,-7.89,-166.99,-5.03,-11.56,8.89,-3.78,False,False,False,False,False,False,0.054,0.011,True,False,LOW
77.015,,-8.04,-167.22,-5.02,-11.56,8.88,-3.79,False,False,False,False,False,False,0.058,0.009,True,False,LOW
77.194,,-7.61,-167.07,-4.96,-11.34,8.92,-3.8,False,False,False,False,False,False,0.056,0.009,True,False,LOW
77.22,,-7.14,-166.79,-5.18,-11.25,8.96,-3.83,False,False,False,False,False,False,-0.006,0.009,True,False,LOW
77.375,,-6.85,-165.82,-5.65,-10.82,9.59,-4.17,False,False,False,False,False,False,0.018,0.058,False,False,LOW
77.405,,-6.75,-166.19,-5.44,-10.73,9.63,-4.19,False,False,False,False,False,False,-0.013,0.021,True,False,LOW
77.588,,-7.59,-167.28,-5.29,-10.95,9.16,-4.16,False,False,False,False,False,False,-0.003,0.014,True,False,LOW
77.613,,-7.14,-166.77,-5.27,-10.91,9.17,-4.16,False,False,False,False,False,False,-0.01,0.01,True,False,LOW
77.777,,-7.21,-167.05,-5.25,-10.83,9.08,-4.13,False,False,False,False,False,False,-0.006,0.009,True,False,LOW
77.806,,-7.46,-166.83,-5.33,-10.85,9.09,-4.14,False,False,False,False,False,False,-0.003,0.006,True,False,LOW
77.991,,-7.28,-166.88,-5.17,-10.84,9.12,-4.07,False,False,False,False,False,False,-0.008,0.007,True,False,LOW
78.017,,-6.87,-166.26,-5.22,-10.78,9.22,-4.07,False,False,False,False,False,False,-0.001,0.009,True,False,LOW
78.179,,-7.02,-166.65,-5.3,-10.67,9.3,-4.11,False,False,False,False,False,False,-0.002,0.007,True,False,LOW
78.206,,-7.11,-166.88,-5.21,-10.66,9.28,-4.1,False,False,False,False,False,False,-0.001,0.005,True,False,LOW
78.388,,-6.31,-166.28,-5.17,-10.22,9.53,-4.06,False,False,False,False,False,False,-0.002,0.004,True,False,LOW
78.412,,-7.23,-166.73,-5.33,-10.3,9.5,-4.08,False,False,False,False,False,False,-0.001,0.008,True,False,LOW
78.576,,-6.57,-166.61,-5.3,-10.2,9.46,-4.11,False,False,False,False,False,False,0.002,0.004,True,False,LOW
78.606,,-6.32,-166.23,-5.3,-10.15,9.51,-4.12,False,False,False,False,False,False,-0.001,0.006,True,False,LOW
78.786,,-7.24,-166.81,-5.23,-10.48,9.36,-4.1,False,False,False,False,False,False,-0.002,0.01,True,False,LOW
78.813,,-6.97,-166.83,-5.4,-10.49,9.34,-4.12,False,False,False,False,False,False,-0.002,0.007,True,False,LOW
78.978,,-6.62,-166.68,-5.4,-10.32,9.34,-4.19,False,False,False,False,False,False,-0.002,0.006,True,False,LOW
79.008,,-6.85,-166.66,-5.44,-10.33,9.35,-4.2,False,False,False,False,False,False,-0.001,0.008,True,False,LOW
79.187,,-6.67,-166.58,-5.36,-10.27,9.4,-4.21,False,False,False,False,False,False,0.001,0.005,True,False,LOW
79.211,,-6.67,-166.6,-5.41,-10.26,9.41,-4.21,False,False,False,False,False,False,-0.002,0.004,True,False,LOW
79.378,,-6.99,-166.76,-5.41,-10.4,9.34,-4.24,False,False,False,False,False,False,-0.003,0.005,True,False,LOW
79.406,,-6.44,-166.55,-5.38,-10.34,9.36,-4.24,False,False,False,False,False,False,-0.002,0.008,True,False,LOW
79.585,,-6.87,-166.38,-5.19,-10.37,9.51,-4.13,False,False,False,False,False,False,-0.004,0.009,True,False,LOW
79.609,,-7.06,-166.52,-5.51,-10.4,9.51,-4.16,False,False,False,False,False,False,0.002,0.012,True,False,LOW
79.782,,-5.87,-166.67,-5.16,-9.88,9.43,-4.08,False,False,False,False,False,False,-0.004,0.009,True,False,LOW
79.808,,-2.78,-167.07,-4.8,-9.32,9.37,-4.02,False,False,False,False,False,False,0.006,0.0,True,False,LOW
79.988,,-2.06,-167.92,-4.95,-7.22,8.69,-3.9,False,False,False,False,False,False,0.009,0.012,True,False,LOW
80.011,,0.42,-164.9,-5.5,-6.58,9.01,-3.96,False,False,False,False,False,False,0.055,0.009,True,False,LOW
80.178,,5.99,-164.86,-5.9,-1.31,10.16,-4.37,False,True,False,False,False,True,0.019,0.024,True,False,LOW
80.206,,18.02,-167.2,-5.58,2.6,9.96,-4.38,False,False,False,False,True,True,-0.148,0.048,True,False,LOW
80.386,,13.71,-164.44,-3.72,7.44,10.84,-3.41,False,True,False,False,True,True,-0.588,0.004,True,False,LOW
80.405,,0.0,0.0,0.0,0.0,0.0,0.0,False,False,False,True,False,True,0.0,0.0,False,False,LOW
80.575,,0.0,0.0,0.0,0.0,0.0,0.0,False,False,False,True,False,True,0.0,0.0,False,False,LOW
80.6,,0.0,0.0,0.0,0.0,0.0,0.0,False,False,False,True,False,True,0.0,0.0,False,False,LOW
80.78,,0.0,0.0,0.0,0.0,0.0,0.0,False,False,False,True,False,True,0.0,0.0,False,False,LOW
80.798,,0.0,0.0,0.0,0.0,0.0,0.0,False,False,False,True,False,True,0.0,0.0,False,False,LOW
80.974,,0.0,0.0,0.0,0.0,0.0,0.0,False,False,False,True,False,True,0.0,0.0,False,False,LOW
81.001,,0.0,0.0,0.0,0.0,0.0,0.0,False,False,False,True,False,True,0.0,0.0,False,False,LOW
81.18,,0.0,0.0,0.0,0.0,0.0,0.0,False,False,False,True,False,True,0.0,0.0,False,False,LOW
81.197,,0.0,0.0,0.0,0.0,0.0,0.0,False,False,False,True,False,True,0.0,0.0,False,False,LOW
81.376,,0.0,0.0,0.0,0.0,0.0,0.0,False,False,False,True,False,True,0.0,0.0,False,False,LOW
81.399,,0.0,0.0,0.0,0.0,0.0,0.0,False,False,False,True,False,True,0.0,0.0,False,False,LOW
81.583,,0.0,0.0,0.0,0.0,0.0,0.0,False,False,False,True,False,True,0.0,0.0,False,False,LOW
81.599,,0.0,0.0,0.0,0.0,0.0,0.0,False,False,False,True,False,True,0.0,0.0,False,False,LOW
81.774,,0.0,0.0,0.0,0.0,0.0,0.0,False,False,False,True,False,True,0.0,0.0,False,False,LOW
81.801,,0.0,0.0,0.0,0.0,0.0,0.0,False,False,False,True,False,True,0.0,0.0,False,False,LOW
81.984,,0.0,0.0,0.0,0.0,0.0,0.0,False,False,False,True,False,True,0.0,0.0,False,False,LOW
82.002,,0.0,0.0,0.0,0.0,0.0,0.0,False,False,False,True,False,True,0.0,0.0,False,False,LOW
82.173,,0.0,0.0,0.0,0.0,0.0,0.0,False,False,False,True,False,True,0.0,0.0,False,False,LOW
82.2,,0.0,0.0,0.0,0.0,0.0,0.0,False,False,False,True,False,True,0.0,0.0,False,False,LOW
82.383,,0.0,0.0,0.0,0.0,0.0,0.0,False,False,False,True,False,True,0.0,0.0,False,False,LOW
82.41,,-37.19,-164.19,-11.55,-37.55,11.77,-9.9,False,False,False,False,False,False,0.015,0.066,True,False,LOW
82.578,,0.0,0.0,0.0,0.0,0.0,0.0,False,False,False,True,False,True,0.0,0.0,False,False,LOW
82.608,,-31.96,-167.55,-3.66,-36.41,9.9,-5.57,False,False,False,False,False,False,-0.028,0.026,True,False,LOW
82.789,,0.0,0.0,0.0,0.0,0.0,0.0,False,False,False,True,False,True,0.0,0.0,False,False,LOW
82.816,,-14.76,-167.47,-2.37,-24.88,9.12,-2.97,False,False,False,False,False,False,0.005,0.012,True,False,LOW
82.982,,-17.65,-166.94,-3.19,-22.79,9.11,-2.47,False,False,False,False,False,False,0.01,0.016,True,False,LOW
83.007,,-12.67,-168.4,-2.34,-21.56,8.89,-2.28,False,False,False,False,False,False,0.003,0.021,True,False,LOW
83.187,,-9.74,-171.3,-1.58,-16.5,6.56,-1.26,False,False,False,False,False,False,0.008,0.008,True,False,LOW
83.215,,-8.2,-171.87,-0.02,-15.5,6.15,-0.85,False,False,False,False,False,False,-0.003,0.008,True,False,LOW
83.386,,-6.66,-170.65,-0.2,-12.36,5.73,0.13,False,False,False,False,False,False,-0.012,0.012,True,False,LOW
83.409,,-4.66,-170.95,-0.15,-11.63,5.64,0.26,False,False,False,False,False,False,-0.009,0.017,True,False,LOW
83.588,,-5.04,-171.33,-0.37,-9.83,5.12,0.54,False,False,False,False,False,False,-0.007,0.022,True,False,LOW
83.614,,-4.71,-170.02,-1.13,-9.55,5.25,0.47,False,False,False,False,False,False,0.005,0.022,True,False,LOW
83.78,,-3.63,-170.24,-1.42,-8.23,5.53,0.09,False,False,False,False,False,False,0.018,0.058,False,False,LOW
83.803,,-4.56,-170.96,-1.18,-8.21,5.47,0.07,False,False,False,False,False,False,0.01,0.025,True,False,LOW
83.99,,-4.16,-169.24,-1.71,-7.92,6.19,-0.27,False,False,False,False,False,False,-0.002,0.018,True,False,LOW
84.013,,-4.86,-169.54,-2.21,-7.99,6.23,-0.37,False,False,False,False,False,False,-0.007,0.021,True,False,LOW
84.18,,-5.21,-169.29,-2.75,-8.38,6.49,-1.02,False,False,False,False,False,False,0.004,0.016,True,False,LOW
84.203,,-5.26,-169.16,-2.57,-8.43,6.54,-1.07,False,False,False,False,False,False,0.047,0.021,True,False,LOW
84.406,,-5.8,-168.9,-2.68,-8.95,6.88,-1.33,False,False,False,False,False,False,0.054,0.019,True,False,LOW
84.431,,-5.78,-169.02,-2.74,-9.0,6.89,-1.37,False,False,False,False,False,False,0.066,0.015,True,False,LOW
84.585,,-5.27,-168.94,-2.73,-8.91,6.99,-1.47,False,False,False,False,False,False,0.061,0.018,True,False,LOW
84.609,,-5.13,-169.61,-2.89,-8.87,6.92,-1.51,False,False,False,False,False,False,0.05,0.016,True,False,LOW
84.922,,-5.48,-168.95,-3.12,-8.97,7.02,-1.82,False,False,False,False,False,False,0.059,0.018,True,False,LOW
84.944,,-4.97,-168.44,-3.32,-8.91,7.09,-1.86,False,False,False,False,False,False,0.059,0.018,True,False,LOW
85.061,,-3.97,-168.26,-3.42,-8.3,7.39,-2.04,False,False,False,False,False,False,0.011,0.012,True,False,LOW
85.084,,-4.5,-168.59,-3.46,-8.27,7.39,-2.07,False,False,False,False,False,False,0.006,0.016,True,False,LOW
85.209,,-4.21,-168.78,-3.31,-8.04,7.33,-2.11,False,False,False,False,False,False,0.004,0.01,True,False,LOW
85.233,,-3.75,-167.94,-3.23,-7.93,7.44,-2.11,False,False,False,False,False,False,0.016,0.011,True,False,LOW
85.376,,-4.41,-168.74,-3.13,-7.94,7.37,-2.05,False,False,False,False,False,False,0.058,0.014,True,False,LOW
85.399,,-4.37,-168.64,-3.17,-7.94,7.37,-2.04,False,False,False,False,False,False,0.057,0.011,True,False,LOW
85.585,,-4.27,-168.76,-3.2,-7.87,7.32,-2.05,False,False,False,False,False,False,0.058,0.008,True,False,LOW
85.608,,-4.61,-168.51,-3.26,-7.9,7.34,-2.05,False,False,False,False,False,False,0.055,0.008,True,False,LOW
85.777,,-4.71,-169.07,-3.27,-8.08,7.15,-2.09,False,False,False,False,False,False,0.056,0.014,True,False,LOW
85.802,,-4.37,-168.78,-3.29,-8.06,7.16,-2.1,False,False,False,False,False,False,0.057,0.013,True,False,LOW
85.984,,-3.89,-168.21,-3.59,-7.72,7.51,-2.28,False,False,False,False,False,False,0.006,0.012,True,False,LOW
86.009,,-3.64,-168.34,-3.47,-7.65,7.54,-2.29,False,False,False,False,False,False,0.004,0.014,True,False,LOW
86.192,,-3.37,-167.63,-3.48,-7.25,8.01,-2.31,False,False,False,False,False,False,0.003,0.01,True,False,LOW
86.216,,-4.1,-168.07,-3.42,-7.3,8.0,-2.3,False,False,False,False,False,False,0.045,0.02,True,False,LOW
86.384,,-3.4,-167.91,-3.51,-7.11,8.06,-2.33,False,False,False,False,False,False,0.051,0.013,True,False,LOW
86.406,,-3.12,-168.25,-3.4,-7.06,8.03,-2.32,False,False,False,False,False,False,0.053,0.013,True,False,LOW
86.578,,-2.87,-167.59,-3.43,-6.72,8.24,-2.3,False,False,False,False,False,False,0.062,0.013,True,False,LOW
86.602,,-3.1,-168.05,-3.38,-6.71,8.21,-2.29,False,False,False,False,False,False,0.065,0.012,True,False,LOW
86.788,,-3.12,-167.92,-3.22,-6.68,8.16,-2.17,False,False,False,False,False,False,0.059,0.015,True,False,LOW
86.813,,0.17,-167.69,-2.74,-6.18,8.18,-2.09,False,False,False,False,False,False,0.006,0.01,True,False,LOW
86.98,,2.27,-168.44,-2.76,-3.47,7.88,-1.84,False,False,False,False,False,False,0.002,0.006,True,False,LOW
87.004,,7.38,-165.85,-1.9,-2.17,8.2,-1.69,False,False,False,False,False,False,0.016,0.007,True,False,LOW
87.185,,10.91,-164.26,-2.13,3.68,10.19,-1.31,False,True,False,False,False,True,0.0,0.014,True,False,LOW
87.209,,16.45,-166.27,-2.59,5.56,10.13,-1.32,False,True,False,False,False,True,-0.038,0.015,True,False,LOW
87.378,,20.2,-172.91,-5.32,12.51,6.34,-2.82,False,False,False,False,True,True,-0.604,-0.013,True,False,LOW
87.397,,0.0,0.0,0.0,0.0,0.0,0.0,False,False,False,True,False,True,0.0,0.0,False,False,LOW
87.592,,-20.76,-161.68,-4.39,-11.79,11.12,-3.06,False,False,False,False,False,False,0.045,0.041,True,False,LOW
87.618,,6.94,-166.17,-4.93,-9.32,10.94,-3.17,False,True,False,False,True,True,-0.14,0.004,True,False,LOW
87.775,,0.0,0.0,0.0,0.0,0.0,0.0,False,False,False,True,False,True,0.0,0.0,False,False,LOW
87.792,,0.0,0.0,0.0,0.0,0.0,0.0,False,False,False,True,False,True,0.0,0.0,False,False,LOW
87.99,,0.0,0.0,0.0,0.0,0.0,0.0,False,False,False,True,False,True,0.0,0.0,False,False,LOW
88.007,,0.0,0.0,0.0,0.0,0.0,0.0,False,False,False,True,False,True,0.0,0.0,False,False,LOW
88.173,,0.0,0.0,0.0,0.0,0.0,0.0,False,False,False,True,False,True,0.0,0.0,False,False,LOW
88.19,,0.0,0.0,0.0,0.0,0.0,0.0,False,False,False,True,False,True,0.0,0.0,False,False,LOW
88.382,,0.0,0.0,0.0,0.0,0.0,0.0,False,False,False,True,False,True,0.0,0.0,False,False,LOW
88.399,,0.0,0.0,0.0,0.0,0.0,0.0,False,False,False,True,False,True,0.0,0.0,False,False,LOW
88.574,,0.0,0.0,0.0,0.0,0.0,0.0,False,False,False,True,False,True,0.0,0.0,False,False,LOW
88.59,,0.0,0.0,0.0,0.0,0.0,0.0,False,False,False,True,False,True,0.0,0.0,False,False,LOW
88.801,,0.0,0.0,0.0,0.0,0.0,0.0,False,False,False,True,False,True,0.0,0.0,False,False,LOW
88.82,,0.0,0.0,0.0,0.0,0.0,0.0,False,False,False,True,False,True,0.0,0.0,False,False,LOW
88.977,,0.0,0.0,0.0,0.0,0.0,0.0,False,False,False,True,False,True,0.0,0.0,False,False,LOW
88.994,,0.0,0.0,0.0,0.0,0.0,0.0,False,False,False,True,False,True,0.0,0.0,False,False,LOW
89.184,,0.0,0.0,0.0,0.0,0.0,0.0,False,False,False,True,False,True,0.0,0.0,False,False,LOW
89.201,,0.0,0.0,0.0,0.0,0.0,0.0,False,False,False,True,False,True,0.0,0.0,False,False,LOW
89.376,,0.0,0.0,0.0,0.0,0.0,0.0,False,False,False,True,False,True,0.0,0.0,False,False,LOW
89.394,,0.0,0.0,0.0,0.0,0.0,0.0,False,False,False,True,False,True,0.0,0.0,False,False,LOW
89.584,,0.0,0.0,0.0,0.0,0.0,0.0,False,False,False,True,False,True,0.0,0.0,False,False,LOW
89.601,,0.0,0.0,0.0,0.0,0.0,0.0,False,False,False,True,False,True,0.0,0.0,False,False,LOW
89.775,,0.0,0.0,0.0,0.0,0.0,0.0,False,False,False,True,False,True,0.0,0.0,False,False,LOW
89.793,,0.0,0.0,0.0,0.0,0.0,0.0,False,False,False,True,False,True,0.0,0.0,False,False,LOW
89.984,,0.0,0.0,0.0,0.0,0.0,0.0,False,False,False,True,False,True,0.0,0.0,False,False,LOW
90.002,,0.0,0.0,0.0,0.0,0.0,0.0,False,False,False,True,False,True,0.0,0.0,False,False,LOW
90.176,,0.0,0.0,0.0,0.0,0.0,0.0,False,False,False,True,False,True,0.0,0.0,False,False,LOW
90.193,,0.0,0.0,0.0,0.0,0.0,0.0,False,False,False,True,False,True,0.0,0.0,False,False,LOW
90.383,,0.0,0.0,0.0,0.0,0.0,0.0,False,False,False,True,False,True,0.0,0.0,False,False,LOW
90.4,,0.0,0.0,0.0,0.0,0.0,0.0,False,False,False,True,False,True,0.0,0.0,False,False,LOW
90.574,,0.0,0.0,0.0,0.0,0.0,0.0,False,False,False,True,False,True,0.0,0.0,False,False,LOW
90.591,,0.0,0.0,0.0,0.0,0.0,0.0,False,False,False,True,False,True,0.0,0.0,False,False,LOW
90.782,,0.0,0.0,0.0,0.0,0.0,0.0,False,False,False,True,False,True,0.0,0.0,False,False,LOW
90.8,,0.0,0.0,0.0,0.0,0.0,0.0,False,False,False,True,False,True,0.0,0.0,False,False,LOW
90.976,,0.0,0.0,0.0,0.0,0.0,0.0,False,False,False,True,False,True,0.0,0.0,False,False,LOW
90.993,,0.0,0.0,0.0,0.0,0.0,0.0,False,False,False,True,False,True,0.0,0.0,False,False,LOW
91.184,,0.0,0.0,0.0,0.0,0.0,0.0,False,False,False,True,False,True,0.0,0.0,False,False,LOW
91.202,,0.0,0.0,0.0,0.0,0.0,0.0,False,False,False,True,False,True,0.0,0.0,False,False,LOW
91.375,,0.0,0.0,0.0,0.0,0.0,0.0,False,False,False,True,False,True,0.0,0.0,False,False,LOW
91.393,,0.0,0.0,0.0,0.0,0.0,0.0,False,False,False,True,False,True,0.0,0.0,False,False,LOW
91.584,,0.0,0.0,0.0,0.0,0.0,0.0,False,False,False,True,False,True,0.0,0.0,False,False,MODERATE
91.6,,0.0,0.0,0.0,0.0,0.0,0.0,False,False,False,True,False,True,0.0,0.0,False,False,MODERATE
91.776,,0.0,0.0,0.0,0.0,0.0,0.0,False,False,False,True,False,True,0.0,0.0,False,False,MODERATE
91.793,,0.0,0.0,0.0,0.0,0.0,0.0,False,False,False,True,False,True,0.0,0.0,False,False,MODERATE
91.985,,0.0,0.0,0.0,0.0,0.0,0.0,False,False,False,True,False,True,0.0,0.0,False,False,MODERATE
92.003,,0.0,0.0,0.0,0.0,0.0,0.0,False,False,False,True,False,True,0.0,0.0,False,False,MODERATE
92.175,,0.0,0.0,0.0,0.0,0.0,0.0,False,False,False,True,False,True,0.0,0.0,False,False,MODERATE
92.192,,0.0,0.0,0.0,0.0,0.0,0.0,False,False,False,True,False,True,0.0,0.0,False,False,MODERATE
92.392,,0.0,0.0,0.0,0.0,0.0,0.0,False,False,False,True,False,True,0.0,0.0,False,False,MODERATE
92.489,,0.0,0.0,0.0,0.0,0.0,0.0,False,False,False,True,False,True,0.0,0.0,False,False,MODERATE
92.609,,-27.55,-159.27,-7.6,-30.43,16.58,-6.35,False,False,False,False,False,False,0.032,0.032,True,False,MODERATE
92.634,,0.0,0.0,0.0,0.0,0.0,0.0,False,False,False,True,False,True,0.0,0.0,False,False,MODERATE
92.797,,-18.05,-167.91,-3.89,-25.31,11.68,-4.33,False,False,False,False,False,False,-0.002,0.013,True,False,MODERATE
92.822,,-17.37,-165.27,-6.52,-24.56,11.54,-4.48,False,False,False,False,False,False,-0.009,0.04,True,False,MODERATE
92.985,,-11.42,-166.69,-5.03,-18.97,10.35,-4.17,False,True,False,False,False,True,0.015,0.008,True,False,MODERATE
93.009,,-8.62,-166.34,-4.18,-17.66,10.26,-4.01,False,True,False,False,False,True,0.008,0.006,True,False,MODERATE
93.193,,-4.67,-167.03,-2.88,-11.73,9.56,-2.75,False,False,False,False,False,False,0.005,-0.006,True,False,MODERATE
93.216,,-4.84,-167.39,-2.69,-11.12,9.43,-2.58,False,False,False,False,False,False,0.007,-0.006,True,False,MODERATE
93.379,,-5.52,-167.76,-2.86,-9.94,8.82,-2.12,False,False,False,False,False,False,0.004,-0.003,True,False,MODERATE
93.402,,-5.41,-167.33,-3.11,-9.78,8.8,-2.1,False,False,False,False,False,False,0.005,-0.001,True,False,MODERATE
93.586,,-2.65,-166.89,-3.99,-7.68,8.99,-2.5,False,False,False,False,False,False,0.018,0.058,False,False,MODERATE
93.609,,-1.59,-166.93,-4.32,-7.28,9.0,-2.59,False,False,False,False,False,False,0.018,0.058,False,False,MODERATE
93.777,,-1.39,-167.47,-3.88,-5.97,8.77,-2.66,False,False,False,False,False,False,0.005,0.006,True,False,MODERATE
93.802,,-0.25,-167.16,-3.02,-5.62,8.79,-2.55,False,False,False,False,False,False,0.004,-0.016,True,False,MODERATE
93.988,,-0.26,-168.44,-2.95,-4.57,8.13,-2.14,False,False,False,False,False,False,0.002,-0.011,True,False,MODERATE
94.011,,-1.68,-168.73,-3.26,-4.66,8.02,-2.14,False,False,False,False,False,False,0.007,-0.008,True,False,MODERATE
94.177,,-1.37,-168.36,-3.04,-4.79,7.84,-2.01,False,False,False,False,False,False,0.002,-0.016,True,False,MODERATE
94.2,,-1.97,-168.34,-2.73,-4.88,7.82,-1.95,False,False,False,False,False,False,0.008,-0.008,True,False,MODERATE
94.384,,-1.87,-169.09,-3.08,-5.17,7.34,-1.94,False,False,False,False,False,False,0.006,-0.015,True,False,MODERATE
94.407,,-2.24,-167.92,-3.31,-5.25,7.44,-1.97,False,False,False,False,False,False,0.004,-0.007,True,False,MODERATE
94.579,,-0.79,-167.72,-3.42,-4.77,7.89,-2.13,False,False,False,False,False,False,0.004,-0.013,True,False,MODERATE
94.602,,-0.75,-167.43,-3.44,-4.71,7.98,-2.15,False,False,False,False,False,False,0.004,-0.01,True,False,MODERATE
94.77,,-0.51,-167.11,-3.35,-4.37,8.48,-2.17,False,False,False,False,False,False,0.0,-0.012,True,False,MODERATE
94.799,,-0.45,-167.06,-3.43,-4.31,8.55,-2.19,False,False,False,False,False,False,0.001,-0.012,True,False,MODERATE
94.979,,-1.77,-167.92,-3.47,-4.84,8.32,-2.26,False,False,False,False,False,False,0.0,-0.013,True,False,LOW
95.004,,-1.8,-168.14,-3.48,-4.91,8.26,-2.27,False,False,False,False,False,False,-0.001,-0.013,True,False,LOW
95.174,,-2.44,-168.26,-3.41,-5.47,8.01,-2.26,False,False,False,False,False,False,0.001,-0.012,True,False,LOW
95.2,,-2.91,-167.79,-2.99,-5.62,8.04,-2.2,False,False,False,False,False,False,0.003,-0.017,True,False,LOW
95.379,,-2.62,-167.65,-2.61,-5.91,8.22,-1.81,False,False,False,False,False,False,-0.003,-0.013,True,False,LOW
95.401,,-3.07,-167.93,-2.64,-6.0,8.2,-1.77,False,False,False,False,False,False,-0.003,-0.011,True,False,LOW
95.572,,-1.68,-167.77,-2.74,-5.6,8.23,-1.67,False,False,False,False,False,False,-0.004,-0.009,True,False,LOW
95.599,,-2.03,-168.02,-2.89,-5.59,8.2,-1.68,False,False,False,False,False,False,-0.001,-0.008,True,False,LOW
95.78,,-1.26,-168.11,-3.19,-5.17,8.05,-1.87,False,False,False,False,False,False,0.018,0.058,False,False,LOW
95.803,,-1.42,-167.82,-3.06,-5.14,8.07,-1.88,False,False,False,False,False,False,0.002,-0.009,True,False,LOW
95.975,,-1.42,-167.96,-3.04,-5.05,8.07,-1.88,False,False,False,False,False,False,0.007,-0.009,True,False,LOW
96.0,,-2.19,-167.96,-3.26,-5.14,8.07,-1.92,False,False,False,False,False,False,0.014,-0.011,True,False,LOW
96.181,,-1.66,-168.05,-3.47,-5.17,8.02,-2.13,False,False,False,False,False,False,0.018,-0.007,True,False,LOW
96.205,,-1.48,-167.76,-3.6,-5.15,8.05,-2.17,False,False,False,False,False,False,0.016,-0.007,True,False,LOW
96.372,,-1.51,-167.52,-3.7,-5.1,8.29,-2.37,False,False,False,False,False,False,0.015,-0.011,True,False,LOW
96.399,,-2.02,-167.78,-3.77,-5.17,8.28,-2.41,False,False,False,False,False,False,0.016,-0.012,True,False,LOW
96.579,,-1.96,-167.91,-3.73,-5.35,8.2,-2.5,False,False,False,False,False,False,0.013,-0.012,True,False,LOW
96.602,,-2.26,-168.12,-3.24,-5.4,8.16,-2.45,False,False,False,False,False,False,0.073,0.004,True,False,LOW
96.772,,-2.7,-168.31,-3.42,-5.84,7.93,-2.36,False,False,False,False,False,False,0.08,0.007,True,False,LOW
96.799,,-2.01,-167.87,-3.17,-5.8,7.96,-2.31,False,False,False,False,False,False,0.077,0.003,True,False,LOW
96.982,,-1.72,-167.97,-3.33,-5.51,8.02,-2.24,False,False,False,False,False,False,0.078,0.003,True,False,LOW
97.009,,-1.81,-167.29,-3.47,-5.49,8.12,-2.25,False,False,False,False,False,False,0.077,0.004,True,False,LOW
97.174,,-1.98,-167.83,-3.58,-5.5,8.16,-2.34,False,False,False,False,False,False,0.077,0.004,True,False,LOW
97.198,,-2.28,-168.24,-3.64,-5.55,8.11,-2.36,False,False,False,False,False,False,0.076,0.006,True,False,LOW
97.382,,-2.59,-168.47,-3.76,-5.86,7.81,-2.5,False,False,False,False,False,False,0.074,0.008,True,False,LOW
97.406,,-2.43,-168.38,-3.75,-5.88,7.79,-2.51,False,False,False,False,False,False,0.074,0.007,True,False,LOW
97.572,,-2.06,-167.98,-3.7,-5.74,7.92,-2.53,False,False,False,False,False,False,0.077,0.007,True,False,LOW
97.599,,-2.2,-167.72,-3.79,-5.74,7.98,-2.55,False,False,False,False,False,False,0.079,0.007,True,False,LOW
97.78,,-1.91,-167.54,-3.69,-5.58,8.25,-2.54,False,False,False,False,False,False,0.077,0.026,True,False,LOW
97.804,,-1.45,-167.56,-3.74,-5.51,8.28,-2.55,False,False,False,False,False,False,0.065,0.027,True,False,LOW
97.974,,-1.74,-167.86,-3.68,-5.39,8.22,-2.54,False,False,False,False,False,False,0.076,0.014,True,False,LOW
98.001,,-1.55,-168.08,-3.93,-5.34,8.18,-2.57,False,False,False,False,False,False,0.018,0.058,False,False,LOW
98.181,,-1.29,-167.3,-3.78,-5.07,8.47,-2.6,False,False,False,False,False,False,0.018,0.058,False,False,LOW
98.204,,-1.95,-167.88,-3.64,-5.12,8.43,-2.59,False,False,False,False,False,False,0.071,0.017,True,False,LOW
98.379,,-1.89,-167.74,-3.89,-5.28,8.36,-2.67,False,False,False,False,False,False,0.071,0.015,True,False,LOW
98.404,,-1.76,-167.93,-3.87,-5.29,8.32,-2.68,False,False,False,False,False,False,0.072,0.007,True,False,LOW
98.583,,-1.6,-168.23,-3.9,-5.21,8.04,-2.72,False,False,False,False,False,False,0.069,0.009,True,False,LOW
98.608,,-1.96,-168.2,-3.94,-5.25,8.01,-2.73,False,False,False,False,False,False,0.063,0.006,True,False,LOW
98.774,,-1.88,-167.33,-3.98,-5.34,8.36,-2.78,False,False,False,False,False,False,0.022,0.0,True,False,LOW
98.8,,-1.34,-167.46,-3.92,-5.27,8.39,-2.78,False,False,False,False,False,False,0.02,-0.003,True,False,LOW
98.982,,-1.51,-168.0,-4.45,-5.15,8.2,-3.06,False,False,False,False,False,False,0.018,0.058,False,False,LOW
99.007,,-0.85,-167.69,-4.04,-5.05,8.22,-3.04,False,False,False,False,False,False,-0.01,-0.001,True,False,LOW
99.173,,-1.62,-168.03,-3.78,-5.1,8.11,-2.83,False,False,False,False,False,False,0.057,0.003,True,False,LOW
99.199,,-1.5,-167.93,-3.88,-5.1,8.11,-2.81,False,False,False,False,False,False,0.06,0.008,True,False,LOW
99.382,,-1.24,-168.06,-4.04,-4.93,8.03,-2.85,False,False,False,False,False,False,0.008,-0.0,True,False,LOW
99.406,,-1.63,-168.11,-4.15,-4.96,8.02,-2.87,False,False,False,False,False,False,0.011,-0.0,True,False,LOW
99.573,,-1.89,-167.92,-4.16,-5.2,8.07,-2.94,False,False,False,False,False,False,0.012,-0.005,True,False,LOW
99.597,,-1.94,-167.97,-4.22,-5.24,8.06,-2.96,False,False,False,False,False,False,0.005,-0.011,True,False,LOW
99.782,,-2.05,-168.14,-4.19,-5.43,7.97,-3.0,False,False,False,False,False,False,0.002,-0.012,True,False,LOW
99.807,,-2.2,-167.97,-4.27,-5.47,7.98,-3.02,False,False,False,False,False,False,-0.019,-0.007,True,False,LOW
99.974,,-2.4,-168.32,-4.04,-5.71,7.84,-2.95,False,False,False,False,False,False,-0.006,-0.006,True,False,LOW
99.999,,-2.65,-168.47,-3.9,-5.78,7.8,-2.93,False,False,False,False,False,False,0.009,-0.003,True,False,LOW
100.181,,-2.62,-168.84,-3.67,-5.99,7.47,-2.71,False,False,False,False,False,False,0.005,-0.002,True,False,LOW
100.211,,-2.0,-169.17,-3.98,-5.91,7.37,-2.73,False,False,False,False,False,False,0.001,0.024,True,False,LOW
100.384,,-1.05,-167.51,-4.13,-5.22,7.97,-2.86,False,False,False,False,False,False,0.018,0.058,False,False,LOW
100.408,,-1.65,-167.35,-3.93,-5.21,8.07,-2.85,False,False,False,False,False,False,0.009,0.001,True,False,LOW
100.586,,-1.05,-167.71,-4.14,-4.88,8.2,-2.92,False,False,False,False,False,False,0.007,-0.009,True,False,LOW
100.609,,-1.01,-167.04,-4.24,-4.84,8.31,-2.94,False,False,False,False,False,False,0.01,-0.008,True,False,LOW
100.777,,-1.58,-167.2,-4.27,-4.98,8.58,-3.04,False,False,False,False,False,False,0.012,-0.011,True,False,LOW
100.803,,-1.63,-168.08,-4.45,-5.01,8.49,-3.07,False,False,False,False,False,False,0.013,-0.008,True,False,LOW
100.987,,-1.29,-168.17,-4.17,-4.91,8.15,-3.04,False,False,False,False,False,False,0.01,-0.012,True,False,LOW
101.012,,-1.46,-167.35,-4.33,-4.92,8.22,-3.06,False,False,False,False,False,False,0.012,-0.008,True,False,LOW
101.179,,-1.33,-167.13,-4.2,-4.9,8.57,-3.06,False,False,False,False,False,False,0.015,-0.011,True,False,LOW
101.202,,-1.35,-167.56,-4.1,-4.9,8.56,-3.04,False,False,False,False,False,False,0.015,-0.011,True,False,LOW
101.377,,-0.56,-167.05,-3.9,-4.48,8.78,-2.89,False,False,False,False,False,False,0.032,-0.009,True,False,LOW
101.401,,-0.87,-167.69,-3.83,-4.47,8.72,-2.86,False,False,False,False,False,False,0.036,-0.008,True,False,LOW
101.571,,-0.62,-167.54,-3.82,-4.31,8.6,-2.76,False,False,False,False,False,False,0.034,-0.008,True,False,LOW
101.599,,-0.94,-167.3,-3.77,-4.33,8.62,-2.74,False,False,False,False,False,False,0.037,-0.004,True,False,LOW
101.778,,0.68,-168.37,-3.94,-3.54,8.11,-2.77,False,False,False,False,False,False,0.035,-0.0,True,False,LOW
101.803,,3.01,-168.38,-4.25,-3.1,8.05,-2.81,False,False,False,False,False,False,0.043,-0.002,True,False,LOW
101.97,,5.42,-165.02,-4.34,-0.34,9.6,-3.01,False,False,False,False,False,False,0.032,0.004,True,False,LOW
101.998,,15.37,-167.32,-6.64,2.34,9.47,-3.41,False,False,False,False,False,False,-0.011,0.026,True,False,LOW
102.182,,15.88,-165.22,-6.67,8.66,10.2,-4.59,False,False,False,False,False,False,-0.22,-0.028,True,False,LOW
102.203,,0.0,0.0,0.0,0.0,0.0,0.0,False,False,False,True,False,True,0.0,0.0,False,False,LOW
102.363,,0.0,0.0,0.0,0.0,0.0,0.0,False,False,False,True,False,True,0.0,0.0,False,False,LOW
102.391,,0.0,0.0,0.0,0.0,0.0,0.0,False,False,False,True,False,True,0.0,0.0,False,False,LOW
102.572,,0.0,0.0,0.0,0.0,0.0,0.0,False,False,False,True,False,True,0.0,0.0,False,False,LOW
102.589,,0.0,0.0,0.0,0.0,0.0,0.0,False,False,False,True,False,True,0.0,0.0,False,False,LOW
102.761,,0.0,0.0,0.0,0.0,0.0,0.0,False,False,False,True,False,True,0.0,0.0,False,False,LOW
102.793,,0.0,0.0,0.0,0.0,0.0,0.0,False,False,False,True,False,True,0.0,0.0,False,False,LOW
102.972,,0.0,0.0,0.0,0.0,0.0,0.0,False,False,False,True,False,True,0.0,0.0,False,False,LOW
102.996,,0.0,0.0,0.0,0.0,0.0,0.0,False,False,False,True,False,True,0.0,0.0,False,False,LOW
103.166,,0.0,0.0,0.0,0.0,0.0,0.0,False,False,False,True,False,True,0.0,0.0,False,False,LOW
103.191,,0.0,0.0,0.0,0.0,0.0,0.0,False,False,False,True,False,True,0.0,0.0,False,False,LOW
103.373,,0.0,0.0,0.0,0.0,0.0,0.0,False,False,False,True,False,True,0.0,0.0,False,False,LOW
103.39,,0.0,0.0,0.0,0.0,0.0,0.0,False,False,False,True,False,True,0.0,0.0,False,False,LOW
103.567,,0.0,0.0,0.0,0.0,0.0,0.0,False,False,False,True,False,True,0.0,0.0,False,False,LOW
103.593,,0.0,0.0,0.0,0.0,0.0,0.0,False,False,False,True,False,True,0.0,0.0,False,False,LOW
103.774,,0.0,0.0,0.0,0.0,0.0,0.0,False,False,False,True,False,True,0.0,0.0,False,False,LOW
103.79,,0.0,0.0,0.0,0.0,0.0,0.0,False,False,False,True,False,True,0.0,0.0,False,False,LOW
103.971,,0.0,0.0,0.0,0.0,0.0,0.0,False,False,False,True,False,True,0.0,0.0,False,False,LOW
103.994,,0.0,0.0,0.0,0.0,0.0,0.0,False,False,False,True,False,True,0.0,0.0,False,False,LOW
104.172,,0.0,0.0,0.0,0.0,0.0,0.0,False,False,False,True,False,True,0.0,0.0,False,False,LOW
104.189,,0.0,0.0,0.0,0.0,0.0,0.0,False,False,False,True,False,True,0.0,0.0,False,False,LOW
104.365,,0.0,0.0,0.0,0.0,0.0,0.0,False,False,False,True,False,True,0.0,0.0,False,False,LOW
104.393,,0.0,0.0,0.0,0.0,0.0,0.0,False,False,False,True,False,True,0.0,0.0,False,False,LOW
104.572,,0.0,0.0,0.0,0.0,0.0,0.0,False,False,False,True,False,True,0.0,0.0,False,False,LOW
104.59,,0.0,0.0,0.0,0.0,0.0,0.0,False,False,False,True,False,True,0.0,0.0,False,False,LOW
104.768,,0.0,0.0,0.0,0.0,0.0,0.0,False,False,False,True,False,True,0.0,0.0,False,False,LOW
104.792,,0.0,0.0,0.0,0.0,0.0,0.0,False,False,False,True,False,True,0.0,0.0,False,False,LOW
104.976,,0.0,0.0,0.0,0.0,0.0,0.0,False,False,False,True,False,True,0.0,0.0,False,False,LOW
104.995,,0.0,0.0,0.0,0.0,0.0,0.0,False,False,False,True,False,True,0.0,0.0,False,False,LOW
105.17,,0.0,0.0,0.0,0.0,0.0,0.0,False,False,False,True,False,True,0.0,0.0,False,False,LOW
105.192,,0.0,0.0,0.0,0.0,0.0,0.0,False,False,False,True,False,True,0.0,0.0,False,False,LOW
105.374,,0.0,0.0,0.0,0.0,0.0,0.0,False,False,False,True,False,True,0.0,0.0,False,False,LOW
105.392,,0.0,0.0,0.0,0.0,0.0,0.0,False,False,False,True,False,True,0.0,0.0,False,False,LOW
105.569,,0.0,0.0,0.0,0.0,0.0,0.0,False,False,False,True,False,True,0.0,0.0,False,False,LOW
105.588,,0.0,0.0,0.0,0.0,0.0,0.0,False,False,False,True,False,True,0.0,0.0,False,False,LOW
105.773,,0.0,0.0,0.0,0.0,0.0,0.0,False,False,False,True,False,True,0.0,0.0,False,False,LOW
105.791,,0.0,0.0,0.0,0.0,0.0,0.0,False,False,False,True,False,True,0.0,0.0,False,False,LOW
106.067,,0.0,0.0,0.0,0.0,0.0,0.0,False,False,False,True,False,True,0.0,0.0,False,False,LOW
106.087,,0.0,0.0,0.0,0.0,0.0,0.0,False,False,False,True,False,True,0.0,0.0,False,False,LOW
106.194,,0.0,0.0,0.0,0.0,0.0,0.0,False,False,False,True,False,True,0.0,0.0,False,False,MODERATE
106.212,,0.0,0.0,0.0,0.0,0.0,0.0,False,False,False,True,False,True,0.0,0.0,False,False,MODERATE
106.458,,0.0,0.0,0.0,0.0,0.0,0.0,False,False,False,True,False,True,0.0,0.0,False,False,MODERATE
106.475,,0.0,0.0,0.0,0.0,0.0,0.0,False,False,False,True,False,True,0.0,0.0,False,False,MODERATE
106.573,,0.0,0.0,0.0,0.0,0.0,0.0,False,False,False,True,False,True,0.0,0.0,False,False,MODERATE
106.59,,0.0,0.0,0.0,0.0,0.0,0.0,False,False,False,True,False,True,0.0,0.0,False,False,MODERATE
106.875,,0.0,0.0,0.0,0.0,0.0,0.0,False,False,False,True,False,True,0.0,0.0,False,False,MODERATE
106.893,,0.0,0.0,0.0,0.0,0.0,0.0,False,False,False,True,False,True,0.0,0.0,False,False,MODERATE
107.0,,0.0,0.0,0.0,0.0,0.0,0.0,False,False,False,True,False,True,0.0,0.0,False,False,MODERATE
107.099,,0.0,0.0,0.0,0.0,0.0,0.0,False,False,False,True,False,True,0.0,0.0,False,False,MODERATE
107.261,,0.0,0.0,0.0,0.0,0.0,0.0,False,False,False,True,False,True,0.0,0.0,False,False,MODERATE
107.278,,0.0,0.0,0.0,0.0,0.0,0.0,False,False,False,True,False,True,0.0,0.0,False,False,MODERATE
107.379,,0.0,0.0,0.0,0.0,0.0,0.0,False,False,False,True,False,True,0.0,0.0,False,False,MODERATE
107.405,,-27.1,-165.47,-4.29,-29.52,10.55,-3.18,False,False,False,False,False,False,0.071,0.028,True,False,MODERATE
107.663,,0.0,0.0,0.0,0.0,0.0,0.0,False,False,False,True,False,True,0.0,0.0,False,False,MODERATE
107.69,,-26.85,-170.73,-1.69,-30.08,7.09,-1.46,False,False,False,False,False,False,0.048,0.034,True,False,MODERATE
107.81,,-26.18,-168.1,-4.42,-29.93,7.45,-2.25,False,False,False,False,False,False,0.059,0.029,True,False,MODERATE
107.836,,-18.78,-169.17,-5.86,-28.61,7.37,-2.63,False,False,False,False,False,False,0.06,0.02,True,False,MODERATE
108.068,,-11.82,-171.1,-6.68,-19.82,5.89,-4.41,False,False,False,False,False,False,0.085,0.006,True,False,MODERATE
108.093,,-8.56,-170.39,-5.48,-18.27,5.85,-4.4,False,False,False,False,False,False,0.064,0.017,True,False,MODERATE
108.203,,-9.31,-174.88,-4.47,-15.52,3.76,-3.95,False,False,False,False,False,False,0.056,0.018,True,False,MODERATE
108.226,,-10.04,-174.14,-4.58,-15.17,3.48,-3.89,False,False,False,False,False,False,0.017,0.012,True,False,MODERATE
108.472,,-6.49,-173.2,-5.1,-11.75,3.07,-3.93,False,False,False,False,False,False,0.013,0.01,True,False,MODERATE
108.496,,-6.84,-172.56,-4.98,-11.52,3.13,-3.91,False,False,False,False,False,False,0.008,0.012,True,False,MODERATE
108.613,,-4.56,-170.65,-4.87,-9.88,4.09,-3.83,False,False,False,False,False,False,0.018,0.005,True,False,MODERATE
108.636,,-4.69,-169.86,-4.85,-9.61,4.38,-3.81,False,False,False,False,False,False,0.018,0.058,False,False,MODERATE
108.876,,-4.83,-169.73,-4.26,-8.83,5.57,-3.39,False,False,False,False,False,False,0.049,0.009,True,False,MODERATE
108.902,,-5.17,-168.24,-4.49,-8.81,5.92,-3.38,False,False,False,False,False,False,0.042,0.008,True,False,MODERATE
109.02,,-6.04,-168.61,-4.0,-9.15,6.6,-3.15,False,False,False,False,False,False,0.058,0.008,True,False,MODERATE
109.044,,-5.19,-167.37,-4.15,-9.09,6.91,-3.13,False,False,False,False,False,False,0.071,0.011,True,False,MODERATE
109.276,,-4.65,-167.55,-3.95,-8.55,7.88,-2.93,False,False,False,False,False,False,0.073,0.011,True,False,MODERATE
109.3,,-4.68,-166.85,-3.96,-8.5,8.06,-2.92,False,False,False,False,False,False,0.055,0.012,True,False,MODERATE
109.406,,-3.96,-166.51,-3.8,-8.09,8.69,-2.81,False,False,False,False,False,False,0.06,0.011,True,False,LOW
109.428,,-5.01,-166.34,-3.87,-8.15,8.83,-2.8,False,False,False,False,False,False,0.059,0.005,True,False,LOW
109.675,,-4.01,-166.43,-4.25,-7.78,9.31,-2.98,False,False,False,False,False,False,0.018,0.058,False,False,LOW
109.698,,-4.21,-166.4,-4.2,-7.78,9.35,-2.99,False,False,False,False,False,False,-0.005,0.032,True,False,LOW
109.804,,-3.4,-164.94,-4.25,-7.44,10.08,-3.03,False,True,False,False,False,True,-0.002,0.021,True,False,LOW
109.829,,-3.49,-165.53,-3.58,-7.38,10.14,-2.95,False,True,False,False,False,True,0.001,0.001,True,False,LOW
110.064,,-4.62,-167.85,-3.59,-7.85,8.97,-2.64,False,False,False,False,False,False,0.005,0.001,True,False,LOW
110.087,,-5.26,-167.71,-3.54,-7.96,8.89,-2.61,False,False,False,False,False,False,0.006,0.004,True,False,LOW
110.195,,-3.53,-166.39,-3.81,-7.6,9.19,-2.63,False,False,False,False,False,False,0.003,-0.003,True,False,LOW
110.218,,-3.07,-166.12,-3.66,-7.47,9.29,-2.62,False,False,False,False,False,False,0.001,-0.006,True,False,LOW
110.464,,-2.36,-165.49,-3.22,-6.5,10.06,-2.28,False,True,False,False,False,True,-0.026,-0.003,True,False,LOW
110.488,,-2.23,-165.08,-3.21,-6.4,10.18,-2.25,False,True,False,False,False,True,-0.023,-0.001,True,False,LOW
110.595,,-2.22,-165.28,-3.42,-6.13,10.42,-2.26,False,True,False,False,False,True,0.005,0.004,True,False,LOW
110.624,,-2.22,-164.54,-3.81,-6.07,10.59,-2.32,False,True,False,False,False,True,0.005,0.009,True,False,LOW
110.863,,-0.38,-164.21,-4.77,-4.75,11.35,-3.11,False,True,False,False,False,True,0.018,0.058,False,False,LOW
110.886,,-1.22,-164.61,-4.87,-4.75,11.36,-3.19,False,True,False,False,False,True,0.018,0.058,False,False,LOW
110.996,,-0.92,-164.54,-4.57,-4.63,11.41,-3.29,False,True,False,False,False,True,0.008,0.023,True,False,LOW
111.02,,-1.37,-164.39,-4.34,-4.67,11.44,-3.27,False,True,False,False,False,True,0.011,0.008,True,False,LOW
111.263,,-2.95,-165.98,-4.01,-5.78,10.6,-3.02,False,True,False,False,False,True,0.009,0.002,True,False,LOW
111.287,,-2.1,-165.5,-3.99,-5.76,10.59,-3.0,False,True,False,False,False,True,0.014,0.002,True,False,LOW
111.392,,-2.76,-166.01,-3.94,-5.98,10.36,-2.92,False,True,False,False,False,True,0.013,0.004,True,False,LOW
111.416,,-2.41,-166.02,-3.68,-5.97,10.31,-2.86,False,True,False,False,False,True,0.01,0.003,True,False,LOW
111.662,,-0.66,-165.7,-3.49,-4.89,10.32,-2.54,False,True,False,False,False,True,-0.022,0.021,True,False,LOW
111.685,,-0.67,-165.7,-3.69,-4.8,10.32,-2.54,False,True,False,False,False,True,-0.019,0.02,True,False,LOW
111.792,,-0.23,-166.07,-3.5,-4.37,10.18,-2.46,False,True,False,False,False,True,-0.038,0.024,True,False,LOW
111.814,,-0.37,-166.11,-3.5,-4.31,10.14,-2.45,False,True,False,False,False,True,-0.032,0.017,True,False,LOW
112.066,,-0.58,-167.08,-3.6,-4.19,9.4,-2.45,False,False,False,False,False,False,-0.052,0.022,True,False,LOW
112.092,,-0.68,-166.99,-3.55,-4.2,9.35,-2.44,False,False,False,False,False,False,-0.052,0.021,True,False,LOW
112.198,,-2.04,-167.52,-3.47,-4.76,9.01,-2.39,False,False,False,False,False,False,0.074,0.007,True,False,LOW
112.221,,-2.37,-167.88,-3.57,-4.91,8.89,-2.4,False,False,False,False,False,False,0.077,0.003,True,False,LOW
112.608,,-2.17,-168.25,-3.35,-5.48,8.1,-2.26,False,False,False,False,False,False,0.076,0.007,True,False,LOW
112.63,,-2.3,-167.99,-3.34,-5.53,8.09,-2.25,False,False,False,False,False,False,0.071,0.005,True,False,LOW
112.735,,-2.41,-168.4,-3.66,-5.7,7.9,-2.35,False,False,False,False,False,False,0.068,0.008,True,False,LOW
112.759,,-3.12,-168.17,-4.04,-5.83,7.9,-2.42,False,False,False,False,False,False,0.07,0.005,True,False,LOW
112.865,,-2.55,-168.32,-3.65,-5.94,7.82,-2.45,False,False,False,False,False,False,0.073,0.007,True,False,LOW
112.888,,-2.55,-167.85,-3.77,-5.96,7.87,-2.48,False,False,False,False,False,False,0.078,0.01,True,False,LOW
112.997,,-2.06,-168.46,-3.81,-5.81,7.75,-2.55,False,False,False,False,False,False,0.06,0.009,True,False,LOW
113.022,,-2.78,-168.95,-4.06,-5.88,7.65,-2.6,False,False,False,False,False,False,0.052,0.023,True,False,LOW
113.266,,-2.99,-167.95,-3.84,-6.28,7.91,-2.66,False,False,False,False,False,False,0.067,0.014,True,False,LOW
113.289,,-2.19,-168.03,-3.83,-6.21,7.92,-2.66,False,False,False,False,False,False,0.064,0.014,True,False,LOW
113.395,,-2.19,-168.18,-3.79,-6.02,7.89,-2.65,False,False,False,False,False,False,0.065,0.011,True,False,LOW
113.418,,-2.08,-168.25,-3.83,-5.96,7.88,-2.65,False,False,False,False,False,False,0.062,0.012,True,False,LOW
113.664,,-2.03,-168.29,-3.75,-5.72,7.79,-2.62,False,False,False,False,False,False,0.062,0.01,True,False,LOW
113.691,,-2.65,-168.71,-3.82,-5.79,7.72,-2.63,False,False,False,False,False,False,0.067,0.012,True,False,LOW
113.797,,-2.67,-168.2,-4.01,-5.96,7.77,-2.72,False,False,False,False,False,False,0.064,0.011,True,False,LOW
113.82,,-2.69,-168.48,-3.9,-6.0,7.74,-2.73,False,False,False,False,False,False,0.069,0.007,True,False,LOW
114.067,,-1.6,-167.77,-4.14,-5.47,8.06,-2.89,False,False,False,False,False,False,0.067,0.003,True,False,LOW
114.093,,-2.63,-168.77,-3.93,-5.57,7.94,-2.87,False,False,False,False,False,False,0.064,0.007,True,False,LOW
114.201,,-1.68,-168.29,-4.04,-5.43,7.86,-2.88,False,False,False,False,False,False,0.068,0.006,True,False,LOW
114.228,,-1.95,-168.49,-3.9,-5.44,7.81,-2.86,False,False,False,False,False,False,0.066,0.01,True,False,LOW
114.465,,-1.19,-168.33,-3.92,-5.01,7.74,-2.81,False,False,False,False,False,False,0.066,0.005,True,False,LOW
114.49,,-2.1,-168.47,-4.04,-5.1,7.72,-2.82,False,False,False,False,False,False,0.069,0.009,True,False,LOW
114.596,,-1.63,-168.53,-4.08,-5.13,7.63,-2.86,False,False,False,False,False,False,0.065,0.007,True,False,LOW
114.619,,-1.64,-169.18,-4.24,-5.14,7.53,-2.89,False,False,False,False,False,False,0.062,0.01,True,False,LOW
114.866,,-1.19,-168.83,-4.3,-4.89,7.33,-3.05,False,False,False,False,False,False,0.065,0.004,True,False,LOW
114.89,,-0.79,-168.75,-4.28,-4.82,7.32,-3.06,False,False,False,False,False,False,0.067,0.006,True,False,LOW
114.995,,-0.85,-169.38,-4.42,-4.64,7.05,-3.14,False,False,False,False,False,False,0.072,0.007,True,False,LOW
115.02,,-0.36,-170.64,-4.58,-4.54,6.81,-3.18,False,False,False,False,True,True,0.022,0.038,True,False,LOW
115.268,,-0.67,-169.04,-4.08,-4.34,6.92,-3.03,False,False,False,False,False,False,0.011,0.004,True,False,LOW
115.302,,-0.63,-169.26,-4.05,-4.31,6.89,-3.01,False,False,False,False,False,False,0.008,0.0,True,False,LOW
115.413,,-0.7,-171.04,-3.46,-4.28,6.08,-2.72,False,False,False,False,False,False,0.017,0.011,True,False,LOW
115.436,,0.06,-171.56,-1.9,-4.17,5.85,-2.44,False,False,False,False,False,False,0.08,0.017,True,False,LOW
115.661,,0.0,0.0,0.0,0.0,0.0,0.0,False,False,False,True,False,True,0.0,0.0,False,False,LOW
115.686,,-10.44,-168.7,-2.3,-10.48,6.76,-1.63,False,False,False,False,False,False,0.077,0.018,True,False,LOW
115.793,,1.9,-166.06,-2.85,-6.64,8.11,-1.66,False,False,False,False,False,False,-0.009,0.031,True,False,LOW
115.816,,7.53,-160.62,-1.59,-4.71,9.29,-1.5,False,False,False,False,False,False,0.018,-0.033,True,False,LOW
116.061,,0.0,0.0,0.0,0.0,0.0,0.0,False,False,False,True,False,True,0.0,0.0,False,False,LOW
116.087,,0.0,0.0,0.0,0.0,0.0,0.0,False,False,False,True,False,True,0.0,0.0,False,False,LOW
116.186,,0.0,0.0,0.0,0.0,0.0,0.0,False,False,False,True,False,True,0.0,0.0,False,True,LOW
116.204,,0.0,0.0,0.0,0.0,0.0,0.0,False,False,False,True,False,True,0.0,0.0,False,True,LOW
116.469,,0.0,0.0,0.0,0.0,0.0,0.0,False,False,False,True,False,True,0.0,0.0,False,False,LOW
116.487,,0.0,0.0,0.0,0.0,0.0,0.0,False,False,False,True,False,True,0.0,0.0,False,False,LOW
116.597,,0.0,0.0,0.0,0.0,0.0,0.0,False,False,False,True,False,True,0.0,0.0,False,False,LOW
116.614,,0.0,0.0,0.0,0.0,0.0,0.0,False,False,False,True,False,True,0.0,0.0,False,False,LOW
116.866,,0.0,0.0,0.0,0.0,0.0,0.0,False,False,False,True,False,True,0.0,0.0,False,False,MODERATE
116.884,,0.0,0.0,0.0,0.0,0.0,0.0,False,False,False,True,False,True,0.0,0.0,False,False,MODERATE
116.993,,0.0,0.0,0.0,0.0,0.0,0.0,False,False,False,True,False,True,0.0,0.0,False,False,MODERATE
117.01,,0.0,0.0,0.0,0.0,0.0,0.0,False,False,False,True,False,True,0.0,0.0,False,False,MODERATE
117.266,,0.0,0.0,0.0,0.0,0.0,0.0,False,False,False,True,False,True,0.0,0.0,False,False,MODERATE
117.283,,0.0,0.0,0.0,0.0,0.0,0.0,False,False,False,True,False,True,0.0,0.0,False,False,MODERATE
117.384,,0.0,0.0,0.0,0.0,0.0,0.0,False,False,False,True,False,True,0.0,0.0,False,False,MODERATE
117.401,,0.0,0.0,0.0,0.0,0.0,0.0,False,False,False,True,False,True,0.0,0.0,False,False,MODERATE
117.656,,0.0,0.0,0.0,0.0,0.0,0.0,False,False,False,True,False,True,0.0,0.0,False,False,MODERATE
117.719,,0.0,0.0,0.0,0.0,0.0,0.0,False,False,False,True,False,True,0.0,0.0,False,False,MODERATE
117.821,,0.0,0.0,0.0,0.0,0.0,0.0,False,False,False,True,False,True,0.0,0.0,False,False,MODERATE
117.837,,0.0,0.0,0.0,0.0,0.0,0.0,False,False,False,True,False,True,0.0,0.0,False,False,MODERATE
118.06,,0.0,0.0,0.0,0.0,0.0,0.0,False,False,False,True,False,True,0.0,0.0,False,False,MODERATE
118.078,,0.0,0.0,0.0,0.0,0.0,0.0,False,False,False,True,False,True,0.0,0.0,False,False,MODERATE
118.182,,0.0,0.0,0.0,0.0,0.0,0.0,False,False,False,True,False,True,0.0,0.0,False,False,MODERATE
118.202,,0.0,0.0,0.0,0.0,0.0,0.0,False,False,False,True,False,True,0.0,0.0,False,False,MODERATE
118.46,,0.0,0.0,0.0,0.0,0.0,0.0,False,False,False,True,False,True,0.0,0.0,False,False,MODERATE
118.479,,0.0,0.0,0.0,0.0,0.0,0.0,False,False,False,True,False,True,0.0,0.0,False,False,MODERATE
118.58,,0.0,0.0,0.0,0.0,0.0,0.0,False,False,False,True,False,True,0.0,0.0,False,False,MODERATE
118.596,,0.0,0.0,0.0,0.0,0.0,0.0,False,False,False,True,False,True,0.0,0.0,False,False,MODERATE
118.857,,0.0,0.0,0.0,0.0,0.0,0.0,False,False,False,True,False,True,0.0,0.0,False,False,MODERATE
118.874,,0.0,0.0,0.0,0.0,0.0,0.0,False,False,False,True,False,True,0.0,0.0,False,False,MODERATE
118.974,,0.0,0.0,0.0,0.0,0.0,0.0,False,False,False,True,False,True,0.0,0.0,False,False,MODERATE
118.991,,0.0,0.0,0.0,0.0,0.0,0.0,False,False,False,True,False,True,0.0,0.0,False,False,MODERATE
119.257,,0.0,0.0,0.0,0.0,0.0,0.0,False,False,False,True,False,True,0.0,0.0,False,False,MODERATE
119.274,,0.0,0.0,0.0,0.0,0.0,0.0,False,False,False,True,False,True,0.0,0.0,False,False,MODERATE
119.373,,0.0,0.0,0.0,0.0,0.0,0.0,False,False,False,True,False,True,0.0,0.0,False,False,MODERATE
119.391,,0.0,0.0,0.0,0.0,0.0,0.0,False,False,False,True,False,True,0.0,0.0,False,False,MODERATE
119.671,,-32.54,174.14,-21.32,-34.88,-9.09,-19.45,False,False,False,False,False,False,0.022,0.061,True,False,MODERATE
119.691,,0.0,0.0,0.0,0.0,0.0,0.0,False,False,False,True,False,True,0.0,0.0,False,False,MODERATE
119.802,,-36.17,170.35,-13.75,-37.21,-11.26,-16.12,False,False,False,False,False,False,-0.034,0.045,True,False,MODERATE
119.823,,0.0,0.0,0.0,0.0,0.0,0.0,False,False,False,True,False,True,0.0,0.0,False,False,MODERATE
120.07,,-26.24,176.51,-4.64,-32.43,-8.86,-7.53,False,False,False,False,False,False,-0.032,0.019,True,False,MODERATE
120.094,,-23.6,178.35,-5.47,-31.58,-8.39,-6.99,False,False,False,False,False,False,-0.013,0.012,True,False,MODERATE
120.2,,-20.01,176.49,-4.67,-27.75,-8.0,-5.38,False,False,False,False,False,False,-0.044,0.015,True,False,MODERATE
120.224,,-18.09,178.31,-5.09,-26.59,-7.65,-5.14,False,False,False,False,True,True,-0.007,0.037,True,False,MODERATE
120.465,,-10.19,-177.45,-4.25,-17.76,-3.65,-3.84,False,False,False,False,False,False,0.004,0.011,True,False,MODERATE
120.489,,-4.03,-179.06,-3.09,-15.61,-3.56,-3.55,False,False,False,False,False,False,-0.02,0.014,True,False,MODERATE
120.596,,-2.47,-174.51,-3.33,-10.46,-1.25,-2.95,False,False,False,False,False,False,-0.026,0.004,True,False,MODERATE
120.62,,-1.22,-175.04,-2.34,-9.22,-0.88,-2.68,False,False,False,False,False,False,-0.011,0.006,True,False,MODERATE
120.863,,-1.02,-174.44,-2.67,-6.04,0.7,-1.95,False,False,False,False,False,False,-0.009,0.005,True,False,MODERATE
120.886,,2.62,-174.39,-2.46,-5.1,0.83,-1.86,False,False,False,False,False,False,-0.003,0.002,True,False,MODERATE
120.996,,2.42,-173.06,-2.81,-3.12,1.78,-1.78,False,False,False,False,False,False,-0.01,0.003,True,False,MODERATE
121.024,,4.03,-172.79,-2.54,-2.36,2.04,-1.71,False,False,False,False,False,False,0.004,-0.008,True,False,MODERATE
121.264,,4.49,-170.75,-2.33,-0.19,4.08,-1.39,False,False,False,False,False,False,0.002,-0.003,True,False,MODERATE
121.288,,4.73,-170.53,-2.2,0.03,4.29,-1.34,False,False,False,False,False,False,-0.002,-0.006,True,False,MODERATE
121.394,,4.69,-170.29,-2.22,0.53,4.92,-1.23,False,False,False,False,False,False,-0.002,-0.005,True,False,MODERATE
121.417,,4.71,-170.57,-2.47,0.62,5.0,-1.24,False,False,False,False,False,False,-0.005,0.002,True,False,MODERATE
121.663,,3.89,-170.6,-2.26,0.45,5.27,-1.16,False,False,False,False,False,False,0.006,-0.001,True,False,MODERATE
121.686,,5.16,-170.94,-2.51,0.61,5.24,-1.19,False,False,False,False,False,False,0.002,-0.006,True,False,MODERATE
121.792,,5.46,-171.64,-2.47,1.17,4.9,-1.24,False,False,False,False,False,False,-0.001,-0.002,True,False,MODERATE
121.816,,5.19,-170.2,-2.62,1.23,5.03,-1.27,False,False,False,False,False,False,0.005,-0.005,True,False,MODERATE
122.063,,4.87,-170.45,-2.69,1.29,5.37,-1.43,False,False,False,False,False,False,0.005,-0.006,True,False,MODERATE
122.085,,4.79,-171.45,-2.85,1.29,5.27,-1.47,False,False,False,False,False,False,0.018,0.058,False,False,MODERATE
122.193,,4.65,-171.19,-2.95,1.22,5.09,-1.6,False,False,False,False,False,False,0.018,0.058,False,False,MODERATE
122.217,,4.46,-170.43,-2.88,1.18,5.16,-1.62,False,False,False,False,False,False,0.011,0.024,True,False,LOW
122.463,,5.11,-170.59,-2.73,1.42,5.33,-1.6,False,False,False,False,False,False,-0.0,-0.004,True,False,LOW
122.485,,5.26,-170.45,-2.88,1.45,5.36,-1.61,False,False,False,False,False,False,-0.004,0.001,True,False,LOW
122.59,,5.35,-170.64,-2.79,1.6,5.37,-1.62,False,False,False,False,False,False,-0.002,-0.005,True,False,LOW
122.615,,5.39,-171.12,-2.96,1.63,5.31,-1.65,False,False,False,False,False,False,-0.002,-0.002,True,False,LOW
122.865,,5.56,-170.79,-3.0,1.87,5.27,-1.77,False,False,False,False,False,False,-0.004,-0.008,True,False,LOW
122.898,,5.2,-170.66,-2.93,1.83,5.28,-1.77,False,False,False,False,False,False,0.004,0.005,True,False,LOW
123.007,,5.14,-170.74,-3.06,1.74,5.29,-1.83,False,False,False,False,False,False,0.006,0.005,True,False,LOW
123.031,,4.8,-170.98,-2.96,1.68,5.26,-1.83,False,False,False,False,False,False,0.005,0.002,True,False,LOW
123.264,,4.78,-171.27,-2.85,1.41,4.96,-1.75,False,False,False,False,False,False,0.012,-0.001,True,False,LOW
123.286,,5.3,-172.2,-2.87,1.46,4.82,-1.75,False,False,False,False,False,False,0.015,0.004,True,False,LOW
123.392,,5.16,-172.7,-2.88,1.52,4.2,-1.74,False,False,False,False,False,False,0.011,0.008,True,False,LOW
123.416,,5.41,-172.36,-3.01,1.57,4.12,-1.76,False,False,False,False,False,False,0.013,0.02,True,False,LOW
123.671,,5.37,-172.17,-3.11,1.73,3.96,-1.88,False,False,False,False,False,False,0.02,0.004,True,False,LOW
123.696,,5.08,-171.65,-3.21,1.7,4.02,-1.91,False,False,False,False,False,False,0.017,-0.003,True,False,LOW
123.809,,5.3,-171.78,-3.14,1.73,4.11,-1.94,False,False,False,False,False,False,0.018,-0.002,True,False,LOW
123.843,,5.37,-171.42,-3.22,1.75,4.2,-1.96,False,False,False,False,False,False,0.016,-0.008,True,False,LOW
124.068,,5.42,-170.25,-3.09,1.82,5.14,-1.95,False,False,False,False,False,False,-0.002,0.003,True,False,LOW
124.092,,5.73,-171.28,-3.29,1.87,5.09,-1.98,False,False,False,False,False,False,-0.06,0.006,True,False,LOW
124.199,,5.96,-171.3,-3.3,2.1,4.94,-2.05,False,False,False,False,False,False,-0.059,0.009,True,False,LOW
124.221,,6.01,-171.22,-3.26,2.14,4.93,-2.05,False,False,False,False,False,False,-0.065,0.009,True,False,LOW
124.471,,6.24,-171.69,-3.37,2.49,4.57,-2.16,False,False,False,False,False,False,-0.051,0.009,True,False,LOW
124.495,,6.23,-171.79,-3.32,2.51,4.52,-2.16,False,False,False,False,False,False,-0.053,0.008,True,False,LOW
124.609,,5.87,-171.62,-3.33,2.44,4.48,-2.17,False,False,False,False,False,False,-0.059,0.009,True,False,LOW
124.632,,5.75,-171.45,-3.41,2.41,4.49,-2.18,False,False,False,False,False,False,-0.057,0.007,True,False,LOW
124.874,,5.29,-171.99,-3.34,2.01,4.22,-2.19,False,False,False,False,False,False,-0.021,0.024,True,False,LOW
124.899,,5.67,-171.12,-3.38,2.03,4.31,-2.19,False,False,False,False,False,False,-0.059,0.009,True,False,LOW
125.013,,5.8,-172.35,-3.41,2.12,4.05,-2.22,False,False,False,False,False,False,-0.061,0.013,True,False,LOW
125.037,,5.99,-171.84,-3.3,2.17,4.07,-2.21,False,False,False,False,False,False,-0.067,0.009,True,False,LOW
125.272,,6.16,-171.46,-3.43,2.44,4.37,-2.25,False,False,False,False,False,False,-0.068,0.009,True,False,LOW
125.295,,5.94,-171.84,-3.44,2.43,4.35,-2.26,False,False,False,False,False,False,-0.067,0.01,True,False,LOW
125.401,,6.11,-171.66,-3.37,2.49,4.36,-2.24,False,False,False,False,False,False,-0.07,0.01,True,False,LOW
125.425,,6.21,-171.72,-3.36,2.51,4.35,-2.24,False,False,False,False,False,False,-0.071,0.01,True,False,LOW
125.664,,6.6,-171.92,-3.43,2.84,4.21,-2.26,False,False,False,False,False,False,-0.062,0.013,True,False,LOW
125.686,,6.33,-171.55,-3.47,2.84,4.24,-2.27,False,False,False,False,False,False,-0.062,0.009,True,False,LOW
125.793,,6.04,-171.65,-3.46,2.7,4.3,-2.29,False,False,False,False,False,False,-0.064,0.009,True,False,LOW
125.817,,6.03,-171.93,-3.47,2.67,4.27,-2.29,False,False,False,False,False,False,-0.062,0.007,True,False,LOW
126.065,,6.43,-172.7,-3.37,2.81,3.69,-2.25,False,False,False,False,False,False,-0.051,0.009,True,False,LOW
126.089,,6.14,-172.08,-3.49,2.78,3.73,-2.26,False,False,False,False,False,False,-0.05,0.007,True,False,LOW
126.195,,5.15,-171.83,-3.39,2.3,3.92,-2.25,False,False,False,False,False,False,-0.061,0.005,True,False,LOW
126.22,,5.91,-171.81,-3.34,2.31,3.96,-2.24,False,False,False,False,False,False,-0.063,0.011,True,False,LOW
126.461,,6.18,-172.01,-3.55,2.51,4.0,-2.34,False,False,False,False,False,False,-0.062,0.03,True,False,LOW
126.484,,5.69,-171.87,-3.54,2.46,4.02,-2.34,False,False,False,False,False,False,-0.023,0.011,True,False,LOW
126.589,,5.61,-171.51,-3.47,2.3,4.22,-2.33,False,False,False,False,False,False,-0.023,0.011,True,False,LOW
126.618,,5.58,-171.61,-3.46,2.26,4.25,-2.33,False,False,False,False,False,False,-0.015,0.0,True,False,LOW
126.863,,6.35,-172.91,-3.74,2.59,3.56,-2.49,False,False,False,False,False,False,0.006,0.003,True,False,LOW
126.887,,6.67,-173.39,-3.77,2.67,3.44,-2.51,False,False,False,False,False,False,-0.002,0.009,True,False,LOW
127.059,,8.62,-173.69,-3.74,3.96,2.86,-2.55,False,False,False,False,False,False,0.013,0.008,True,False,LOW
127.085,,7.24,-174.01,-3.9,3.92,2.73,-2.58,False,False,False,False,False,False,0.007,0.008,True,False,LOW
127.264,,8.7,-173.92,-4.24,4.59,2.4,-2.85,False,False,False,False,False,False,0.008,0.011,True,False,LOW
127.288,,7.8,-174.35,-4.19,4.55,2.3,-2.88,False,False,False,False,False,False,0.02,-0.0,True,False,LOW
127.458,,6.53,-173.16,-4.12,3.74,2.59,-2.92,False,False,False,False,False,False,0.004,-0.004,True,False,LOW
127.48,,7.31,-174.69,-3.99,3.74,2.43,-2.91,False,False,False,False,False,False,0.009,0.003,True,False,LOW
127.662,,4.3,-172.65,-3.62,2.1,2.94,-2.68,False,False,False,False,False,False,0.01,-0.0,True,False,LOW
127.686,,6.04,-172.26,-3.77,2.16,3.05,-2.67,False,False,False,False,False,False,0.028,0.002,True,False,LOW
127.857,,3.89,-169.3,-4.84,1.19,5.03,-3.2,False,False,False,False,False,False,0.015,0.005,True,False,LOW
127.88,,4.24,-172.71,-4.48,1.13,4.81,-3.22,False,False,False,False,False,False,0.02,0.004,True,False,LOW
128.061,,0.0,0.0,0.0,0.0,0.0,0.0,False,False,False,False,False,False,0.0,0.0,False,False,LOW
128.087,,-3.59,-168.52,-6.6,-3.89,6.37,-4.51,False,False,False,False,False,False,0.053,0.002,True,False,LOW
128.258,,10.04,-168.09,-9.94,1.81,7.21,-6.84,False,False,False,False,True,True,-0.248,0.05,True,False,LOW
128.281,,-3.71,-167.85,-9.37,0.44,7.34,-7.04,False,False,False,False,False,False,0.063,-0.0,True,False,LOW
128.459,,0.0,0.0,0.0,0.0,0.0,0.0,False,False,False,True,False,True,0.0,0.0,False,False,LOW
128.476,,0.0,0.0,0.0,0.0,0.0,0.0,False,False,False,True,False,True,0.0,0.0,False,False,LOW
128.658,,0.0,0.0,0.0,0.0,0.0,0.0,False,False,False,True,False,True,0.0,0.0,False,False,LOW
128.678,,0.0,0.0,0.0,0.0,0.0,0.0,False,False,False,True,False,True,0.0,0.0,False,False,LOW
128.858,,0.0,0.0,0.0,0.0,0.0,0.0,False,False,False,True,False,True,0.0,0.0,False,False,LOW
128.874,,0.0,0.0,0.0,0.0,0.0,0.0,False,False,False,True,False,True,0.0,0.0,False,False,LOW
129.051,,0.0,0.0,0.0,0.0,0.0,0.0,False,False,False,True,False,True,0.0,0.0,False,False,LOW
129.068,,0.0,0.0,0.0,0.0,0.0,0.0,False,False,False,True,False,True,0.0,0.0,False,False,MODERATE
129.259,,0.0,0.0,0.0,0.0,0.0,0.0,False,False,False,True,False,True,0.0,0.0,False,False,MODERATE
129.277,,0.0,0.0,0.0,0.0,0.0,0.0,False,False,False,True,False,True,0.0,0.0,False,False,MODERATE
129.449,,0.0,0.0,0.0,0.0,0.0,0.0,False,False,False,True,False,True,0.0,0.0,False,False,MODERATE
129.467,,0.0,0.0,0.0,0.0,0.0,0.0,False,False,False,True,False,True,0.0,0.0,False,False,MODERATE
129.66,,0.0,0.0,0.0,0.0,0.0,0.0,False,False,False,True,False,True,0.0,0.0,False,False,MODERATE
129.678,,0.0,0.0,0.0,0.0,0.0,0.0,False,False,False,True,False,True,0.0,0.0,False,False,MODERATE
129.849,,0.0,0.0,0.0,0.0,0.0,0.0,False,False,False,True,False,True,0.0,0.0,False,False,MODERATE
129.914,,0.0,0.0,0.0,0.0,0.0,0.0,False,False,False,True,False,True,0.0,0.0,False,False,MODERATE
130.059,,0.0,0.0,0.0,0.0,0.0,0.0,False,False,False,True,False,True,0.0,0.0,False,False,MODERATE
130.077,,0.0,0.0,0.0,0.0,0.0,0.0,False,False,False,True,False,True,0.0,0.0,False,False,MODERATE
130.252,,0.0,0.0,0.0,0.0,0.0,0.0,False,False,False,True,False,True,0.0,0.0,False,False,MODERATE
130.27,,0.0,0.0,0.0,0.0,0.0,0.0,False,False,False,True,False,True,0.0,0.0,False,False,MODERATE
130.459,,0.0,0.0,0.0,0.0,0.0,0.0,False,False,False,True,False,True,0.0,0.0,False,False,MODERATE
130.477,,0.0,0.0,0.0,0.0,0.0,0.0,False,False,False,True,False,True,0.0,0.0,False,False,LOW
130.651,,0.0,0.0,0.0,0.0,0.0,0.0,False,False,False,True,False,True,0.0,0.0,False,False,LOW
130.67,,0.0,0.0,0.0,0.0,0.0,0.0,False,False,False,True,False,True,0.0,0.0,False,False,LOW
130.858,,0.0,0.0,0.0,0.0,0.0,0.0,False,False,False,True,False,True,0.0,0.0,False,False,LOW
130.874,,0.0,0.0,0.0,0.0,0.0,0.0,False,False,False,True,False,True,0.0,0.0,False,False,LOW
131.051,,0.0,0.0,0.0,0.0,0.0,0.0,False,False,False,True,False,True,0.0,0.0,False,False,LOW
131.069,,0.0,0.0,0.0,0.0,0.0,0.0,False,False,False,True,False,True,0.0,0.0,False,False,LOW
131.268,,0.0,0.0,0.0,0.0,0.0,0.0,False,False,False,True,False,True,0.0,0.0,False,False,LOW
131.285,,0.0,0.0,0.0,0.0,0.0,0.0,False,False,False,True,False,True,0.0,0.0,False,False,LOW
131.449,,0.0,0.0,0.0,0.0,0.0,0.0,False,False,False,True,False,True,0.0,0.0,False,False,LOW
131.466,,0.0,0.0,0.0,0.0,0.0,0.0,False,False,False,True,False,True,0.0,0.0,False,False,LOW
131.66,,0.0,0.0,0.0,0.0,0.0,0.0,False,False,False,True,False,True,0.0,0.0,False,False,LOW
131.676,,0.0,0.0,0.0,0.0,0.0,0.0,False,False,False,True,False,True,0.0,0.0,False,False,LOW
131.85,,0.0,0.0,0.0,0.0,0.0,0.0,False,False,False,True,False,True,0.0,0.0,False,False,LOW
131.867,,0.0,0.0,0.0,0.0,0.0,0.0,False,False,False,True,False,True,0.0,0.0,False,False,LOW
132.058,,0.0,0.0,0.0,0.0,0.0,0.0,False,False,False,True,False,True,0.0,0.0,False,False,LOW
132.074,,0.0,0.0,0.0,0.0,0.0,0.0,False,False,False,True,False,True,0.0,0.0,False,False,LOW
132.249,,0.0,0.0,0.0,0.0,0.0,0.0,False,False,False,True,False,True,0.0,0.0,False,False,LOW
132.267,,0.0,0.0,0.0,0.0,0.0,0.0,False,False,False,True,False,True,0.0,0.0,False,False,LOW
132.466,,0.0,0.0,0.0,0.0,0.0,0.0,False,False,False,True,False,True,0.0,0.0,False,False,MODERATE
132.484,,0.0,0.0,0.0,0.0,0.0,0.0,False,False,False,True,False,True,0.0,0.0,False,False,MODERATE
132.659,,0.0,0.0,0.0,0.0,0.0,0.0,False,False,False,True,False,True,0.0,0.0,False,False,MODERATE
132.676,,0.0,0.0,0.0,0.0,0.0,0.0,False,False,False,True,False,True,0.0,0.0,False,False,MODERATE
132.867,,0.0,0.0,0.0,0.0,0.0,0.0,False,False,False,True,False,True,0.0,0.0,False,False,MODERATE
132.895,,-7.04,-160.13,-12.94,-10.22,15.62,-11.63,False,False,False,False,False,False,0.063,0.044,True,False,MODERATE
133.063,,0.0,0.0,0.0,0.0,0.0,0.0,False,False,False,True,False,True,0.0,0.0,False,False,MODERATE
133.09,,-4.98,-167.49,-10.16,-9.27,11.5,-10.16,False,False,False,False,False,False,0.034,-0.0,True,False,MODERATE
133.267,,0.0,0.0,0.0,0.0,0.0,0.0,False,False,False,True,False,True,0.0,0.0,False,False,MODERATE
133.343,,6.24,-169.57,-5.61,-1.39,8.25,-6.52,False,False,False,False,False,False,0.015,-0.01,True,False,MODERATE
133.455,,1.79,-173.26,-5.26,-1.55,5.72,-5.45,False,False,False,False,False,False,0.019,0.004,True,False,MODERATE
133.479,,7.05,-174.28,-4.91,-0.75,5.07,-5.2,False,False,False,False,False,False,-0.001,-0.004,True,False,MODERATE
133.666,,3.57,-177.36,-1.71,-0.3,1.21,-2.5,False,False,False,False,False,False,-0.019,0.007,True,False,MODERATE
133.69,,5.44,-174.56,-1.6,0.04,1.25,-2.18,False,False,False,False,False,False,-0.021,0.001,True,False,MODERATE
133.857,,4.67,-173.77,-1.31,0.63,1.79,-1.08,False,False,False,False,False,False,-0.022,0.001,True,False,MODERATE
133.88,,7.49,-174.44,-1.14,1.15,1.76,-0.91,False,False,False,False,False,False,-0.008,-0.003,True,False,MODERATE
134.067,,5.76,-172.98,-0.62,1.76,2.46,-0.1,False,False,False,False,False,False,-0.01,-0.001,True,False,MODERATE
134.091,,8.93,-173.86,-1.48,2.34,2.42,-0.13,False,False,False,False,False,False,0.018,0.058,False,False,MODERATE
134.255,,9.86,-173.64,-1.92,4.55,2.41,-0.46,False,False,False,False,False,False,-0.015,0.021,True,False,MODERATE
134.278,,9.17,-173.44,-2.05,4.71,2.43,-0.52,False,False,False,False,False,False,-0.013,0.02,True,False,MODERATE
134.463,,9.82,-173.7,-2.18,5.61,2.38,-0.79,False,False,False,False,False,False,-0.002,-0.004,True,False,MODERATE
134.486,,9.46,-174.15,-2.15,5.65,2.31,-0.82,False,False,False,False,False,False,-0.007,-0.006,True,False,MODERATE
134.657,,9.33,-175.2,-2.26,5.72,1.53,-0.97,False,False,False,False,False,False,-0.005,-0.011,True,False,MODERATE
134.684,,8.78,-175.15,-2.31,5.65,1.43,-1.0,False,False,False,False,False,False,-0.002,-0.007,True,False,MODERATE
134.867,,8.99,-174.79,-2.48,5.54,1.33,-1.18,False,False,False,False,False,False,0.003,-0.007,True,False,MODERATE
134.891,,9.15,-173.64,-2.58,5.55,1.47,-1.21,False,False,False,False,False,False,-0.004,-0.012,True,False,MODERATE
135.06,,9.38,-174.3,-2.78,5.7,1.6,-1.43,False,False,False,False,False,False,-0.006,-0.012,True,False,MODERATE
135.084,,9.45,-174.65,-2.79,5.73,1.57,-1.46,False,False,False,False,False,False,-0.003,-0.011,True,False,LOW
135.27,,9.89,-174.41,-3.03,6.07,1.6,-1.69,False,False,False,False,False,False,-0.006,-0.012,True,False,LOW
135.292,,9.69,-174.58,-3.03,6.08,1.58,-1.71,False,False,False,False,False,False,-0.003,-0.014,True,False,LOW
135.456,,9.99,-174.35,-3.19,6.27,1.63,-1.88,False,False,False,False,False,False,-0.003,-0.012,True,False,LOW
135.479,,9.85,-174.42,-3.14,6.27,1.63,-1.89,False,False,False,False,False,False,-0.004,-0.011,True,False,LOW
135.663,,10.01,-174.57,-3.39,6.38,1.54,-2.08,False,False,False,False,False,False,-0.007,-0.013,True,False,LOW
135.686,,9.94,-173.94,-3.63,6.38,1.61,-2.13,False,False,False,False,False,False,-0.035,-0.003,True,False,LOW
135.856,,10.22,-173.99,-3.75,6.54,1.83,-2.38,False,False,False,False,False,False,-0.034,-0.002,True,False,LOW
135.879,,10.21,-173.78,-3.71,6.55,1.89,-2.4,False,False,False,False,False,False,-0.033,-0.002,True,False,LOW
136.068,,10.68,-175.74,-3.38,6.87,1.01,-2.31,False,False,False,False,True,True,0.007,0.038,True,False,LOW
136.093,,10.42,-175.62,-3.43,6.88,0.93,-2.3,False,False,False,False,False,False,0.011,-0.001,True,False,LOW
136.262,,10.88,-176.46,-3.42,7.12,0.21,-2.29,False,False,False,False,False,False,0.018,0.058,False,False,LOW
136.286,,10.71,-176.31,-3.37,7.12,0.15,-2.28,False,False,False,False,False,False,0.018,0.058,False,False,LOW
136.465,,10.79,-175.36,-3.39,7.19,0.43,-2.26,False,False,False,False,False,False,0.029,0.001,True,False,LOW
136.489,,10.61,-174.66,-3.67,7.18,0.55,-2.29,False,False,False,False,False,False,0.032,-0.009,True,False,LOW
136.656,,10.87,-174.61,-3.78,7.26,1.0,-2.47,False,False,False,False,False,False,0.011,-0.008,True,False,LOW
136.688,,10.54,-174.92,-3.86,7.21,1.02,-2.51,False,False,False,False,False,False,0.012,-0.011,True,False,LOW
136.872,,10.0,-174.27,-3.86,6.81,1.42,-2.62,False,False,False,False,False,False,0.002,-0.009,True,False,LOW
136.896,,10.42,-174.13,-3.77,6.82,1.49,-2.62,False,False,False,False,False,False,0.01,-0.009,True,False,LOW
137.055,,9.81,-174.96,-3.82,6.54,1.28,-2.64,False,False,False,False,False,False,0.015,-0.007,True,False,LOW
137.079,,10.34,-174.36,-3.7,6.57,1.33,-2.63,False,False,False,False,False,False,0.006,-0.014,True,False,LOW
137.265,,10.47,-173.49,-3.66,6.77,1.99,-2.57,False,False,False,False,False,False,0.004,-0.01,True,False,LOW
137.287,,10.65,-174.15,-3.85,6.81,1.98,-2.58,False,False,False,False,False,False,0.015,-0.01,True,False,LOW
137.457,,10.04,-174.09,-3.95,6.65,1.96,-2.7,False,False,False,False,False,False,0.016,-0.008,True,False,LOW
137.482,,10.27,-174.09,-3.99,6.66,1.96,-2.71,False,False,False,False,False,False,0.004,0.001,True,False,LOW
137.664,,10.4,-174.3,-3.93,6.77,1.84,-2.75,False,False,False,False,False,False,-0.002,-0.0,True,False,LOW
137.689,,10.47,-174.46,-4.02,6.79,1.8,-2.77,False,False,False,False,False,False,-0.02,0.005,True,False,LOW
137.856,,10.97,-174.73,-4.26,7.12,1.54,-2.94,False,False,False,False,False,False,-0.013,0.002,True,False,LOW
138.005,,11.04,-174.59,-4.23,7.31,1.49,-3.01,False,False,False,False,False,False,-0.004,-0.008,True,False,LOW
138.11,,10.79,-174.43,-4.2,7.28,1.54,-3.03,False,False,False,False,False,False,0.0,-0.008,True,False,LOW
138.133,,10.67,-173.95,-4.21,7.26,1.61,-3.03,False,False,False,False,False,False,-0.006,-0.008,True,False,LOW
138.26,,10.91,-172.94,-4.15,7.31,2.28,-3.02,False,False,False,False,False,False,-0.007,-0.008,True,False,LOW
138.284,,11.03,-172.73,-4.36,7.33,2.42,-3.04,False,False,False,False,False,False,-0.006,-0.016,True,False,LOW
138.467,,11.46,-174.45,-4.63,7.65,1.97,-3.28,False,False,False,False,False,False,0.018,0.058,False,False,LOW
138.491,,10.81,-175.84,-4.9,7.6,1.72,-3.34,False,False,False,False,False,False,0.018,0.058,False,False,LOW
138.662,,11.63,-175.32,-4.57,7.86,1.19,-3.38,False,False,False,False,False,False,0.016,0.013,True,False,LOW
138.685,,10.94,-175.21,-4.61,7.8,1.14,-3.39,False,False,False,False,False,False,-0.007,-0.006,True,False,LOW
138.863,,11.65,-175.06,-4.49,7.96,1.05,-3.36,False,False,False,False,False,False,0.0,-0.016,True,False,LOW
138.887,,11.59,-175.32,-4.38,7.97,1.0,-3.35,False,False,False,False,False,False,0.003,-0.016,True,False,LOW
139.06,,11.5,-175.25,-4.72,7.97,0.89,-3.46,False,False,False,False,False,False,0.008,-0.01,True,False,LOW
139.084,,12.28,-174.82,-4.89,8.07,0.93,-3.5,False,False,False,False,False,False,0.01,-0.013,True,False,LOW
139.265,,11.59,-174.73,-4.79,8.06,1.13,-3.57,False,False,False,False,False,False,0.009,-0.011,True,False,LOW
139.289,,12.05,-174.23,-4.75,8.12,1.22,-3.58,False,False,False,False,False,False,0.011,-0.011,True,False,LOW
139.456,,11.56,-174.6,-4.81,8.07,1.33,-3.62,False,False,False,False,False,False,0.014,-0.014,True,False,LOW
139.479,,11.73,-174.61,-4.95,8.08,1.34,-3.64,False,False,False,False,False,False,0.006,-0.005,True,False,LOW
139.668,,11.11,-175.5,-4.88,7.8,0.9,-3.69,False,False,False,False,False,False,0.003,-0.006,True,False,LOW
139.693,,11.04,-175.55,-4.99,7.76,0.84,-3.71,False,False,False,False,False,False,0.007,-0.007,True,False,LOW
139.857,,10.72,-175.7,-4.76,7.46,0.58,-3.66,False,False,False,False,False,False,0.057,0.01,True,False,LOW
139.879,,11.51,-175.49,-4.54,7.53,0.57,-3.63,False,False,False,False,False,False,0.061,0.014,True,False,LOW
140.064,,11.53,-176.13,-4.58,7.78,0.21,-3.52,False,False,False,False,False,False,0.064,0.011,True,False,LOW
140.087,,11.5,-174.76,-4.45,7.8,0.34,-3.49,False,False,False,False,False,False,0.058,0.019,True,False,LOW
140.256,,12.49,-175.87,-4.5,8.4,0.25,-3.42,False,False,False,False,False,False,0.059,0.023,True,False,LOW
140.28,,12.48,-176.62,-4.56,8.47,0.14,-3.42,False,False,False,False,False,False,0.072,0.018,True,False,LOW
140.472,,13.41,-177.51,-4.91,9.25,-0.76,-3.61,False,False,False,False,False,False,0.068,0.02,True,False,LOW
140.496,,13.73,-176.79,-4.95,9.39,-0.76,-3.63,False,False,False,False,False,False,0.006,0.016,True,False,LOW
140.667,,14.28,-175.86,-5.17,10.11,-0.28,-3.83,False,False,False,False,False,False,-0.0,-0.011,True,False,LOW
140.691,,14.38,-174.37,-5.29,10.21,-0.0,-3.88,False,False,False,False,False,False,-0.001,-0.012,True,False,LOW
140.874,,14.43,-176.6,-5.58,10.58,-0.31,-4.18,False,False,False,False,False,False,0.022,0.023,True,False,LOW
140.905,,13.7,-177.39,-5.85,10.51,-0.48,-4.26,False,False,False,False,False,False,-0.045,0.009,True,False,LOW
141.068,,13.6,-176.93,-5.7,10.28,-0.7,-4.41,False,False,False,False,False,False,-0.005,0.0,True,False,LOW
141.09,,13.01,-176.57,-5.91,10.18,-0.68,-4.45,False,False,False,False,False,False,0.011,-0.005,True,False,LOW
141.273,,14.31,-177.63,-5.88,10.5,-1.18,-4.6,False,False,False,False,False,False,0.013,-0.007,True,False,LOW
141.296,,13.5,-175.99,-5.77,10.43,-1.02,-4.61,False,False,False,False,False,False,0.022,-0.003,True,False,LOW
141.458,,12.53,-174.21,-5.76,9.69,0.46,-4.61,False,False,False,False,False,False,0.021,-0.006,True,False,LOW
141.481,,9.35,-174.27,-5.17,9.12,0.64,-4.53,False,False,False,False,False,False,0.029,0.001,True,False,LOW
141.665,,7.35,-172.87,-2.74,6.04,2.06,-2.91,False,False,False,False,False,False,-0.002,0.006,True,False,LOW
141.692,,4.34,-166.83,0.65,5.08,3.35,-2.12,False,False,False,False,False,False,-0.032,0.012,True,False,LOW
141.856,,17.03,-169.04,0.13,9.37,5.41,-0.24,False,False,False,False,True,True,-0.305,0.013,True,False,LOW
141.875,,0.0,0.0,0.0,0.0,0.0,0.0,False,False,False,True,False,True,0.0,0.0,False,False,LOW
142.058,,0.0,0.0,0.0,0.0,0.0,0.0,False,False,False,True,False,True,0.0,0.0,False,False,LOW
142.075,,0.0,0.0,0.0,0.0,0.0,0.0,False,False,False,True,False,True,0.0,0.0,False,False,LOW
142.251,,0.0,0.0,0.0,0.0,0.0,0.0,False,False,False,True,False,True,0.0,0.0,False,False,LOW
142.269,,0.0,0.0,0.0,0.0,0.0,0.0,False,False,False,True,False,True,0.0,0.0,False,False,LOW
142.456,,0.0,0.0,0.0,0.0,0.0,0.0,False,False,False,True,False,True,0.0,0.0,False,False,LOW
142.474,,0.0,0.0,0.0,0.0,0.0,0.0,False,False,False,True,False,True,0.0,0.0,False,False,LOW
142.65,,0.0,0.0,0.0,0.0,0.0,0.0,False,False,False,True,False,True,0.0,0.0,False,False,LOW
142.668,,0.0,0.0,0.0,0.0,0.0,0.0,False,False,False,True,False,True,0.0,0.0,False,False,LOW
142.864,,0.0,0.0,0.0,0.0,0.0,0.0,False,False,False,True,False,True,0.0,0.0,False,False,LOW
142.881,,0.0,0.0,0.0,0.0,0.0,0.0,False,False,False,True,False,True,0.0,0.0,False,False,LOW
143.053,,0.0,0.0,0.0,0.0,0.0,0.0,False,False,False,True,False,True,0.0,0.0,False,False,LOW
143.07,,0.0,0.0,0.0,0.0,0.0,0.0,False,False,False,True,False,True,0.0,0.0,False,False,LOW
143.259,,0.0,0.0,0.0,0.0,0.0,0.0,False,False,False,True,False,True,0.0,0.0,False,False,LOW
143.276,,0.0,0.0,0.0,0.0,0.0,0.0,False,False,False,True,False,True,0.0,0.0,False,False,LOW
143.453,,0.0,0.0,0.0,0.0,0.0,0.0,False,False,False,True,False,True,0.0,0.0,False,False,LOW
143.471,,0.0,0.0,0.0,0.0,0.0,0.0,False,False,False,True,False,True,0.0,0.0,False,False,LOW
143.657,,0.0,0.0,0.0,0.0,0.0,0.0,False,False,False,True,False,True,0.0,0.0,False,False,LOW
143.674,,0.0,0.0,0.0,0.0,0.0,0.0,False,False,False,True,False,True,0.0,0.0,False,False,LOW
143.85,,0.0,0.0,0.0,0.0,0.0,0.0,False,False,False,True,False,True,0.0,0.0,False,False,LOW
143.868,,0.0,0.0,0.0,0.0,0.0,0.0,False,False,False,True,False,True,0.0,0.0,False,False,LOW
144.058,,0.0,0.0,0.0,0.0,0.0,0.0,False,False,False,True,False,True,0.0,0.0,False,False,LOW
144.076,,0.0,0.0,0.0,0.0,0.0,0.0,False,False,False,True,False,True,0.0,0.0,False,False,LOW
144.252,,0.0,0.0,0.0,0.0,0.0,0.0,False,False,False,True,False,True,0.0,0.0,False,False,LOW
144.269,,0.0,0.0,0.0,0.0,0.0,0.0,False,False,False,True,False,True,0.0,0.0,False,False,LOW
144.459,,0.0,0.0,0.0,0.0,0.0,0.0,False,False,False,True,False,True,0.0,0.0,False,False,LOW
144.475,,0.0,0.0,0.0,0.0,0.0,0.0,False,False,False,True,False,True,0.0,0.0,False,False,LOW
144.655,,0.0,0.0,0.0,0.0,0.0,0.0,False,False,False,True,False,True,0.0,0.0,False,False,LOW
144.674,,0.0,0.0,0.0,0.0,0.0,0.0,False,False,False,True,False,True,0.0,0.0,False,False,LOW
144.857,,0.0,0.0,0.0,0.0,0.0,0.0,False,False,False,True,False,True,0.0,0.0,False,False,LOW
144.874,,0.0,0.0,0.0,0.0,0.0,0.0,False,False,False,True,False,True,0.0,0.0,False,False,LOW
145.051,,0.0,0.0,0.0,0.0,0.0,0.0,False,False,False,True,False,True,0.0,0.0,False,False,LOW
145.067,,0.0,0.0,0.0,0.0,0.0,0.0,False,False,False,True,False,True,0.0,0.0,False,False,LOW
145.261,,0.0,0.0,0.0,0.0,0.0,0.0,False,False,False,True,False,True,0.0,0.0,False,False,LOW
145.277,,0.0,0.0,0.0,0.0,0.0,0.0,False,False,False,True,False,True,0.0,0.0,False,False,LOW
145.449,,0.0,0.0,0.0,0.0,0.0,0.0,False,False,False,True,False,True,0.0,0.0,False,False,LOW
145.466,,0.0,0.0,0.0,0.0,0.0,0.0,False,False,False,True,False,True,0.0,0.0,False,False,LOW
145.671,,0.0,0.0,0.0,0.0,0.0,0.0,False,False,False,True,False,True,0.0,0.0,False,False,LOW
145.688,,0.0,0.0,0.0,0.0,0.0,0.0,False,False,False,True,False,True,0.0,0.0,False,False,LOW
145.849,,0.0,0.0,0.0,0.0,0.0,0.0,False,False,False,True,False,True,0.0,0.0,False,False,MODERATE
145.867,,0.0,0.0,0.0,0.0,0.0,0.0,False,False,False,True,False,True,0.0,0.0,False,False,MODERATE
146.061,,0.0,0.0,0.0,0.0,0.0,0.0,False,False,False,True,False,True,0.0,0.0,False,False,MODERATE
146.079,,0.0,0.0,0.0,0.0,0.0,0.0,False,False,False,True,False,True,0.0,0.0,False,False,MODERATE
146.25,,0.0,0.0,0.0,0.0,0.0,0.0,False,False,False,True,False,True,0.0,0.0,False,False,MODERATE
146.268,,0.0,0.0,0.0,0.0,0.0,0.0,False,False,False,True,False,True,0.0,0.0,False,False,MODERATE
146.459,,0.0,0.0,0.0,0.0,0.0,0.0,False,False,False,True,False,True,0.0,0.0,False,False,MODERATE
146.477,,0.0,0.0,0.0,0.0,0.0,0.0,False,False,False,True,False,True,0.0,0.0,False,False,MODERATE
146.65,,0.0,0.0,0.0,0.0,0.0,0.0,False,False,False,True,False,True,0.0,0.0,False,False,MODERATE
146.738,,0.0,0.0,0.0,0.0,0.0,0.0,False,False,False,True,False,True,0.0,0.0,False,False,MODERATE
146.858,,0.0,0.0,0.0,0.0,0.0,0.0,False,False,False,True,False,True,0.0,0.0,False,False,MODERATE
146.875,,0.0,0.0,0.0,0.0,0.0,0.0,False,False,False,True,False,True,0.0,0.0,False,False,MODERATE
147.052,,0.0,0.0,0.0,0.0,0.0,0.0,False,False,False,True,False,True,0.0,0.0,False,False,MODERATE
147.078,,-37.73,-177.77,-0.55,-39.86,-1.53,0.58,False,False,False,False,False,False,-0.023,0.017,True,False,MODERATE
147.261,,0.0,0.0,0.0,0.0,0.0,0.0,False,False,False,True,False,True,0.0,0.0,False,False,MODERATE
147.285,,-25.98,-175.79,4.23,-33.62,-0.51,3.4,False,False,False,False,False,False,-0.018,0.017,True,False,MODERATE
147.459,,-23.97,-169.78,3.26,-30.14,3.26,3.94,False,False,False,False,False,False,0.005,0.003,True,False,MODERATE
147.484,,-18.02,-173.59,2.44,-28.5,3.14,3.89,False,False,False,False,False,False,0.016,0.031,True,False,MODERATE
147.653,,-11.16,-176.77,1.78,-19.94,1.11,3.4,False,False,False,False,False,False,0.011,0.015,True,False,MODERATE
147.678,,-6.57,179.84,1.93,-17.73,0.27,3.35,False,False,False,False,False,False,-0.006,0.004,True,False,MODERATE
147.855,,-3.54,-177.44,1.04,-10.88,-0.67,2.73,False,False,False,False,False,False,-0.006,0.017,True,False,MODERATE
147.88,,0.38,-177.0,0.53,-9.16,-0.72,2.58,False,False,False,False,False,False,-0.0,0.005,True,False,MODERATE
148.051,,2.15,-176.69,0.33,-4.3,-0.69,2.0,False,False,False,False,False,False,0.004,0.003,True,False,MODERATE
148.077,,3.75,-177.55,0.07,-3.31,-0.82,1.88,False,False,False,False,False,False,0.018,0.058,False,False,MODERATE
148.256,,3.66,-175.57,-0.32,-1.22,-0.14,1.31,False,False,False,False,False,False,-0.01,0.034,True,False,MODERATE
148.282,,3.87,-175.88,-0.46,-0.94,-0.1,1.22,False,False,False,False,False,False,0.002,0.013,True,False,MODERATE
148.455,,2.35,-175.69,-0.95,-1.08,0.13,0.67,False,False,False,False,False,False,0.006,0.007,True,False,MODERATE
148.478,,2.05,-175.24,-1.33,-1.14,0.22,0.56,False,False,False,False,False,False,-0.003,0.009,True,False,MODERATE
148.665,,1.97,-175.81,-1.76,-1.38,0.22,-0.09,False,False,False,False,False,False,-0.005,0.005,True,False,MODERATE
148.689,,1.58,-174.87,-1.96,-1.45,0.34,-0.19,False,False,False,False,False,False,-0.009,0.001,True,False,MODERATE
148.858,,0.85,-174.48,-2.0,-2.1,0.98,-0.54,False,False,False,False,False,False,-0.07,-0.001,True,False,MODERATE
148.881,,1.36,-174.22,-2.3,-2.11,1.09,-0.62,False,False,False,False,False,False,-0.061,-0.005,True,False,MODERATE
149.067,,1.3,-174.2,-2.14,-2.18,1.5,-0.82,False,False,False,False,False,False,-0.064,0.002,True,False,MODERATE
149.09,,0.96,-173.13,-2.07,-2.23,1.69,-0.84,False,False,False,False,False,False,-0.061,-0.008,True,False,LOW
149.258,,1.65,-172.6,-1.96,-2.06,2.62,-0.82,False,False,False,False,False,False,-0.012,-0.002,True,False,LOW
149.282,,1.65,-173.36,-1.75,-2.03,2.63,-0.79,False,False,False,False,False,False,-0.009,-0.003,True,False,LOW
149.459,,2.33,-173.02,-1.71,-1.6,2.83,-0.67,False,False,False,False,False,False,0.004,-0.002,True,False,LOW
149.481,,2.6,-173.63,-1.38,-1.51,2.78,-0.62,False,False,False,False,False,False,-0.001,-0.004,True,False,LOW
149.651,,3.02,-172.55,-1.49,-0.99,3.15,-0.47,False,False,False,False,False,False,0.004,-0.005,True,False,LOW
149.68,,2.04,-173.3,-1.3,-1.07,3.08,-0.42,False,False,False,False,False,False,-0.013,0.009,True,False,LOW
149.859,,2.49,-175.75,-1.52,-1.06,1.56,-0.39,False,False,False,False,False,False,0.018,0.058,False,False,LOW
149.882,,1.94,-174.43,-1.82,-1.13,1.57,-0.43,False,False,False,False,False,False,0.009,0.015,True,False,LOW
150.051,,3.08,-173.29,-1.72,-0.78,2.17,-0.5,False,False,False,False,False,False,0.008,0.003,True,False,LOW
150.078,,2.76,-173.83,-1.78,-0.78,2.18,-0.52,False,False,False,False,False,False,0.01,-0.0,True,False,LOW
150.26,,2.45,-172.39,-1.73,-0.95,2.97,-0.55,False,False,False,False,False,False,0.01,0.005,True,False,LOW
150.283,,2.89,-172.52,-1.53,-0.91,3.04,-0.53,False,False,False,False,False,False,0.032,0.003,True,False,LOW
150.45,,2.41,-173.1,-1.57,-1.02,2.98,-0.47,False,False,False,False,False,False,0.055,0.004,True,False,LOW
150.477,,2.69,-172.63,-1.66,-1.0,3.05,-0.48,False,False,False,False,False,False,0.059,0.002,True,False,LOW
150.655,,2.37,-173.52,-1.62,-1.09,2.76,-0.47,False,False,False,False,False,False,0.065,0.008,True,False,LOW
150.679,,3.0,-172.14,-1.79,-1.02,2.92,-0.5,False,False,False,False,False,False,0.063,0.006,True,False,LOW
150.848,,2.77,-172.55,-1.64,-0.89,3.21,-0.49,False,False,False,False,False,False,0.059,0.018,True,False,LOW
150.877,,2.38,-173.5,-1.7,-0.93,3.11,-0.5,False,False,False,False,False,False,0.057,0.015,True,False,LOW
151.063,,2.19,-173.49,-1.68,-1.16,2.8,-0.52,False,False,False,False,False,False,0.057,0.014,True,False,LOW
151.087,,2.18,-172.91,-1.61,-1.18,2.84,-0.51,False,False,False,False,False,False,0.059,0.017,True,False,LOW
151.249,,2.68,-173.51,-1.66,-1.02,2.68,-0.51,False,False,False,False,False,False,0.058,0.014,True,False,LOW
151.277,,2.98,-173.89,-2.06,-0.95,2.6,-0.57,False,False,False,False,True,True,0.008,0.038,True,False,LOW
151.456,,3.17,-172.9,-2.0,-0.64,2.88,-0.72,False,False,False,False,True,True,0.022,0.036,True,False,LOW
151.479,,2.66,-173.34,-2.06,-0.67,2.86,-0.74,False,False,False,False,False,False,0.004,0.012,True,False,LOW
151.651,,3.14,-173.61,-2.07,-0.53,2.63,-0.84,False,False,False,False,False,False,0.042,0.013,True,False,LOW
151.679,,3.13,-173.66,-1.93,-0.51,2.59,-0.83,False,False,False,False,False,False,0.053,0.009,True,False,LOW
151.854,,3.09,-173.11,-1.91,-0.48,2.76,-0.79,False,False,False,False,False,False,0.05,0.008,True,False,LOW
151.878,,3.12,-173.2,-2.02,-0.47,2.77,-0.8,False,False,False,False,False,False,0.056,0.012,True,False,LOW
152.05,,3.23,-173.08,-2.24,-0.39,2.86,-0.95,False,False,False,False,False,False,0.036,0.012,True,False,LOW
152.078,,3.51,-172.55,-2.17,-0.33,2.96,-0.96,False,False,False,False,False,False,0.006,0.01,True,False,LOW
152.257,,3.64,-172.31,-2.04,-0.1,3.37,-0.92,False,False,False,False,False,False,0.002,0.004,True,False,LOW
152.28,,3.62,-172.33,-1.89,-0.08,3.41,-0.9,False,False,False,False,False,False,0.004,0.001,True,False,LOW
152.448,,2.9,-173.87,-2.06,-0.37,2.77,-0.91,False,False,False,False,False,False,-0.003,0.025,True,False,LOW
152.476,,3.43,-172.65,-2.22,-0.33,2.86,-0.93,False,False,False,False,False,False,0.018,0.058,False,False,LOW
152.654,,3.96,-172.26,-2.26,0.07,3.35,-1.03,False,False,False,False,False,False,0.018,0.058,False,False,LOW
152.678,,3.7,-173.39,-2.07,0.08,3.25,-1.01,False,False,False,False,False,False,0.014,0.013,True,False,LOW
152.853,,3.35,-172.98,-2.15,-0.06,3.15,-1.01,False,False,False,False,False,False,0.014,0.004,True,False,LOW
152.878,,3.25,-172.67,-2.13,-0.09,3.18,-1.0,False,False,False,False,False,False,0.005,-0.003,True,False,LOW
153.057,,3.09,-172.78,-2.02,-0.28,3.21,-0.93,False,False,False,False,False,False,0.003,-0.005,True,False,LOW
153.081,,2.09,-173.32,-1.8,-0.44,3.15,-0.89,False,False,False,False,False,False,0.05,0.015,True,False,LOW
153.248,,2.28,-172.54,-2.08,-0.87,3.32,-0.91,False,False,False,False,False,False,0.029,0.011,True,False,LOW
153.277,,2.98,-172.14,-2.0,-0.82,3.41,-0.9,False,False,False,False,False,False,0.01,0.007,True,False,LOW
153.454,,3.32,-172.96,-2.04,-0.5,3.23,-0.9,False,False,False,False,False,False,0.01,0.003,True,False,LOW
153.477,,3.45,-173.02,-2.01,-0.45,3.2,-0.89,False,False,False,False,False,False,0.015,0.001,True,False,LOW
153.646,,3.21,-172.5,-2.04,-0.39,3.37,-0.89,False,False,False,False,False,False,0.01,-0.002,True,False,LOW
153.676,,2.88,-173.73,-2.2,-0.43,3.2,-0.92,False,False,False,False,False,False,0.01,0.029,True,False,LOW
153.86,,3.28,-173.36,-2.25,-0.34,2.91,-1.01,False,False,False,False,False,False,0.008,0.007,True,False,LOW
153.883,,3.64,-173.4,-2.35,-0.28,2.87,-1.04,False,False,False,False,False,False,0.001,0.001,True,False,LOW
154.049,,3.57,-173.17,-2.08,-0.12,2.87,-0.98,False,False,False,False,False,False,0.003,-0.003,True,False,LOW
154.076,,4.14,-173.13,-2.25,-0.01,2.87,-1.0,False,False,False,False,False,False,0.011,0.004,True,False,LOW
154.257,,3.58,-173.24,-2.26,0.02,2.83,-1.06,False,False,False,False,False,False,0.008,0.002,True,False,LOW
154.28,,3.76,-172.9,-2.1,0.04,2.87,-1.05,False,False,False,False,False,False,0.013,0.004,True,False,LOW
154.447,,4.25,-173.65,-2.08,0.39,2.62,-0.99,False,False,False,False,False,False,0.011,0.007,True,False,LOW
154.477,,3.68,-173.62,-2.27,0.35,2.58,-1.01,False,False,False,False,False,False,0.011,0.008,True,False,LOW
154.657,,4.81,-173.71,-2.28,0.84,2.44,-1.07,False,False,False,False,False,False,0.012,0.003,True,False,LOW
154.68,,4.31,-173.88,-2.26,0.83,2.4,-1.08,False,False,False,False,False,False,0.006,0.005,True,False,LOW
154.846,,4.0,-173.95,-2.4,0.64,2.24,-1.17,False,False,False,False,False,False,0.014,0.009,True,False,LOW
154.877,,5.05,-174.42,-2.61,0.79,2.13,-1.21,False,False,False,False,False,False,0.018,0.058,False,False,LOW
155.057,,5.47,-174.45,-2.51,1.41,1.84,-1.29,False,False,False,False,False,False,0.005,0.028,True,False,LOW
155.08,,4.89,-174.31,-2.6,1.4,1.82,-1.31,False,False,False,False,False,False,0.006,0.005,True,False,LOW
155.261,,5.18,-173.41,-2.28,1.53,2.25,-1.22,False,False,False,False,False,False,0.01,0.008,True,False,LOW
155.285,,4.07,-173.57,-2.18,1.39,2.27,-1.19,False,False,False,False,False,False,0.011,0.007,True,False,LOW
155.455,,4.58,-173.65,-2.08,1.21,2.33,-1.06,False,False,False,False,False,False,0.012,0.003,True,False,LOW
155.477,,3.98,-174.59,-1.58,1.11,2.21,-0.97,False,False,False,False,False,False,0.017,-0.001,True,False,LOW
155.652,,4.96,-173.68,-1.33,1.27,2.29,-0.55,False,False,False,False,False,False,0.011,-0.005,True,False,LOW
155.676,,4.41,-173.45,-1.16,1.22,2.32,-0.48,False,False,False,False,False,False,0.016,-0.003,True,False,LOW
155.855,,1.58,-170.97,-1.29,-0.52,3.81,-0.3,False,False,False,False,False,False,0.009,0.005,True,False,LOW
155.879,,0.4,-171.96,-1.33,-0.92,3.85,-0.28,False,False,False,False,False,False,0.002,-0.003,True,False,LOW
156.049,,1.58,-171.31,-0.79,-1.48,4.31,0.05,False,False,False,False,False,False,-0.002,-0.008,True,False,LOW
156.077,,5.13,-171.36,0.47,-1.01,4.36,0.3,False,False,False,False,False,False,0.012,-0.005,True,False,LOW
156.257,,10.53,-168.73,1.32,3.56,5.98,1.5,False,False,False,False,False,False,0.019,-0.008,True,False,LOW
156.281,,9.24,-164.3,2.43,3.9,6.92,1.81,False,False,False,False,False,False,0.012,-0.005,True,False,LOW
156.46,,24.31,-166.19,4.55,14.38,8.6,4.0,False,False,False,False,True,True,-0.234,-0.01,True,False,LOW
156.48,,0.0,0.0,0.0,0.0,0.0,0.0,False,False,False,True,False,True,0.0,0.0,False,False,LOW
156.668,,-33.93,-164.92,5.57,-21.94,10.1,5.62,False,False,False,False,False,False,0.043,0.012,True,False,LOW
156.688,,0.0,0.0,0.0,0.0,0.0,0.0,False,False,False,True,False,True,0.0,0.0,False,False,LOW
156.852,,0.0,0.0,0.0,0.0,0.0,0.0,False,False,False,True,False,True,0.0,0.0,False,False,LOW
156.871,,0.0,0.0,0.0,0.0,0.0,0.0,False,False,False,True,False,True,0.0,0.0,False,False,LOW
157.06,,0.0,0.0,0.0,0.0,0.0,0.0,False,False,False,True,False,True,0.0,0.0,False,False,LOW
157.078,,0.0,0.0,0.0,0.0,0.0,0.0,False,False,False,True,False,True,0.0,0.0,False,False,LOW
157.25,,0.0,0.0,0.0,0.0,0.0,0.0,False,False,False,True,False,True,0.0,0.0,False,False,LOW
157.272,,0.0,0.0,0.0,0.0,0.0,0.0,False,False,False,True,False,True,0.0,0.0,False,False,LOW
157.451,,0.0,0.0,0.0,0.0,0.0,0.0,False,False,False,True,False,True,0.0,0.0,False,False,LOW
157.468,,0.0,0.0,0.0,0.0,0.0,0.0,False,False,False,True,False,True,0.0,0.0,False,False,LOW
157.645,,0.0,0.0,0.0,0.0,0.0,0.0,False,False,False,True,False,True,0.0,0.0,False,False,LOW
157.672,,0.0,0.0,0.0,0.0,0.0,0.0,False,False,False,True,False,True,0.0,0.0,False,False,LOW
157.849,,0.0,0.0,0.0,0.0,0.0,0.0,False,False,False,True,False,True,0.0,0.0,False,False,LOW
157.866,,0.0,0.0,0.0,0.0,0.0,0.0,False,False,False,True,False,True,0.0,0.0,False,False,LOW
158.043,,0.0,0.0,0.0,0.0,0.0,0.0,False,False,False,True,False,True,0.0,0.0,False,False,LOW
158.06,,0.0,0.0,0.0,0.0,0.0,0.0,False,False,False,True,False,True,0.0,0.0,False,False,LOW
158.249,,0.0,0.0,0.0,0.0,0.0,0.0,False,False,False,True,False,True,0.0,0.0,False,False,LOW
158.267,,0.0,0.0,0.0,0.0,0.0,0.0,False,False,False,True,False,True,0.0,0.0,False,False,LOW
158.442,,0.0,0.0,0.0,0.0,0.0,0.0,False,False,False,True,False,True,0.0,0.0,False,False,LOW
158.459,,0.0,0.0,0.0,0.0,0.0,0.0,False,False,False,True,False,True,0.0,0.0,False,False,LOW
158.651,,0.0,0.0,0.0,0.0,0.0,0.0,False,False,False,True,False,True,0.0,0.0,False,False,LOW
158.669,,0.0,0.0,0.0,0.0,0.0,0.0,False,False,False,True,False,True,0.0,0.0,False,False,LOW
158.844,,0.0,0.0,0.0,0.0,0.0,0.0,False,False,False,True,False,True,0.0,0.0,False,False,LOW
158.861,,0.0,0.0,0.0,0.0,0.0,0.0,False,False,False,True,False,True,0.0,0.0,False,False,LOW
159.05,,0.0,0.0,0.0,0.0,0.0,0.0,False,False,False,True,False,True,0.0,0.0,False,False,LOW
159.066,,0.0,0.0,0.0,0.0,0.0,0.0,False,False,False,True,False,True,0.0,0.0,False,False,LOW
159.243,,0.0,0.0,0.0,0.0,0.0,0.0,False,False,False,True,False,True,0.0,0.0,False,False,LOW
159.261,,0.0,0.0,0.0,0.0,0.0,0.0,False,False,False,True,False,True,0.0,0.0,False,False,LOW
159.452,,0.0,0.0,0.0,0.0,0.0,0.0,False,False,False,True,False,True,0.0,0.0,False,False,LOW
159.469,,0.0,0.0,0.0,0.0,0.0,0.0,False,False,False,True,False,True,0.0,0.0,False,False,LOW
159.64,,0.0,0.0,0.0,0.0,0.0,0.0,False,False,False,True,False,True,0.0,0.0,False,False,LOW
159.657,,0.0,0.0,0.0,0.0,0.0,0.0,False,False,False,True,False,True,0.0,0.0,False,False,LOW
159.852,,0.0,0.0,0.0,0.0,0.0,0.0,False,False,False,True,False,True,0.0,0.0,False,False,LOW
159.869,,0.0,0.0,0.0,0.0,0.0,0.0,False,False,False,True,False,True,0.0,0.0,False,False,LOW
160.043,,0.0,0.0,0.0,0.0,0.0,0.0,False,False,False,True,False,True,0.0,0.0,False,False,LOW
160.06,,0.0,0.0,0.0,0.0,0.0,0.0,False,False,False,True,False,True,0.0,0.0,False,False,LOW
160.256,,0.0,0.0,0.0,0.0,0.0,0.0,False,False,False,True,False,True,0.0,0.0,False,False,LOW
160.272,,0.0,0.0,0.0,0.0,0.0,0.0,False,False,False,True,False,True,0.0,0.0,False,False,LOW
160.441,,0.0,0.0,0.0,0.0,0.0,0.0,False,False,False,True,False,True,0.0,0.0,False,False,MODERATE
160.459,,0.0,0.0,0.0,0.0,0.0,0.0,False,False,False,True,False,True,0.0,0.0,False,False,MODERATE
160.65,,0.0,0.0,0.0,0.0,0.0,0.0,False,False,False,True,False,True,0.0,0.0,False,False,MODERATE
160.668,,0.0,0.0,0.0,0.0,0.0,0.0,False,False,False,True,False,True,0.0,0.0,False,False,MODERATE
160.843,,0.0,0.0,0.0,0.0,0.0,0.0,False,False,False,True,False,True,0.0,0.0,False,False,MODERATE
160.86,,0.0,0.0,0.0,0.0,0.0,0.0,False,False,False,True,False,True,0.0,0.0,False,False,MODERATE
161.05,,0.0,0.0,0.0,0.0,0.0,0.0,False,False,False,True,False,True,0.0,0.0,False,False,MODERATE
161.069,,0.0,0.0,0.0,0.0,0.0,0.0,False,False,False,True,False,True,0.0,0.0,False,False,MODERATE
161.24,,0.0,0.0,0.0,0.0,0.0,0.0,False,False,False,True,False,True,0.0,0.0,False,False,MODERATE
161.309,,0.0,0.0,0.0,0.0,0.0,0.0,False,False,False,True,False,True,0.0,0.0,False,False,MODERATE
161.449,,0.0,0.0,0.0,0.0,0.0,0.0,False,False,False,True,False,True,0.0,0.0,False,False,MODERATE
161.476,,-28.3,-170.48,1.63,-31.53,5.7,2.87,False,False,False,False,False,False,0.002,0.015,True,False,MODERATE
161.646,,0.0,0.0,0.0,0.0,0.0,0.0,False,False,False,True,False,True,0.0,0.0,False,False,MODERATE
161.674,,-12.98,-166.65,-2.12,-22.32,7.8,0.67,False,False,False,False,False,False,0.014,0.02,True,False,MODERATE
161.856,,-14.16,-170.93,-3.42,-19.63,6.35,-0.96,False,False,False,False,False,False,0.018,0.001,True,False,MODERATE
161.88,,-7.01,-171.14,-3.36,-17.91,6.14,-1.15,False,False,False,False,False,False,0.039,0.012,True,False,MODERATE
162.055,,-6.06,-173.27,-1.47,-12.83,4.29,-0.7,False,False,False,False,False,False,0.027,0.013,True,False,MODERATE
162.079,,-5.42,-175.22,-0.63,-12.11,3.74,-0.54,False,False,False,False,False,False,0.013,0.004,True,False,MODERATE
162.256,,-4.65,-174.0,-0.48,-9.77,2.78,0.1,False,False,False,False,False,False,0.004,0.016,True,False,MODERATE
162.28,,-3.2,-176.27,-0.94,-9.24,2.31,0.12,False,False,False,False,False,False,0.018,0.058,False,False,MODERATE
162.449,,-1.02,-176.71,-1.22,-6.53,0.65,0.02,False,False,False,False,False,False,0.018,0.058,False,False,MODERATE
162.473,,0.65,-175.67,-1.56,-5.9,0.6,-0.04,False,False,False,False,False,False,-0.003,0.005,True,False,MODERATE
162.654,,1.25,-175.32,-1.92,-3.77,0.66,-0.43,False,False,False,False,False,False,0.013,-0.0,True,False,MODERATE
162.678,,1.12,-174.05,-1.95,-3.56,0.84,-0.48,False,False,False,False,False,False,0.023,-0.004,True,False,MODERATE
162.851,,0.35,-175.05,-2.01,-3.35,0.91,-0.68,False,False,False,False,False,False,0.027,-0.006,True,False,MODERATE
162.875,,-0.19,-173.73,-1.92,-3.41,1.1,-0.69,False,False,False,False,False,False,0.02,-0.0,True,False,MODERATE
163.057,,-0.33,-173.07,-1.84,-3.66,2.12,-0.69,False,False,False,False,False,False,0.014,0.01,True,False,MODERATE
163.081,,0.04,-172.84,-1.59,-3.64,2.27,-0.66,False,False,False,False,False,False,0.013,0.005,True,False,MODERATE
163.247,,0.7,-171.61,-1.08,-3.22,3.41,-0.28,False,False,False,False,False,False,0.011,0.005,True,False,MODERATE
163.271,,1.52,-172.25,-1.14,-3.05,3.47,-0.24,False,False,False,False,False,False,0.009,0.003,True,False,MODERATE
163.457,,0.93,-174.22,-1.63,-2.81,2.57,-0.37,False,False,False,False,True,True,0.015,0.046,True,False,MODERATE
163.479,,0.62,-172.88,-1.91,-2.82,2.64,-0.42,False,False,False,False,True,True,0.02,0.044,True,False,LOW
163.649,,0.97,-173.54,-1.92,-2.69,2.56,-0.6,False,False,False,False,False,False,-0.002,0.001,True,False,LOW
163.672,,0.8,-172.28,-2.0,-2.7,2.72,-0.63,False,False,False,False,False,False,-0.001,0.001,True,False,LOW
163.858,,0.72,-172.01,-1.84,-2.76,3.44,-0.66,False,False,False,False,False,False,-0.012,-0.004,True,False,LOW
163.88,,1.39,-172.03,-1.84,-2.69,3.51,-0.67,False,False,False,False,False,False,-0.014,-0.004,True,False,LOW
164.048,,1.1,-172.4,-1.78,-2.56,3.57,-0.65,False,False,False,False,False,False,-0.004,-0.008,True,False,LOW
164.072,,1.02,-172.02,-1.81,-2.55,3.63,-0.65,False,False,False,False,False,False,-0.003,-0.005,True,False,LOW
164.258,,2.06,-171.75,-1.64,-1.97,3.99,-0.56,False,False,False,False,False,False,0.01,-0.003,True,False,LOW
164.283,,1.84,-172.27,-1.7,-1.93,3.96,-0.56,False,False,False,False,False,False,0.006,0.001,True,False,LOW
164.457,,1.74,-171.99,-1.68,-1.86,4.0,-0.55,False,False,False,False,False,False,0.008,0.0,True,False,LOW
164.482,,1.89,-173.4,-1.79,-1.83,3.8,-0.56,False,False,False,False,False,False,0.018,0.058,False,False,LOW
164.665,,1.61,-173.64,-1.86,-1.88,3.03,-0.64,False,False,False,False,False,False,0.018,0.058,False,False,LOW
164.687,,2.06,-172.99,-1.93,-1.83,3.03,-0.66,False,False,False,False,False,False,-0.05,0.028,True,False,LOW
164.861,,2.2,-172.56,-1.92,-1.57,3.26,-0.72,False,False,False,False,False,False,-0.073,0.013,True,False,LOW
165.033,,2.32,-172.22,-1.93,-1.39,3.55,-0.75,False,False,False,False,False,False,-0.054,0.004,True,False,LOW
165.147,,1.94,-172.69,-1.83,-1.48,3.46,-0.72,False,False,False,False,False,False,-0.052,-0.002,True,False,LOW
165.171,,2.31,-171.62,-1.9,-1.44,3.59,-0.72,False,False,False,False,False,False,-0.048,-0.0,True,False,LOW
165.287,,2.26,-173.36,-1.93,-1.37,3.2,-0.75,False,False,False,False,False,False,-0.055,-0.005,True,False,LOW
165.311,,3.31,-172.26,-2.13,-1.22,3.28,-0.78,False,False,False,False,False,False,-0.04,-0.001,True,False,LOW
165.457,,2.51,-173.02,-2.1,-1.13,3.15,-0.86,False,False,False,False,False,False,-0.043,-0.0,True,False,LOW
165.479,,2.38,-172.35,-2.02,-1.13,3.21,-0.86,False,False,False,False,False,False,-0.037,0.004,True,False,LOW
165.657,,1.81,-172.42,-1.98,-1.45,3.43,-0.85,False,False,False,False,False,False,-0.032,0.009,True,False,LOW
165.681,,2.09,-172.21,-2.1,-1.45,3.48,-0.86,False,False,False,False,False,False,-0.032,0.005,True,False,LOW
165.855,,2.12,-170.95,-1.72,-1.43,4.33,-0.71,False,False,False,False,False,False,-0.002,-0.004,True,False,LOW
165.879,,2.53,-171.52,-1.38,-1.38,4.36,-0.64,False,False,False,False,False,False,0.007,-0.01,True,False,LOW
166.05,,1.61,-172.07,-1.05,-1.66,4.15,-0.25,False,False,False,False,False,False,0.02,-0.003,True,False,LOW
166.072,,2.34,-171.83,-1.31,-1.61,4.16,-0.24,False,False,False,False,False,False,0.019,-0.007,True,False,LOW
166.255,,1.34,-171.78,-1.33,-1.92,4.21,-0.21,False,False,False,False,False,False,0.009,0.005,True,False,LOW
166.28,,1.27,-172.34,-1.29,-1.97,4.14,-0.2,False,False,False,False,False,False,0.004,0.0,True,False,LOW
166.452,,1.72,-171.49,-1.24,-1.89,4.35,-0.14,False,False,False,False,False,False,0.004,0.001,True,False,LOW
166.478,,0.84,-173.99,-1.74,-2.01,4.0,-0.21,False,False,False,False,False,False,0.018,0.058,False,False,LOW
166.661,,2.69,-172.87,-1.91,-1.39,3.54,-0.5,False,False,False,False,False,False,0.018,0.058,False,False,LOW
166.685,,2.64,-172.01,-2.02,-1.32,3.6,-0.55,False,False,False,False,False,False,0.018,0.058,False,False,LOW
166.851,,1.55,-172.59,-1.51,-1.66,3.52,-0.45,False,False,False,False,False,False,0.02,0.014,True,False,LOW
166.873,,0.95,-172.39,-1.61,-1.79,3.53,-0.45,False,False,False,False,False,False,0.009,0.008,True,False,LOW
167.057,,0.89,-171.7,-1.65,-2.26,3.96,-0.48,False,False,False,False,False,False,0.01,0.001,True,False,LOW
167.08,,0.26,-172.23,-1.79,-2.39,3.94,-0.5,False,False,False,False,False,False,0.012,0.002,True,False,LOW
167.251,,0.93,-172.06,-1.74,-2.51,3.96,-0.55,False,False,False,False,False,False,0.005,0.001,True,False,LOW
167.275,,0.74,-171.93,-1.75,-2.55,3.98,-0.55,False,False,False,False,False,False,0.041,0.007,True,False,LOW
167.454,,0.4,-172.13,-1.58,-2.87,3.94,-0.49,False,False,False,False,False,False,0.057,0.015,True,False,LOW
167.481,,0.82,-172.37,-1.67,-2.84,3.9,-0.49,False,False,False,False,False,False,0.053,0.013,True,False,LOW
167.653,,0.73,-172.5,-1.5,-2.83,3.7,-0.42,False,False,False,False,False,False,0.066,0.016,True,False,LOW
167.676,,0.66,-172.22,-1.39,-2.83,3.72,-0.4,False,False,False,False,False,False,0.061,0.015,True,False,LOW
167.855,,0.6,-171.83,-1.39,-2.89,3.97,-0.31,False,False,False,False,False,False,0.08,0.019,True,False,LOW
167.877,,0.76,-172.27,-1.44,-2.88,3.95,-0.31,False,False,False,False,False,False,0.078,0.017,True,False,LOW
168.051,,0.64,-171.78,-1.4,-2.89,4.11,-0.28,False,False,False,False,False,False,0.06,0.018,True,False,LOW
168.075,,1.02,-172.33,-1.4,-2.84,4.05,-0.27,False,False,False,False,False,False,0.064,0.016,True,False,LOW
168.24,,0.78,-172.35,-1.37,-2.8,3.86,-0.25,False,False,False,False,False,False,0.065,0.015,True,False,LOW
168.27,,1.4,-172.31,-1.72,-2.69,3.84,-0.3,False,False,False,False,False,False,0.025,-0.005,True,False,LOW
168.452,,1.67,-171.9,-1.5,-2.25,3.99,-0.33,False,False,False,False,False,False,0.011,-0.004,True,False,LOW
168.474,,0.97,-172.11,-1.48,-2.29,3.98,-0.33,False,False,False,False,False,False,-0.005,-0.006,True,False,LOW
168.641,,0.83,-171.34,-1.7,-2.5,4.35,-0.44,False,False,False,False,False,False,-0.006,-0.006,True,False,LOW
168.671,,0.46,-172.12,-1.96,-2.6,4.28,-0.5,False,False,False,False,True,True,0.022,0.036,True,False,LOW
168.847,,1.46,-172.24,-1.93,-2.32,4.02,-0.65,False,False,False,False,False,False,0.018,0.012,True,False,LOW
168.87,,1.45,-172.55,-2.01,-2.29,3.95,-0.68,False,False,False,False,False,False,0.018,0.058,False,False,LOW
169.044,,0.61,-172.2,-1.78,-2.63,3.89,-0.65,False,False,False,False,False,False,0.026,0.017,True,False,LOW
169.068,,0.7,-172.84,-1.57,-2.66,3.79,-0.62,False,False,False,False,False,False,0.019,0.008,True,False,LOW
169.248,,0.93,-172.61,-1.61,-2.63,3.59,-0.54,False,False,False,False,False,False,0.016,0.002,True,False,LOW
169.271,,0.3,-172.66,-1.61,-2.71,3.56,-0.53,False,False,False,False,False,False,0.013,0.001,True,False,LOW
169.443,,-1.17,-171.96,-1.42,-3.78,3.83,-0.39,False,False,False,False,False,False,0.013,0.012,True,False,LOW
169.47,,-0.24,-173.0,-0.91,-3.78,3.71,-0.3,False,False,False,False,False,False,0.019,0.004,True,False,LOW
169.647,,-0.69,-172.96,-0.54,-4.02,3.37,0.19,False,False,False,False,False,False,0.02,0.008,True,False,LOW
169.67,,-0.5,-174.85,-0.82,-4.02,3.07,0.21,False,False,False,False,False,False,0.013,0.011,True,False,LOW
169.846,,-0.64,-174.15,-0.75,-4.11,2.42,0.31,False,False,False,False,False,False,0.016,0.01,True,False,LOW
169.869,,-1.18,-173.89,0.1,-4.19,2.38,0.43,False,False,False,False,False,False,0.023,0.014,True,False,LOW
170.048,,2.73,-169.93,0.84,-2.36,4.39,1.28,False,False,False,False,False,False,0.001,0.016,True,False,LOW
170.072,,15.83,-170.27,-0.34,0.5,4.58,1.22,False,False,False,False,False,False,-0.057,0.005,True,False,LOW
170.243,,0.0,0.0,0.0,0.0,0.0,0.0,False,False,False,False,False,False,0.0,0.0,False,False,LOW
170.272,,-9.08,-164.86,-1.18,-6.83,8.49,0.52,False,False,False,False,False,False,0.003,0.018,True,False,LOW
170.444,,0.0,0.0,0.0,0.0,0.0,0.0,False,False,False,False,False,False,0.0,0.0,False,False,LOW
170.461,,0.0,0.0,0.0,0.0,0.0,0.0,False,False,False,False,False,False,0.0,0.0,False,False,LOW
170.635,,0.0,0.0,0.0,0.0,0.0,0.0,False,False,False,False,False,False,0.0,0.0,False,False,LOW
170.664,,0.0,0.0,0.0,0.0,0.0,0.0,False,False,False,False,False,False,0.0,0.0,False,False,LOW
170.843,,0.0,0.0,0.0,0.0,0.0,0.0,False,False,False,False,False,False,0.0,0.0,False,False,LOW
170.859,,0.0,0.0,0.0,0.0,0.0,0.0,False,False,False,False,False,False,0.0,0.0,False,False,LOW
171.037,,0.0,0.0,0.0,0.0,0.0,0.0,False,False,False,False,False,False,0.0,0.0,False,False,LOW
171.064,,0.0,0.0,0.0,0.0,0.0,0.0,False,False,False,False,False,False,0.0,0.0,False,False,LOW
171.243,,0.0,0.0,0.0,0.0,0.0,0.0,False,False,False,False,False,False,0.0,0.0,False,False,LOW
171.26,,0.0,0.0,0.0,0.0,0.0,0.0,False,False,False,False,False,False,0.0,0.0,False,False,LOW
171.433,,0.0,0.0,0.0,0.0,0.0,0.0,False,False,False,False,False,False,0.0,0.0,False,False,LOW
171.463,,0.0,0.0,0.0,0.0,0.0,0.0,False,False,False,False,False,False,0.0,0.0,False,False,LOW
171.641,,0.0,0.0,0.0,0.0,0.0,0.0,False,False,False,False,False,False,0.0,0.0,False,False,LOW
171.658,,0.0,0.0,0.0,0.0,0.0,0.0,False,False,False,False,False,False,0.0,0.0,False,False,LOW
171.835,,0.0,0.0,0.0,0.0,0.0,0.0,False,False,False,False,False,False,0.0,0.0,False,False,LOW
171.864,,0.0,0.0,0.0,0.0,0.0,0.0,False,False,False,False,False,False,0.0,0.0,False,False,LOW
172.044,,0.0,0.0,0.0,0.0,0.0,0.0,False,False,False,False,False,False,0.0,0.0,False,False,LOW
172.067,,0.0,0.0,0.0,0.0,0.0,0.0,False,False,False,False,False,False,0.0,0.0,False,False,LOW
172.233,,0.0,0.0,0.0,0.0,0.0,0.0,False,False,False,False,False,False,0.0,0.0,False,False,LOW
172.264,,0.0,0.0,0.0,0.0,0.0,0.0,False,False,False,False,False,False,0.0,0.0,False,False,LOW
172.45,,0.0,0.0,0.0,0.0,0.0,0.0,False,False,False,False,False,False,0.0,0.0,False,False,LOW
172.468,,0.0,0.0,0.0,0.0,0.0,0.0,False,False,False,False,False,False,0.0,0.0,False,False,LOW
172.643,,0.0,0.0,0.0,0.0,0.0,0.0,False,False,False,False,False,False,0.0,0.0,False,False,LOW
172.664,,0.0,0.0,0.0,0.0,0.0,0.0,False,False,False,False,False,False,0.0,0.0,False,False,LOW
172.852,,0.0,0.0,0.0,0.0,0.0,0.0,False,False,False,False,False,False,0.0,0.0,False,False,LOW
172.869,,0.0,0.0,0.0,0.0,0.0,0.0,False,False,False,False,False,False,0.0,0.0,False,False,LOW
173.046,,0.0,0.0,0.0,0.0,0.0,0.0,False,False,False,False,False,False,0.0,0.0,False,False,LOW
173.064,,0.0,0.0,0.0,0.0,0.0,0.0,False,False,False,False,False,False,0.0,0.0,False,False,LOW
173.251,,0.0,0.0,0.0,0.0,0.0,0.0,False,False,False,False,False,False,0.0,0.0,False,False,LOW
173.268,,0.0,0.0,0.0,0.0,0.0,0.0,False,False,False,False,False,False,0.0,0.0,False,False,LOW
173.435,,0.0,0.0,0.0,0.0,0.0,0.0,False,False,False,False,False,False,0.0,0.0,False,False,LOW
173.464,,0.0,0.0,0.0,0.0,0.0,0.0,False,False,False,False,False,False,0.0,0.0,False,False,LOW
173.643,,0.0,0.0,0.0,0.0,0.0,0.0,False,False,False,False,False,False,0.0,0.0,False,False,LOW
173.659,,0.0,0.0,0.0,0.0,0.0,0.0,False,False,False,False,False,False,0.0,0.0,False,False,LOW
173.836,,0.0,0.0,0.0,0.0,0.0,0.0,False,False,False,False,False,False,0.0,0.0,False,False,LOW
173.863,,0.0,0.0,0.0,0.0,0.0,0.0,False,False,False,False,False,False,0.0,0.0,False,False,LOW
174.042,,0.0,0.0,0.0,0.0,0.0,0.0,False,False,False,False,False,False,0.0,0.0,False,False,LOW
174.06,,0.0,0.0,0.0,0.0,0.0,0.0,False,False,False,False,False,False,0.0,0.0,False,False,LOW
174.233,,0.0,0.0,0.0,0.0,0.0,0.0,False,False,False,False,False,False,0.0,0.0,False,False,LOW
174.264,,0.0,0.0,0.0,0.0,0.0,0.0,False,False,False,False,False,False,0.0,0.0,False,False,LOW
174.442,,0.0,0.0,0.0,0.0,0.0,0.0,False,False,False,False,False,False,0.0,0.0,False,False,LOW
174.457,,0.0,0.0,0.0,0.0,0.0,0.0,False,False,False,False,False,False,0.0,0.0,False,False,LOW
174.634,,0.0,0.0,0.0,0.0,0.0,0.0,False,False,False,False,False,False,0.0,0.0,False,False,LOW
174.663,,0.0,0.0,0.0,0.0,0.0,0.0,False,False,False,False,False,False,0.0,0.0,False,False,LOW
174.843,,0.0,0.0,0.0,0.0,0.0,0.0,False,False,False,False,False,False,0.0,0.0,False,False,LOW
174.859,,0.0,0.0,0.0,0.0,0.0,0.0,False,False,False,False,False,False,0.0,0.0,False,False,LOW
175.035,,0.0,0.0,0.0,0.0,0.0,0.0,False,False,False,False,False,False,0.0,0.0,False,False,LOW
175.065,,0.0,0.0,0.0,0.0,0.0,0.0,False,False,False,False,False,False,0.0,0.0,False,False,LOW
175.241,,0.0,0.0,0.0,0.0,0.0,0.0,False,False,False,False,False,False,0.0,0.0,False,False,LOW
175.257,,0.0,0.0,0.0,0.0,0.0,0.0,False,False,False,False,False,False,0.0,0.0,False,False,LOW
175.433,,0.0,0.0,0.0,0.0,0.0,0.0,False,False,False,False,False,False,0.0,0.0,False,False,LOW
175.463,,0.0,0.0,0.0,0.0,0.0,0.0,False,False,False,False,False,False,0.0,0.0,False,False,LOW
175.643,,0.0,0.0,0.0,0.0,0.0,0.0,False,False,False,False,False,False,0.0,0.0,False,False,LOW
175.661,,0.0,0.0,0.0,0.0,0.0,0.0,False,False,False,False,False,False,0.0,0.0,False,False,LOW
175.835,,0.0,0.0,0.0,0.0,0.0,0.0,False,False,False,False,False,False,0.0,0.0,False,False,LOW
175.862,,0.0,0.0,0.0,0.0,0.0,0.0,False,False,False,False,False,False,0.0,0.0,False,False,LOW
176.043,,0.0,0.0,0.0,0.0,0.0,0.0,False,False,False,False,False,False,0.0,0.0,False,False,LOW
176.06,,0.0,0.0,0.0,0.0,0.0,0.0,False,False,False,False,False,False,0.0,0.0,False,False,LOW
176.234,,0.0,0.0,0.0,0.0,0.0,0.0,False,False,False,False,False,False,0.0,0.0,False,False,LOW
176.262,,0.0,0.0,0.0,0.0,0.0,0.0,False,False,False,False,False,False,0.0,0.0,False,False,LOW
176.451,,-25.83,-172.03,-2.31,-28.82,4.11,-1.12,False,False,False,False,False,False,0.001,0.029,True,False,LOW
176.472,,0.0,0.0,0.0,0.0,0.0,0.0,False,False,False,False,False,False,0.0,0.0,False,False,LOW
176.646,,-15.38,-171.36,-1.06,-22.96,4.42,-0.45,False,False,False,False,False,False,-0.066,0.016,True,False,LOW
176.671,,-14.62,-171.33,-1.5,-22.12,4.46,-0.43,False,False,False,False,False,False,-0.05,0.013,True,False,LOW
176.848,,-7.81,-173.07,-0.8,-15.59,3.66,-0.02,False,False,False,False,False,False,-0.072,0.008,True,False,LOW
176.872,,-4.38,-173.18,-0.12,-14.08,3.55,0.13,False,False,False,False,False,False,-0.04,0.002,True,False,LOW
177.043,,-0.45,-175.16,1.2,-7.83,2.11,1.32,False,False,False,False,False,False,-0.056,0.0,True,False,LOW
177.07,,2.17,-175.85,1.78,-6.39,1.8,1.58,False,False,False,False,False,False,-0.05,0.004,True,False,LOW
177.247,,2.13,-173.52,2.26,-3.33,2.18,2.59,False,False,False,False,False,False,-0.041,-0.002,True,False,LOW
177.273,,7.13,-172.41,2.56,-1.92,2.38,2.76,False,False,False,False,False,False,-0.038,-0.003,True,False,LOW
177.44,,8.03,-172.49,1.85,1.95,2.98,2.88,False,False,False,False,False,False,0.002,-0.009,True,False,LOW
177.469,,6.67,-172.06,0.92,2.19,3.14,2.76,False,False,False,False,False,False,0.004,-0.007,True,False,LOW
177.649,,7.09,-169.65,0.16,2.98,4.93,1.98,False,False,False,False,True,True,0.001,0.048,True,False,LOW
177.672,,6.45,-169.71,-0.89,2.97,5.13,1.75,False,False,False,False,False,False,0.03,0.019,True,False,LOW
177.841,,7.82,-169.79,-1.67,3.68,5.73,0.53,False,False,False,False,False,False,0.018,0.058,False,False,LOW
177.869,,5.69,-170.72,-1.31,3.44,5.66,0.42,False,False,False,False,False,False,0.015,0.018,True,False,LOW
178.052,,4.47,-170.63,-1.19,2.08,5.52,0.17,False,False,False,False,False,False,0.017,0.009,True,False,LOW
178.075,,6.58,-168.91,-1.06,2.2,5.74,0.16,False,False,False,False,False,False,0.002,0.012,True,False,LOW
178.239,,9.46,-169.86,-1.06,4.17,5.96,0.12,False,False,False,False,False,False,-0.003,0.003,True,False,LOW
178.27,,11.45,-169.74,-1.72,4.88,6.02,0.01,False,False,False,False,False,False,-0.024,0.001,True,False,LOW
178.448,,13.13,-169.78,-2.07,7.57,6.14,-0.49,False,False,False,False,False,False,-0.027,-0.001,True,False,LOW
178.47,,13.23,-170.94,-1.88,7.9,6.01,-0.52,False,False,False,False,False,False,-0.034,0.008,True,False,LOW
178.641,,12.66,-169.27,-1.21,8.57,6.4,-0.28,False,False,False,False,False,False,-0.035,0.005,True,False,LOW
178.665,,13.29,-168.99,-1.39,8.75,6.49,-0.28,False,False,False,False,False,False,-0.039,0.01,True,False,LOW
178.849,,14.45,-169.04,-1.41,9.97,6.76,-0.27,False,False,False,False,False,False,-0.046,0.013,True,False,LOW
178.872,,14.54,-168.91,-1.6,10.12,6.81,-0.29,False,False,False,False,False,False,-0.047,0.017,True,False,LOW
