elapsed_seconds,scenario_label,raw_yaw,raw_pitch,raw_roll,yaw,pitch,roll,yaw_suspicious,pitch_suspicious,roll_suspicious,dropout_suspicious,gaze_suspicious,suspicious,gaze_x,gaze_y,gaze_valid,device_detected,risk_level
20.109,,6.84,-175.02,-1.41,1.94,-0.16,-0.06,False,False,False,False,False,False,-0.006,0.01,True,False,LOW
20.132,,7.67,-173.28,-1.33,2.05,0.07,-0.04,False,False,False,False,False,False,0.016,-0.0,True,False,LOW
20.29,,6.92,-174.44,-1.55,2.03,0.25,-0.12,False,False,False,False,False,False,0.012,-0.004,True,False,LOW
20.315,,7.11,-173.19,-1.57,2.06,0.46,-0.13,False,False,False,False,False,False,0.007,-0.008,True,False,LOW
20.484,,6.64,-173.23,-1.6,1.89,1.08,-0.19,False,False,False,False,False,False,0.005,-0.01,True,False,LOW
20.509,,6.72,-173.5,-1.56,1.88,1.12,-0.19,False,False,False,False,False,False,0.033,-0.005,True,False,LOW
20.682,,7.07,-174.19,-1.56,2.03,0.88,-0.2,False,False,False,False,False,False,0.025,-0.009,True,False,LOW
20.706,,6.87,-173.14,-1.56,2.03,0.99,-0.2,False,False,False,False,False,False,0.03,-0.01,True,False,LOW
20.874,,6.62,-172.91,-1.63,1.87,1.5,-0.24,False,False,False,False,False,False,0.014,-0.013,True,False,LOW
20.899,,7.01,-172.6,-1.56,1.9,1.61,-0.23,False,False,False,False,False,False,0.013,-0.018,True,False,LOW
21.07,,7.1,-172.96,-1.57,2.06,1.76,-0.22,False,False,False,False,False,False,0.013,-0.019,True,False,LOW
21.092,,6.66,-173.32,-1.77,2.02,1.73,-0.25,False,False,False,False,False,False,0.014,-0.016,True,False,LOW
21.263,,7.57,-173.48,-1.98,2.36,1.55,-0.44,False,False,False,False,False,False,0.003,-0.002,True,False,LOW
21.287,,7.92,-173.51,-2.08,2.45,1.52,-0.48,False,False,False,False,False,False,0.014,-0.009,True,False,LOW
21.469,,7.65,-172.1,-1.47,2.61,2.19,-0.29,False,False,False,False,False,False,0.009,-0.01,True,False,LOW
21.494,,6.73,-172.06,-1.51,2.51,2.27,-0.27,False,False,False,False,False,False,0.019,-0.016,True,False,LOW
21.661,,5.91,-176.72,-1.96,1.72,0.08,-0.44,False,False,False,False,False,False,0.015,-0.009,True,False,LOW
21.684,,6.45,-175.04,-1.91,1.7,0.05,-0.46,False,False,False,False,False,False,0.015,-0.006,True,False,LOW
21.87,,7.35,-173.9,-1.73,2.1,0.54,-0.41,False,False,False,False,False,False,0.021,-0.01,True,False,LOW
21.894,,8.01,-173.18,-1.44,2.24,0.7,-0.37,False,False,False,False,False,False,0.011,-0.013,True,False,LOW
22.062,,7.63,-173.87,-1.53,2.5,0.85,-0.27,False,False,False,False,False,False,0.016,-0.01,True,False,LOW
22.086,,8.03,-176.06,-1.36,2.58,0.57,-0.23,False,False,False,False,False,False,0.049,-0.006,True,False,LOW
22.27,,5.58,-175.69,-0.6,1.55,-0.2,0.3,False,False,False,False,False,False,0.043,-0.001,True,False,LOW
22.296,,5.24,-173.28,-0.45,1.38,0.04,0.39,False,False,False,False,False,False,0.005,-0.007,True,False,LOW
22.463,,5.77,-174.97,-0.74,1.11,-0.04,0.51,False,False,False,False,False,False,-0.001,-0.005,True,False,LOW
22.487,,5.14,-176.11,-0.84,0.99,-0.2,0.51,False,False,False,False,False,False,-0.002,-0.007,True,False,LOW
22.67,,5.66,-175.33,-0.54,0.87,-0.35,0.67,False,False,False,False,False,False,-0.01,-0.002,True,False,LOW
22.692,,6.07,-176.25,-0.82,0.9,-0.49,0.66,False,False,False,False,False,False,-0.002,-0.004,True,False,LOW
22.869,,6.32,-175.87,-0.8,1.18,-0.77,0.6,False,False,False,False,False,False,-0.002,-0.005,True,False,LOW
22.893,,6.48,-174.68,-0.63,1.23,-0.64,0.62,False,False,False,False,False,False,0.06,0.006,True,False,LOW
23.075,,6.44,-175.24,-0.72,1.4,-0.5,0.63,False,False,False,False,False,False,0.066,0.005,True,False,LOW
23.097,,6.16,-176.57,-0.69,1.38,-0.65,0.63,False,False,False,False,False,False,0.065,-0.001,True,False,LOW
23.268,,6.25,-176.93,-0.48,1.36,-1.4,0.76,False,False,False,False,False,False,0.062,0.002,True,False,LOW
23.292,,5.53,-176.41,-0.52,1.27,-1.42,0.77,False,False,False,False,False,False,0.057,0.001,True,False,LOW
23.475,,5.78,-176.89,-0.66,1.06,-1.75,0.73,False,False,False,False,False,False,0.039,0.022,True,False,LOW
23.498,,6.5,-177.29,-0.66,1.13,-1.84,0.72,False,False,False,False,False,False,0.063,0.018,True,False,LOW
23.674,,6.19,-176.14,-0.2,1.21,-1.55,0.95,False,False,False,False,False,False,0.065,0.01,True,False,LOW
23.699,,6.78,-176.71,-0.45,1.31,-1.59,0.95,False,False,False,False,False,False,0.067,0.011,True,False,LOW
23.876,,7.46,-176.48,-0.74,1.98,-1.6,0.77,False,False,False,False,False,False,0.068,0.007,True,False,LOW
23.898,,8.04,-176.5,-0.8,2.14,-1.61,0.74,False,False,False,False,False,False,0.07,0.008,True,False,LOW
24.066,,7.21,-175.68,-0.98,2.23,-1.2,0.55,False,False,False,False,False,False,0.071,0.006,True,False,LOW
24.087,,8.24,-176.1,-0.66,2.37,-1.21,0.57,False,False,False,False,False,False,0.076,0.007,True,False,LOW
24.395,,8.54,-176.49,-0.62,3.22,-1.49,0.68,False,False,False,False,False,False,0.073,0.008,True,False,LOW
24.417,,8.05,-175.55,-0.73,3.21,-1.39,0.67,False,False,False,False,False,False,0.082,0.012,True,False,LOW
24.526,,8.64,-176.22,-0.61,3.43,-1.38,0.7,False,False,False,False,False,False,0.087,0.01,True,False,LOW
24.548,,8.42,-175.35,-0.29,3.44,-1.26,0.75,False,False,False,False,False,False,0.082,0.008,True,False,LOW
24.689,,7.43,-176.07,-0.4,3.01,-1.24,0.85,False,False,False,False,False,False,0.089,0.006,True,False,LOW
24.712,,7.85,-175.79,-0.19,3.0,-1.2,0.89,False,False,False,False,False,False,0.074,0.007,True,False,LOW
24.862,,6.96,-175.75,-0.36,2.54,-1.05,0.94,False,False,False,False,False,False,0.071,0.009,True,False,LOW
24.886,,6.92,-174.64,-0.34,2.47,-0.88,0.95,False,False,False,False,False,False,0.062,0.006,True,False,LOW
25.071,,6.28,-174.08,-0.48,1.87,0.04,0.91,False,False,False,False,False,False,0.062,0.005,True,False,LOW
25.097,,6.44,-175.31,-0.62,1.83,-0.03,0.88,False,False,False,False,False,False,0.066,0.007,True,False,LOW
25.263,,7.1,-175.51,-0.74,2.02,-0.35,0.75,False,False,False,False,False,False,0.063,0.008,True,False,LOW
25.287,,7.71,-176.88,-1.06,2.13,-0.59,0.68,False,False,False,False,False,False,0.068,0.009,True,False,LOW
25.47,,8.3,-178.72,-1.02,2.82,-2.41,0.5,False,False,False,False,False,False,0.059,0.012,True,False,LOW
25.493,,7.55,-179.45,-0.92,2.8,-2.72,0.49,False,False,False,False,False,False,0.063,0.015,True,False,LOW
25.665,,7.57,-178.26,-0.81,2.73,-3.09,0.52,False,False,False,False,False,False,0.061,0.011,True,False,LOW
25.687,,7.46,-178.25,-0.78,2.71,-3.13,0.52,False,False,False,False,False,False,0.06,0.012,True,False,LOW
25.871,,7.04,-178.71,-0.6,2.4,-3.53,0.65,False,False,False,False,False,False,0.061,0.011,True,False,LOW
25.896,,7.36,-178.37,-0.58,2.41,-3.52,0.67,False,False,False,False,False,False,0.064,0.013,True,False,LOW
26.067,,7.26,-178.3,-0.67,2.38,-3.48,0.68,False,False,False,False,False,False,0.067,0.013,True,False,LOW
26.092,,6.59,-178.53,-0.72,2.29,-3.51,0.67,False,False,False,False,False,False,0.068,0.012,True,False,LOW
26.273,,6.63,-178.11,-0.82,1.99,-3.37,0.6,False,False,False,False,False,False,0.059,0.012,True,False,LOW
26.297,,6.51,-178.39,-0.94,1.94,-3.39,0.57,False,False,False,False,False,False,0.055,0.006,True,False,LOW
26.465,,6.68,-178.51,-0.93,1.86,-3.52,0.5,False,False,False,False,False,False,0.059,0.011,True,False,LOW
26.492,,6.94,-177.91,-0.92,1.88,-3.46,0.49,False,False,False,False,False,False,0.058,0.009,True,False,LOW
26.66,,6.82,-178.11,-1.0,1.9,-3.35,0.42,False,False,False,False,False,False,0.06,0.011,True,False,LOW
26.687,,7.11,-178.21,-0.99,1.95,-3.35,0.41,False,False,False,False,False,False,0.057,0.007,True,False,LOW
26.868,,7.01,-178.81,-1.08,2.03,-3.67,0.34,False,False,False,False,False,False,0.061,0.008,True,False,LOW
26.895,,7.1,-179.02,-1.07,2.06,-3.74,0.33,False,False,False,False,False,False,0.062,0.008,True,False,LOW
27.061,,7.45,-179.25,-1.07,2.31,-4.08,0.31,False,False,False,False,False,False,0.063,0.004,True,False,LOW
27.085,,7.42,-179.49,-1.1,2.34,-4.16,0.3,False,False,False,False,False,False,0.061,0.006,True,False,LOW
27.269,,7.23,-178.75,-1.11,2.33,-4.01,0.27,False,False,False,False,False,False,0.059,0.011,True,False,LOW
27.294,,7.11,-178.72,-1.19,2.32,-3.99,0.26,False,False,False,False,False,False,0.06,0.01,True,False,LOW
27.46,,6.95,-177.97,-1.09,2.18,-3.54,0.26,False,False,False,False,False,False,0.06,0.009,True,False,LOW
27.485,,7.2,-178.03,-1.08,2.2,-3.49,0.26,False,False,False,False,False,False,0.06,0.007,True,False,LOW
27.671,,7.43,-177.85,-0.99,2.38,-3.22,0.32,False,False,False,False,False,False,0.066,0.008,True,False,LOW
27.697,,7.24,-177.69,-1.05,2.37,-3.16,0.32,False,False,False,False,False,False,0.058,0.008,True,False,LOW
27.859,,7.36,-177.98,-1.03,2.42,-3.14,0.32,False,False,False,False,False,False,0.06,0.01,True,False,LOW
27.885,,7.74,-177.39,-1.47,2.48,-3.05,0.26,False,False,False,False,False,False,0.013,0.032,True,False,LOW
28.081,,8.03,-177.22,-1.74,2.84,-2.66,-0.1,False,False,False,False,False,False,0.001,0.012,True,False,LOW
28.105,,6.81,-176.76,-1.44,2.72,-2.56,-0.1,False,False,False,False,False,False,-0.006,0.006,True,False,LOW
28.264,,6.2,-175.93,-1.54,2.0,-1.79,-0.14,False,False,False,False,False,False,-0.011,0.003,True,False,LOW
28.288,,6.6,-176.48,-1.55,1.95,-1.77,-0.15,False,False,False,False,False,False,0.005,-0.0,True,False,LOW
28.473,,6.72,-176.24,-1.43,1.88,-1.56,-0.11,False,False,False,False,False,False,0.031,0.003,True,False,LOW
28.496,,6.43,-176.85,-1.43,1.84,-1.61,-0.1,False,False,False,False,False,False,0.03,-0.0,True,False,LOW
28.662,,6.82,-176.35,-1.44,1.88,-1.55,-0.09,False,False,False,False,False,False,0.032,0.001,True,False,LOW
28.687,,6.47,-176.64,-1.43,1.84,-1.58,-0.09,False,False,False,False,False,False,0.028,0.0,True,False,LOW
28.872,,6.89,-177.06,-1.2,1.92,-1.92,0.04,False,False,False,False,False,False,0.074,0.009,True,False,LOW
28.896,,6.65,-176.63,-1.11,1.9,-1.9,0.07,False,False,False,False,False,False,0.069,0.001,True,False,LOW
29.052,,6.22,-176.54,-1.2,1.61,-1.79,0.11,False,False,False,False,False,False,0.068,0.0,True,False,LOW
29.084,,6.94,-176.61,-1.1,1.68,-1.78,0.14,False,False,False,False,False,False,0.069,-0.0,True,False,LOW
29.264,,7.11,-176.86,-1.2,1.96,-1.9,0.15,False,False,False,False,False,False,0.064,0.001,True,False,LOW
29.287,,6.9,-177.08,-1.21,1.97,-1.94,0.15,False,False,False,False,False,False,0.062,0.002,True,False,LOW
29.454,,7.12,-176.98,-1.27,2.1,-2.03,0.11,False,False,False,False,False,False,0.045,0.02,True,False,LOW
29.488,,7.41,-178.53,-1.61,2.17,-2.34,0.05,False,False,False,False,False,False,0.036,0.028,True,False,LOW
29.664,,6.36,-177.35,-1.68,1.8,-2.42,-0.15,False,False,False,False,False,False,0.065,0.014,True,False,LOW
29.687,,6.33,-178.01,-1.63,1.75,-2.52,-0.16,False,False,False,False,False,False,0.062,0.011,True,False,LOW
29.853,,6.83,-178.02,-1.61,1.84,-2.85,-0.21,False,False,False,False,False,False,0.066,0.006,True,False,LOW
29.885,,7.19,-177.5,-1.41,1.92,-2.82,-0.18,False,False,False,False,False,False,0.065,0.006,True,False,LOW
30.061,,6.88,-177.3,-1.4,1.95,-2.62,-0.11,False,False,False,False,False,False,0.065,0.006,True,False,LOW
30.085,,6.52,-176.82,-1.48,1.91,-2.53,-0.11,False,False,False,False,False,False,0.058,0.005,True,False,LOW
30.258,,7.1,-176.89,-1.37,2.06,-2.27,-0.06,False,False,False,False,False,False,0.06,0.003,True,False,LOW
30.286,,6.78,-177.73,-1.56,2.03,-2.36,-0.08,False,False,False,False,False,False,0.059,0.005,True,False,LOW
30.461,,6.63,-176.7,-1.4,1.87,-2.09,-0.06,False,False,False,False,False,False,0.065,0.007,True,False,LOW
30.483,,7.11,-176.11,-1.53,1.91,-1.98,-0.08,False,False,False,False,False,False,0.026,0.004,True,False,LOW
30.654,,6.61,-177.14,-1.58,1.81,-2.14,-0.15,False,False,False,False,False,False,-0.007,0.0,True,False,LOW
30.685,,6.87,-176.84,-1.53,1.84,-2.11,-0.16,False,False,False,False,False,False,-0.015,0.004,True,False,LOW
30.866,,6.43,-177.47,-1.65,1.67,-2.38,-0.23,False,False,False,False,False,False,-0.018,0.006,True,False,LOW
30.889,,6.28,-177.22,-1.59,1.64,-2.37,-0.23,False,False,False,False,False,False,-0.014,0.005,True,False,LOW
31.058,,5.69,-175.79,-1.59,1.19,-1.62,-0.23,False,False,False,False,False,False,-0.012,0.004,True,False,LOW
31.085,,5.64,-175.64,-1.54,1.13,-1.49,-0.23,False,False,False,False,False,False,-0.013,0.002,True,False,LOW
31.267,,5.94,-177.22,-1.41,1.08,-1.96,-0.13,False,False,False,False,True,True,-0.006,0.059,True,False,LOW
31.291,,6.89,-176.93,-1.53,1.2,-1.97,-0.14,False,False,False,False,False,False,-0.011,0.002,True,False,LOW
31.457,,6.79,-177.03,-1.55,1.56,-2.07,-0.17,False,False,False,False,False,False,0.001,-0.002,True,False,LOW
31.5,,5.73,-176.48,-1.33,1.4,-1.98,-0.13,False,False,False,False,False,False,-0.005,-0.008,True,False,LOW
31.67,,5.58,-175.14,-1.21,1.03,-1.08,0.01,False,False,False,False,False,False,0.006,-0.015,True,False,LOW
31.693,,5.65,-174.31,-1.16,0.99,-0.86,0.04,False,False,False,False,False,False,-0.036,-0.001,True,False,LOW
31.86,,5.85,-174.75,-1.38,0.97,-0.35,0.01,False,False,False,False,False,False,-0.031,0.002,True,False,LOW
31.885,,4.99,-173.52,-1.32,0.84,-0.09,0.01,False,False,False,False,False,False,-0.025,-0.002,True,False,LOW
32.069,,5.12,-175.16,-1.15,0.5,-0.2,0.11,False,False,False,False,False,False,-0.013,-0.005,True,False,LOW
32.092,,5.88,-175.26,-1.31,0.56,-0.23,0.11,False,False,False,False,False,False,0.01,0.01,True,False,LOW
32.262,,6.17,-174.64,-1.03,0.93,0.01,0.22,False,False,False,False,False,False,0.019,0.001,True,False,LOW
32.286,,5.46,-175.1,-1.2,0.88,-0.03,0.21,False,False,False,False,False,False,0.027,-0.002,True,False,LOW
32.467,,5.84,-174.31,-1.03,0.91,0.28,0.27,False,False,False,False,False,False,0.029,-0.006,True,False,LOW
32.491,,5.98,-174.85,-1.09,0.93,0.25,0.27,False,False,False,False,False,False,0.03,-0.006,True,False,LOW
32.657,,5.48,-175.32,-1.11,0.75,-0.12,0.26,False,False,False,False,False,False,0.024,0.0,True,False,LOW
32.684,,5.06,-175.31,-1.11,0.67,-0.16,0.26,False,False,False,False,False,False,0.018,-0.009,True,False,LOW
32.866,,4.09,-174.92,-1.59,-0.14,-0.11,-0.01,False,False,False,False,False,False,0.016,-0.006,True,False,LOW
32.89,,4.17,-176.24,-2.15,-0.22,-0.28,-0.11,False,False,False,False,False,False,0.018,0.054,False,False,LOW
33.062,,2.33,-177.51,-2.13,-1.48,-1.56,-0.46,False,False,False,False,False,False,0.018,0.054,False,False,LOW
33.085,,2.73,-177.93,-2.11,-1.58,-1.77,-0.5,False,False,False,False,False,False,0.016,0.011,True,False,LOW
33.269,,2.53,-177.99,-1.87,-2.01,-2.53,-0.51,False,False,False,False,False,False,0.015,0.001,True,False,LOW
33.294,,2.4,-176.27,-1.62,-2.08,-2.37,-0.48,False,False,False,False,False,False,0.011,0.001,True,False,LOW
33.458,,2.27,-176.2,-1.73,-2.37,-1.85,-0.42,False,False,False,False,False,False,0.015,-0.002,True,False,LOW
33.484,,1.93,-174.64,-1.86,-2.46,-1.54,-0.44,False,False,False,False,False,False,0.013,0.003,True,False,LOW
33.669,,2.51,-175.11,-1.84,-2.42,-0.82,-0.46,False,False,False,False,False,False,0.013,0.0,True,False,LOW
33.691,,2.05,-174.26,-1.86,-2.47,-0.64,-0.47,False,False,False,False,False,False,0.013,0.002,True,False,LOW
33.859,,2.07,-173.35,-1.76,-2.66,0.52,-0.44,False,False,False,False,False,False,0.011,-0.001,True,False,LOW
33.886,,2.98,-174.6,-1.89,-2.55,0.48,-0.45,False,False,False,False,False,False,0.005,-0.002,True,False,LOW
34.066,,2.95,-174.33,-1.68,-2.23,0.51,-0.38,False,False,False,False,False,False,0.007,-0.003,True,False,LOW
34.089,,2.88,-174.49,-1.6,-2.2,0.49,-0.37,False,False,False,False,False,False,0.004,-0.003,True,False,LOW
34.263,,2.81,-174.69,-1.8,-2.14,0.32,-0.41,False,False,False,False,False,False,0.003,-0.002,True,False,LOW
34.287,,3.33,-175.12,-1.73,-2.07,0.24,-0.4,False,False,False,False,False,False,0.008,0.01,True,False,LOW
34.467,,3.8,-175.29,-1.73,-1.55,-0.12,-0.39,False,False,False,False,False,False,0.018,0.054,False,False,LOW
34.49,,3.46,-174.75,-1.63,-1.53,-0.09,-0.37,False,False,False,False,False,False,0.018,0.054,False,False,LOW
34.659,,4.23,-174.31,-1.51,-1.08,0.24,-0.26,False,False,False,False,False,False,0.016,0.004,True,False,LOW
34.684,,3.58,-174.29,-1.66,-1.11,0.29,-0.27,False,False,False,False,False,False,0.007,-0.002,True,False,LOW
34.866,,3.44,-174.45,-1.52,-1.3,0.35,-0.21,False,False,False,False,False,False,0.017,0.001,True,False,LOW
34.891,,3.89,-173.57,-1.4,-1.26,0.49,-0.19,False,False,False,False,False,False,0.01,0.001,True,False,LOW
35.06,,4.72,-173.87,-1.56,-0.7,0.75,-0.2,False,False,False,False,False,False,0.011,0.0,True,False,LOW
35.084,,4.33,-172.74,-1.58,-0.68,0.94,-0.2,False,False,False,False,False,False,0.009,-0.005,True,False,LOW
35.268,,3.71,-173.6,-1.81,-0.95,1.12,-0.34,False,False,False,False,False,False,0.012,-0.005,True,False,LOW
35.293,,3.2,-173.66,-1.72,-1.06,1.13,-0.34,False,False,False,False,False,False,0.01,-0.003,True,False,LOW
35.458,,2.75,-172.96,-1.78,-1.62,1.53,-0.38,False,False,False,False,False,False,0.007,-0.001,True,False,LOW
35.485,,2.66,-172.91,-1.7,-1.72,1.59,-0.38,False,False,False,False,False,False,0.01,0.0,True,False,LOW
35.668,,2.55,-173.88,-1.63,-2.06,1.26,-0.32,False,False,False,False,False,False,0.011,-0.003,True,False,LOW
35.692,,2.88,-173.74,-1.53,-2.06,1.24,-0.3,False,False,False,False,False,False,0.009,-0.0,True,False,LOW
35.86,,2.9,-173.64,-1.62,-2.03,1.23,-0.28,False,False,False,False,False,False,0.009,-0.002,True,False,LOW
35.884,,3.37,-173.87,-1.66,-1.96,1.2,-0.29,False,False,False,False,False,False,0.011,-0.001,True,False,LOW
36.083,,3.15,-173.51,-1.62,-1.84,1.28,-0.27,False,False,False,False,False,False,0.008,-0.002,True,False,LOW
36.107,,3.34,-173.47,-1.43,-1.81,1.3,-0.25,False,False,False,False,False,False,0.017,-0.001,True,False,LOW
36.264,,3.45,-173.14,-1.36,-1.63,1.51,-0.13,False,False,False,False,False,False,0.014,-0.001,True,False,LOW
36.288,,3.36,-174.17,-1.43,-1.62,1.4,-0.12,False,False,False,False,False,False,0.011,-0.002,True,False,LOW
36.469,,3.58,-173.23,-1.43,-1.46,1.52,-0.1,False,False,False,False,False,False,0.011,-0.001,True,False,LOW
36.492,,4.02,-173.99,-1.43,-1.38,1.44,-0.09,False,False,False,False,False,False,0.012,-0.004,True,False,LOW
36.668,,4.01,-173.84,-1.5,-1.12,1.22,-0.12,False,False,False,False,False,False,0.013,-0.006,True,False,LOW
36.692,,4.14,-174.6,-1.58,-1.07,1.09,-0.13,False,False,False,False,False,False,0.015,-0.002,True,False,LOW
36.871,,3.94,-174.3,-1.67,-1.01,0.8,-0.23,False,False,False,False,False,False,0.014,-0.003,True,False,LOW
36.915,,4.0,-174.54,-1.6,-0.99,0.7,-0.23,False,False,False,False,False,False,0.013,-0.002,True,False,LOW
37.059,,3.73,-174.56,-1.68,-1.07,0.5,-0.28,False,False,False,False,False,False,0.012,-0.001,True,False,LOW
37.082,,3.56,-174.86,-1.69,-1.11,0.44,-0.28,False,False,False,False,False,False,0.011,0.001,True,False,LOW
37.261,,4.02,-174.12,-1.56,-0.99,0.6,-0.24,False,False,False,False,False,False,0.011,-0.001,True,False,LOW
37.285,,3.97,-173.78,-1.61,-0.98,0.66,-0.24,False,False,False,False,False,False,0.006,-0.001,True,False,LOW
37.456,,4.02,-174.4,-1.67,-0.93,0.56,-0.28,False,False,False,False,False,False,0.012,-0.001,True,False,LOW
37.478,,4.15,-174.73,-1.55,-0.91,0.5,-0.27,False,False,False,False,False,False,0.058,-0.002,True,False,LOW
37.663,,4.38,-175.15,-1.51,-0.7,0.07,-0.21,False,False,False,False,False,False,0.059,-0.001,True,False,LOW
37.686,,4.17,-175.12,-1.55,-0.7,0.03,-0.21,False,False,False,False,False,False,0.061,-0.001,True,False,LOW
37.854,,4.28,-175.65,-1.53,-0.66,-0.4,-0.19,False,False,False,False,False,False,0.06,0.002,True,False,LOW
37.877,,4.53,-175.72,-1.58,-0.62,-0.46,-0.19,False,False,False,False,False,False,0.061,-0.003,True,False,LOW
38.064,,4.54,-175.48,-1.66,-0.48,-0.55,-0.25,False,False,False,False,False,False,0.063,0.001,True,False,LOW
38.089,,4.28,-174.18,-1.73,-0.5,-0.38,-0.27,False,False,False,False,False,False,0.018,0.004,True,False,LOW
38.255,,4.32,-173.02,-1.54,-0.54,0.79,-0.23,False,False,False,False,False,False,0.018,-0.001,True,False,LOW
38.279,,4.42,-174.13,-1.69,-0.53,0.78,-0.24,False,False,False,False,False,False,0.013,-0.0,True,False,LOW
38.461,,4.64,-174.46,-1.76,-0.39,0.58,-0.33,False,False,False,False,False,False,0.015,-0.001,True,False,LOW
38.484,,4.45,-175.74,-1.81,-0.39,0.39,-0.34,False,False,False,False,False,False,0.018,0.054,False,False,LOW
38.654,,4.67,-174.48,-1.56,-0.31,0.38,-0.27,False,False,False,False,False,False,0.013,0.003,True,False,LOW
38.677,,4.66,-174.15,-1.63,-0.3,0.42,-0.27,False,False,False,False,False,False,0.012,0.001,True,False,LOW
38.866,,4.42,-174.55,-1.46,-0.4,0.36,-0.18,False,False,False,False,False,False,0.014,-0.005,True,False,LOW
38.89,,4.3,-174.93,-1.64,-0.42,0.3,-0.2,False,False,False,False,False,False,0.011,-0.002,True,False,LOW
39.058,,4.37,-175.63,-1.63,-0.48,-0.26,-0.24,False,False,False,False,False,False,0.014,-0.004,True,False,LOW
39.08,,3.96,-175.36,-1.57,-0.54,-0.29,-0.23,False,False,False,False,False,False,0.013,0.001,True,False,LOW
39.269,,4.43,-176.11,-1.55,-0.5,-0.82,-0.21,False,False,False,False,False,False,0.018,-0.004,True,False,LOW
39.294,,4.88,-174.92,-1.59,-0.43,-0.72,-0.22,False,False,False,False,False,False,0.019,-0.004,True,False,LOW
39.46,,4.35,-174.69,-1.68,-0.49,-0.26,-0.27,False,False,False,False,False,False,0.015,-0.002,True,False,LOW
39.484,,4.08,-174.42,-1.64,-0.54,-0.16,-0.27,False,False,False,False,False,False,0.014,-0.001,True,False,LOW
39.664,,4.11,-174.71,-1.69,-0.67,0.0,-0.31,False,False,False,False,False,False,0.016,-0.002,True,False,LOW
39.687,,4.3,-174.73,-1.68,-0.66,0.02,-0.31,False,False,False,False,False,False,0.013,-0.003,True,False,LOW
39.858,,4.04,-174.75,-1.73,-0.77,0.07,-0.34,False,False,False,False,False,False,0.01,-0.003,True,False,LOW
39.882,,3.95,-174.34,-1.8,-0.79,0.13,-0.36,False,False,False,False,False,False,0.011,-0.002,True,False,LOW
40.066,,3.9,-174.39,-1.73,-0.9,0.31,-0.37,False,False,False,False,False,False,0.011,-0.001,True,False,LOW
40.088,,3.9,-174.11,-1.74,-0.91,0.37,-0.37,False,False,False,False,False,False,0.007,0.003,True,False,LOW
40.257,,3.67,-174.44,-1.8,-1.08,0.39,-0.41,False,False,False,False,False,False,0.011,0.002,True,False,LOW
40.285,,3.92,-174.12,-1.64,-1.06,0.45,-0.39,False,False,False,False,False,False,0.013,0.001,True,False,LOW
40.468,,4.26,-174.48,-1.6,-0.84,0.41,-0.31,False,False,False,False,False,False,0.012,-0.0,True,False,LOW
40.49,,4.45,-173.14,-1.5,-0.79,0.58,-0.29,False,False,False,False,False,False,-0.001,-0.005,True,False,LOW
40.77,,4.64,-173.3,-1.76,-0.45,1.21,-0.36,False,False,False,False,False,False,-0.011,-0.004,True,False,LOW
40.791,,5.83,-174.72,-1.79,-0.28,1.09,-0.37,False,False,False,False,False,False,-0.014,-0.007,True,False,LOW
40.9,,5.79,-175.16,-1.62,0.22,0.51,-0.33,False,False,False,False,False,False,-0.013,-0.005,True,True,LOW
40.925,,5.6,-174.9,-1.91,0.29,0.43,-0.36,False,False,False,False,False,False,-0.017,0.004,True,True,LOW
41.06,,6.21,-174.79,-2.2,0.77,0.26,-0.58,False,False,False,False,False,False,0.017,0.002,True,True,LOW
41.084,,4.79,-174.32,-2.19,0.65,0.3,-0.62,False,False,False,False,False,False,0.019,-0.002,True,True,LOW
41.268,,4.32,-175.08,-1.84,-0.01,0.02,-0.55,False,False,False,False,False,False,0.006,0.001,True,True,LOW
41.291,,4.95,-175.19,-1.93,-0.0,-0.03,-0.55,False,False,False,False,False,False,0.013,-0.0,True,True,LOW
41.458,,3.15,-174.96,-1.77,-0.92,-0.06,-0.48,False,False,False,False,False,False,0.007,0.005,True,True,LOW
41.483,,3.44,-174.11,-1.59,-0.99,0.04,-0.45,False,False,False,False,False,False,0.008,0.001,True,True,LOW
41.667,,3.63,-175.04,-1.54,-1.14,-0.08,-0.31,False,False,False,False,False,False,0.005,0.001,True,True,LOW
41.69,,3.91,-174.38,-1.57,-1.12,-0.01,-0.29,False,False,False,False,False,False,0.005,0.0,True,True,LOW
41.859,,3.66,-174.89,-1.49,-1.18,-0.02,-0.21,False,False,False,False,False,False,0.003,0.001,True,True,LOW
41.882,,3.33,-174.44,-1.66,-1.23,0.04,-0.22,False,False,False,False,False,False,0.006,0.0,True,True,LOW
42.067,,3.25,-174.67,-1.61,-1.46,0.12,-0.24,False,False,False,False,False,False,0.007,0.002,True,True,LOW
42.095,,3.25,-174.83,-1.67,-1.49,0.11,-0.25,False,False,False,False,False,False,0.009,0.003,True,True,LOW
42.261,,3.38,-174.99,-1.63,-1.5,-0.01,-0.26,False,False,False,False,False,False,0.008,0.002,True,True,LOW
42.285,,3.4,-174.49,-1.61,-1.5,0.04,-0.26,False,False,False,False,False,False,0.006,0.002,True,True,LOW
42.466,,3.28,-174.91,-1.62,-1.57,-0.01,-0.26,False,False,False,False,False,False,0.009,0.002,True,True,LOW
42.49,,3.75,-174.9,-1.63,-1.51,-0.01,-0.27,False,False,False,False,False,False,0.009,0.001,True,True,LOW
42.66,,4.14,-174.84,-1.56,-1.12,0.0,-0.23,False,False,False,False,False,False,0.007,0.001,True,True,LOW
42.683,,3.69,-174.58,-1.54,-1.13,0.04,-0.23,False,False,False,False,False,False,0.012,0.002,True,True,LOW
42.87,,3.25,-174.38,-1.52,-1.41,0.28,-0.19,False,False,False,False,False,False,0.006,0.003,True,True,LOW
42.893,,3.17,-174.45,-1.55,-1.45,0.3,-0.19,False,False,False,False,False,False,0.005,0.003,True,True,LOW
43.063,,3.56,-174.35,-1.42,-1.39,0.41,-0.13,False,False,False,False,False,False,0.006,0.003,True,True,MODERATE
43.086,,3.23,-174.65,-1.5,-1.43,0.38,-0.13,False,False,False,False,False,False,0.005,0.003,True,True,MODERATE
43.269,,3.17,-174.65,-1.47,-1.59,0.29,-0.12,False,False,False,False,False,False,0.003,0.003,True,True,MODERATE
43.293,,3.15,-175.19,-1.59,-1.61,0.21,-0.14,False,False,False,False,False,False,0.005,0.004,True,True,MODERATE
43.46,,3.21,-174.71,-1.56,-1.65,0.18,-0.17,False,False,False,False,False,False,0.004,0.004,True,True,MODERATE
43.483,,3.38,-174.74,-1.5,-1.64,0.17,-0.17,False,False,False,False,False,False,0.004,0.003,True,True,MODERATE
43.669,,3.42,-174.65,-1.47,-1.55,0.19,-0.14,False,False,False,False,False,False,0.004,0.004,True,True,MODERATE
43.694,,3.2,-174.9,-1.55,-1.57,0.16,-0.15,False,False,False,False,False,False,0.008,0.006,True,True,MODERATE
43.859,,3.41,-175.46,-1.6,-1.53,-0.23,-0.2,False,False,False,False,False,False,0.01,0.005,True,True,MODERATE
44.535,,4.7,-175.58,-1.61,-0.45,-0.63,-0.24,False,False,False,False,False,False,0.062,0.006,True,True,MODERATE
44.697,,6.39,-176.94,-1.87,0.55,-1.37,-0.38,False,False,False,False,False,False,0.054,0.005,True,False,MODERATE
44.722,,7.18,-176.8,-1.51,0.81,-1.45,-0.35,False,False,False,False,False,False,0.069,0.007,True,False,MODERATE
44.877,,7.64,-176.78,-1.22,1.81,-1.69,-0.11,False,False,False,False,False,False,0.08,0.007,True,False,MODERATE
44.901,,7.49,-177.3,-1.04,1.92,-1.79,-0.05,False,False,False,False,False,False,0.074,0.008,True,False,MODERATE
45.052,,7.75,-176.55,-0.9,2.39,-1.74,0.2,False,False,False,False,False,False,0.071,0.009,True,False,MODERATE
45.076,,6.89,-176.14,-0.99,2.33,-1.68,0.22,False,False,False,False,False,False,0.062,0.009,True,False,MODERATE
45.263,,7.25,-176.59,-1.12,2.34,-1.71,0.23,False,False,False,False,False,False,0.061,0.009,True,False,MODERATE
45.29,,7.73,-177.15,-1.12,2.42,-1.8,0.23,False,False,False,False,False,False,0.059,0.007,True,False,MODERATE
45.454,,7.61,-176.1,-0.99,2.57,-1.51,0.3,False,False,False,False,False,False,0.065,0.002,True,False,MODERATE
45.477,,7.56,-176.31,-0.85,2.58,-1.51,0.32,False,False,False,False,False,False,0.063,0.003,True,False,MODERATE
45.662,,7.17,-175.69,-0.82,2.41,-1.14,0.44,False,False,False,False,False,False,0.057,0.006,True,False,MODERATE
45.684,,7.26,-176.92,-1.14,2.41,-1.25,0.41,False,False,False,False,False,False,0.018,0.054,False,False,MODERATE
45.859,,7.17,-176.55,-1.37,2.33,-1.48,0.19,False,False,False,False,False,False,0.008,0.015,True,False,MODERATE
45.882,,7.42,-177.69,-1.43,2.36,-1.66,0.15,False,False,False,False,False,False,0.018,0.054,False,False,MODERATE
46.062,,7.55,-176.47,-1.44,2.51,-1.64,0.03,False,False,False,False,False,False,0.012,0.014,True,False,MODERATE
46.084,,7.19,-176.52,-1.52,2.49,-1.64,0.0,False,False,False,False,False,False,0.01,0.009,True,False,MODERATE
46.254,,6.83,-176.44,-1.51,2.2,-1.61,-0.08,False,False,False,False,False,False,0.007,0.004,True,False,MODERATE
46.278,,6.87,-176.4,-1.48,2.17,-1.6,-0.09,False,False,False,False,False,False,0.012,-0.0,True,False,MODERATE
46.463,,6.65,-176.44,-1.5,1.94,-1.59,-0.12,False,False,False,False,False,False,0.015,-0.001,True,False,MODERATE
46.488,,7.02,-176.71,-1.71,1.97,-1.62,-0.15,False,False,False,False,False,False,-0.005,0.002,True,False,MODERATE
46.659,,6.65,-175.78,-1.64,1.85,-1.26,-0.22,False,False,False,False,False,False,-0.004,0.001,True,False,MODERATE
46.686,,6.68,-175.95,-1.66,1.84,-1.23,-0.23,False,False,False,False,False,False,-0.0,-0.002,True,False,MODERATE
46.864,,6.87,-175.67,-1.71,1.91,-1.01,-0.3,False,False,False,False,False,False,-0.004,-0.003,True,False,MODERATE
46.889,,6.88,-175.09,-1.62,1.92,-0.9,-0.29,False,False,False,False,False,False,-0.005,-0.003,True,False,MODERATE
47.061,,6.81,-175.61,-1.65,1.91,-0.82,-0.29,False,False,False,False,False,False,-0.004,-0.002,True,False,MODERATE
47.088,,6.58,-175.99,-1.65,1.88,-0.87,-0.29,False,False,False,False,False,False,-0.009,-0.004,True,False,MODERATE
47.269,,6.56,-175.9,-1.6,1.76,-0.96,-0.27,False,False,False,False,False,False,-0.008,-0.0,True,False,MODERATE
47.293,,6.83,-175.72,-1.67,1.78,-0.95,-0.27,False,False,False,False,False,False,0.005,0.0,True,False,MODERATE
47.458,,6.52,-175.1,-1.58,1.7,-0.58,-0.25,False,False,False,False,False,False,0.01,-0.0,True,False,MODERATE
47.48,,6.57,-175.05,-1.74,1.7,-0.53,-0.27,False,False,False,False,False,False,0.008,-0.001,True,False,MODERATE
47.664,,7.06,-175.95,-1.66,1.95,-0.83,-0.29,False,False,False,False,False,False,0.001,0.002,True,False,MODERATE
47.687,,7.32,-175.9,-1.64,2.01,-0.86,-0.29,False,False,False,False,False,False,-0.001,0.004,True,False,MODERATE
47.857,,7.35,-176.02,-1.67,2.24,-1.01,-0.3,False,False,False,False,False,False,0.001,0.002,True,False,MODERATE
47.881,,7.33,-175.79,-1.74,2.26,-1.0,-0.31,False,False,False,False,False,False,0.009,0.004,True,False,MODERATE
48.049,,7.19,-175.62,-1.74,2.28,-0.88,-0.35,False,False,False,False,False,False,0.009,0.003,True,False,MODERATE
48.078,,6.92,-174.69,-1.64,2.24,-0.71,-0.34,False,False,False,False,False,False,0.013,0.003,True,False,MODERATE
48.259,,7.09,-174.76,-1.65,2.21,-0.27,-0.32,False,False,False,False,False,False,0.015,-0.001,True,False,MODERATE
48.282,,7.67,-175.42,-1.59,2.28,-0.31,-0.31,False,False,False,False,False,False,0.017,-0.002,True,False,MODERATE
48.449,,7.64,-175.8,-1.57,2.52,-0.63,-0.26,False,False,False,False,False,False,0.016,-0.002,True,False,MODERATE
48.475,,7.82,-176.02,-1.68,2.58,-0.71,-0.27,False,False,False,False,False,False,0.015,-0.001,True,False,MODERATE
48.656,,8.15,-176.16,-1.58,2.94,-1.03,-0.25,False,False,False,False,False,False,0.016,0.0,True,False,LOW
48.678,,7.78,-176.2,-1.64,2.93,-1.07,-0.25,False,False,False,False,False,False,0.017,0.001,True,False,LOW
48.852,,7.54,-175.72,-1.54,2.78,-0.96,-0.22,False,False,False,False,False,False,0.017,0.004,True,False,LOW
48.876,,8.01,-175.83,-1.54,2.82,-0.96,-0.21,False,False,False,False,False,False,0.016,0.005,True,False,LOW
49.059,,7.69,-175.49,-1.53,2.81,-0.78,-0.19,False,False,False,False,False,False,0.012,0.009,True,False,LOW
49.081,,7.96,-175.44,-1.63,2.84,-0.76,-0.2,False,False,False,False,False,False,0.013,0.005,True,False,LOW
49.254,,8.65,-175.52,-1.69,3.32,-0.71,-0.27,False,False,False,False,False,False,0.013,0.004,True,False,LOW
49.278,,8.52,-175.76,-1.82,3.36,-0.73,-0.3,False,False,False,False,False,False,0.013,0.002,True,False,LOW
49.459,,8.27,-177.32,-1.83,3.36,-1.67,-0.39,False,False,False,False,False,False,0.015,0.026,True,False,LOW
49.482,,8.63,-177.24,-1.85,3.41,-1.76,-0.41,False,False,False,False,False,False,0.027,0.018,True,False,LOW
49.652,,9.42,-176.78,-1.82,3.99,-1.84,-0.44,False,False,False,False,False,False,0.018,0.012,True,False,LOW
49.676,,8.44,-176.77,-1.83,3.93,-1.85,-0.44,False,False,False,False,False,False,0.001,0.009,True,False,LOW
49.859,,7.87,-175.73,-1.82,3.42,-1.33,-0.45,False,False,False,False,False,False,-0.001,0.007,True,False,LOW
49.882,,7.47,-175.31,-1.81,3.31,-1.21,-0.45,False,False,False,False,False,False,-0.002,0.005,True,False,LOW
50.05,,7.69,-175.79,-1.8,3.04,-1.07,-0.45,False,False,False,False,False,False,-0.008,0.005,True,False,LOW
50.077,,7.71,-175.35,-1.73,3.0,-0.98,-0.44,False,False,False,False,False,False,0.011,0.002,True,False,LOW
50.265,,7.9,-175.97,-1.75,3.0,-1.05,-0.41,False,False,False,False,False,False,0.016,0.001,True,False,LOW
50.289,,7.78,-175.92,-1.79,2.99,-1.05,-0.42,False,False,False,False,False,False,-0.014,0.008,True,False,LOW
50.452,,7.95,-176.83,-1.96,3.02,-1.52,-0.51,False,False,False,False,False,False,0.007,0.007,True,False,LOW
50.477,,7.99,-176.13,-1.87,3.03,-1.49,-0.51,False,False,False,False,False,False,0.008,0.002,True,False,LOW
50.657,,8.3,-175.48,-1.83,3.23,-1.02,-0.49,False,False,False,False,False,False,0.011,0.003,True,False,LOW
50.68,,8.69,-175.24,-1.8,3.3,-0.94,-0.49,False,False,False,False,False,False,0.013,0.002,True,False,LOW
50.854,,8.22,-176.09,-1.92,3.31,-1.09,-0.53,False,False,False,False,False,False,0.014,0.002,True,False,LOW
50.876,,8.29,-175.95,-1.94,3.32,-1.09,-0.53,False,False,False,False,False,False,0.014,0.001,True,False,LOW
51.062,,8.1,-176.11,-1.94,3.26,-1.18,-0.56,False,False,False,False,False,False,0.019,0.002,True,False,LOW
51.084,,8.23,-176.61,-1.73,3.26,-1.25,-0.54,False,False,False,False,False,False,0.058,0.014,True,False,LOW
51.254,,8.44,-177.14,-1.7,3.41,-1.79,-0.44,False,False,False,False,False,False,0.057,0.01,True,False,LOW
51.278,,8.74,-176.59,-1.68,3.47,-1.78,-0.42,False,False,False,False,False,False,0.057,0.01,True,False,LOW
51.458,,8.75,-176.44,-1.71,3.67,-1.67,-0.39,False,False,False,False,False,False,0.058,0.01,True,False,LOW
51.483,,8.59,-176.66,-1.75,3.67,-1.69,-0.39,False,False,False,False,False,False,0.055,0.009,True,False,LOW
51.651,,8.66,-176.41,-1.87,3.72,-1.62,-0.45,False,False,False,False,False,False,0.036,0.011,True,False,LOW
51.677,,8.48,-176.63,-1.85,3.7,-1.64,-0.46,False,False,False,False,False,False,0.025,0.001,True,False,LOW
51.858,,8.14,-176.66,-1.87,3.45,-1.73,-0.49,False,False,False,False,False,False,0.027,0.001,True,False,LOW
51.882,,8.15,-176.41,-1.92,3.43,-1.7,-0.5,False,False,False,False,False,False,0.019,0.0,True,False,LOW
52.066,,8.53,-177.36,-2.06,3.54,-2.13,-0.61,False,False,False,False,False,False,0.014,0.019,True,False,LOW
52.089,,8.37,-177.51,-2.01,3.53,-2.2,-0.62,False,False,False,False,False,False,-0.002,0.029,True,False,LOW
52.266,,8.74,-177.43,-2.14,3.69,-2.4,-0.71,False,False,False,False,False,False,0.01,0.02,True,False,LOW
52.289,,8.76,-176.8,-2.01,3.71,-2.34,-0.7,False,False,False,False,False,False,0.01,0.011,True,False,LOW
52.455,,8.96,-176.2,-1.9,3.89,-1.82,-0.62,False,False,False,False,False,False,0.019,0.005,True,False,LOW
52.478,,8.76,-175.68,-1.83,3.89,-1.7,-0.6,False,False,False,False,False,False,0.015,0.006,True,False,LOW
52.664,,8.52,-176.86,-1.98,3.74,-1.86,-0.61,False,False,False,False,False,False,0.016,0.004,True,False,LOW
52.688,,8.39,-177.1,-2.05,3.71,-1.91,-0.63,False,False,False,False,False,False,0.014,0.005,True,False,LOW
52.855,,8.5,-176.6,-2.08,3.65,-1.82,-0.68,False,False,False,False,False,False,0.015,0.006,True,False,LOW
52.879,,8.65,-177.13,-2.1,3.67,-1.88,-0.69,False,False,False,False,False,False,0.019,0.005,True,False,LOW
53.053,,8.44,-177.17,-2.12,3.6,-2.11,-0.73,False,False,False,False,False,False,0.019,0.003,True,False,LOW
53.077,,8.35,-176.86,-2.04,3.58,-2.09,-0.72,False,False,False,False,False,False,0.019,0.003,True,False,LOW
53.247,,8.29,-176.95,-1.98,3.48,-2.09,-0.67,False,False,False,False,False,False,0.019,0.003,True,False,LOW
53.277,,8.29,-176.41,-1.93,3.47,-2.0,-0.66,False,False,False,False,False,False,0.017,0.003,True,False,LOW
53.453,,8.67,-176.3,-1.92,3.63,-1.71,-0.61,False,False,False,False,False,False,0.018,0.002,True,False,LOW
53.476,,8.55,-176.82,-1.97,3.63,-1.74,-0.61,False,False,False,False,False,False,0.017,0.001,True,False,LOW
53.645,,8.81,-177.13,-1.96,3.77,-2.01,-0.61,False,False,False,False,False,False,0.019,0.001,True,False,LOW
53.676,,8.47,-177.34,-2.05,3.74,-2.09,-0.62,False,False,False,False,False,False,0.015,0.002,True,False,LOW
53.853,,8.36,-176.87,-1.97,3.59,-2.05,-0.62,False,False,False,False,False,False,0.017,-0.0,True,False,LOW
53.876,,8.47,-176.69,-1.96,3.59,-2.02,-0.62,False,False,False,False,False,False,0.018,0.003,True,False,LOW
54.046,,8.7,-177.04,-1.91,3.7,-2.1,-0.58,False,False,False,False,False,False,0.015,0.001,True,False,LOW
54.076,,8.9,-176.9,-1.88,3.75,-2.09,-0.58,False,False,False,False,False,False,0.016,0.006,True,False,LOW
54.251,,8.81,-177.02,-1.92,3.83,-2.13,-0.57,False,False,False,False,False,False,0.017,0.004,True,False,LOW
54.276,,8.73,-176.81,-1.96,3.83,-2.1,-0.57,False,False,False,False,False,False,0.017,0.004,True,False,LOW
54.444,,8.71,-177.24,-1.98,3.82,-2.25,-0.6,False,False,False,False,False,False,0.017,0.006,True,False,LOW
54.476,,8.78,-177.4,-1.97,3.83,-2.3,-0.6,False,False,False,False,False,False,0.015,0.006,True,False,LOW
54.652,,8.65,-177.28,-1.93,3.79,-2.36,-0.59,False,False,False,False,False,False,0.015,0.007,True,False,LOW
54.676,,8.41,-176.54,-1.88,3.75,-2.27,-0.58,False,False,False,False,False,False,0.014,0.006,True,False,LOW
54.854,,8.54,-176.81,-1.94,3.69,-2.1,-0.58,False,False,False,False,False,False,0.014,0.007,True,False,LOW
54.883,,8.56,-176.18,-1.89,3.69,-1.98,-0.58,False,False,False,False,False,False,0.015,0.007,True,False,LOW
55.057,,8.29,-175.98,-1.94,3.53,-1.52,-0.58,False,False,False,False,False,False,0.014,0.006,True,False,LOW
55.078,,8.5,-176.07,-1.87,3.54,-1.48,-0.57,False,False,False,False,False,False,0.015,0.003,True,False,LOW
55.25,,8.89,-175.72,-1.8,3.77,-1.15,-0.51,False,False,False,False,False,False,0.015,0.001,True,False,LOW
55.276,,8.6,-175.89,-1.88,3.76,-1.14,-0.51,False,False,False,False,False,False,0.015,0.003,True,False,LOW
55.458,,7.89,-175.76,-1.92,3.35,-1.01,-0.54,False,False,False,False,False,False,0.013,0.007,True,False,LOW
55.481,,8.77,-176.38,-1.82,3.41,-1.07,-0.53,False,False,False,False,False,False,0.019,0.007,True,False,LOW
55.649,,9.1,-176.12,-2.07,3.82,-1.17,-0.62,False,False,False,False,False,False,0.017,0.007,True,False,LOW
55.676,,9.26,-176.19,-1.98,3.9,-1.19,-0.62,False,False,False,False,False,False,0.016,0.006,True,False,LOW
55.858,,9.08,-176.82,-2.04,4.05,-1.61,-0.66,False,False,False,False,False,False,0.012,0.002,True,False,LOW
55.881,,9.62,-177.23,-1.86,4.14,-1.71,-0.64,False,False,False,False,False,False,0.067,0.01,True,False,LOW
56.05,,9.96,-175.77,-1.89,4.62,-1.3,-0.58,False,False,False,False,False,False,0.066,0.008,True,False,LOW
56.076,,10.42,-176.18,-1.59,4.76,-1.3,-0.53,False,False,False,False,False,False,0.066,0.008,True,False,LOW
56.257,,9.77,-177.01,-1.33,4.82,-1.76,-0.23,False,False,False,False,False,False,0.059,0.011,True,False,LOW
56.28,,8.38,-176.5,-1.21,4.65,-1.74,-0.19,False,False,False,False,False,False,0.064,0.011,True,False,LOW
56.45,,7.58,-175.92,-1.03,3.61,-1.39,0.08,False,False,False,False,False,False,0.065,0.012,True,True,LOW
56.477,,6.97,-175.71,-0.92,3.36,-1.31,0.13,False,False,False,False,False,False,0.065,0.012,True,True,LOW
56.657,,7.29,-175.58,-0.85,2.83,-0.99,0.33,False,False,False,False,False,False,0.06,0.012,True,True,LOW
56.68,,8.37,-176.84,-0.77,2.91,-1.12,0.37,False,False,False,False,False,False,0.053,0.009,True,True,LOW
56.853,,8.41,-177.48,-1.0,3.23,-1.92,0.36,False,False,False,False,False,False,0.059,0.012,True,True,LOW
56.876,,8.73,-177.98,-1.1,3.3,-2.08,0.35,False,False,False,False,False,False,0.069,0.012,True,True,LOW
57.059,,8.7,-177.53,-1.0,3.57,-2.4,0.35,False,False,False,False,False,False,0.066,0.009,True,True,LOW
57.083,,9.13,-176.98,-0.88,3.66,-2.36,0.37,False,False,False,False,False,False,0.063,0.01,True,True,LOW
57.354,,9.06,-176.79,-0.81,3.98,-2.09,0.48,False,False,False,False,False,False,0.059,0.011,True,True,LOW
57.375,,8.53,-177.23,-1.04,3.94,-2.12,0.46,False,False,False,False,False,False,0.065,0.013,True,True,LOW
57.487,,8.66,-176.61,-0.99,3.86,-1.97,0.42,False,False,False,False,False,False,0.065,0.014,True,True,LOW
57.51,,8.76,-176.72,-0.9,3.86,-1.96,0.43,False,False,False,False,False,False,0.065,0.014,True,True,LOW
57.645,,8.58,-176.97,-0.97,3.78,-2.03,0.41,False,False,False,False,False,False,0.069,0.011,True,True,LOW
57.676,,8.82,-176.25,-0.74,3.8,-1.92,0.44,False,False,False,False,False,False,0.066,0.01,True,True,LOW
57.853,,8.09,-175.9,-0.84,3.48,-1.45,0.48,False,False,False,False,False,False,0.062,0.01,True,True,LOW
57.876,,7.86,-176.11,-0.73,3.41,-1.43,0.5,False,False,False,False,False,False,0.06,0.01,True,True,LOW
58.046,,8.32,-176.53,-0.71,3.42,-1.55,0.57,False,False,False,False,False,False,0.057,0.011,True,True,LOW
58.068,,8.39,-176.45,-0.89,3.43,-1.56,0.56,False,False,False,False,False,False,0.06,0.01,True,True,LOW
58.256,,8.65,-175.8,-0.69,3.6,-1.22,0.62,False,False,False,False,False,False,0.059,0.012,True,True,LOW
58.281,,8.49,-176.13,-0.8,3.6,-1.23,0.61,False,False,False,False,False,False,0.062,0.009,True,True,LOW
58.443,,8.5,-176.2,-0.72,3.6,-1.28,0.62,False,False,False,False,False,False,0.063,0.011,True,True,LOW
58.467,,8.11,-176.74,-0.82,3.55,-1.36,0.61,False,False,False,False,False,False,0.06,0.011,True,True,LOW
58.652,,8.36,-176.7,-0.83,3.5,-1.62,0.56,False,False,False,False,False,False,0.06,0.01,True,True,MODERATE
58.676,,7.7,-176.49,-0.77,3.41,-1.62,0.57,False,False,False,False,False,False,0.067,0.006,True,True,MODERATE
58.846,,8.71,-176.3,-0.97,3.62,-1.53,0.47,False,False,False,False,False,False,0.073,0.011,True,True,MODERATE
58.87,,8.26,-176.58,-1.05,3.58,-1.55,0.45,False,False,False,False,False,False,0.073,0.008,True,True,MODERATE
59.053,,8.48,-176.39,-1.02,3.58,-1.54,0.39,False,False,False,False,False,False,0.073,0.007,True,True,MODERATE
59.076,,8.34,-176.03,-1.07,3.56,-1.49,0.38,False,False,False,False,False,False,0.079,0.006,True,True,MODERATE
59.246,,7.91,-176.13,-1.04,3.28,-1.38,0.34,False,False,False,False,False,False,0.079,0.008,True,True,MODERATE
59.269,,8.12,-175.67,-1.02,3.27,-1.3,0.34,False,False,False,False,False,False,0.081,0.005,True,True,MODERATE
59.461,,8.5,-176.15,-0.92,3.45,-1.3,0.39,False,False,False,False,False,False,0.079,0.006,True,True,MODERATE
59.646,,8.46,-176.34,-1.05,3.51,-1.39,0.35,False,False,False,False,False,False,0.073,0.007,True,True,MODERATE
59.754,,8.72,-176.62,-0.99,3.64,-1.54,0.35,False,False,False,False,False,False,0.071,0.006,True,True,MODERATE
59.777,,8.74,-176.67,-1.08,3.66,-1.58,0.34,False,False,False,False,False,False,0.073,0.008,True,True,MODERATE
59.888,,8.59,-176.62,-1.26,3.67,-1.65,0.24,False,False,False,False,False,False,0.018,0.054,False,True,MODERATE
59.91,,8.59,-176.78,-1.51,3.68,-1.69,0.19,False,False,False,False,False,False,0.027,0.021,True,True,MODERATE
60.057,,8.09,-177.02,-1.39,3.44,-1.92,0.08,False,False,False,False,False,False,0.061,0.019,True,True,MODERATE
60.079,,8.48,-176.45,-1.11,3.46,-1.88,0.1,False,False,False,False,False,False,0.06,0.015,True,True,MODERATE
60.262,,8.31,-175.98,-1.22,3.43,-1.47,0.12,False,False,False,False,False,False,0.058,0.011,True,True,MODERATE
60.287,,8.2,-175.97,-1.21,3.41,-1.42,0.12,False,False,False,False,False,False,0.059,0.011,True,True,MODERATE
60.455,,8.02,-175.69,-1.1,3.26,-1.11,0.19,False,False,False,False,False,False,0.059,0.013,True,True,MODERATE
60.478,,8.22,-175.81,-1.03,3.27,-1.09,0.21,False,False,False,False,False,False,0.061,0.012,True,True,MODERATE
60.662,,7.95,-175.65,-1.11,3.15,-0.93,0.23,False,False,False,False,False,False,0.062,0.012,True,True,MODERATE
60.687,,8.32,-176.04,-1.16,3.19,-0.96,0.22,False,False,False,False,False,False,0.065,0.01,True,True,MODERATE
60.857,,7.87,-176.67,-1.2,3.08,-1.4,0.19,False,False,False,False,False,False,0.064,0.012,True,True,MODERATE
60.88,,8.33,-176.81,-1.08,3.12,-1.47,0.2,False,False,False,False,False,False,0.065,0.011,True,True,MODERATE
61.054,,8.0,-176.35,-1.06,3.11,-1.48,0.25,False,False,False,False,False,False,0.062,0.012,True,True,MODERATE
61.077,,8.29,-176.33,-1.14,3.15,-1.48,0.24,False,False,False,False,False,False,0.064,0.011,True,True,MODERATE
61.246,,8.27,-176.08,-1.17,3.26,-1.35,0.21,False,False,False,False,False,False,0.062,0.012,True,True,MODERATE
61.273,,8.11,-176.14,-1.26,3.25,-1.34,0.2,False,False,False,False,False,False,0.063,0.011,True,True,MODERATE
61.452,,8.11,-175.88,-1.19,3.23,-1.17,0.18,False,False,False,False,False,False,0.059,0.013,True,True,MODERATE
61.475,,8.05,-175.93,-1.2,3.22,-1.16,0.18,False,False,False,False,False,False,0.059,0.012,True,True,MODERATE
61.644,,8.16,-175.81,-1.22,3.24,-1.05,0.16,False,False,False,False,False,False,0.058,0.012,True,True,MODERATE
61.667,,8.11,-175.64,-1.19,3.24,-1.01,0.16,False,False,False,False,False,False,0.06,0.013,True,True,MODERATE
61.853,,8.54,-175.0,-1.46,3.45,-0.54,0.02,False,False,False,False,False,False,0.022,0.01,True,True,MODERATE
61.879,,8.85,-175.95,-1.44,3.53,-0.62,0.0,False,False,False,False,False,False,0.017,0.007,True,True,MODERATE
62.045,,8.68,-174.99,-1.52,3.66,-0.37,-0.08,False,False,False,False,False,False,0.022,0.005,True,True,MODERATE
62.068,,8.78,-175.45,-1.64,3.69,-0.39,-0.11,False,False,False,False,False,False,0.022,0.005,True,True,MODERATE
62.271,,8.57,-175.47,-1.51,3.68,-0.52,-0.14,False,False,False,False,False,False,0.034,0.006,True,True,MODERATE
62.299,,8.45,-175.65,-1.39,3.66,-0.56,-0.12,False,False,False,False,False,False,0.059,0.015,True,True,MODERATE
62.448,,8.25,-175.99,-1.29,3.51,-0.84,-0.03,False,False,False,False,False,False,0.06,0.011,True,True,MODERATE
62.471,,8.89,-175.69,-1.24,3.57,-0.84,-0.01,False,False,False,False,False,False,0.066,0.01,True,True,MODERATE
62.652,,8.92,-176.2,-1.3,3.81,-1.11,0.02,False,False,False,False,False,False,0.078,0.007,True,True,MODERATE
62.676,,9.5,-176.1,-1.27,3.92,-1.12,0.03,False,False,False,False,False,False,0.078,0.007,True,True,MODERATE
62.849,,9.62,-176.27,-1.15,4.34,-1.27,0.12,False,False,False,False,False,False,0.075,0.008,True,True,MODERATE
62.872,,9.28,-175.42,-1.05,4.35,-1.18,0.15,False,False,False,False,False,False,0.076,0.01,True,True,MODERATE
63.056,,8.8,-176.4,-1.22,4.11,-1.37,0.14,False,False,False,False,False,False,0.083,0.007,True,True,MODERATE
63.08,,8.95,-175.44,-1.02,4.1,-1.27,0.17,False,False,False,False,False,False,0.078,0.006,True,True,MODERATE
63.258,,8.93,-176.42,-1.27,4.06,-1.42,0.12,False,False,False,False,False,False,0.082,0.01,True,True,MODERATE
63.281,,8.16,-176.34,-1.23,3.96,-1.43,0.12,False,False,False,False,False,False,0.076,0.009,True,True,MODERATE
63.457,,8.09,-176.05,-1.3,3.55,-1.3,0.09,False,False,False,False,False,False,0.068,0.013,True,True,MODERATE
63.48,,7.8,-175.91,-1.3,3.46,-1.27,0.08,False,False,False,False,False,False,0.071,0.01,True,True,MODERATE
63.65,,8.32,-176.03,-1.26,3.44,-1.22,0.09,False,False,False,False,False,False,0.064,0.01,True,True,MODERATE
63.673,,8.33,-175.78,-1.21,3.44,-1.18,0.1,False,False,False,False,False,False,0.061,0.009,True,True,MODERATE
63.858,,8.28,-176.05,-1.27,3.41,-1.19,0.09,False,False,False,False,False,False,0.062,0.01,True,True,MODERATE
63.881,,8.45,-176.02,-1.25,3.43,-1.18,0.09,False,False,False,False,False,False,0.062,0.011,True,True,MODERATE
64.053,,8.39,-176.01,-1.24,3.46,-1.17,0.1,False,False,False,False,False,False,0.061,0.012,True,True,MODERATE
64.077,,8.96,-176.31,-1.29,3.54,-1.2,0.1,False,False,False,False,False,False,0.062,0.009,True,True,MODERATE
64.257,,8.46,-175.72,-1.32,3.55,-1.02,0.06,False,False,False,False,False,False,0.056,0.017,True,True,MODERATE
64.28,,8.85,-176.01,-1.51,3.6,-1.04,0.04,False,False,False,False,False,False,0.025,0.008,True,True,MODERATE
64.453,,8.46,-175.64,-1.51,3.58,-0.9,-0.06,False,False,False,False,False,False,0.031,0.006,True,True,MODERATE
64.476,,9.09,-175.8,-1.54,3.66,-0.91,-0.08,False,False,False,False,False,False,0.029,0.002,True,True,MODERATE
64.66,,8.62,-175.79,-1.56,3.69,-0.92,-0.15,False,False,False,False,False,False,0.023,0.006,True,True,MODERATE
64.684,,8.92,-175.77,-1.61,3.74,-0.92,-0.16,False,False,False,False,False,False,0.02,0.004,True,True,MODERATE
64.852,,8.76,-176.16,-1.61,3.8,-1.12,-0.21,False,False,False,False,False,False,0.02,0.004,True,True,MODERATE
64.875,,9.26,-176.64,-1.6,3.87,-1.2,-0.21,False,False,False,False,False,False,0.018,0.054,False,True,MODERATE
65.061,,8.92,-177.58,-1.76,3.95,-2.04,-0.32,False,False,False,False,False,False,0.018,0.054,False,True,MODERATE
65.085,,9.3,-177.55,-1.95,4.01,-2.13,-0.35,False,False,False,False,False,False,0.005,0.017,True,True,MODERATE
65.251,,9.07,-176.61,-1.82,4.09,-1.93,-0.41,False,False,False,False,False,False,0.016,0.012,True,True,MODERATE
65.274,,8.98,-176.69,-1.61,4.09,-1.92,-0.39,False,False,False,False,False,False,0.021,0.006,True,True,MODERATE
65.458,,9.33,-176.49,-1.42,4.27,-1.76,-0.22,False,False,False,False,False,False,0.043,0.008,True,True,MODERATE
65.482,,8.8,-176.3,-1.31,4.23,-1.72,-0.18,False,False,False,False,False,False,0.068,0.014,True,True,MODERATE
65.651,,9.21,-176.26,-1.21,4.27,-1.55,-0.01,False,False,False,False,False,False,0.063,0.011,True,True,MODERATE
65.674,,9.62,-176.15,-1.12,4.33,-1.52,0.02,False,False,False,False,False,False,0.066,0.013,True,True,MODERATE
65.859,,9.78,-176.33,-1.14,4.63,-1.49,0.13,False,False,False,False,False,False,0.065,0.012,True,True,MODERATE
65.882,,9.44,-175.54,-1.37,4.62,-1.39,0.11,False,False,False,False,False,False,0.021,0.008,True,True,MODERATE
66.054,,8.88,-175.68,-1.5,4.28,-1.09,-0.02,False,False,False,False,False,False,0.015,0.004,True,True,MODERATE
66.076,,8.9,-175.63,-1.46,4.25,-1.05,-0.03,False,False,False,False,False,False,0.015,0.005,True,True,MODERATE
66.26,,8.94,-175.86,-1.46,4.14,-1.02,-0.07,False,False,False,False,False,False,0.015,0.003,True,True,MODERATE
66.283,,8.94,-175.99,-1.52,4.12,-1.04,-0.08,False,False,False,False,False,False,0.016,0.005,True,True,MODERATE
66.452,,9.85,-176.58,-1.59,4.55,-1.39,-0.16,False,False,False,False,True,True,0.016,0.045,True,True,MODERATE
66.476,,9.4,-178.7,-1.69,4.54,-1.74,-0.18,False,False,False,False,True,True,0.029,0.037,True,True,MODERATE
66.658,,10.1,-177.85,-1.71,4.9,-2.43,-0.28,False,False,False,False,False,False,0.017,0.023,True,True,MODERATE
66.682,,9.42,-177.41,-1.8,4.85,-2.44,-0.3,False,False,False,False,False,False,0.022,0.016,True,True,MODERATE
66.851,,9.42,-176.63,-1.69,4.68,-2.09,-0.32,False,False,False,False,False,False,0.029,0.008,True,True,MODERATE
66.875,,9.45,-176.62,-1.52,4.66,-2.05,-0.3,False,False,False,False,False,False,0.024,0.006,True,True,MODERATE
67.06,,9.43,-176.46,-1.61,4.59,-1.81,-0.27,False,False,False,False,False,False,0.021,0.009,True,True,MODERATE
67.086,,9.25,-175.85,-1.55,4.56,-1.69,-0.26,False,False,False,False,False,False,0.025,0.006,True,True,MODERATE
67.254,,9.57,-176.41,-1.46,4.61,-1.62,-0.18,False,False,False,False,False,False,0.018,0.005,True,True,MODERATE
67.278,,9.25,-176.88,-1.58,4.58,-1.67,-0.19,False,False,False,False,False,False,0.019,0.007,True,True,MODERATE
67.458,,9.47,-176.51,-1.53,4.57,-1.66,-0.18,False,False,False,False,False,False,0.019,0.005,True,True,MODERATE
67.481,,8.93,-176.38,-1.58,4.5,-1.64,-0.19,False,False,False,False,False,False,0.017,0.006,True,True,MODERATE
67.652,,9.38,-176.63,-1.58,4.49,-1.71,-0.21,False,False,False,False,False,False,0.015,0.007,True,True,MODERATE
67.674,,9.35,-176.53,-1.52,4.49,-1.7,-0.2,False,False,False,False,False,False,0.015,0.006,True,True,MODERATE
67.861,,9.32,-175.94,-1.51,4.45,-1.36,-0.18,False,False,False,False,False,False,0.016,0.005,True,True,MODERATE
67.885,,9.09,-176.33,-1.57,4.42,-1.38,-0.18,False,False,False,False,False,False,0.017,0.005,True,True,MODERATE
68.066,,9.28,-176.7,-1.6,4.4,-1.62,-0.22,False,False,False,False,False,False,0.016,0.006,True,True,MODERATE
68.09,,9.21,-176.54,-1.5,4.39,-1.63,-0.21,False,False,False,False,False,False,0.013,0.007,True,True,MODERATE
68.264,,9.3,-177.0,-1.55,4.39,-1.9,-0.2,False,False,False,False,False,False,0.017,0.005,True,True,MODERATE
68.289,,9.26,-176.42,-1.58,4.39,-1.85,-0.2,False,False,False,False,False,False,0.018,0.004,True,True,MODERATE
68.458,,9.17,-176.14,-1.6,4.33,-1.56,-0.22,False,False,False,False,False,False,0.018,0.004,True,True,MODERATE
68.482,,9.27,-176.22,-1.58,4.33,-1.53,-0.22,False,False,False,False,False,False,0.018,0.005,True,True,MODERATE
68.651,,9.17,-176.28,-1.68,4.3,-1.47,-0.28,False,False,False,False,False,False,0.016,0.004,True,True,MODERATE
68.677,,9.42,-175.79,-1.67,4.33,-1.39,-0.28,False,False,False,False,False,False,0.016,0.006,True,True,MODERATE
68.856,,9.53,-176.32,-1.55,4.49,-1.43,-0.24,False,False,False,False,False,False,0.019,0.006,True,True,MODERATE
68.882,,9.06,-175.75,-1.62,4.45,-1.35,-0.24,False,False,False,False,False,False,0.007,0.007,True,True,MODERATE
69.04,,9.13,-175.43,-1.55,4.34,-0.96,-0.22,False,False,False,False,False,False,-0.011,0.004,True,True,MODERATE
69.067,,9.16,-176.02,-1.59,4.33,-0.99,-0.22,False,False,False,False,False,False,0.016,0.007,True,True,MODERATE
69.246,,9.22,-175.71,-1.51,4.32,-0.91,-0.19,False,False,False,False,False,False,0.018,0.006,True,True,MODERATE
69.271,,8.91,-175.78,-1.56,4.28,-0.91,-0.19,False,False,False,False,False,False,0.015,0.006,True,True,MODERATE
69.437,,9.02,-175.38,-1.47,4.2,-0.71,-0.15,False,False,False,False,False,False,0.014,0.006,True,True,MODERATE
69.468,,9.09,-176.09,-1.57,4.2,-0.8,-0.16,False,False,False,False,False,False,0.015,0.008,True,True,MODERATE
69.645,,8.83,-175.77,-1.56,4.06,-0.86,-0.18,False,False,False,False,False,False,0.019,0.008,True,True,MODERATE
69.667,,9.04,-176.29,-1.71,4.07,-0.93,-0.21,False,False,False,False,False,False,0.016,0.007,True,True,MODERATE
69.836,,9.07,-176.43,-1.75,4.12,-1.26,-0.3,False,False,False,False,False,False,0.02,0.005,True,True,MODERATE
69.868,,9.03,-176.91,-1.83,4.12,-1.4,-0.33,False,False,False,False,False,False,0.018,0.004,True,True,MODERATE
70.047,,9.38,-176.09,-1.67,4.31,-1.31,-0.32,False,False,False,False,False,False,0.024,0.003,True,True,MODERATE
70.07,,8.98,-176.54,-1.74,4.28,-1.36,-0.33,False,False,False,False,False,False,0.017,0.006,True,True,MODERATE
70.24,,9.31,-176.5,-1.79,4.35,-1.5,-0.38,False,False,False,False,False,False,0.017,0.003,True,True,MODERATE
70.268,,9.18,-176.6,-1.77,4.34,-1.54,-0.39,False,False,False,False,False,False,0.017,0.004,True,True,MODERATE
70.447,,9.19,-176.6,-1.64,4.31,-1.65,-0.33,False,False,False,False,False,False,0.015,0.005,True,True,MODERATE
70.472,,9.22,-176.54,-1.68,4.31,-1.65,-0.33,False,False,False,False,False,False,0.018,0.008,True,True,MODERATE
70.64,,9.48,-177.44,-1.51,4.45,-2.14,-0.24,False,False,False,False,False,False,0.063,0.018,True,True,MODERATE
70.67,,9.1,-174.93,-1.36,4.41,-1.79,-0.2,False,False,False,False,False,False,0.06,0.013,True,True,MODERATE
70.85,,9.35,-175.53,-1.47,4.43,-1.18,-0.16,False,False,False,False,False,False,0.064,0.011,True,False,MODERATE
70.874,,9.65,-175.44,-1.35,4.47,-1.1,-0.13,False,False,False,False,False,False,0.07,0.01,True,False,MODERATE
71.042,,9.42,-175.6,-1.57,4.5,-0.91,-0.18,False,False,False,False,False,False,0.068,0.014,True,False,MODERATE
71.069,,9.5,-175.83,-1.41,4.51,-0.92,-0.16,False,False,False,False,False,False,0.072,0.01,True,False,MODERATE
71.251,,9.32,-177.0,-1.59,4.46,-1.57,-0.2,False,False,False,False,False,False,0.067,0.015,True,False,MODERATE
71.273,,9.67,-176.95,-1.58,4.5,-1.64,-0.2,False,False,False,False,False,False,0.062,0.011,True,False,MODERATE
71.449,,9.77,-177.38,-1.42,4.7,-2.11,-0.13,False,False,False,False,False,False,0.064,0.012,True,False,MODERATE
71.476,,9.23,-177.52,-1.47,4.64,-2.19,-0.13,False,False,False,False,False,False,0.061,0.012,True,False,MODERATE
71.65,,9.18,-176.56,-1.35,4.45,-1.93,-0.06,False,False,False,False,False,False,0.07,0.013,True,False,MODERATE
71.673,,9.25,-176.05,-1.15,4.44,-1.84,-0.02,False,False,False,False,False,False,0.067,0.013,True,False,MODERATE
71.842,,9.95,-176.06,-0.89,4.76,-1.5,0.23,False,False,False,False,False,False,0.074,0.013,True,False,MODERATE
71.868,,10.38,-176.33,-0.93,4.86,-1.5,0.26,False,False,False,False,False,False,0.078,0.01,True,False,MODERATE
72.047,,10.11,-177.19,-0.97,5.05,-1.94,0.33,False,False,False,False,False,False,0.074,0.011,True,False,MODERATE
72.07,,10.07,-176.92,-1.02,5.06,-1.96,0.33,False,False,False,False,False,False,0.068,0.014,True,False,MODERATE
72.242,,10.15,-177.68,-1.11,5.16,-2.41,0.28,False,False,False,False,False,False,0.067,0.018,True,False,MODERATE
72.27,,9.6,-177.35,-1.26,5.09,-2.42,0.26,False,False,False,False,False,False,0.073,0.013,True,False,MODERATE
72.448,,9.5,-177.68,-1.18,4.83,-2.63,0.21,False,False,False,False,False,False,0.066,0.015,True,False,MODERATE
72.471,,9.64,-177.2,-1.21,4.82,-2.6,0.2,False,False,False,False,False,False,0.07,0.017,True,False,MODERATE
72.643,,10.06,-177.25,-1.35,5.0,-2.49,0.1,False,False,False,False,False,False,0.06,0.019,True,False,MODERATE
72.668,,10.41,-177.25,-1.36,5.07,-2.48,0.09,False,False,False,False,False,False,0.066,0.015,True,False,MODERATE
72.853,,10.58,-177.28,-1.45,5.4,-2.45,-0.01,False,False,False,False,False,False,0.027,0.008,True,False,MODERATE
72.876,,10.13,-177.07,-1.43,5.38,-2.42,-0.02,False,False,False,False,False,False,0.027,0.006,True,False,MODERATE
73.041,,10.64,-178.69,-1.65,5.56,-3.14,-0.16,False,False,False,False,False,False,0.018,0.054,False,False,MODERATE
73.068,,10.64,-177.75,-1.6,5.59,-3.11,-0.17,False,False,False,False,False,False,0.023,0.015,True,False,MODERATE
73.257,,10.46,-177.77,-1.58,5.57,-3.0,-0.2,False,False,False,False,False,False,0.025,0.011,True,False,MODERATE
73.283,,10.94,-177.79,-1.48,5.64,-2.99,-0.19,False,False,False,False,False,False,0.065,0.02,True,False,MODERATE
73.447,,10.72,-177.76,-1.58,5.73,-2.94,-0.21,False,False,False,False,False,False,0.061,0.018,True,False,MODERATE
73.469,,10.43,-178.14,-1.51,5.71,-2.99,-0.2,False,False,False,False,False,False,0.063,0.015,True,False,MODERATE
73.649,,10.49,-177.92,-1.46,5.65,-3.03,-0.15,False,False,False,False,False,False,0.064,0.015,True,False,MODERATE
73.672,,10.23,-178.24,-1.39,5.6,-3.07,-0.14,False,False,False,False,False,False,0.063,0.013,True,False,MODERATE
73.841,,10.44,-178.01,-1.48,5.57,-3.11,-0.13,False,False,False,False,False,False,0.064,0.013,True,False,MODERATE
73.985,,10.52,-178.56,-1.43,5.59,-3.39,-0.1,False,False,False,False,False,False,0.066,0.011,True,False,MODERATE
74.094,,10.43,-177.36,-1.35,5.57,-3.03,-0.06,False,False,False,False,False,False,0.064,0.012,True,False,MODERATE
74.116,,10.74,-177.88,-1.42,5.6,-3.03,-0.06,False,False,False,False,False,False,0.067,0.013,True,False,MODERATE
74.246,,10.79,-177.17,-1.37,5.73,-2.7,-0.04,False,False,False,False,False,False,0.068,0.014,True,False,MODERATE
74.27,,10.7,-176.95,-1.43,5.74,-2.62,-0.04,False,False,False,False,False,False,0.068,0.013,True,False,MODERATE
74.45,,10.66,-176.7,-1.3,5.75,-2.2,0.01,False,False,False,False,False,False,0.067,0.013,True,False,MODERATE
74.473,,10.13,-177.57,-1.46,5.68,-2.26,-0.01,False,False,False,False,False,False,0.068,0.013,True,False,MODERATE
74.642,,10.13,-176.81,-1.24,5.45,-2.1,0.06,False,False,False,False,False,False,0.065,0.01,True,False,MODERATE
74.668,,9.68,-176.53,-1.47,5.35,-2.04,0.03,False,False,False,False,False,False,0.068,0.015,True,False,MODERATE
74.85,,10.36,-176.4,-1.44,5.41,-1.77,-0.03,False,False,False,False,False,False,0.062,0.014,True,False,LOW
74.876,,10.41,-176.91,-1.57,5.42,-1.81,-0.06,False,False,False,False,False,False,0.063,0.013,True,False,LOW
75.042,,10.98,-177.45,-1.67,5.76,-2.21,-0.19,False,False,False,False,False,False,0.067,0.013,True,False,LOW
75.067,,10.77,-176.32,-1.48,5.78,-2.11,-0.18,False,False,False,False,False,False,0.067,0.013,True,False,LOW
75.249,,10.57,-176.36,-1.55,5.72,-1.78,-0.19,False,False,False,False,False,False,0.068,0.013,True,False,LOW
75.274,,10.6,-176.65,-1.56,5.72,-1.78,-0.19,False,False,False,False,False,False,0.066,0.011,True,False,LOW
75.442,,10.69,-176.79,-1.45,5.75,-1.86,-0.14,False,False,False,False,False,False,0.068,0.01,True,False,LOW
75.47,,10.05,-177.13,-1.56,5.66,-1.92,-0.15,False,False,False,False,False,False,0.067,0.012,True,False,LOW
75.652,,10.76,-176.98,-1.44,5.77,-2.03,-0.12,False,False,False,False,False,False,0.07,0.009,True,False,LOW
75.676,,10.51,-176.96,-1.45,5.75,-2.04,-0.11,False,False,False,False,False,False,0.069,0.012,True,False,LOW
75.84,,10.78,-176.56,-1.36,5.81,-1.87,-0.06,False,False,False,False,False,False,0.069,0.011,True,False,LOW
75.868,,10.75,-177.21,-1.49,5.82,-1.94,-0.07,False,False,False,False,False,False,0.067,0.012,True,False,LOW
76.071,,11.11,-178.1,-1.65,6.04,-2.68,-0.2,False,False,False,False,False,False,0.025,0.019,True,False,LOW
76.095,,10.18,-177.67,-1.59,5.94,-2.7,-0.2,False,False,False,False,False,False,0.065,0.018,True,False,LOW
76.248,,10.54,-178.03,-1.54,5.79,-2.93,-0.19,False,False,False,False,False,False,0.067,0.012,True,False,LOW
76.272,,10.41,-177.18,-1.42,5.75,-2.85,-0.18,False,False,False,False,False,False,0.068,0.013,True,False,LOW
76.455,,10.51,-177.14,-1.35,5.68,-2.54,-0.08,False,False,False,False,False,False,0.067,0.012,True,False,LOW
76.478,,10.43,-176.84,-1.43,5.66,-2.47,-0.08,False,False,False,False,False,False,0.066,0.011,True,False,LOW
76.646,,10.8,-177.37,-1.44,5.78,-2.49,-0.08,False,False,False,False,False,False,0.066,0.009,True,False,LOW
76.669,,10.63,-176.62,-1.41,5.78,-2.4,-0.08,False,False,False,False,False,False,0.069,0.009,True,False,LOW
76.86,,10.76,-176.51,-1.41,5.82,-1.98,-0.07,False,False,False,False,False,False,0.065,0.01,True,False,LOW
76.884,,10.69,-177.13,-1.62,5.82,-2.02,-0.09,False,False,False,False,False,False,0.068,0.01,True,False,LOW
77.037,,10.48,-176.96,-1.58,5.7,-2.06,-0.16,False,False,False,False,False,False,0.065,0.01,True,False,LOW
77.068,,11.04,-178.33,-2.0,5.77,-2.3,-0.24,False,False,False,False,False,False,0.018,0.031,True,False,LOW
77.248,,10.83,-177.97,-1.71,5.86,-2.74,-0.3,False,False,False,False,False,False,0.057,0.019,True,False,LOW
77.271,,10.45,-177.58,-1.92,5.82,-2.73,-0.33,False,False,False,False,False,False,0.029,0.029,True,False,LOW
77.437,,10.95,-177.57,-1.58,5.94,-2.72,-0.28,False,False,False,False,False,False,0.073,0.016,True,False,LOW
77.467,,10.69,-177.53,-1.6,5.91,-2.71,-0.27,False,False,False,False,False,False,0.071,0.015,True,False,LOW
77.644,,10.69,-177.12,-1.55,5.85,-2.47,-0.23,False,False,False,False,False,False,0.068,0.01,True,False,LOW
77.668,,10.74,-177.22,-1.44,5.85,-2.46,-0.21,False,False,False,False,False,False,0.069,0.012,True,False,LOW
77.839,,10.85,-176.24,-1.54,5.9,-1.89,-0.2,False,False,False,False,False,False,0.055,0.015,True,False,LOW
77.869,,10.8,-174.91,-1.35,5.9,-1.58,-0.17,False,False,False,False,False,False,0.023,0.006,True,False,LOW
78.045,,10.79,-175.6,-1.57,5.89,-1.13,-0.19,False,False,False,False,False,False,0.027,0.003,True,False,LOW
78.067,,10.82,-175.24,-1.56,5.9,-1.03,-0.19,False,False,False,False,False,False,0.031,0.003,True,False,LOW
78.238,,10.95,-175.3,-1.5,5.98,-0.72,-0.17,False,False,False,False,False,False,0.029,0.001,True,False,LOW
78.269,,11.09,-176.07,-1.6,6.01,-0.8,-0.18,False,False,False,False,False,False,0.039,0.006,True,False,LOW
78.446,,10.68,-176.23,-1.32,5.89,-1.1,-0.07,False,False,False,False,False,False,0.07,0.012,True,False,LOW
78.468,,10.76,-176.65,-1.37,5.89,-1.19,-0.06,False,False,False,False,False,False,0.073,0.015,True,False,LOW
78.636,,11.01,-177.19,-1.43,6.0,-1.78,-0.07,False,False,False,False,False,False,0.07,0.012,True,False,LOW
78.66,,10.43,-176.83,-1.36,5.94,-1.81,-0.06,False,False,False,False,False,False,0.07,0.015,True,False,LOW
78.849,,10.61,-176.89,-1.49,5.81,-1.93,-0.1,False,False,False,False,False,False,0.066,0.012,True,False,LOW
78.872,,11.0,-177.19,-1.49,5.85,-1.98,-0.1,False,False,False,False,False,False,0.068,0.014,True,False,LOW
79.043,,10.88,-176.39,-1.53,5.92,-1.75,-0.14,False,False,False,False,False,False,0.031,0.006,True,False,LOW
79.066,,10.89,-176.27,-1.48,5.93,-1.7,-0.14,False,False,False,False,False,False,0.029,0.003,True,False,LOW
79.251,,10.94,-175.92,-1.49,5.99,-1.36,-0.14,False,False,False,False,False,False,0.027,0.003,True,False,LOW
79.274,,10.7,-176.74,-1.6,5.96,-1.43,-0.15,False,False,False,False,False,False,0.018,0.054,False,False,LOW
79.444,,11.11,-177.09,-1.79,6.09,-1.84,-0.3,False,False,False,False,False,False,0.033,0.013,True,False,LOW
79.467,,10.92,-176.59,-1.89,6.08,-1.83,-0.33,False,False,False,False,False,False,0.031,0.014,True,False,LOW
79.649,,11.25,-176.29,-1.61,6.22,-1.62,-0.29,False,False,False,False,False,False,0.04,0.01,True,False,LOW
79.671,,10.96,-176.66,-1.55,6.21,-1.64,-0.28,False,False,False,False,False,False,0.069,0.018,True,False,LOW
79.842,,10.85,-176.43,-1.48,6.07,-1.6,-0.2,False,False,False,False,False,False,0.065,0.015,True,False,LOW
79.864,,11.08,-176.63,-1.53,6.09,-1.62,-0.2,False,False,False,False,False,False,0.031,0.01,True,False,LOW
80.049,,10.74,-176.25,-1.52,5.95,-1.5,-0.18,False,False,False,False,False,False,0.033,0.007,True,False,LOW
80.074,,10.67,-175.95,-1.54,5.93,-1.44,-0.18,False,False,False,False,False,False,0.029,0.009,True,False,LOW
80.244,,10.67,-175.78,-1.57,5.85,-1.17,-0.2,False,False,False,False,False,False,0.029,0.007,True,False,LOW
80.269,,10.82,-175.79,-1.49,5.86,-1.14,-0.19,False,False,False,False,False,False,0.029,0.005,True,False,LOW
80.45,,10.71,-176.28,-1.49,5.83,-1.29,-0.16,False,False,False,False,False,False,0.034,0.005,True,False,LOW
80.475,,10.69,-176.23,-1.44,5.83,-1.3,-0.15,False,False,False,False,False,False,0.065,0.015,True,False,LOW
80.643,,11.17,-176.96,-1.52,6.05,-1.71,-0.16,False,False,False,False,False,False,0.064,0.014,True,False,LOW
80.665,,10.89,-176.85,-1.54,6.05,-1.75,-0.16,False,False,False,False,False,False,0.068,0.01,True,False,LOW
80.849,,10.39,-176.58,-1.49,5.75,-1.73,-0.15,False,False,False,False,False,False,0.067,0.011,True,False,LOW
80.873,,10.91,-176.61,-1.55,5.78,-1.74,-0.15,False,False,False,False,False,False,0.063,0.013,True,False,LOW
81.042,,11.13,-176.88,-1.56,6.01,-1.88,-0.18,False,False,False,False,False,False,0.065,0.012,True,False,LOW
81.064,,11.17,-176.91,-1.56,6.05,-1.9,-0.18,False,False,False,False,False,False,0.065,0.013,True,False,LOW
81.252,,11.27,-176.93,-1.55,6.22,-1.99,-0.19,False,False,False,False,False,False,0.063,0.013,True,False,LOW
81.276,,11.27,-177.08,-1.56,6.24,-2.02,-0.19,False,False,False,False,False,False,0.064,0.013,True,False,LOW
81.441,,11.07,-177.46,-1.54,6.21,-2.32,-0.19,False,False,False,False,False,False,0.068,0.013,True,False,LOW
81.466,,10.82,-177.39,-1.5,6.17,-2.35,-0.18,False,False,False,False,False,False,0.068,0.012,True,False,LOW
81.656,,10.64,-176.67,-1.42,5.93,-2.06,-0.12,False,False,False,False,False,False,0.071,0.013,True,False,LOW
81.678,,10.89,-177.5,-1.42,5.94,-2.13,-0.11,False,False,False,False,False,False,0.071,0.012,True,False,LOW
81.843,,10.53,-177.16,-1.42,5.78,-2.22,-0.09,False,False,False,False,False,False,0.068,0.015,True,False,LOW
81.866,,10.99,-176.61,-1.46,5.82,-2.16,-0.09,False,False,False,False,False,False,0.068,0.012,True,False,LOW
82.05,,10.96,-177.03,-1.52,5.95,-2.16,-0.13,False,False,False,False,False,False,0.071,0.012,True,False,LOW
82.072,,10.85,-177.45,-1.45,5.95,-2.22,-0.13,False,False,False,False,False,False,0.072,0.016,True,False,LOW
82.243,,10.72,-177.29,-1.5,5.88,-2.33,-0.14,False,False,False,False,False,False,0.071,0.012,True,False,LOW
82.268,,10.82,-177.08,-1.41,5.89,-2.31,-0.12,False,False,False,False,False,False,0.071,0.013,True,False,LOW
82.451,,10.65,-177.05,-1.49,5.81,-2.25,-0.13,False,False,False,False,False,False,0.073,0.011,True,False,LOW
82.474,,10.19,-176.6,-1.33,5.75,-2.18,-0.11,False,False,False,False,False,False,0.07,0.014,True,False,LOW
82.643,,10.42,-176.19,-1.46,5.63,-1.74,-0.11,False,False,False,False,False,False,0.07,0.013,True,False,LOW
82.666,,10.89,-176.33,-1.46,5.67,-1.7,-0.11,False,False,False,False,False,False,0.07,0.012,True,False,LOW
82.85,,10.74,-176.35,-1.45,5.76,-1.59,-0.1,False,False,False,False,False,False,0.071,0.013,True,False,LOW
82.875,,10.24,-176.45,-1.41,5.71,-1.59,-0.09,False,False,False,False,False,False,0.071,0.015,True,False,LOW
83.05,,10.72,-176.05,-1.5,5.77,-1.38,-0.12,False,False,False,False,False,False,0.068,0.012,True,False,LOW
83.072,,10.62,-175.54,-1.44,5.76,-1.29,-0.12,False,False,False,False,False,False,0.072,0.015,True,False,LOW
83.252,,10.76,-176.06,-1.56,5.81,-1.24,-0.16,False,False,False,False,False,False,0.073,0.009,True,False,LOW
83.276,,11.52,-175.62,-1.52,5.92,-1.18,-0.16,False,False,False,False,False,False,0.07,0.013,True,False,LOW
83.443,,12.1,-175.12,-1.23,6.59,-0.7,-0.02,False,False,False,False,False,False,0.081,0.012,True,False,LOW
83.466,,11.26,-175.92,-0.95,6.56,-0.74,0.04,False,False,False,False,False,False,0.074,0.01,True,False,LOW
83.649,,10.51,-174.63,-0.43,6.05,-0.21,0.52,False,False,False,False,False,False,0.071,0.008,True,False,LOW
83.672,,9.62,-174.14,-0.16,5.87,-0.09,0.61,False,False,False,False,False,False,0.083,0.005,True,False,LOW
83.847,,8.86,-174.17,-0.32,4.84,0.33,0.83,False,False,False,False,False,False,0.079,0.0,True,False,LOW
83.87,,9.41,-174.84,-0.63,4.8,0.28,0.82,False,False,False,False,False,False,0.077,0.004,True,False,LOW
84.078,,9.32,-174.85,-0.67,4.58,0.13,0.74,False,False,False,False,False,False,0.082,-0.0,True,False,LOW
84.1,,8.9,-174.11,-0.65,4.51,0.21,0.74,False,False,False,False,False,False,0.075,0.004,True,False,LOW
84.253,,9.37,-174.16,-0.54,4.49,0.45,0.78,False,False,False,False,False,False,0.066,0.005,True,True,LOW
84.279,,9.34,-174.07,-0.61,4.48,0.5,0.77,False,False,False,False,False,False,0.068,0.006,True,True,LOW
84.455,,9.58,-174.3,-0.62,4.59,0.53,0.75,False,False,False,False,False,False,0.064,0.009,True,True,LOW
84.478,,10.02,-174.39,-0.59,4.65,0.52,0.75,False,False,False,False,False,False,0.065,0.009,True,True,LOW
84.649,,9.86,-174.6,-0.67,4.81,0.39,0.72,False,False,False,False,False,False,0.066,0.007,True,True,LOW
84.673,,9.64,-173.55,-0.63,4.8,0.51,0.72,False,False,False,False,False,False,0.067,0.009,True,True,LOW
84.853,,10.18,-173.8,-0.62,5.06,0.81,0.73,False,False,False,False,False,False,0.067,0.005,True,True,LOW
84.875,,10.01,-173.53,-0.64,5.06,0.87,0.73,False,False,False,False,False,False,0.069,0.006,True,True,LOW
85.041,,10.32,-172.76,-0.57,5.25,1.51,0.76,False,False,False,False,False,False,0.077,0.005,True,True,LOW
85.065,,10.51,-173.01,-0.42,5.3,1.56,0.78,False,False,False,False,False,False,0.074,0.005,True,True,LOW
85.246,,9.96,-173.49,-0.53,5.17,1.46,0.8,False,False,False,False,False,False,0.075,0.004,True,True,LOW
85.269,,9.79,-173.86,-0.41,5.13,1.4,0.82,False,False,False,False,False,False,0.073,0.003,True,True,LOW
85.437,,9.78,-174.37,-0.75,5.0,0.93,0.71,False,False,False,False,False,False,0.07,0.005,True,True,LOW
85.463,,9.92,-173.71,-0.54,5.01,0.96,0.73,False,False,False,False,False,False,0.068,0.007,True,True,LOW
85.647,,9.51,-173.99,-0.79,4.79,0.91,0.64,False,False,False,False,False,False,0.04,0.023,True,True,LOW
85.671,,9.84,-174.2,-0.84,4.81,0.88,0.62,False,False,False,False,False,False,0.044,0.022,True,True,LOW
85.838,,10.22,-173.78,-0.76,5.07,0.98,0.61,False,False,False,False,False,False,0.063,0.01,True,True,LOW
85.862,,9.28,-173.54,-0.79,4.98,1.03,0.6,False,False,False,False,False,False,0.064,0.011,True,True,LOW
86.049,,9.98,-173.54,-0.71,5.03,1.19,0.63,False,False,False,False,False,False,0.065,0.009,True,True,LOW
86.073,,10.1,-172.58,-0.8,5.06,1.34,0.62,False,False,False,False,False,False,0.026,0.007,True,True,LOW
86.239,,9.93,-173.23,-0.88,5.04,1.49,0.54,False,False,False,False,False,False,0.025,0.005,True,True,LOW
86.264,,10.3,-172.39,-0.93,5.09,1.63,0.53,False,False,False,False,False,False,0.023,0.001,True,True,LOW
86.445,,10.35,-173.3,-1.13,5.28,1.59,0.37,False,False,False,False,False,False,0.018,0.054,False,True,MODERATE
86.466,,9.83,-173.92,-1.17,5.24,1.52,0.34,False,False,False,False,False,False,0.018,0.054,False,True,MODERATE
86.635,,10.86,-173.07,-1.07,5.61,1.66,0.31,False,False,False,False,False,False,0.022,0.011,True,True,MODERATE
86.658,,10.26,-172.87,-1.19,5.58,1.7,0.29,False,False,False,False,False,False,0.02,0.01,True,True,MODERATE
86.851,,10.02,-172.93,-1.05,5.33,1.83,0.3,False,False,False,False,False,False,0.019,0.001,True,True,MODERATE
86.874,,9.74,-172.88,-1.06,5.27,1.85,0.3,False,False,False,False,False,False,0.019,-0.002,True,True,MODERATE
87.043,,9.49,-172.64,-0.97,4.91,2.04,0.34,False,False,False,False,False,False,0.018,-0.002,True,True,MODERATE
87.065,,9.6,-172.27,-0.93,4.89,2.11,0.35,False,False,False,False,False,False,0.018,-0.001,True,True,MODERATE
87.25,,9.5,-172.32,-0.92,4.73,2.34,0.4,False,False,False,False,False,False,0.017,-0.002,True,True,MODERATE
87.411,,9.44,-172.48,-0.72,4.63,2.36,0.52,False,False,False,False,False,False,0.062,0.012,True,True,MODERATE
87.518,,9.84,-172.57,-0.67,4.76,2.33,0.59,False,False,False,False,False,False,0.061,0.003,True,True,MODERATE
87.542,,9.95,-173.02,-0.66,4.8,2.27,0.6,False,False,False,False,False,False,0.063,0.004,True,True,MODERATE
87.652,,9.34,-172.67,-0.79,4.65,2.24,0.59,False,False,False,False,False,False,0.063,0.003,True,True,MODERATE
87.675,,9.55,-172.17,-0.65,4.65,2.29,0.6,False,False,False,False,False,False,0.067,-0.001,True,True,MODERATE
87.836,,9.47,-172.58,-0.75,4.61,2.29,0.6,False,False,False,False,False,False,0.066,-0.001,True,True,MODERATE
87.862,,10.22,-173.01,-0.66,4.71,2.22,0.62,False,False,False,False,False,False,0.067,-0.001,True,True,MODERATE
88.043,,10.08,-173.04,-0.76,4.96,2.01,0.6,False,False,False,False,False,False,0.07,0.003,True,True,MODERATE
88.066,,10.2,-173.19,-0.68,5.01,1.96,0.61,False,False,False,False,False,False,0.069,0.004,True,True,MODERATE
88.238,,10.06,-172.8,-0.64,5.09,2.01,0.67,False,False,False,False,False,False,0.067,0.002,True,True,MODERATE
88.261,,10.23,-173.58,-0.71,5.12,1.92,0.66,False,False,False,False,False,False,0.066,0.005,True,True,MODERATE
88.443,,10.06,-173.82,-0.77,5.14,1.44,0.62,False,False,False,False,False,False,0.067,0.005,True,True,MODERATE
88.466,,10.41,-174.12,-0.75,5.19,1.35,0.62,False,False,False,False,False,False,0.064,0.004,True,True,MODERATE
88.638,,9.95,-173.52,-0.77,5.12,1.34,0.6,False,False,False,False,False,False,0.066,0.005,True,True,MODERATE
88.66,,10.41,-172.97,-0.59,5.16,1.41,0.62,False,False,False,False,False,False,0.061,0.006,True,True,MODERATE
88.846,,10.09,-173.56,-0.77,5.18,1.35,0.6,False,False,False,False,False,False,0.064,0.006,True,True,MODERATE
88.869,,10.53,-173.11,-0.64,5.24,1.4,0.62,False,False,False,False,False,False,0.06,0.008,True,True,MODERATE
89.038,,10.51,-172.74,-0.92,5.43,1.78,0.52,False,False,False,False,False,False,0.031,-0.001,True,True,MODERATE
89.063,,10.29,-173.03,-1.09,5.43,1.78,0.49,False,False,False,False,False,False,0.028,-0.001,True,True,MODERATE
89.247,,10.34,-172.92,-1.34,5.43,1.87,0.23,False,False,False,False,False,False,0.018,0.054,False,True,MODERATE
89.272,,10.71,-174.22,-1.25,5.49,1.7,0.21,False,False,False,False,False,False,0.015,0.022,True,True,MODERATE
89.437,,10.76,-173.58,-1.24,5.68,1.48,0.16,False,False,False,False,False,False,0.018,0.016,True,True,MODERATE
89.461,,10.4,-173.21,-1.23,5.65,1.5,0.16,False,False,False,False,False,False,0.023,0.009,True,True,MODERATE
89.631,,10.55,-173.13,-1.0,5.65,1.62,0.26,False,False,False,False,False,False,0.021,0.001,True,True,MODERATE
89.66,,10.43,-172.93,-1.08,5.63,1.67,0.26,False,False,False,False,False,False,0.022,-0.002,True,True,MODERATE
89.842,,10.02,-172.43,-1.16,5.36,2.08,0.23,False,False,False,False,False,False,0.006,-0.002,True,True,MODERATE
89.868,,10.1,-172.85,-1.16,5.34,2.07,0.22,False,False,False,False,False,False,0.003,-0.001,True,True,MODERATE
90.031,,10.27,-171.9,-1.15,5.35,2.53,0.21,False,False,False,False,False,False,-0.004,-0.003,True,True,MODERATE
90.06,,10.18,-171.56,-1.11,5.34,2.65,0.22,False,False,False,False,False,False,-0.029,0.002,True,True,MODERATE
90.241,,10.36,-173.49,-1.08,5.4,1.97,0.25,False,False,False,False,False,False,0.064,0.005,True,True,MODERATE
90.265,,10.67,-173.27,-0.88,5.45,1.92,0.28,False,False,False,False,False,False,0.065,0.002,True,True,MODERATE
90.433,,10.66,-173.22,-0.88,5.61,1.77,0.38,False,False,False,False,False,False,0.072,0.002,True,True,MODERATE
90.458,,10.57,-172.94,-0.89,5.62,1.79,0.39,False,False,False,False,False,False,0.067,0.002,True,True,MODERATE
90.76,,10.49,-173.4,-0.8,5.6,1.57,0.5,False,False,False,False,False,False,0.067,0.004,True,True,MODERATE
90.782,,10.48,-173.13,-0.81,5.6,1.59,0.5,False,False,False,False,False,False,0.071,0.005,True,True,MODERATE
90.892,,10.62,-174.07,-0.88,5.65,1.26,0.49,False,False,False,False,False,False,0.069,0.004,True,True,MODERATE
90.915,,10.85,-173.24,-0.78,5.69,1.31,0.5,False,False,False,False,False,False,0.07,0.005,True,True,MODERATE
91.042,,11.48,-173.79,-0.68,6.09,1.2,0.58,False,False,False,False,False,False,0.073,0.001,True,True,MODERATE
91.064,,11.51,-173.79,-0.65,6.16,1.19,0.59,False,False,False,False,False,False,0.076,0.001,True,True,MODERATE
91.235,,11.21,-174.05,-0.8,6.24,0.99,0.57,False,False,False,False,False,False,0.074,0.001,True,True,MODERATE
91.261,,10.87,-174.07,-0.83,6.2,0.96,0.57,False,False,False,False,False,False,0.069,-0.0,True,True,MODERATE
91.44,,10.94,-173.88,-0.93,6.11,0.97,0.49,False,False,False,False,False,False,0.067,0.001,True,True,MODERATE
91.463,,11.0,-173.73,-0.83,6.11,0.99,0.5,False,False,False,False,False,False,0.071,0.002,True,True,MODERATE
91.634,,11.41,-173.66,-0.81,6.32,1.1,0.52,False,False,False,False,False,False,0.069,0.005,True,True,MODERATE
91.661,,10.93,-173.96,-0.89,6.28,1.07,0.51,False,False,False,False,False,False,0.07,0.004,True,True,MODERATE
91.839,,10.96,-173.74,-0.85,6.16,1.1,0.51,False,False,False,False,False,False,0.068,0.006,True,True,MODERATE
91.863,,10.63,-173.9,-0.88,6.1,1.08,0.5,False,False,False,False,False,False,0.068,0.003,True,True,MODERATE
92.047,,11.03,-172.99,-0.74,6.12,1.51,0.56,False,False,False,False,False,False,0.067,0.005,True,True,MODERATE
92.07,,11.52,-174.12,-1.51,6.18,1.41,0.47,False,False,False,False,False,False,0.053,0.011,True,True,MODERATE
92.246,,10.98,-174.0,-1.39,6.13,1.12,0.2,False,False,False,False,False,False,0.018,0.054,False,True,MODERATE
92.269,,11.57,-173.72,-1.21,6.2,1.12,0.19,False,False,False,False,False,False,0.064,0.02,True,True,MODERATE
92.458,,10.92,-173.82,-1.13,6.1,1.08,0.21,False,False,False,False,False,False,0.078,0.014,True,True,MODERATE
92.486,,10.99,-173.19,-0.91,6.1,1.17,0.25,False,False,False,False,False,False,0.073,0.011,True,True,MODERATE
92.648,,11.03,-173.92,-1.01,6.11,1.05,0.3,False,False,False,False,False,False,0.073,0.009,True,True,MODERATE
92.672,,11.27,-172.82,-0.82,6.15,1.19,0.33,False,False,False,False,False,False,0.033,0.007,True,True,MODERATE
92.841,,11.01,-173.14,-1.1,6.13,1.47,0.29,False,False,False,False,False,False,0.029,0.001,True,True,MODERATE
92.864,,10.87,-172.69,-1.13,6.11,1.56,0.28,False,False,False,False,False,False,0.018,0.054,False,True,MODERATE
93.039,,11.13,-172.55,-1.18,6.17,1.96,0.23,False,False,False,False,False,False,0.032,0.026,True,True,MODERATE
93.063,,11.47,-172.75,-1.24,6.22,1.98,0.21,False,False,False,False,False,False,0.029,0.007,True,True,MODERATE
93.23,,11.12,-172.73,-1.18,6.22,2.06,0.19,False,False,False,False,False,False,0.022,0.005,True,True,MODERATE
93.26,,11.36,-172.33,-1.04,6.26,2.13,0.21,False,False,False,False,False,False,0.028,0.001,True,True,MODERATE
93.438,,10.95,-172.26,-0.97,6.15,2.38,0.3,False,False,False,False,False,False,0.03,0.001,True,True,MODERATE
93.462,,11.09,-172.29,-0.98,6.15,2.41,0.31,False,False,False,False,False,False,0.031,0.0,True,True,MODERATE
93.629,,11.11,-172.86,-1.12,6.18,2.2,0.27,False,False,False,False,False,False,0.034,0.003,True,True,MODERATE
93.662,,11.07,-173.43,-0.93,6.18,2.06,0.3,False,False,False,False,False,False,0.073,0.011,True,True,MODERATE
93.834,,10.65,-173.82,-1.0,5.96,1.52,0.33,False,False,False,False,False,False,0.071,0.007,True,True,MODERATE
93.858,,10.51,-173.41,-1.05,5.91,1.51,0.33,False,False,False,False,False,False,0.069,0.007,True,True,MODERATE
94.028,,10.74,-173.65,-1.08,5.87,1.36,0.3,False,False,False,False,False,False,0.071,0.008,True,True,MODERATE
94.06,,10.98,-173.35,-0.97,5.91,1.38,0.31,False,False,False,False,False,False,0.07,0.007,True,True,MODERATE
94.235,,11.58,-174.03,-0.95,6.32,1.09,0.36,False,False,False,False,False,False,0.073,0.006,True,True,MODERATE
94.258,,11.31,-174.24,-0.9,6.33,1.03,0.37,False,False,False,False,False,False,0.074,0.006,True,True,MODERATE
94.429,,11.14,-173.66,-0.83,6.28,1.12,0.45,False,False,False,False,False,False,0.075,0.008,True,True,MODERATE
94.459,,11.28,-174.6,-1.09,6.3,0.98,0.42,False,False,False,False,False,False,0.076,0.005,True,True,MODERATE
94.639,,11.08,-173.64,-0.95,6.24,1.11,0.41,False,False,False,False,False,False,0.046,0.011,True,True,MODERATE
94.663,,11.0,-173.85,-1.22,6.22,1.09,0.38,False,False,False,False,False,False,0.021,0.022,True,True,MODERATE
94.832,,11.46,-174.29,-1.15,6.39,0.82,0.29,False,False,False,False,False,False,0.011,0.019,True,True,MODERATE
94.859,,11.56,-173.36,-1.2,6.43,0.92,0.27,False,False,False,False,False,False,0.018,0.054,False,True,MODERATE
95.041,,11.6,-173.1,-1.14,6.58,1.37,0.24,False,False,False,False,False,False,0.021,0.009,True,True,MODERATE
95.066,,11.64,-173.59,-1.07,6.6,1.36,0.25,False,False,False,False,False,False,0.029,0.003,True,True,MODERATE
95.236,,11.55,-172.99,-0.98,6.63,1.63,0.31,False,False,False,False,False,False,0.031,0.001,True,True,MODERATE
95.261,,11.41,-173.88,-1.18,6.61,1.54,0.29,False,False,False,False,False,False,0.027,0.0,True,True,MODERATE
95.44,,11.3,-173.27,-1.24,6.5,1.57,0.2,False,False,False,False,False,False,0.018,0.054,False,True,MODERATE
95.463,,11.39,-173.59,-1.3,6.5,1.53,0.18,False,False,False,False,False,False,0.018,0.054,False,True,MODERATE
95.634,,11.71,-173.82,-1.39,6.66,1.27,0.07,False,False,False,False,False,False,0.018,0.054,False,True,MODERATE
95.66,,11.93,-173.69,-1.3,6.71,1.26,0.07,False,False,False,False,False,False,0.031,0.013,True,True,MODERATE
95.841,,12.0,-173.74,-1.34,6.92,1.18,0.04,False,False,False,False,False,False,0.023,0.009,True,True,MODERATE
95.863,,11.42,-173.28,-1.29,6.87,1.23,0.04,False,False,False,False,False,False,0.021,0.004,True,True,MODERATE
96.033,,11.5,-172.96,-1.19,6.73,1.58,0.11,False,False,False,False,False,False,0.019,-0.001,True,True,MODERATE
96.058,,11.31,-173.63,-1.35,6.69,1.53,0.09,False,False,False,False,False,False,0.015,0.003,True,True,MODERATE
96.255,,10.89,-173.17,-1.33,6.3,1.62,0.05,False,False,False,False,False,False,0.015,0.001,True,True,MODERATE
96.279,,10.48,-172.8,-1.23,6.2,1.68,0.06,False,False,False,False,False,False,0.013,-0.001,True,True,MODERATE
96.432,,10.7,-172.71,-1.11,6.0,1.91,0.15,False,False,False,False,False,False,0.014,-0.002,True,True,MODERATE
96.46,,10.66,-172.76,-1.02,5.96,1.94,0.18,False,False,False,False,False,False,0.016,-0.002,True,True,MODERATE
96.644,,10.86,-173.57,-1.21,5.96,1.59,0.16,False,False,False,False,False,False,0.018,0.001,True,True,MODERATE
96.667,,10.83,-173.58,-1.23,5.96,1.55,0.16,False,False,False,False,False,False,0.018,0.002,True,True,MODERATE
96.834,,10.66,-173.18,-1.16,5.86,1.62,0.18,False,False,False,False,False,False,0.018,0.001,True,True,MODERATE
96.864,,10.59,-173.4,-1.22,5.83,1.59,0.17,False,False,False,False,False,False,0.024,-0.002,True,True,MODERATE
97.044,,10.98,-173.19,-1.03,5.96,1.63,0.25,False,False,False,False,False,False,0.026,-0.003,True,True,MODERATE
97.068,,10.83,-173.17,-1.08,5.96,1.64,0.26,False,False,False,False,False,False,0.029,-0.001,True,True,MODERATE
97.235,,10.83,-173.21,-0.97,5.94,1.65,0.32,False,False,False,False,False,False,0.028,-0.001,True,True,MODERATE
97.261,,11.88,-173.21,-0.99,6.09,1.65,0.33,False,False,False,False,False,False,0.036,0.002,True,True,MODERATE
97.442,,11.87,-173.05,-1.28,6.57,1.73,0.19,False,False,False,False,False,False,0.035,0.011,True,False,MODERATE
97.464,,11.68,-173.81,-1.22,6.59,1.65,0.19,False,False,False,False,False,False,0.035,0.007,True,False,MODERATE
97.633,,11.01,-173.36,-1.44,6.34,1.57,0.05,False,False,False,False,False,False,0.031,0.006,True,False,MODERATE
97.659,,11.72,-173.62,-1.68,6.41,1.52,-0.01,False,False,False,False,False,False,0.033,0.002,True,False,MODERATE
97.841,,11.49,-172.78,-1.27,6.51,1.82,0.04,False,False,False,False,False,False,0.033,0.001,True,False,MODERATE
97.865,,11.4,-173.34,-1.2,6.51,1.78,0.06,False,False,False,False,False,False,0.03,0.001,True,False,MODERATE
98.035,,11.94,-173.17,-0.92,6.78,1.73,0.25,False,False,False,False,False,False,0.029,-0.003,True,False,MODERATE
98.059,,11.59,-174.72,-1.25,6.77,1.51,0.23,False,False,False,False,False,False,0.025,0.016,True,False,MODERATE
98.242,,12.09,-176.27,-1.46,7.0,-0.11,0.05,False,False,False,False,False,False,0.031,0.018,True,False,MODERATE
98.267,,11.32,-173.84,-1.24,6.92,0.04,0.06,False,False,False,False,False,False,0.027,0.011,True,False,MODERATE
98.434,,11.25,-173.98,-1.23,6.62,0.47,0.09,False,False,False,False,False,False,0.027,0.003,True,False,MODERATE
98.459,,11.4,-173.94,-1.19,6.61,0.53,0.1,False,False,False,False,False,False,-0.003,0.008,True,False,MODERATE
98.644,,11.26,-173.12,-1.24,6.47,1.19,0.11,False,False,False,False,False,False,-0.0,0.004,True,False,MODERATE
98.667,,11.1,-174.11,-1.1,6.44,1.13,0.13,False,False,False,False,False,False,0.021,-0.001,True,False,MODERATE
98.833,,10.6,-172.91,-1.14,6.06,1.55,0.17,False,False,False,False,False,False,0.017,0.001,True,False,MODERATE
98.86,,10.42,-173.5,-1.12,5.98,1.53,0.18,False,False,False,False,False,False,0.001,0.004,True,False,MODERATE
99.043,,10.8,-173.13,-1.05,5.93,1.64,0.25,False,False,False,False,False,False,0.002,0.004,True,False,MODERATE
99.066,,10.15,-174.03,-0.98,5.84,1.53,0.26,False,False,False,False,False,False,0.017,0.002,True,False,MODERATE
99.237,,10.46,-174.28,-1.11,5.7,1.03,0.25,False,False,False,False,False,False,0.028,0.002,True,False,MODERATE
99.261,,9.78,-172.58,-1.15,5.58,1.2,0.25,False,False,False,False,False,False,-0.003,0.011,True,False,MODERATE
99.441,,10.12,-172.7,-0.95,5.39,1.72,0.33,False,False,False,False,False,False,-0.003,0.004,True,False,MODERATE
99.464,,10.76,-172.12,-0.86,5.45,1.85,0.35,False,False,False,False,False,False,-0.001,0.01,True,False,MODERATE
99.635,,10.13,-172.6,-0.71,5.33,2.07,0.5,False,False,False,False,False,False,0.021,-0.0,True,False,MODERATE
99.66,,9.97,-172.85,-0.86,5.3,2.06,0.5,False,False,False,False,False,False,0.023,-0.002,True,False,MODERATE
99.848,,10.15,-172.96,-0.8,5.27,1.97,0.53,False,False,False,False,False,False,0.018,-0.002,True,False,MODERATE
99.871,,9.79,-172.68,-0.89,5.22,2.0,0.52,False,False,False,False,False,False,0.024,-0.0,True,False,MODERATE
100.049,,9.73,-172.64,-1.25,5.01,2.12,0.3,False,False,False,False,False,False,0.018,0.054,False,False,MODERATE
100.072,,9.9,-172.37,-1.16,5.01,2.17,0.29,False,False,False,False,False,False,0.018,0.054,False,False,MODERATE
100.247,,10.37,-171.16,-1.07,5.25,2.99,0.29,False,False,False,False,False,False,-0.006,0.02,True,False,MODERATE
100.271,,10.98,-171.79,-0.95,5.36,3.0,0.3,False,False,False,False,False,False,0.004,-0.004,True,False,MODERATE
100.438,,10.4,-172.0,-1.03,5.43,2.93,0.31,False,False,False,False,False,False,0.008,-0.007,True,False,MODERATE
100.462,,10.05,-172.03,-0.94,5.4,2.91,0.33,False,False,False,False,False,False,-0.015,0.003,True,False,MODERATE
100.648,,10.12,-172.74,-1.08,5.3,2.48,0.3,False,False,False,False,False,False,-0.012,0.001,True,False,MODERATE
100.679,,10.48,-172.69,-0.97,5.35,2.43,0.31,False,False,False,False,False,False,-0.026,0.002,True,False,MODERATE
100.836,,10.65,-173.02,-1.28,5.55,2.13,0.19,False,False,False,False,False,False,-0.026,0.001,True,False,MODERATE
100.862,,10.79,-172.95,-1.16,5.6,2.1,0.19,False,False,False,False,False,False,-0.007,0.001,True,False,MODERATE
101.036,,11.02,-172.53,-0.99,5.87,2.22,0.28,False,False,False,False,False,False,0.023,-0.009,True,False,MODERATE
101.059,,10.6,-173.11,-1.16,5.85,2.16,0.27,False,False,False,False,False,False,0.017,-0.004,True,False,MODERATE
101.23,,10.81,-172.8,-1.19,5.88,2.11,0.22,False,False,False,False,False,False,0.014,-0.009,True,False,MODERATE
101.254,,10.6,-171.74,-1.05,5.86,2.24,0.23,False,False,False,False,False,False,0.01,-0.005,True,False,MODERATE
101.436,,10.88,-172.85,-1.14,5.92,2.12,0.22,False,False,False,False,False,False,0.008,-0.004,True,False,LOW
101.459,,10.82,-172.89,-1.13,5.92,2.1,0.22,False,False,False,False,False,False,0.012,-0.007,True,False,LOW
101.628,,11.02,-171.91,-1.03,6.02,2.54,0.27,False,False,False,False,False,False,0.017,-0.008,True,False,LOW
101.651,,11.05,-173.09,-1.15,6.04,2.45,0.27,False,False,False,False,False,False,0.018,-0.006,True,False,LOW
101.839,,10.61,-172.79,-1.26,5.86,2.24,0.17,False,False,False,False,False,False,0.016,-0.008,True,False,LOW
101.863,,10.78,-173.72,-1.45,5.86,2.08,0.14,False,False,False,False,False,False,0.018,0.054,False,False,LOW
102.029,,11.38,-172.99,-1.06,6.18,1.97,0.22,False,False,False,False,False,False,0.014,-0.005,True,False,LOW
102.051,,10.8,-172.08,-1.02,6.14,2.08,0.23,False,False,False,False,False,False,0.009,-0.011,True,False,LOW
102.235,,11.14,-172.42,-1.08,6.2,2.27,0.26,False,False,False,False,False,False,0.011,-0.011,True,False,LOW
102.258,,10.79,-171.89,-0.95,6.16,2.36,0.27,False,False,False,False,False,False,0.015,-0.01,True,False,LOW
102.43,,10.81,-172.81,-1.13,6.03,2.2,0.25,False,False,False,False,False,False,0.016,-0.01,True,False,LOW
102.453,,10.74,-172.47,-1.08,6.0,2.23,0.25,False,False,False,False,False,False,0.02,-0.01,True,False,LOW
102.635,,11.03,-172.63,-1.07,6.07,2.23,0.27,False,False,False,False,False,False,0.002,-0.005,True,False,LOW
102.656,,10.93,-172.77,-1.17,6.07,2.21,0.26,False,False,False,False,False,False,0.003,-0.004,True,False,LOW
102.833,,10.72,-173.17,-1.17,5.94,1.94,0.22,False,False,False,False,False,False,0.003,-0.003,True,False,LOW
102.859,,10.7,-173.02,-1.26,5.92,1.92,0.2,False,False,False,False,False,False,-0.002,-0.002,True,False,LOW
103.04,,10.85,-173.05,-1.28,5.93,1.86,0.13,False,False,False,False,False,False,-0.015,-0.002,True,False,LOW
103.063,,10.74,-173.18,-1.45,5.92,1.84,0.11,False,False,False,False,False,False,-0.024,-0.002,True,False,LOW
103.234,,11.0,-172.93,-1.34,6.01,1.89,0.06,False,False,False,False,False,False,-0.001,-0.002,True,False,LOW
103.258,,10.58,-172.93,-1.15,5.97,1.89,0.08,False,False,False,False,False,False,0.029,-0.001,True,False,LOW
103.441,,9.97,-173.71,-1.22,5.48,1.49,0.11,False,False,False,False,False,False,0.027,-0.005,True,False,LOW
103.465,,10.14,-173.45,-1.26,5.45,1.48,0.11,False,False,False,False,False,False,0.025,-0.002,True,False,LOW
103.635,,10.45,-173.53,-1.28,5.5,1.4,0.09,False,False,False,False,False,False,0.025,-0.004,True,False,LOW
103.658,,9.74,-173.6,-1.3,5.42,1.38,0.09,False,False,False,False,False,False,0.023,-0.003,True,False,LOW
103.839,,9.85,-172.87,-1.3,5.16,1.71,0.07,False,False,False,False,False,False,0.014,-0.003,True,False,LOW
103.863,,9.7,-173.09,-1.35,5.12,1.72,0.06,False,False,False,False,False,False,0.003,-0.001,True,False,LOW
104.034,,9.98,-172.49,-1.29,5.1,2.06,0.06,False,False,False,False,False,False,0.009,-0.002,True,False,LOW
104.058,,10.12,-174.52,-1.58,5.11,1.82,0.02,False,False,False,False,False,False,0.033,0.024,True,False,LOW
104.243,,9.92,-174.98,-1.45,5.06,0.75,-0.04,False,False,False,False,False,False,0.018,0.054,False,False,LOW
104.266,,10.77,-173.84,-1.24,5.17,0.78,-0.02,False,False,False,False,False,False,-0.006,0.011,True,False,LOW
104.432,,10.55,-173.27,-1.31,5.42,1.2,0.01,False,False,False,False,False,False,-0.001,0.002,True,False,LOW
104.455,,10.34,-173.05,-1.28,5.42,1.28,0.02,False,False,False,False,False,False,-0.004,0.0,True,False,LOW
104.643,,10.48,-173.3,-1.27,5.51,1.43,0.06,False,False,False,False,False,False,-0.007,-0.002,True,False,LOW
104.667,,9.93,-173.47,-1.33,5.44,1.43,0.05,False,False,False,False,False,False,-0.004,-0.001,True,False,LOW
104.834,,10.31,-172.59,-1.37,5.43,1.86,0.02,False,False,False,False,False,False,-0.001,-0.002,True,False,LOW
104.857,,10.47,-173.85,-1.37,5.44,1.75,0.01,False,False,False,False,False,False,0.0,-0.005,True,False,LOW
105.042,,10.02,-173.14,-1.41,5.27,1.74,-0.02,False,False,False,False,False,False,0.004,-0.002,True,False,LOW
105.064,,10.16,-172.23,-1.29,5.27,1.85,-0.01,False,False,False,False,False,False,0.005,-0.003,True,False,LOW
105.237,,10.21,-173.04,-1.46,5.29,1.83,-0.06,False,False,False,False,False,False,0.01,-0.003,True,False,LOW
105.261,,10.07,-172.48,-1.44,5.27,1.91,-0.06,False,False,False,False,False,False,0.003,-0.002,True,False,LOW
105.441,,10.32,-172.97,-1.47,5.35,1.9,-0.09,False,False,False,False,False,False,-0.009,0.001,True,False,LOW
105.463,,10.07,-172.76,-1.44,5.33,1.92,-0.09,False,False,False,False,False,False,-0.007,-0.003,True,False,LOW
105.637,,9.92,-172.32,-1.34,5.17,2.25,-0.04,False,False,False,False,False,False,-0.005,-0.004,True,False,LOW
105.66,,10.12,-172.68,-1.35,5.17,2.24,-0.03,False,False,False,False,False,False,-0.006,-0.003,True,False,LOW
105.846,,10.37,-172.82,-1.34,5.33,2.13,-0.01,False,False,False,False,False,False,-0.001,-0.005,True,False,LOW
105.868,,9.99,-172.56,-1.44,5.3,2.15,-0.02,False,False,False,False,False,False,0.002,-0.004,True,False,LOW
106.033,,10.21,-172.96,-1.43,5.31,2.02,-0.05,False,False,False,False,False,False,0.003,-0.004,True,False,LOW
106.056,,10.34,-172.39,-1.36,5.32,2.08,-0.04,False,False,False,False,False,False,-0.003,-0.001,True,False,LOW
106.243,,10.5,-172.84,-1.51,5.47,2.05,-0.1,False,False,False,False,False,False,-0.004,-0.002,True,False,LOW
106.269,,10.24,-172.82,-1.47,5.45,2.05,-0.1,False,False,False,False,False,False,-0.001,0.0,True,False,LOW
106.435,,10.05,-173.12,-1.48,5.3,1.89,-0.11,False,False,False,False,False,False,-0.001,-0.002,True,False,LOW
106.457,,10.01,-173.14,-1.46,5.28,1.87,-0.11,False,False,False,False,False,False,0.008,-0.003,True,False,LOW
106.644,,9.86,-172.64,-1.48,5.1,2.06,-0.12,False,False,False,False,False,False,0.009,-0.005,True,False,LOW
106.668,,10.22,-173.2,-1.49,5.13,2.01,-0.12,False,False,False,False,False,False,0.008,-0.007,True,False,LOW
106.835,,10.14,-172.65,-1.43,5.19,2.11,-0.1,False,False,False,False,False,False,0.01,-0.004,True,False,LOW
106.858,,10.19,-172.56,-1.5,5.2,2.13,-0.1,False,False,False,False,False,False,0.019,-0.007,True,False,LOW
107.043,,10.61,-172.45,-1.45,5.48,2.28,-0.1,False,False,False,False,False,False,0.02,-0.009,True,False,LOW
107.065,,10.0,-172.51,-1.45,5.43,2.29,-0.1,False,False,False,False,False,False,0.018,-0.009,True,False,LOW
107.238,,10.22,-172.14,-1.33,5.37,2.52,-0.03,False,False,False,False,False,False,0.024,-0.01,True,False,LOW
107.264,,10.51,-173.2,-1.43,5.4,2.4,-0.04,False,False,False,False,False,False,0.029,-0.008,True,False,LOW
107.558,,10.17,-173.22,-1.48,5.32,1.9,-0.1,False,False,False,False,False,False,0.031,-0.007,True,False,LOW
107.581,,10.04,-174.11,-1.38,5.3,1.75,-0.09,False,False,False,False,False,False,0.027,0.02,True,False,LOW
107.692,,10.39,-173.21,-1.53,5.38,1.71,-0.12,False,False,False,False,False,False,0.036,0.012,True,False,LOW
107.715,,10.56,-173.09,-1.33,5.41,1.72,-0.1,False,False,False,False,False,False,0.032,0.0,True,False,LOW
107.844,,10.29,-172.39,-1.21,5.4,2.05,0.01,False,False,False,False,False,False,0.031,-0.006,True,False,LOW
107.868,,10.2,-172.91,-1.26,5.39,2.04,0.02,False,False,False,False,False,False,0.034,-0.006,True,False,LOW
108.04,,10.33,-172.68,-1.43,5.41,2.11,-0.03,False,False,False,False,False,False,0.038,-0.007,True,False,LOW
108.063,,10.87,-171.19,-1.26,5.48,2.32,-0.01,False,False,False,False,False,False,0.043,-0.015,True,False,LOW
108.246,,10.99,-171.75,-1.11,5.81,2.75,0.13,False,False,False,False,False,False,0.045,-0.005,True,False,LOW
108.27,,10.92,-170.85,-0.87,5.84,2.93,0.17,False,False,False,False,False,False,0.04,-0.008,True,False,LOW
108.442,,11.57,-171.18,-0.72,6.28,3.33,0.42,False,False,False,False,False,False,0.035,-0.005,True,False,LOW
108.465,,11.12,-171.22,-0.39,6.27,3.37,0.49,False,False,False,False,False,False,0.035,-0.005,True,False,LOW
108.647,,10.48,-172.23,-0.47,5.9,2.97,0.7,False,False,False,False,False,False,0.033,-0.001,True,True,LOW
108.67,,10.77,-171.52,-0.39,5.9,3.02,0.74,False,False,False,False,False,False,0.033,-0.003,True,True,LOW
108.838,,10.15,-171.59,-0.41,5.56,3.15,0.84,False,False,False,False,False,False,0.027,-0.001,True,True,LOW
108.861,,10.28,-171.34,-0.42,5.54,3.2,0.86,False,False,False,False,False,False,0.026,-0.003,True,True,LOW
109.035,,10.04,-171.18,-0.53,5.33,3.45,0.84,False,False,False,False,False,False,0.028,-0.003,True,True,LOW
109.059,,10.32,-171.09,-0.35,5.34,3.5,0.86,False,False,False,False,False,False,0.027,-0.005,True,True,LOW
109.229,,10.24,-171.76,-0.6,5.34,3.29,0.81,False,False,False,False,False,False,0.028,-0.003,True,True,LOW
109.253,,10.02,-171.25,-0.63,5.31,3.33,0.8,False,False,False,False,False,False,0.032,-0.003,True,True,LOW
109.437,,9.57,-171.25,-0.38,4.96,3.48,0.89,False,False,False,False,False,False,0.068,0.006,True,True,LOW
109.463,,10.24,-171.73,-0.42,5.02,3.43,0.9,False,False,False,False,False,False,0.065,0.004,True,True,LOW
109.628,,9.98,-171.43,-0.54,5.05,3.43,0.86,False,False,False,False,False,False,0.062,0.001,True,True,LOW
109.651,,9.75,-171.35,-0.44,5.02,3.44,0.86,False,False,False,False,False,False,0.065,0.004,True,True,LOW
109.834,,9.96,-170.94,-0.74,5.04,3.7,0.73,False,False,False,False,False,False,0.036,0.004,True,True,LOW
109.857,,9.92,-171.7,-0.76,5.04,3.63,0.71,False,False,False,False,False,False,0.033,-0.001,True,True,LOW
110.03,,9.43,-171.68,-0.85,4.77,3.39,0.6,False,False,False,False,False,False,0.03,0.012,True,False,LOW
110.052,,10.04,-172.35,-1.13,4.82,3.28,0.56,False,False,False,False,True,True,0.036,0.037,True,False,LOW
110.24,,9.77,-170.75,-0.82,4.85,3.73,0.55,False,False,False,False,False,False,0.032,0.009,True,False,LOW
110.264,,9.66,-170.97,-0.89,4.83,3.75,0.53,False,False,False,False,False,False,0.019,0.003,True,False,LOW
110.427,,9.53,-170.8,-0.91,4.73,3.91,0.49,False,False,False,False,False,False,-0.004,0.003,True,True,LOW
110.449,,9.49,-170.8,-0.81,4.71,3.93,0.5,False,False,False,False,False,False,-0.007,-0.005,True,True,LOW
110.638,,9.53,-170.8,-0.95,4.67,4.0,0.45,False,False,False,False,False,False,0.02,0.004,True,True,LOW
110.661,,9.34,-170.95,-0.96,4.64,3.99,0.44,False,False,False,False,False,False,0.025,0.0,True,True,LOW
110.832,,8.87,-171.24,-0.99,4.29,3.8,0.4,False,False,False,False,False,False,0.025,-0.001,True,True,LOW
110.939,,9.29,-171.0,-0.91,4.33,3.82,0.42,False,False,False,False,False,False,0.024,-0.006,True,True,LOW
111.045,,9.71,-171.14,-0.83,4.52,3.78,0.46,False,False,False,False,False,False,0.025,-0.003,True,True,LOW
111.067,,9.28,-171.58,-0.85,4.51,3.72,0.47,False,False,False,False,False,False,0.024,-0.003,True,True,LOW
111.234,,9.07,-171.46,-0.95,4.33,3.55,0.44,False,False,False,False,False,False,0.023,-0.004,True,True,MODERATE
111.339,,9.05,-171.24,-0.9,4.26,3.58,0.44,False,False,False,False,False,False,0.026,-0.004,True,True,MODERATE
111.446,,9.01,-171.27,-0.91,4.2,3.58,0.44,False,False,False,False,False,False,0.027,-0.004,True,True,MODERATE
111.468,,9.59,-171.28,-0.83,4.26,3.58,0.45,False,False,False,False,False,False,0.026,-0.005,True,True,MODERATE
111.633,,8.85,-171.44,-1.05,4.1,3.5,0.38,False,False,False,False,False,False,0.022,-0.005,True,True,MODERATE
111.741,,9.74,-171.51,-1.32,4.4,3.44,0.24,False,False,False,False,True,True,0.038,0.036,True,True,MODERATE
111.849,,10.21,-171.78,-1.49,4.78,3.29,0.09,False,False,False,False,True,True,0.03,0.038,True,True,MODERATE
111.874,,10.37,-171.1,-1.54,4.88,3.36,0.05,False,False,False,False,False,False,0.027,0.016,True,True,MODERATE
112.033,,10.87,-170.32,-1.23,5.44,3.96,0.09,False,False,False,False,False,False,0.024,0.004,True,True,MODERATE
112.14,,10.64,-170.22,-1.74,5.56,4.24,-0.1,False,False,False,False,False,False,0.018,-0.002,True,True,MODERATE
112.25,,10.58,-170.75,-1.73,5.61,4.18,-0.22,False,False,False,False,False,False,0.016,0.001,True,True,MODERATE
112.274,,10.35,-170.97,-1.67,5.59,4.15,-0.23,False,False,False,False,False,False,0.051,0.007,True,True,MODERATE
112.436,,10.0,-171.49,-1.7,5.34,3.75,-0.29,False,False,False,False,False,False,0.066,0.009,True,True,MODERATE
112.54,,9.53,-172.1,-1.73,5.06,3.35,-0.32,False,False,False,False,False,False,0.071,0.004,True,True,MODERATE
112.65,,9.24,-171.55,-1.73,4.76,3.33,-0.34,False,False,False,False,False,False,0.063,0.006,True,True,MODERATE
112.673,,9.52,-172.88,-1.8,4.74,3.16,-0.36,False,False,False,False,False,False,0.065,0.005,True,True,MODERATE
112.834,,9.39,-172.81,-1.49,4.61,2.58,-0.24,False,False,False,False,False,False,0.074,0.005,True,True,MODERATE
112.94,,10.11,-173.18,-1.53,4.85,2.21,-0.22,False,False,False,False,False,False,0.078,0.004,True,True,MODERATE
113.048,,9.75,-172.25,-1.54,4.85,2.37,-0.2,False,False,False,False,False,False,0.071,0.004,True,True,MODERATE
113.071,,9.95,-171.83,-1.47,4.88,2.46,-0.19,False,False,False,False,False,False,0.073,0.004,True,True,MODERATE
113.234,,10.37,-172.1,-1.63,5.18,2.61,-0.23,False,False,False,False,False,False,0.072,0.003,True,True,MODERATE
113.339,,9.44,-172.04,-1.87,4.92,2.69,-0.35,False,False,False,False,False,False,0.071,0.004,True,True,MODERATE
113.448,,9.54,-172.42,-1.84,4.81,2.59,-0.4,False,False,False,False,False,False,0.074,0.002,True,True,MODERATE
113.471,,9.86,-172.1,-1.87,4.83,2.61,-0.42,False,False,False,False,False,False,0.07,0.003,True,True,MODERATE
113.635,,10.02,-172.28,-1.89,4.98,2.6,-0.48,False,False,False,False,False,False,0.037,0.004,True,True,MODERATE
113.739,,9.59,-172.16,-1.83,4.86,2.64,-0.48,False,False,False,False,False,False,0.03,-0.0,True,True,MODERATE
113.849,,9.79,-172.39,-1.94,4.87,2.57,-0.52,False,False,False,False,False,False,0.029,0.001,True,True,MODERATE
113.873,,9.57,-172.74,-1.9,4.85,2.51,-0.52,False,False,False,False,False,False,0.03,0.001,True,True,MODERATE
114.035,,9.49,-172.56,-1.74,4.72,2.4,-0.45,False,False,False,False,False,False,0.021,-0.001,True,True,MODERATE
114.139,,9.73,-173.32,-1.42,4.76,2.05,-0.3,False,False,False,False,False,False,0.024,-0.0,True,True,MODERATE
114.249,,9.34,-172.97,-1.55,4.63,1.99,-0.26,False,False,False,False,False,False,0.023,0.001,True,True,MODERATE
114.275,,9.56,-173.56,-1.62,4.63,1.89,-0.26,False,False,False,False,False,False,0.023,0.002,True,True,MODERATE
114.434,,10.03,-173.74,-1.53,4.88,1.5,-0.22,False,False,False,False,False,False,0.027,-0.001,True,True,MODERATE
114.539,,9.7,-172.71,-1.52,4.85,1.76,-0.2,False,False,False,False,False,False,0.026,-0.001,True,True,MODERATE
114.65,,10.1,-172.65,-1.45,4.99,1.94,-0.15,False,False,False,False,False,False,0.024,-0.002,True,True,MODERATE
114.674,,10.31,-173.62,-1.33,5.05,1.85,-0.13,False,False,False,False,False,False,0.023,-0.003,True,True,MODERATE
114.833,,10.17,-172.77,-1.56,5.16,1.97,-0.17,False,False,False,False,False,False,0.028,-0.003,True,True,MODERATE
114.94,,10.14,-173.33,-1.44,5.19,1.79,-0.13,False,False,False,False,False,False,0.018,0.054,False,True,MODERATE
115.051,,10.14,-174.66,-1.64,5.21,1.12,-0.2,False,False,False,False,False,False,0.018,0.054,False,True,MODERATE
115.074,,10.46,-173.42,-1.62,5.26,1.16,-0.2,False,False,False,False,False,False,0.021,0.014,True,True,MODERATE
115.235,,10.32,-173.58,-1.65,5.34,1.22,-0.25,False,False,False,False,False,False,0.032,0.006,True,True,MODERATE
115.34,,10.05,-172.86,-1.56,5.26,1.53,-0.23,False,False,False,False,False,False,0.026,-0.001,True,True,MODERATE
115.451,,10.01,-173.69,-1.57,5.2,1.38,-0.23,False,False,False,False,False,False,0.022,0.0,True,True,MODERATE
115.474,,10.01,-173.12,-1.51,5.19,1.43,-0.22,False,False,False,False,False,False,0.023,-0.001,True,True,MODERATE
115.635,,10.44,-173.62,-1.41,5.37,1.33,-0.13,False,False,False,False,False,False,0.023,-0.002,True,True,MODERATE
115.74,,10.09,-172.31,-1.5,5.3,1.83,-0.14,False,False,False,False,False,False,0.025,-0.002,True,True,MODERATE
115.85,,10.12,-172.41,-1.54,5.26,2.09,-0.16,False,False,False,False,False,False,0.023,0.0,True,True,MODERATE
115.874,,10.06,-172.63,-1.47,5.25,2.11,-0.15,False,False,False,False,False,False,0.025,-0.001,True,True,MODERATE
116.048,,9.93,-172.54,-1.46,5.14,2.22,-0.13,False,False,False,False,False,False,0.02,0.001,True,True,MODERATE
116.14,,10.09,-173.42,-1.53,5.16,1.93,-0.14,False,False,False,False,False,False,0.018,0.054,False,True,MODERATE
116.256,,10.81,-174.63,-1.62,5.48,1.19,-0.2,False,False,False,False,False,False,0.018,0.054,False,True,MODERATE
116.28,,10.84,-174.09,-1.8,5.54,1.13,-0.23,False,False,False,False,False,False,0.018,0.054,False,True,MODERATE
116.439,,10.49,-173.78,-1.7,5.57,1.11,-0.29,False,False,False,False,True,True,0.042,0.037,True,True,MODERATE
116.539,,10.45,-172.05,-1.49,5.56,1.78,-0.23,False,False,False,False,False,False,0.027,0.005,True,True,MODERATE
116.652,,10.0,-172.49,-1.4,5.37,2.03,-0.15,False,False,False,False,False,False,0.023,0.005,True,True,MODERATE
116.675,,10.01,-172.85,-1.48,5.34,2.02,-0.15,False,False,False,False,False,False,0.021,0.001,True,True,MODERATE
116.837,,10.04,-172.73,-1.43,5.24,2.08,-0.11,False,False,False,False,False,False,0.023,-0.003,True,True,MODERATE
116.942,,10.07,-173.12,-1.45,5.21,1.94,-0.1,False,False,False,False,False,False,0.024,-0.003,True,True,MODERATE
117.046,,10.21,-173.36,-1.5,5.25,1.77,-0.12,False,False,False,False,False,False,0.019,-0.005,True,True,MODERATE
117.069,,10.09,-172.98,-1.55,5.24,1.78,-0.13,False,False,False,False,False,False,0.024,-0.002,True,True,MODERATE
117.23,,10.36,-173.5,-1.35,5.35,1.57,-0.06,False,False,False,False,False,False,0.068,0.009,True,True,MODERATE
117.34,,10.15,-173.48,-1.37,5.31,1.49,-0.04,False,False,False,False,False,False,0.067,0.007,True,True,MODERATE
117.443,,10.1,-173.5,-1.39,5.27,1.44,-0.04,False,False,False,False,False,False,0.07,0.008,True,True,MODERATE
117.465,,10.07,-173.38,-1.33,5.25,1.44,-0.03,False,False,False,False,False,False,0.079,0.005,True,True,MODERATE
117.63,,9.92,-173.51,-1.38,5.14,1.4,-0.03,False,False,False,False,False,False,0.076,0.006,True,True,MODERATE
117.74,,10.3,-173.38,-1.26,5.24,1.43,0.02,False,False,False,False,False,False,0.075,0.005,True,True,MODERATE
117.854,,10.4,-173.95,-1.36,5.35,1.21,0.01,False,False,False,False,False,False,0.079,0.003,True,True,MODERATE
117.878,,10.39,-174.17,-1.31,5.37,1.14,0.02,False,False,False,False,False,False,0.08,0.002,True,True,MODERATE
118.029,,10.03,-173.94,-1.29,5.25,1.03,0.04,False,False,False,False,False,False,0.081,0.003,True,True,MODERATE
118.139,,10.4,-173.93,-1.3,5.35,0.99,0.05,False,False,False,False,False,False,0.075,0.006,True,True,MODERATE
118.243,,10.68,-174.33,-1.28,5.52,0.81,0.06,False,False,False,False,False,False,0.078,0.006,True,True,MODERATE
118.267,,10.56,-174.31,-1.27,5.54,0.77,0.06,False,False,False,False,False,False,0.08,0.006,True,True,MODERATE
118.429,,10.37,-173.55,-1.42,5.51,1.04,-0.0,False,False,False,False,False,False,0.034,0.008,True,True,MODERATE
118.54,,10.51,-174.59,-1.46,5.55,0.72,-0.04,False,False,False,False,False,False,0.018,0.054,False,True,MODERATE
118.644,,10.57,-174.3,-1.65,5.6,0.66,-0.14,False,False,False,False,False,False,0.018,0.054,False,True,MODERATE
118.668,,11.24,-173.75,-1.64,5.7,0.72,-0.16,False,False,False,False,False,False,0.028,0.02,True,True,MODERATE
118.831,,10.74,-173.16,-1.54,5.77,1.22,-0.17,False,False,False,False,False,False,0.015,0.01,True,True,MODERATE
118.939,,10.82,-173.22,-1.43,5.83,1.39,-0.13,False,False,False,False,False,False,0.027,-0.001,True,True,MODERATE
119.047,,10.7,-174.05,-1.45,5.82,1.16,-0.12,False,False,False,False,False,False,0.025,-0.002,True,True,MODERATE
119.069,,10.47,-173.05,-1.45,5.79,1.24,-0.12,False,False,False,False,False,False,0.026,-0.003,True,True,MODERATE
119.234,,10.47,-172.95,-1.36,5.68,1.59,-0.06,False,False,False,False,False,False,0.005,-0.001,True,True,MODERATE
119.339,,11.08,-173.34,-1.37,5.88,1.56,-0.04,False,False,False,False,False,False,0.01,-0.004,True,True,MODERATE
119.446,,10.73,-172.89,-1.33,5.86,1.73,-0.01,False,False,False,False,False,False,0.007,-0.002,True,True,MODERATE
119.469,,10.64,-172.93,-1.36,5.84,1.75,-0.01,False,False,False,False,False,False,0.025,0.001,True,True,MODERATE
119.638,,10.09,-173.02,-1.5,5.5,1.8,-0.08,False,False,False,False,False,False,0.027,-0.001,True,True,MODERATE
119.739,,10.34,-173.11,-1.4,5.48,1.78,-0.07,False,False,False,False,False,False,0.027,-0.001,True,True,MODERATE
119.848,,10.36,-173.36,-1.49,5.47,1.67,-0.09,False,False,False,False,False,False,0.023,0.0,True,True,MODERATE
119.872,,10.53,-172.99,-1.39,5.49,1.69,-0.09,False,False,False,False,False,False,0.025,-0.001,True,True,MODERATE
120.032,,10.26,-173.12,-1.43,5.43,1.72,-0.08,False,False,False,False,False,False,0.028,-0.003,True,True,MODERATE
120.139,,10.0,-173.41,-1.51,5.29,1.61,-0.11,False,False,False,False,False,False,0.031,0.018,True,True,MODERATE
120.251,,10.33,-173.56,-1.59,5.35,1.48,-0.16,False,False,False,False,False,False,0.027,0.018,True,True,MODERATE
120.279,,10.76,-173.61,-1.65,5.43,1.45,-0.18,False,False,False,False,False,False,0.04,0.014,True,True,MODERATE
120.435,,10.74,-173.74,-1.51,5.63,1.28,-0.17,False,False,False,False,False,False,0.038,0.017,True,True,MODERATE
120.542,,10.38,-173.16,-1.26,5.57,1.45,-0.06,False,False,False,False,False,False,0.035,0.005,True,True,MODERATE
120.654,,10.46,-172.9,-1.25,5.57,1.66,0.01,False,False,False,False,False,False,0.034,0.009,True,True,MODERATE
120.678,,10.54,-172.98,-1.34,5.58,1.69,0.01,False,False,False,False,False,False,0.034,0.003,True,True,MODERATE
120.834,,10.21,-173.44,-1.43,5.44,1.56,-0.03,False,False,False,False,False,False,0.032,0.001,True,True,MODERATE
120.94,,10.04,-173.68,-1.47,5.32,1.41,-0.07,False,False,False,False,False,False,0.027,-0.001,True,True,MODERATE
121.049,,9.98,-173.34,-1.53,5.22,1.45,-0.11,False,False,False,False,False,False,0.026,0.001,True,True,MODERATE
121.072,,10.09,-172.94,-1.45,5.22,1.51,-0.11,False,False,False,False,False,False,0.026,0.0,True,True,MODERATE
121.235,,10.31,-172.82,-1.45,5.32,1.78,-0.1,False,False,False,False,False,False,0.028,0.0,True,True,MODERATE
121.341,,10.42,-173.68,-1.44,5.4,1.54,-0.09,False,False,False,False,False,False,0.031,-0.001,True,True,MODERATE
121.454,,10.3,-173.32,-1.4,5.4,1.54,-0.07,False,False,False,False,False,False,0.03,-0.0,True,True,MODERATE
121.476,,10.48,-173.9,-1.45,5.42,1.47,-0.08,False,False,False,False,False,False,0.032,-0.001,True,True,MODERATE
121.635,,10.73,-172.34,-1.05,5.63,2.0,0.11,False,False,False,False,False,False,0.029,0.001,True,False,MODERATE
121.74,,9.62,-173.24,-1.37,5.26,1.85,0.06,False,False,False,False,False,False,0.025,0.0,True,False,MODERATE
121.852,,9.61,-173.07,-1.38,5.03,1.82,0.03,False,False,False,False,False,False,0.027,0.001,True,False,MODERATE
121.876,,10.4,-172.23,-1.31,5.09,1.93,0.03,False,False,False,False,False,False,0.022,0.004,True,False,MODERATE
122.033,,10.83,-172.44,-1.2,5.51,2.18,0.09,False,False,False,False,False,False,0.034,0.002,True,False,MODERATE
122.14,,10.16,-172.51,-0.91,5.41,2.25,0.23,False,False,False,False,False,False,0.036,-0.002,True,False,MODERATE
122.325,,10.15,-173.07,-0.83,5.32,2.0,0.39,False,False,False,False,False,False,0.035,-0.003,True,False,MODERATE
122.348,,9.88,-173.29,-0.85,5.28,1.95,0.41,False,False,False,False,False,False,0.038,-0.004,True,False,MODERATE
122.459,,9.79,-172.99,-0.75,5.12,1.91,0.49,False,False,False,False,False,False,0.036,-0.002,True,False,MODERATE
122.538,,9.62,-173.08,-0.84,4.98,1.87,0.5,False,False,False,False,False,False,0.02,0.009,True,False,MODERATE
122.721,,9.49,-173.16,-0.87,4.77,1.78,0.49,False,False,False,False,False,False,0.016,-0.001,True,False,MODERATE
122.746,,9.86,-172.93,-0.76,4.8,1.8,0.5,False,False,False,False,False,False,0.017,0.001,True,False,MODERATE
122.851,,9.56,-173.37,-0.84,4.74,1.68,0.51,False,False,False,False,False,False,0.022,-0.004,True,False,MODERATE
122.939,,9.66,-173.04,-0.95,4.75,1.73,0.47,False,False,False,False,False,False,0.021,-0.002,True,False,MODERATE
123.117,,9.71,-172.63,-0.82,4.78,1.99,0.51,False,False,False,False,False,False,0.025,0.0,True,False,MODERATE
123.139,,9.63,-172.69,-0.82,4.77,2.02,0.51,False,False,False,False,False,False,0.024,-0.001,True,False,MODERATE
123.245,,9.53,-172.62,-0.87,4.72,2.11,0.5,False,False,False,False,False,False,0.024,-0.001,True,False,MODERATE
123.339,,9.12,-173.02,-0.89,4.53,2.01,0.49,False,False,False,False,False,False,0.025,-0.001,True,False,MODERATE
123.515,,9.39,-172.78,-0.91,4.51,2.05,0.46,False,False,False,False,False,False,0.025,-0.001,True,False,MODERATE
123.537,,9.36,-172.85,-0.86,4.5,2.04,0.47,False,False,False,False,False,False,0.024,0.0,True,False,MODERATE
123.642,,9.39,-172.91,-0.8,4.5,2.0,0.5,False,False,False,False,False,False,0.023,-0.001,True,False,MODERATE
123.739,,9.39,-173.2,-0.85,4.49,1.87,0.5,False,False,False,False,False,False,0.027,-0.0,True,False,MODERATE
123.914,,9.18,-172.79,-0.72,4.38,1.98,0.57,False,False,False,False,False,False,0.029,-0.001,True,False,MODERATE
123.938,,9.41,-172.12,-0.75,4.4,2.08,0.58,False,False,False,False,False,False,0.031,-0.003,True,False,MODERATE
124.054,,10.06,-173.02,-0.78,4.72,1.98,0.58,False,False,False,False,False,False,0.03,-0.006,True,False,MODERATE
124.269,,9.68,-173.37,-0.86,4.76,1.7,0.53,False,False,False,False,False,False,0.018,0.054,False,False,MODERATE
124.386,,9.57,-173.08,-1.0,4.72,1.73,0.46,False,False,False,False,False,False,0.018,0.054,False,False,MODERATE
124.41,,9.85,-173.83,-1.11,4.75,1.64,0.43,False,False,False,False,False,False,0.018,0.054,False,False,MODERATE
124.524,,9.89,-172.92,-0.93,4.85,1.76,0.43,False,False,False,False,False,False,0.037,0.009,True,False,MODERATE
124.547,,9.83,-172.02,-0.64,4.86,1.9,0.46,False,False,False,False,False,False,0.029,0.001,True,False,MODERATE
124.727,,9.26,-172.31,-0.82,4.59,2.25,0.5,False,False,False,False,False,False,0.025,0.002,True,False,MODERATE
124.75,,9.67,-172.35,-0.69,4.62,2.29,0.52,False,False,False,False,False,False,0.028,0.002,True,False,MODERATE
124.865,,9.31,-172.47,-0.7,4.53,2.33,0.58,False,False,False,False,False,False,0.03,0.0,True,False,MODERATE
124.939,,9.48,-172.34,-0.77,4.55,2.39,0.58,False,False,False,False,False,False,0.014,0.002,True,False,MODERATE
125.134,,9.25,-171.88,-0.83,4.44,2.72,0.55,False,False,False,False,False,False,0.017,-0.001,True,False,MODERATE
125.16,,9.23,-171.86,-0.9,4.42,2.76,0.54,False,False,False,False,False,False,0.016,0.001,True,False,MODERATE
125.264,,9.48,-172.17,-0.86,4.48,2.73,0.52,False,False,False,False,False,False,0.019,-0.001,True,False,MODERATE
125.338,,9.61,-172.24,-0.9,4.56,2.7,0.5,False,False,False,False,False,False,0.022,-0.002,True,False,MODERATE
125.515,,9.73,-171.59,-0.79,4.7,3.0,0.53,False,False,False,False,False,False,0.014,-0.004,True,False,LOW
125.538,,9.67,-172.06,-0.87,4.71,2.97,0.53,False,False,False,False,False,False,0.012,-0.003,True,False,LOW
125.643,,9.99,-171.98,-0.79,4.86,2.94,0.54,False,False,False,False,False,False,0.022,-0.001,True,False,LOW
125.739,,9.86,-171.41,-0.69,4.9,3.13,0.59,False,False,False,False,False,False,0.025,-0.003,True,False,LOW
125.914,,9.5,-172.01,-0.85,4.74,2.98,0.54,False,False,False,False,False,False,0.025,-0.004,True,False,LOW
125.937,,9.42,-171.67,-0.78,4.71,3.01,0.55,False,False,False,False,False,False,0.022,-0.002,True,False,LOW
126.042,,9.56,-171.76,-0.86,4.69,3.05,0.53,False,False,False,False,False,False,0.019,0.0,True,False,LOW
126.14,,9.75,-171.98,-0.86,4.75,2.98,0.51,False,False,False,False,False,False,0.023,-0.002,True,False,LOW
126.317,,9.7,-171.85,-0.79,4.78,3.0,0.54,False,False,False,False,False,False,0.024,-0.003,True,False,LOW
126.341,,9.69,-172.12,-0.82,4.78,2.96,0.54,False,False,False,False,False,False,0.024,-0.002,True,False,LOW
126.443,,9.6,-171.66,-0.86,4.75,3.06,0.52,False,False,False,False,False,False,0.023,-0.005,True,False,LOW
126.539,,9.41,-172.29,-0.91,4.66,2.87,0.49,False,False,False,False,False,False,0.031,0.02,True,False,LOW
126.716,,9.37,-171.97,-0.89,4.56,2.88,0.48,False,False,False,False,False,False,0.044,0.006,True,False,LOW
126.74,,9.32,-171.84,-0.81,4.54,2.9,0.49,False,False,False,False,False,False,0.044,0.007,True,False,LOW
126.846,,9.52,-171.54,-0.72,4.57,3.07,0.55,False,False,False,False,False,False,0.028,0.003,True,False,LOW
126.949,,10.18,-171.96,-0.71,4.85,3.0,0.59,False,False,False,False,False,False,0.029,0.001,True,False,LOW
127.114,,9.5,-172.23,-0.86,4.72,2.81,0.54,False,False,False,False,False,False,0.028,-0.001,True,False,LOW
127.137,,9.77,-172.2,-0.87,4.74,2.79,0.53,False,False,False,False,False,False,0.025,-0.002,True,False,LOW
127.242,,9.72,-172.22,-0.86,4.77,2.73,0.52,False,False,False,False,False,False,0.025,-0.001,True,False,LOW
127.339,,9.51,-172.11,-0.91,4.71,2.74,0.49,False,False,False,False,False,False,0.025,-0.003,True,False,LOW
127.515,,9.55,-172.14,-0.83,4.68,2.73,0.51,False,False,False,False,False,False,0.027,-0.005,True,False,LOW
127.54,,9.59,-171.94,-0.83,4.68,2.76,0.51,False,False,False,False,False,False,0.027,-0.005,True,False,LOW
127.645,,9.45,-172.63,-0.85,4.63,2.55,0.51,False,False,False,False,False,False,0.028,-0.006,True,False,LOW
127.739,,9.75,-171.57,-0.88,4.71,2.82,0.5,False,False,False,False,False,False,0.012,-0.002,True,False,LOW
127.915,,9.35,-171.68,-1.09,4.57,3.01,0.37,False,False,False,False,False,False,0.011,-0.002,True,False,LOW
127.94,,9.66,-171.27,-0.96,4.6,3.09,0.38,False,False,False,False,False,False,0.016,-0.003,True,False,LOW
128.046,,9.41,-171.93,-0.96,4.56,3.03,0.38,False,False,False,False,False,False,0.013,-0.001,True,False,LOW
128.139,,9.48,-171.78,-0.99,4.57,3.05,0.38,False,False,False,False,False,False,0.02,-0.007,True,False,LOW
128.316,,9.26,-172.59,-1.14,4.46,2.63,0.29,False,False,False,False,False,False,0.011,-0.002,True,False,LOW
128.34,,9.51,-172.03,-1.09,4.48,2.66,0.29,False,False,False,False,False,False,0.014,-0.005,True,False,LOW
128.442,,9.67,-171.99,-1.07,4.59,2.74,0.29,False,False,False,False,False,False,0.013,-0.003,True,False,LOW
128.539,,9.75,-172.16,-1.11,4.69,2.73,0.27,False,False,False,False,False,False,0.014,-0.006,True,False,LOW
128.715,,9.82,-172.35,-1.12,4.81,2.61,0.25,False,False,False,False,False,False,0.012,-0.006,True,False,LOW
128.739,,9.94,-172.39,-1.09,4.84,2.59,0.25,False,False,False,False,False,False,0.013,-0.006,True,False,LOW
128.853,,9.61,-172.03,-1.1,4.79,2.69,0.25,False,False,False,False,False,False,0.014,-0.006,True,False,LOW
128.941,,9.97,-172.21,-1.05,4.89,2.68,0.27,False,False,False,False,False,False,0.014,-0.006,True,False,LOW
129.117,,9.93,-171.86,-1.04,4.96,2.85,0.29,False,False,False,False,False,False,0.012,-0.006,True,False,LOW
129.141,,9.97,-171.6,-1.04,4.98,2.9,0.3,False,False,False,False,False,False,0.013,-0.006,True,False,LOW
129.246,,9.99,-171.8,-1.08,5.02,2.97,0.29,False,False,False,False,False,False,-0.009,0.003,True,False,LOW
129.339,,9.87,-171.94,-1.19,5.0,2.95,0.24,False,False,False,False,False,False,-0.011,0.004,True,False,LOW
129.515,,10.03,-171.07,-1.02,5.07,3.4,0.29,False,False,False,False,False,False,-0.009,0.002,True,False,LOW
129.54,,9.98,-171.28,-1.05,5.07,3.42,0.29,False,False,False,False,False,False,-0.011,0.005,True,False,LOW
129.644,,9.54,-171.01,-1.08,4.9,3.59,0.29,False,False,False,False,False,False,-0.014,0.007,True,False,LOW
129.739,,9.84,-172.33,-1.19,4.91,3.19,0.24,False,False,False,False,False,False,0.018,0.054,False,False,LOW
129.917,,9.51,-171.41,-1.03,4.75,3.33,0.29,False,False,False,False,False,False,0.018,0.016,True,False,LOW
129.941,,9.65,-171.73,-1.04,4.75,3.3,0.29,False,False,False,False,False,False,0.018,0.018,True,False,LOW
130.045,,9.8,-171.65,-1.05,4.81,3.27,0.3,False,False,False,False,False,False,0.023,0.005,True,False,LOW
130.14,,9.8,-171.51,-1.03,4.84,3.3,0.31,False,False,False,False,False,False,0.019,-0.001,True,False,LOW
130.317,,9.91,-172.39,-1.05,4.93,2.86,0.31,False,False,False,False,False,False,0.019,-0.003,True,False,LOW
130.341,,9.89,-171.69,-1.08,4.94,2.9,0.3,False,False,False,False,False,False,0.019,-0.004,True,False,LOW
130.441,,10.02,-171.89,-1.01,5.01,2.93,0.32,False,False,False,False,False,False,0.005,-0.003,True,False,LOW
130.539,,9.73,-171.13,-0.98,4.94,3.24,0.34,False,False,False,False,False,False,-0.029,-0.0,True,False,LOW
130.718,,9.73,-171.21,-0.93,4.88,3.46,0.39,False,False,False,False,False,False,-0.028,-0.001,True,False,LOW
130.743,,9.57,-171.0,-0.97,4.85,3.51,0.39,False,False,False,False,False,False,-0.027,-0.002,True,False,LOW
130.847,,9.73,-171.11,-0.81,4.84,3.61,0.45,False,False,False,False,False,False,0.001,0.001,True,False,LOW
130.941,,9.35,-170.99,-0.85,4.7,3.71,0.47,False,False,False,False,False,False,0.015,-0.004,True,False,LOW
131.116,,10.02,-171.74,-0.85,4.92,3.4,0.49,False,False,False,False,False,False,0.018,-0.007,True,False,LOW
131.139,,9.54,-171.39,-0.98,4.88,3.41,0.47,False,False,False,False,False,False,0.017,-0.004,True,False,LOW
131.245,,9.69,-171.66,-0.88,4.85,3.32,0.47,False,False,False,False,False,False,0.016,-0.007,True,False,LOW
131.341,,9.6,-171.05,-0.97,4.79,3.51,0.44,False,False,False,False,False,False,0.014,-0.005,True,False,LOW
131.518,,10.01,-171.72,-0.83,4.96,3.31,0.49,False,False,False,False,False,False,0.024,-0.007,True,False,LOW
131.542,,9.7,-171.26,-0.86,4.94,3.35,0.49,False,False,False,False,False,False,0.026,-0.006,True,False,LOW
131.644,,10.13,-171.9,-0.86,5.05,3.2,0.49,False,False,False,False,False,False,0.024,-0.008,True,False,LOW
131.741,,9.96,-171.5,-0.89,5.06,3.26,0.48,False,False,False,False,False,False,0.022,-0.01,True,False,LOW
131.918,,10.08,-171.54,-0.78,5.12,3.29,0.53,False,False,False,False,False,False,0.015,-0.009,True,False,LOW
131.94,,9.62,-171.17,-0.89,5.07,3.34,0.52,False,False,False,False,False,False,0.017,-0.007,True,False,LOW
132.056,,9.98,-172.3,-1.22,5.08,3.01,0.36,False,False,False,False,False,False,0.019,0.031,True,False,LOW
132.142,,9.9,-171.69,-1.23,5.05,3.07,0.28,False,False,False,False,False,False,0.0,0.022,True,False,LOW
132.329,,10.91,-169.62,-1.24,5.57,4.26,0.19,False,False,False,False,False,False,0.007,-0.002,True,False,LOW
132.351,,10.2,-169.17,-0.86,5.54,4.45,0.23,False,False,False,False,False,False,0.013,-0.012,True,False,LOW
132.473,,11.02,-169.9,-0.81,5.79,4.68,0.37,False,False,False,False,False,False,0.019,-0.013,True,False,LOW
132.54,,10.18,-168.22,-0.68,5.64,5.3,0.46,False,False,False,False,False,False,0.001,-0.011,True,False,LOW
132.726,,10.62,-168.92,-0.63,5.68,5.66,0.6,False,False,False,False,False,False,-0.007,-0.004,True,False,LOW
132.749,,10.62,-170.34,-0.75,5.69,5.51,0.6,False,False,False,False,False,False,-0.009,-0.002,True,False,LOW
132.868,,10.6,-170.65,-0.71,5.69,4.95,0.62,False,False,False,False,False,False,-0.01,-0.004,True,False,LOW
132.941,,10.3,-169.82,-0.64,5.6,4.98,0.65,False,False,False,False,False,False,-0.026,-0.002,True,False,LOW
133.115,,10.31,-169.38,-0.76,5.5,5.24,0.62,False,False,False,False,False,False,-0.02,-0.003,True,True,LOW
133.139,,10.75,-168.63,-0.65,5.55,5.37,0.63,False,False,False,False,False,False,-0.017,-0.003,True,True,LOW
133.246,,10.5,-169.68,-0.74,5.57,5.3,0.63,False,False,False,False,False,False,-0.022,-0.002,True,True,LOW
133.339,,10.43,-168.91,-0.61,5.55,5.54,0.67,False,False,False,False,False,False,-0.016,-0.005,True,True,LOW
133.515,,10.13,-169.2,-0.62,5.38,5.6,0.7,False,False,False,False,False,False,-0.025,-0.002,True,True,LOW
133.538,,9.7,-168.76,-0.55,5.31,5.67,0.72,False,False,False,False,False,False,-0.022,-0.003,True,True,LOW
133.643,,9.78,-168.81,-0.58,5.13,5.82,0.74,False,False,False,False,False,False,-0.022,-0.004,True,True,LOW
133.74,,9.43,-168.6,-0.63,4.9,5.99,0.73,False,False,False,False,False,False,-0.021,-0.003,True,True,LOW
133.916,,9.34,-168.37,-0.63,4.66,6.26,0.73,False,False,False,False,False,False,-0.019,-0.002,True,True,LOW
133.939,,9.35,-168.65,-0.76,4.63,6.25,0.71,False,False,False,False,False,False,-0.017,-0.005,True,True,LOW
134.043,,9.29,-168.86,-0.77,4.53,6.15,0.66,False,False,False,False,False,False,-0.018,-0.004,True,True,LOW
134.141,,9.46,-168.37,-0.56,4.54,6.28,0.71,False,False,False,False,False,False,-0.016,-0.007,True,True,LOW
134.317,,9.33,-167.83,-0.5,4.48,6.68,0.79,False,False,False,False,False,False,-0.014,-0.007,True,True,LOW
134.34,,9.21,-168.11,-0.53,4.46,6.69,0.79,False,False,False,False,False,False,-0.013,-0.009,True,True,LOW
134.442,,9.21,-168.45,-0.57,4.4,6.58,0.79,False,False,False,False,False,False,-0.016,-0.009,True,True,LOW
134.54,,9.17,-167.99,-0.55,4.35,6.69,0.8,False,False,False,False,False,False,-0.013,-0.011,True,True,LOW
134.719,,8.96,-168.13,-0.53,4.2,6.71,0.81,False,False,False,False,False,False,-0.013,-0.008,True,True,LOW
134.745,,9.0,-168.5,-0.54,4.18,6.66,0.81,False,False,False,False,False,False,-0.016,-0.008,True,True,LOW
134.85,,8.76,-168.58,-0.65,4.05,6.51,0.77,False,False,False,False,False,False,-0.018,-0.006,True,True,LOW
134.942,,8.16,-168.48,-0.74,3.76,6.46,0.71,False,False,False,False,False,False,0.021,0.034,True,True,LOW
135.115,,9.09,-168.46,-0.89,3.98,6.43,0.58,False,False,False,False,False,False,-0.036,0.011,True,True,LOW
135.141,,9.67,-168.35,-0.62,4.1,6.44,0.6,False,False,False,False,False,False,-0.033,-0.001,True,True,LOW
135.248,,9.28,-168.41,-0.74,4.21,6.44,0.61,False,False,False,False,False,False,-0.035,0.005,True,True,MODERATE
135.34,,8.7,-168.6,-0.79,4.06,6.38,0.59,False,False,False,False,False,False,-0.026,-0.001,True,True,MODERATE
135.516,,9.42,-168.73,-0.85,4.3,6.25,0.55,False,False,False,False,False,False,-0.024,-0.001,True,True,MODERATE
135.539,,9.57,-168.56,-0.78,4.35,6.25,0.55,False,False,False,False,False,False,-0.018,-0.003,True,True,MODERATE
135.644,,9.79,-168.25,-0.76,4.57,6.4,0.57,False,False,False,False,False,False,-0.02,-0.003,True,True,MODERATE
135.74,,9.73,-168.7,-0.82,4.67,6.31,0.56,False,False,False,False,False,False,-0.019,-0.003,True,True,MODERATE
135.916,,9.92,-168.61,-0.82,4.85,6.28,0.54,False,False,False,False,False,False,-0.02,-0.003,True,True,MODERATE
135.939,,9.71,-168.56,-0.8,4.85,6.28,0.55,False,False,False,False,False,False,-0.022,-0.003,True,True,MODERATE
136.045,,9.64,-169.39,-0.91,4.81,5.95,0.51,False,False,False,False,False,False,-0.024,-0.001,True,True,MODERATE
136.141,,9.54,-169.05,-1.0,4.74,5.9,0.45,False,False,False,False,False,False,0.003,0.029,True,True,MODERATE
136.322,,9.25,-169.43,-1.13,4.53,5.65,0.33,False,False,False,False,False,False,0.02,0.024,True,True,MODERATE
136.346,,9.32,-169.46,-0.99,4.52,5.61,0.33,False,False,False,False,False,False,-0.033,0.006,True,True,MODERATE
136.45,,9.75,-169.81,-0.86,4.65,5.39,0.4,False,False,False,False,False,False,-0.036,0.006,True,True,MODERATE
136.542,,9.16,-169.29,-0.75,4.51,5.45,0.47,False,False,False,False,False,False,-0.028,0.0,True,True,MODERATE
136.717,,9.28,-169.42,-0.76,4.44,5.45,0.54,False,False,False,False,False,False,-0.027,-0.001,True,True,MODERATE
136.741,,9.58,-168.73,-0.68,4.47,5.54,0.56,False,False,False,False,False,False,-0.024,-0.003,True,True,MODERATE
136.844,,9.39,-168.76,-0.62,4.48,5.76,0.63,False,False,False,False,False,False,-0.024,-0.003,True,True,MODERATE
136.944,,9.62,-168.55,-0.64,4.57,5.98,0.66,False,False,False,False,False,False,-0.017,-0.008,True,True,MODERATE
137.116,,9.39,-168.13,-0.62,4.53,6.37,0.7,False,False,False,False,False,False,-0.019,-0.007,True,True,MODERATE
137.14,,9.66,-167.98,-0.56,4.56,6.44,0.71,False,False,False,False,False,False,-0.012,-0.007,True,True,MODERATE
137.247,,9.43,-168.3,-0.59,4.55,6.49,0.73,False,False,False,False,False,False,-0.014,-0.006,True,True,MODERATE
137.34,,9.01,-168.4,-0.72,4.39,6.48,0.7,False,False,False,False,False,False,-0.023,-0.001,True,True,MODERATE
137.517,,9.28,-168.48,-0.7,4.38,6.43,0.67,False,False,False,False,False,False,-0.023,-0.002,True,True,MODERATE
137.541,,9.14,-168.61,-0.63,4.36,6.4,0.68,False,False,False,False,False,False,-0.037,0.002,True,True,MODERATE
137.647,,9.25,-168.85,-0.73,4.36,6.24,0.66,False,False,False,False,False,False,-0.038,0.001,True,True,MODERATE
137.739,,9.3,-169.3,-0.73,4.37,5.99,0.65,False,False,False,False,False,False,0.017,-0.012,True,True,MODERATE
137.916,,9.81,-168.84,-0.6,4.66,6.01,0.7,False,False,False,False,False,False,0.02,-0.016,True,True,MODERATE
137.94,,9.02,-169.12,-0.74,4.59,5.97,0.69,False,False,False,False,False,False,0.025,-0.0,True,True,MODERATE
138.045,,9.58,-169.14,-0.71,4.62,5.87,0.67,False,False,False,False,False,False,0.028,-0.001,True,True,MODERATE
138.14,,9.42,-169.8,-0.81,4.58,5.56,0.63,False,False,False,False,False,False,0.021,-0.004,True,True,MODERATE
138.325,,9.88,-169.28,-0.82,4.8,5.57,0.58,False,False,False,False,False,False,-0.016,0.001,True,True,MODERATE
138.353,,9.51,-169.03,-0.66,4.77,5.61,0.59,False,False,False,False,False,False,-0.02,-0.004,True,True,MODERATE
138.459,,9.52,-169.36,-0.75,4.71,5.57,0.6,False,False,False,False,False,False,-0.022,-0.004,True,True,MODERATE
138.542,,9.74,-169.41,-0.73,4.75,5.53,0.61,False,False,False,False,False,False,-0.023,-0.002,True,True,MODERATE
138.717,,9.66,-169.36,-0.71,4.76,5.51,0.63,False,False,False,False,False,False,-0.022,-0.003,True,True,MODERATE
138.74,,9.66,-169.28,-0.71,4.76,5.52,0.63,False,False,False,False,False,False,-0.023,-0.003,True,True,MODERATE
138.844,,9.51,-169.38,-0.74,4.7,5.5,0.62,False,False,False,False,False,False,-0.021,-0.003,True,True,MODERATE
138.94,,9.65,-169.07,-0.84,4.72,5.61,0.58,False,False,False,False,False,False,-0.022,-0.002,True,True,MODERATE
139.117,,9.65,-169.12,-0.83,4.73,5.68,0.55,False,False,False,False,False,False,-0.024,-0.003,True,True,MODERATE
139.141,,9.38,-168.85,-0.81,4.7,5.72,0.55,False,False,False,False,False,False,-0.026,-0.001,True,True,MODERATE
139.245,,9.5,-168.85,-0.77,4.66,5.84,0.56,False,False,False,False,False,False,-0.027,-0.001,True,True,MODERATE
139.341,,9.56,-168.82,-0.67,4.66,5.91,0.61,False,False,False,False,False,False,-0.025,-0.003,True,True,MODERATE
139.519,,9.49,-168.91,-0.77,4.62,5.93,0.6,False,False,False,False,False,False,-0.023,0.0,True,True,MODERATE
139.543,,9.35,-168.83,-0.76,4.6,5.95,0.6,False,False,False,False,False,False,-0.016,-0.001,True,True,MODERATE
139.652,,9.64,-168.66,-0.73,4.66,6.05,0.61,False,False,False,False,False,False,-0.014,-0.004,True,True,MODERATE
139.74,,9.31,-168.53,-1.02,4.57,6.15,0.51,False,False,False,False,True,True,-0.001,0.047,True,True,MODERATE
139.914,,9.74,-169.55,-1.11,4.71,5.71,0.37,False,False,False,False,False,False,-0.024,0.009,True,True,MODERATE
139.937,,9.59,-169.29,-0.93,4.71,5.69,0.38,False,False,False,False,False,False,-0.025,-0.003,True,True,MODERATE
140.05,,9.76,-169.36,-0.96,4.77,5.61,0.39,False,False,False,False,False,False,-0.026,-0.001,True,True,MODERATE
140.14,,9.73,-169.42,-0.89,4.79,5.55,0.41,False,False,False,False,False,False,-0.027,-0.002,True,True,MODERATE
140.33,,9.67,-169.27,-0.91,4.78,5.57,0.43,False,False,False,False,False,False,-0.025,-0.005,True,True,MODERATE
140.355,,10.07,-169.02,-0.83,4.83,5.61,0.44,False,False,False,False,False,False,-0.022,-0.006,True,True,MODERATE
140.589,,9.93,-169.21,-0.92,4.95,5.63,0.44,False,False,False,False,False,False,-0.024,-0.006,True,True,MODERATE
140.613,,9.85,-169.12,-0.87,4.95,5.65,0.44,False,False,False,False,False,False,-0.021,-0.004,True,True,MODERATE
140.727,,10.36,-169.02,-0.69,5.17,5.73,0.54,False,False,False,False,False,False,-0.0,-0.007,True,True,MODERATE
140.751,,9.73,-168.5,-0.55,5.12,5.81,0.57,False,False,False,False,False,False,-0.005,-0.004,True,True,MODERATE
140.866,,9.6,-168.57,-0.56,4.94,6.02,0.67,False,False,False,False,False,False,-0.007,-0.004,True,True,MODERATE
140.94,,9.79,-169.07,-0.7,4.93,5.94,0.66,False,False,False,False,False,False,-0.005,-0.005,True,True,MODERATE
141.115,,9.54,-169.61,-0.72,4.78,5.58,0.65,False,False,False,False,False,False,-0.005,-0.007,True,True,MODERATE
141.138,,9.5,-169.45,-0.82,4.75,5.56,0.63,False,False,False,False,False,False,-0.017,0.0,True,True,MODERATE
141.244,,9.43,-169.25,-0.77,4.66,5.58,0.61,False,False,False,False,False,False,-0.017,-0.003,True,True,MODERATE
141.34,,10.07,-169.13,-0.74,4.85,5.64,0.61,False,False,False,False,False,False,-0.019,-0.002,True,True,MODERATE
141.517,,9.95,-169.44,-0.64,4.96,5.52,0.67,False,False,False,False,False,False,-0.009,-0.007,True,True,MODERATE
141.542,,9.82,-168.93,-0.65,4.95,5.58,0.67,False,False,False,False,False,False,0.014,-0.01,True,True,MODERATE
141.645,,9.67,-169.39,-0.75,4.88,5.54,0.65,False,False,False,False,False,False,0.011,-0.014,True,True,MODERATE
141.739,,10.06,-169.75,-0.78,4.98,5.38,0.62,False,False,False,False,False,False,0.031,-0.001,True,True,MODERATE
141.918,,10.1,-169.88,-0.77,5.1,5.17,0.6,False,False,False,False,False,False,0.022,-0.004,True,True,MODERATE
141.941,,9.58,-169.52,-0.8,5.05,5.19,0.6,False,False,False,False,False,False,-0.023,0.004,True,True,MODERATE
142.045,,9.69,-169.4,-0.74,4.94,5.3,0.6,False,False,False,False,False,False,-0.025,0.001,True,True,MODERATE
142.139,,9.56,-169.41,-0.89,4.84,5.35,0.55,False,False,False,False,False,False,-0.02,0.0,True,True,MODERATE
142.317,,9.65,-169.09,-1.23,4.79,5.57,0.33,False,False,False,False,False,False,0.018,0.054,False,True,MODERATE
142.34,,9.59,-169.33,-1.06,4.78,5.57,0.32,False,False,False,False,False,False,-0.003,0.016,True,True,MODERATE
142.447,,9.82,-169.74,-0.97,4.84,5.39,0.35,False,False,False,False,False,False,-0.003,0.016,True,True,MODERATE
142.542,,9.91,-168.91,-0.96,4.9,5.6,0.36,False,False,False,False,False,False,-0.022,-0.002,True,True,MODERATE
142.716,,9.82,-169.61,-0.87,4.91,5.42,0.43,False,False,False,False,False,False,-0.02,-0.004,True,True,MODERATE
142.738,,9.52,-168.94,-0.74,4.88,5.48,0.45,False,False,False,False,False,False,-0.022,-0.003,True,True,MODERATE
142.841,,9.73,-169.23,-0.75,4.86,5.54,0.51,False,False,False,False,False,False,-0.019,-0.003,True,True,MODERATE
142.94,,9.49,-168.96,-0.78,4.75,5.68,0.54,False,False,False,False,False,False,-0.016,-0.004,True,True,MODERATE
143.115,,9.82,-169.01,-0.73,4.84,5.77,0.58,False,False,False,False,False,False,0.004,-0.003,True,True,MODERATE
143.137,,9.56,-168.92,-0.65,4.82,5.79,0.6,False,False,False,False,False,False,0.004,-0.005,True,True,MODERATE
143.311,,9.58,-168.99,-0.65,4.75,5.83,0.65,False,False,False,False,False,False,0.003,-0.006,True,True,MODERATE
143.345,,9.48,-169.69,-0.84,4.72,5.71,0.63,False,False,False,False,False,False,0.017,0.019,True,True,MODERATE
143.516,,9.47,-169.9,-1.1,4.64,5.32,0.43,False,False,False,False,False,False,-0.005,0.017,True,True,MODERATE
143.541,,9.11,-169.68,-1.17,4.58,5.3,0.4,False,False,False,False,False,False,0.053,0.035,True,True,MODERATE
143.708,,9.95,-169.39,-0.94,4.82,5.39,0.41,False,False,False,False,False,False,-0.025,0.006,True,True,MODERATE
143.739,,10.12,-169.88,-0.89,4.89,5.32,0.42,False,False,False,False,False,False,-0.015,-0.002,True,True,MODERATE
143.915,,9.79,-169.48,-0.78,4.89,5.35,0.5,False,False,False,False,False,False,-0.018,-0.001,True,True,MODERATE
143.939,,9.87,-169.89,-0.79,4.9,5.3,0.51,False,False,False,False,False,False,-0.018,-0.001,True,True,MODERATE
144.111,,9.99,-169.61,-0.7,5.0,5.27,0.58,False,False,False,False,False,False,-0.018,0.001,True,True,MODERATE
144.139,,9.92,-169.75,-0.75,5.0,5.25,0.59,False,False,False,False,False,False,-0.018,-0.002,True,True,MODERATE
144.319,,9.67,-169.62,-0.75,4.88,5.24,0.6,False,False,False,False,False,False,-0.018,-0.001,True,True,MODERATE
144.341,,9.7,-169.6,-0.71,4.87,5.25,0.6,False,False,False,False,False,False,-0.02,-0.002,True,True,MODERATE
144.507,,9.82,-169.72,-0.72,4.9,5.19,0.62,False,False,False,False,False,False,-0.017,-0.001,True,True,MODERATE
144.539,,9.52,-169.56,-0.8,4.85,5.21,0.61,False,False,False,False,False,False,-0.019,-0.003,True,True,MODERATE
144.719,,9.33,-169.72,-0.83,4.63,5.17,0.56,False,False,False,False,False,False,-0.018,-0.004,True,True,MODERATE
144.743,,9.53,-169.76,-0.89,4.63,5.16,0.55,False,False,False,False,False,False,-0.018,-0.003,True,True,MODERATE
144.908,,9.67,-169.6,-0.76,4.7,5.21,0.57,False,False,False,False,False,False,-0.021,0.0,True,True,MODERATE
144.94,,9.09,-169.91,-0.84,4.61,5.17,0.56,False,False,False,False,False,False,-0.023,-0.001,True,True,MODERATE
145.116,,9.71,-168.62,-0.6,4.72,5.74,0.66,False,False,False,False,False,False,-0.023,-0.0,True,False,MODERATE
145.139,,10.13,-168.87,-0.6,4.78,5.77,0.68,False,False,False,False,False,False,-0.02,-0.003,True,False,MODERATE
145.309,,10.38,-168.76,-0.45,5.15,5.94,0.79,False,False,False,False,False,False,-0.018,-0.009,True,False,MODERATE
145.34,,9.82,-169.37,-0.71,5.11,5.87,0.77,False,False,False,False,False,False,-0.018,-0.005,True,False,MODERATE
145.515,,10.68,-168.3,-0.72,5.46,6.23,0.7,False,False,False,False,False,False,-0.018,-0.001,True,False,MODERATE
145.538,,10.98,-167.22,-0.46,5.54,6.42,0.72,False,False,False,False,False,False,-0.014,-0.006,True,False,MODERATE
145.712,,10.81,-168.06,-0.22,5.74,6.62,0.94,False,False,False,False,False,False,-0.019,0.008,True,False,MODERATE
145.742,,10.67,-169.61,-0.69,5.74,6.4,0.9,False,False,False,False,False,False,0.018,0.054,False,False,MODERATE
145.915,,10.9,-169.26,-0.47,5.88,5.98,0.89,False,False,False,False,False,False,-0.019,0.004,True,False,MODERATE
145.937,,9.86,-168.89,-0.32,5.76,5.98,0.91,False,False,False,False,False,False,-0.02,-0.001,True,False,MODERATE
146.109,,10.09,-168.51,0.09,5.46,6.17,1.19,False,False,False,False,False,False,0.024,-0.001,True,False,MODERATE
146.138,,9.77,-169.05,0.01,5.37,6.12,1.22,False,False,False,False,False,False,0.031,-0.004,True,False,MODERATE
146.32,,10.27,-168.71,-0.08,5.37,6.13,1.25,False,False,False,False,False,False,0.021,-0.004,True,False,MODERATE
146.343,,9.87,-169.59,-0.29,5.32,6.02,1.22,False,False,False,False,False,False,-0.002,0.001,True,False,MODERATE
146.509,,10.42,-168.89,-0.36,5.42,5.99,1.11,False,False,False,False,False,False,-0.001,-0.004,True,False,MODERATE
146.54,,10.55,-168.85,-0.3,5.46,6.0,1.1,False,False,False,False,False,False,-0.013,0.004,True,False,MODERATE
146.717,,10.48,-169.52,-0.52,5.52,5.65,0.96,False,False,False,False,False,False,-0.01,0.003,True,False,MODERATE
146.741,,10.79,-169.6,-0.44,5.57,5.6,0.95,False,False,False,False,False,False,-0.001,-0.004,True,False,MODERATE
146.91,,10.24,-169.19,-0.35,5.45,5.63,0.98,False,False,False,False,False,False,-0.002,-0.004,True,False,MODERATE
146.939,,10.45,-169.82,-0.4,5.47,5.54,0.98,False,False,False,False,False,False,0.002,-0.003,True,False,MODERATE
147.116,,10.96,-169.45,-0.37,5.78,5.47,0.98,False,False,False,False,False,False,0.004,-0.005,True,False,MODERATE
147.139,,10.75,-170.43,-0.56,5.79,5.33,0.96,False,False,False,False,False,False,-0.001,-0.005,True,False,MODERATE
147.31,,10.31,-170.4,-0.44,5.59,4.87,0.94,False,False,False,False,False,False,0.003,-0.003,True,False,MODERATE
147.341,,10.3,-170.48,-0.47,5.56,4.79,0.93,False,False,False,False,False,False,0.006,-0.003,True,False,MODERATE
147.519,,10.77,-169.97,-0.42,5.72,4.84,0.93,False,False,False,False,False,False,0.007,-0.002,True,False,MODERATE
147.541,,10.58,-171.24,-0.46,5.72,4.68,0.93,False,False,False,False,False,False,0.008,-0.0,True,False,MODERATE
147.708,,10.9,-170.09,-0.5,5.86,4.73,0.89,False,False,False,False,False,False,0.01,-0.005,True,False,MODERATE
147.739,,10.16,-171.1,-0.6,5.76,4.56,0.87,False,False,False,False,False,False,0.007,-0.004,True,False,MODERATE
147.917,,10.49,-170.35,-0.38,5.67,4.53,0.92,False,False,False,False,False,False,0.029,-0.005,True,False,MODERATE
147.939,,10.76,-170.78,-0.29,5.69,4.48,0.94,False,False,False,False,False,False,0.022,-0.004,True,False,MODERATE
148.121,,10.64,-171.06,-0.32,5.72,4.11,0.99,False,False,False,False,False,False,0.027,-0.003,True,False,MODERATE
148.145,,10.16,-171.44,-0.7,5.66,4.02,0.95,False,False,False,False,False,False,0.018,0.054,False,False,MODERATE
148.327,,10.92,-170.31,-0.51,5.85,4.3,0.89,False,False,False,False,False,False,0.018,0.054,False,False,MODERATE
148.349,,10.49,-170.27,-0.11,5.82,4.34,0.94,False,False,False,False,False,False,0.03,0.004,True,False,MODERATE
148.519,,11.16,-170.78,-0.27,6.05,4.2,1.01,False,False,False,False,False,False,0.021,0.004,True,False,MODERATE
148.543,,11.07,-171.24,-0.16,6.06,4.13,1.04,False,False,False,False,False,False,0.027,0.001,True,False,MODERATE
148.725,,10.32,-170.94,-0.18,5.72,4.02,1.11,False,False,False,False,False,False,0.033,-0.002,True,False,MODERATE
148.747,,10.14,-169.92,-0.31,5.66,4.13,1.1,False,False,False,False,False,False,0.029,-0.003,True,False,MODERATE
148.923,,10.38,-169.42,-0.18,5.56,4.83,1.14,False,False,False,False,False,False,0.029,-0.003,True,False,MODERATE
148.949,,10.45,-169.24,-0.15,5.56,4.94,1.15,False,False,False,False,False,False,0.033,-0.002,True,False,LOW
149.118,,10.31,-168.56,-0.32,5.48,5.66,1.09,False,False,False,False,False,False,0.012,-0.002,True,False,LOW
149.142,,10.34,-167.81,-0.13,5.48,5.86,1.11,False,False,False,False,False,False,0.012,-0.007,True,False,LOW
149.311,,10.22,-167.13,-0.05,5.4,6.86,1.21,False,False,False,False,False,False,0.013,-0.01,True,False,LOW
149.34,,9.8,-167.12,0.08,5.32,7.01,1.24,False,False,False,False,False,False,0.024,-0.005,True,False,LOW
149.516,,10.0,-166.8,0.15,5.2,7.58,1.38,False,False,False,False,False,False,0.032,-0.004,True,False,LOW
149.54,,10.32,-166.74,0.18,5.23,7.66,1.4,False,False,False,False,False,False,0.03,-0.005,True,False,LOW
149.709,,10.04,-167.57,-0.04,5.18,7.46,1.36,False,False,False,False,False,False,0.031,-0.001,True,False,LOW
149.741,,10.41,-168.04,-0.17,5.24,7.36,1.33,False,False,False,False,False,False,0.043,0.017,True,False,LOW
149.916,,10.35,-167.28,-0.31,5.35,7.47,1.18,False,False,False,False,False,False,0.018,0.054,False,False,LOW
149.94,,10.23,-168.16,-0.54,5.35,7.37,1.13,False,False,False,False,False,False,0.018,0.054,False,False,LOW
150.111,,10.36,-168.89,-0.29,5.41,6.63,1.1,False,False,False,False,False,False,0.043,0.007,True,False,LOW
150.14,,10.5,-169.39,-0.47,5.44,6.44,1.06,False,False,False,False,False,False,0.033,0.002,True,False,LOW
150.322,,10.09,-168.7,-0.08,5.3,6.29,1.18,False,False,False,False,False,False,0.041,-0.002,True,False,LOW
150.344,,10.2,-168.59,-0.14,5.3,6.29,1.18,False,False,False,False,False,False,0.031,-0.003,True,False,LOW
150.507,,10.35,-169.13,-0.13,5.38,6.0,1.2,False,False,False,False,False,False,0.03,-0.003,True,False,LOW
150.541,,10.18,-169.15,-0.15,5.36,5.95,1.2,False,False,False,False,False,False,0.029,-0.004,True,False,LOW
150.714,,10.32,-169.32,-0.16,5.39,5.73,1.2,False,False,False,False,False,False,0.03,-0.003,True,False,LOW
150.738,,10.0,-169.38,-0.07,5.35,5.7,1.21,False,False,False,False,False,False,0.078,0.005,True,False,LOW
150.907,,10.07,-169.17,0.13,5.26,5.69,1.35,False,False,False,False,False,False,0.075,0.003,True,False,LOW
150.94,,10.16,-169.66,-0.02,5.26,5.61,1.35,False,False,False,False,False,False,0.07,0.003,True,False,LOW
151.116,,10.19,-169.69,-0.16,5.28,5.38,1.27,False,False,False,False,False,False,0.068,0.005,True,False,LOW
151.14,,10.2,-169.57,-0.11,5.28,5.36,1.27,False,False,False,False,False,False,0.065,0.007,True,False,LOW
151.31,,10.46,-169.54,-0.2,5.42,5.34,1.21,False,False,False,False,False,False,0.067,0.005,True,False,LOW
151.339,,10.18,-169.13,-0.06,5.4,5.4,1.22,False,False,False,False,False,False,0.071,0.004,True,False,LOW
151.518,,10.21,-169.15,0.07,5.35,5.57,1.33,False,False,False,False,False,False,0.071,0.004,True,False,LOW
151.542,,10.31,-169.69,-0.08,5.36,5.51,1.32,False,False,False,False,False,False,0.076,0.001,True,False,LOW
151.712,,10.09,-169.57,0.08,5.27,5.4,1.38,False,False,False,False,False,False,0.075,0.004,True,False,LOW
151.739,,10.31,-169.56,0.03,5.29,5.38,1.38,False,False,False,False,False,False,0.081,-0.001,True,False,LOW
151.916,,9.86,-169.56,-0.03,5.12,5.34,1.35,False,False,False,False,False,False,0.07,0.008,True,False,LOW
151.941,,10.07,-170.13,-0.4,5.12,5.25,1.3,False,False,False,False,False,False,0.066,0.019,True,False,LOW
152.107,,10.83,-169.58,-0.5,5.54,5.27,1.07,False,False,False,False,False,False,0.018,0.054,False,False,LOW
152.138,,10.2,-169.7,-0.57,5.5,5.25,1.02,False,False,False,False,False,False,0.04,0.028,True,False,LOW
152.318,,10.34,-169.31,-0.32,5.47,5.41,1.03,False,False,False,False,False,False,0.05,0.009,True,False,LOW
152.341,,10.36,-170.08,-0.33,5.47,5.32,1.03,False,False,False,False,False,False,0.039,0.007,True,False,LOW
152.51,,10.4,-169.88,-0.22,5.48,5.15,1.08,False,False,False,False,False,False,0.033,0.002,True,False,LOW
152.538,,10.49,-169.69,-0.26,5.5,5.15,1.09,False,False,False,False,False,False,0.034,0.001,True,False,LOW
152.716,,10.26,-169.46,-0.27,5.43,5.28,1.09,False,False,False,False,False,False,0.033,-0.001,True,False,LOW
152.739,,10.6,-169.7,-0.3,5.46,5.27,1.08,False,False,False,False,False,False,0.027,-0.002,True,False,LOW
152.908,,10.2,-169.65,-0.31,5.38,5.24,1.06,False,False,False,False,False,False,0.03,-0.002,True,False,LOW
152.939,,10.2,-169.82,-0.3,5.37,5.2,1.06,False,False,False,False,False,False,0.034,-0.002,True,False,LOW
153.116,,10.37,-169.68,-0.32,5.42,5.19,1.05,False,False,False,False,False,False,0.037,-0.001,True,False,LOW
153.137,,10.33,-169.19,-0.47,5.42,5.25,1.03,False,False,False,False,False,False,0.043,0.019,True,False,LOW
153.309,,10.69,-169.54,-0.6,5.61,5.29,0.89,False,False,False,False,False,False,0.043,0.021,True,False,LOW
153.335,,10.35,-169.01,-0.33,5.59,5.37,0.91,False,False,False,False,False,False,0.062,0.011,True,False,LOW
153.515,,10.84,-169.49,-0.46,5.78,5.37,0.9,False,False,False,False,False,False,0.035,0.006,True,False,LOW
153.539,,10.59,-169.62,-0.39,5.77,5.35,0.91,False,False,False,False,False,False,0.034,0.001,True,False,LOW
153.709,,10.84,-170.08,-0.74,5.86,5.06,0.76,False,False,False,False,False,False,0.04,0.032,True,False,LOW
153.732,,10.27,-169.04,-0.46,5.79,5.15,0.77,False,False,False,False,False,False,0.043,0.028,True,False,LOW
153.919,,10.39,-169.11,-0.4,5.63,5.48,0.87,False,False,False,False,False,False,0.043,0.011,True,False,LOW
153.942,,10.87,-169.9,-0.32,5.67,5.41,0.89,False,False,False,False,False,False,0.034,0.007,True,False,LOW
154.111,,10.25,-169.79,-0.31,5.51,5.24,0.97,False,False,False,False,False,False,0.078,0.005,True,False,LOW
154.134,,10.56,-170.04,-0.17,5.53,5.18,1.0,False,False,False,False,False,False,0.077,0.003,True,False,LOW
154.328,,10.55,-170.08,-0.15,5.59,4.96,1.11,False,False,False,False,False,False,0.071,0.004,True,False,LOW
154.352,,10.27,-169.65,-0.01,5.56,4.99,1.14,False,False,False,False,False,False,0.077,0.001,True,False,LOW
154.51,,10.09,-169.61,-0.04,5.38,5.12,1.23,False,False,False,False,False,False,0.077,-0.003,True,False,LOW
154.532,,10.42,-169.99,-0.29,5.39,5.09,1.21,False,False,False,False,False,False,0.06,0.001,True,False,LOW
154.717,,10.4,-169.62,-0.54,5.45,5.17,1.0,False,False,False,False,False,False,0.036,0.019,True,False,LOW
154.741,,10.28,-169.25,-0.53,5.44,5.23,0.97,False,False,False,False,False,False,0.062,0.031,True,False,LOW
154.907,,10.73,-169.85,-0.37,5.64,5.12,0.98,False,False,False,False,False,False,0.081,0.008,True,False,LOW
154.929,,10.43,-169.96,-0.42,5.63,5.09,0.97,False,False,False,False,False,False,0.086,0.004,True,False,LOW
155.118,,10.64,-170.05,-0.32,5.69,4.94,1.01,False,False,False,False,False,False,0.083,0.004,True,False,LOW
155.143,,10.81,-170.55,-0.34,5.72,4.85,1.01,False,False,False,False,False,False,0.077,0.002,True,False,LOW
155.308,,10.8,-169.98,-0.4,5.81,4.87,0.98,False,False,False,False,False,False,0.045,0.003,True,False,LOW
155.331,,10.63,-170.28,-0.71,5.8,4.83,0.94,False,False,False,False,False,False,0.018,0.054,False,False,LOW
155.517,,10.77,-168.91,-0.69,5.84,5.44,0.79,False,False,False,False,False,False,0.018,0.054,False,False,LOW
155.541,,10.23,-169.08,-0.61,5.77,5.48,0.78,False,False,False,False,False,False,0.018,0.054,False,False,LOW
155.707,,11.06,-169.17,-0.33,5.97,5.59,0.91,False,False,False,False,False,False,0.036,0.007,True,False,LOW
155.731,,10.98,-169.94,-0.44,5.98,5.5,0.91,False,False,False,False,False,False,0.032,0.006,True,False,LOW
155.915,,10.65,-169.56,-0.38,5.86,5.39,0.94,False,False,False,False,False,False,0.028,0.0,True,False,LOW
155.938,,10.6,-169.64,-0.33,5.84,5.37,0.95,False,False,False,False,False,False,0.03,-0.0,True,False,LOW
156.117,,10.49,-169.8,-0.53,5.71,5.21,0.89,False,False,False,False,False,False,0.032,0.002,True,False,LOW
156.14,,10.59,-169.58,-0.42,5.7,5.21,0.89,False,False,False,False,False,False,0.03,-0.005,True,False,LOW
156.33,,10.63,-169.43,-0.39,5.72,5.33,0.93,False,False,False,False,False,False,0.03,-0.004,True,False,LOW
156.352,,10.32,-169.5,-0.67,5.68,5.34,0.9,False,False,False,False,False,False,0.03,-0.008,True,False,LOW
156.521,,10.0,-168.7,-0.78,5.38,5.76,0.73,False,False,False,False,False,False,0.025,-0.004,True,False,LOW
156.544,,9.94,-167.6,-0.58,5.33,5.97,0.74,False,False,False,False,False,False,0.04,-0.006,True,False,LOW
156.725,,9.44,-167.85,-0.53,4.91,6.54,0.78,False,False,False,False,False,False,0.04,-0.004,True,False,LOW
156.748,,8.99,-170.51,-0.58,4.8,6.25,0.78,False,False,False,False,False,False,0.042,-0.002,True,False,LOW
156.92,,8.42,-169.77,-0.07,4.12,5.64,1.04,False,False,False,False,False,False,0.04,-0.008,True,False,LOW
156.942,,8.0,-168.75,-0.22,3.98,5.7,1.06,False,False,False,False,False,False,0.026,-0.006,True,False,LOW
157.117,,8.24,-168.55,-0.31,3.64,6.02,1.05,False,False,False,False,False,False,0.039,0.011,True,False,LOW
157.141,,8.75,-168.46,-0.39,3.67,6.07,1.04,False,False,False,False,False,False,0.018,0.054,False,False,LOW
157.437,,9.01,-169.22,-0.31,3.96,5.79,1.04,False,False,False,False,False,False,0.038,0.002,True,False,LOW
157.458,,8.92,-169.18,-0.27,3.96,5.78,1.05,False,False,False,False,False,False,0.025,-0.006,True,False,LOW
157.56,,8.5,-168.99,-0.16,3.82,5.81,1.11,False,False,False,False,False,False,0.023,-0.011,True,False,LOW
157.583,,8.74,-168.8,-0.15,3.82,5.85,1.12,False,False,False,False,False,False,0.019,-0.004,True,False,LOW
157.706,,8.48,-169.29,-0.23,3.72,5.73,1.12,False,False,False,False,False,False,0.019,-0.004,True,False,LOW
157.728,,8.6,-169.09,-0.26,3.71,5.73,1.12,False,False,False,False,False,False,0.022,-0.007,True,False,LOW
157.922,,8.65,-168.72,-0.19,3.73,5.96,1.14,False,False,False,False,False,False,0.02,-0.007,True,False,LOW
157.946,,8.84,-169.07,-0.26,3.76,5.93,1.14,False,False,False,False,False,False,0.019,-0.006,True,False,LOW
158.108,,8.29,-168.41,-0.25,3.57,6.2,1.12,False,False,False,False,False,False,0.009,-0.008,True,False,LOW
158.13,,8.32,-167.94,-0.09,3.55,6.29,1.14,False,False,False,False,False,False,0.013,-0.008,True,False,LOW
158.317,,7.38,-167.72,0.04,2.97,6.75,1.28,False,False,False,False,False,False,0.016,-0.004,True,True,LOW
158.34,,8.37,-167.62,0.03,3.03,6.82,1.29,False,False,False,False,False,False,0.029,-0.002,True,True,LOW
158.51,,13.73,-167.55,0.36,6.19,7.08,1.51,False,False,False,False,False,False,0.017,0.0,True,True,LOW
158.533,,14.19,-168.0,0.59,6.64,7.05,1.57,False,False,False,False,False,False,0.022,0.006,True,True,LOW
158.716,,14.12,-168.37,0.97,8.12,6.75,1.98,False,False,False,False,False,False,-0.013,0.011,True,True,LOW
158.739,,12.78,-167.95,0.69,8.08,6.77,1.99,False,False,False,False,False,False,-0.01,0.002,True,True,LOW
158.908,,12.13,-168.31,0.51,7.63,6.66,1.92,False,False,False,False,False,False,-0.011,0.004,True,True,LOW
158.932,,12.85,-168.34,0.61,7.68,6.64,1.93,False,False,False,False,False,False,-0.014,-0.004,True,True,LOW
159.117,,11.96,-167.19,0.62,7.34,7.2,1.95,False,False,False,False,False,False,-0.018,-0.005,True,True,LOW
159.14,,11.32,-167.1,0.39,7.22,7.27,1.93,False,False,False,False,False,False,-0.018,-0.005,True,True,LOW
159.309,,11.54,-167.32,0.3,6.92,7.41,1.79,False,False,False,False,False,False,-0.022,-0.009,True,True,LOW
159.333,,11.36,-166.61,0.42,6.86,7.53,1.79,False,False,False,False,False,False,-0.027,-0.008,True,True,LOW
159.516,,11.36,-166.83,0.36,6.64,7.8,1.75,False,False,False,False,False,False,-0.023,-0.011,True,True,LOW
159.539,,11.06,-167.25,0.24,6.58,7.78,1.73,False,False,False,False,False,False,-0.024,-0.01,True,True,LOW
159.709,,11.72,-167.14,0.36,6.7,7.75,1.72,False,False,False,False,False,False,-0.025,-0.007,True,True,LOW
159.732,,11.53,-167.4,0.16,6.69,7.71,1.69,False,False,False,False,False,False,-0.023,-0.012,True,True,LOW
159.915,,11.06,-167.58,0.18,6.41,7.48,1.61,False,False,False,False,False,False,-0.001,-0.006,True,True,LOW
159.938,,10.64,-167.11,0.29,6.32,7.51,1.61,False,False,False,False,False,False,-0.003,-0.009,True,True,LOW
160.108,,10.54,-166.89,0.23,5.96,7.75,1.6,False,False,False,False,False,False,-0.01,-0.01,True,True,LOW
160.133,,10.83,-166.67,0.22,5.96,7.81,1.6,False,False,False,False,False,False,-0.013,-0.012,True,True,LOW
160.319,,10.63,-167.48,0.0,5.83,7.58,1.47,False,False,False,False,False,False,0.017,-0.002,True,True,LOW
160.341,,9.82,-167.5,-0.12,5.72,7.55,1.44,False,False,False,False,False,False,0.021,-0.004,True,True,LOW
160.508,,9.89,-167.18,-0.1,5.34,7.62,1.34,False,False,False,False,False,False,0.024,-0.004,True,True,MODERATE
160.533,,9.56,-167.63,-0.32,5.24,7.56,1.3,False,False,False,False,False,False,0.025,-0.003,True,True,MODERATE
160.72,,9.24,-166.84,-0.22,4.74,7.81,1.21,False,False,False,False,False,False,0.026,-0.003,True,True,MODERATE
160.746,,8.65,-166.75,-0.31,4.6,7.85,1.19,False,False,False,False,False,False,0.026,-0.003,True,True,MODERATE
160.909,,8.69,-166.97,-0.24,4.18,7.87,1.15,False,False,False,False,False,False,0.025,-0.005,True,True,MODERATE
160.931,,8.53,-167.04,-0.43,4.11,7.87,1.12,False,False,False,False,False,False,0.027,0.009,True,True,MODERATE
161.116,,8.14,-166.29,-0.43,3.63,8.25,1.02,False,False,False,False,False,False,0.018,0.054,False,True,MODERATE
161.138,,8.12,-167.09,-0.18,3.58,8.19,1.04,False,False,False,False,False,False,0.046,0.011,True,True,MODERATE
161.315,,8.54,-166.76,-0.0,3.61,8.14,1.2,False,False,False,False,False,False,0.036,0.003,True,True,MODERATE
161.426,,8.32,-166.65,0.09,3.53,8.17,1.3,False,False,False,False,False,False,0.028,-0.007,True,True,MODERATE
161.529,,7.87,-166.41,0.02,3.31,8.28,1.33,False,False,False,False,False,False,0.027,-0.004,True,True,MODERATE
161.552,,8.18,-167.2,-0.07,3.3,8.2,1.33,False,False,False,False,False,False,0.031,-0.007,True,True,MODERATE
161.709,,8.13,-167.04,-0.02,3.27,8.01,1.33,False,False,False,False,False,False,0.03,-0.008,True,True,MODERATE
161.731,,8.34,-167.09,-0.05,3.29,7.98,1.33,False,False,False,False,False,False,0.029,-0.012,True,True,MODERATE
161.916,,8.59,-167.28,-0.15,3.5,7.76,1.26,False,False,False,False,False,False,0.03,-0.01,True,True,MODERATE
161.939,,8.33,-166.94,-0.11,3.5,7.78,1.26,False,False,False,False,False,False,0.023,-0.01,True,True,MODERATE
162.109,,7.99,-167.27,-0.16,3.29,7.68,1.23,False,False,False,False,False,False,0.014,-0.011,True,True,MODERATE
162.133,,7.93,-166.96,-0.24,3.25,7.71,1.21,False,False,False,False,False,False,0.015,-0.01,True,True,MODERATE
162.318,,7.7,-166.88,-0.19,3.01,7.86,1.19,False,False,False,False,False,False,0.03,-0.01,True,True,MODERATE
162.342,,7.73,-167.71,-0.22,2.98,7.76,1.18,False,False,False,False,False,False,0.029,-0.008,True,True,MODERATE
162.516,,7.84,-167.29,-0.44,2.96,7.66,1.04,False,False,False,False,False,False,0.032,0.025,True,True,MODERATE
162.539,,8.15,-166.94,-0.3,3.0,7.69,1.04,False,False,False,False,False,False,0.031,0.027,True,True,MODERATE
162.715,,8.37,-167.6,-0.26,3.25,7.46,1.07,False,False,False,False,False,False,0.004,0.001,True,True,MODERATE
162.739,,8.63,-167.37,-0.03,3.31,7.47,1.1,False,False,False,False,False,False,-0.002,-0.009,True,True,MODERATE
162.908,,8.68,-167.6,-0.08,3.56,7.36,1.19,False,False,False,False,False,False,0.004,-0.009,True,True,MODERATE
162.933,,7.86,-166.9,-0.22,3.48,7.44,1.18,False,False,False,False,False,False,0.001,-0.008,True,True,MODERATE
163.116,,8.07,-166.87,-0.09,3.31,7.74,1.23,False,False,False,False,False,False,-0.002,-0.012,True,True,MODERATE
163.139,,8.15,-166.9,-0.16,3.3,7.77,1.22,False,False,False,False,False,False,-0.004,-0.007,True,True,MODERATE
163.311,,7.74,-167.02,-0.27,3.06,7.8,1.15,False,False,False,False,False,False,-0.006,-0.005,True,True,MODERATE
163.336,,7.6,-166.96,-0.22,3.01,7.82,1.15,False,False,False,False,False,False,-0.006,-0.006,True,True,MODERATE
163.518,,7.15,-167.01,-0.24,2.6,7.83,1.13,False,False,False,False,False,False,0.003,-0.006,True,True,MODERATE
163.542,,6.79,-166.63,-0.05,2.5,7.89,1.15,False,False,False,False,False,False,0.021,-0.008,True,True,MODERATE
163.71,,6.84,-166.81,-0.14,2.21,7.97,1.19,False,False,False,False,False,False,0.026,-0.011,True,True,MODERATE
163.733,,6.79,-166.58,-0.04,2.17,8.01,1.2,False,False,False,False,False,False,0.025,-0.011,True,True,MODERATE
163.902,,6.87,-166.9,-0.17,2.06,7.98,1.19,False,False,False,False,False,False,0.025,-0.01,True,True,MODERATE
163.934,,6.61,-166.7,-0.13,2.0,8.01,1.2,False,False,False,False,False,False,0.025,-0.011,True,True,MODERATE
164.121,,6.62,-166.61,-0.14,1.85,8.14,1.21,False,False,False,False,False,False,0.028,-0.011,True,True,MODERATE
164.145,,6.82,-167.15,-0.15,1.86,8.09,1.21,False,False,False,False,False,False,0.03,-0.008,True,True,MODERATE
164.309,,6.77,-167.0,-0.07,1.86,7.97,1.25,False,False,False,False,False,False,0.029,-0.012,True,True,MODERATE
164.332,,6.58,-167.02,-0.13,1.84,7.95,1.24,False,False,False,False,False,False,0.03,-0.012,True,True,MODERATE
164.518,,6.66,-166.59,-0.03,1.8,8.12,1.29,False,False,False,False,False,False,0.028,-0.013,True,True,MODERATE
164.542,,6.72,-166.59,-0.05,1.8,8.14,1.29,False,False,False,False,False,False,0.024,-0.013,True,True,MODERATE
164.712,,6.72,-167.01,-0.11,1.81,7.99,1.27,False,False,False,False,False,False,0.023,-0.011,True,True,MODERATE
164.736,,6.72,-166.33,0.02,1.81,8.06,1.28,False,False,False,False,False,False,0.022,-0.013,True,True,MODERATE
164.917,,6.8,-167.02,-0.25,1.86,7.94,1.19,False,False,False,False,False,False,0.011,-0.007,True,True,MODERATE
164.94,,6.86,-166.76,-0.13,1.87,7.96,1.19,False,False,False,False,False,False,0.01,-0.011,True,True,MODERATE
165.104,,6.91,-166.77,-0.1,1.94,8.03,1.22,False,False,False,False,False,False,0.011,-0.011,True,True,MODERATE
165.134,,6.96,-166.93,-0.17,1.96,8.01,1.22,False,False,False,False,False,False,-0.002,-0.008,True,True,MODERATE
165.308,,6.9,-167.14,-0.22,1.98,7.86,1.17,False,False,False,False,False,False,-0.003,-0.008,True,True,MODERATE
165.331,,7.11,-166.92,-0.19,2.01,7.87,1.17,False,False,False,False,False,False,-0.002,-0.009,True,True,MODERATE
165.498,,7.52,-167.38,-0.22,2.33,7.67,1.15,False,False,False,False,False,False,-0.003,-0.011,True,True,MODERATE
165.532,,7.99,-167.14,-0.15,2.46,7.68,1.16,False,False,False,False,False,False,0.001,-0.008,True,True,MODERATE
165.709,,7.69,-167.19,-0.07,2.64,7.67,1.23,False,False,False,False,False,False,-0.004,-0.01,True,True,MODERATE
165.732,,7.54,-167.46,-0.27,2.64,7.64,1.21,False,False,False,False,False,False,-0.004,-0.013,True,True,MODERATE
165.899,,7.52,-166.79,-0.11,2.63,7.86,1.23,False,False,False,False,False,False,-0.003,-0.009,True,True,MODERATE
165.931,,7.61,-167.09,-0.13,2.64,7.84,1.23,False,False,False,False,False,False,-0.01,-0.01,True,True,MODERATE
166.109,,8.13,-167.39,-0.03,2.96,7.65,1.28,False,False,False,False,False,False,-0.008,-0.012,True,True,MODERATE
166.132,,7.96,-166.94,-0.02,2.97,7.68,1.29,False,False,False,False,False,False,-0.006,-0.009,True,True,MODERATE
166.302,,7.99,-166.81,0.01,3.03,7.87,1.33,False,False,False,False,False,False,-0.007,-0.009,True,True,MODERATE
166.331,,7.87,-167.04,-0.01,3.02,7.86,1.33,False,False,False,False,False,False,-0.014,-0.009,True,True,MODERATE
166.509,,7.58,-167.27,-0.13,2.84,7.72,1.27,False,False,False,False,False,False,-0.013,-0.011,True,True,MODERATE
166.532,,7.77,-167.12,-0.11,2.84,7.72,1.27,False,False,False,False,False,False,-0.013,-0.012,True,True,MODERATE
166.701,,7.84,-167.16,-0.07,2.89,7.71,1.28,False,False,False,False,False,False,-0.014,-0.011,True,True,MODERATE
166.731,,7.64,-167.17,-0.16,2.87,7.71,1.26,False,False,False,False,False,False,-0.012,-0.012,True,True,MODERATE
166.923,,7.04,-166.8,-0.2,2.47,7.9,1.2,False,False,False,False,False,False,-0.013,-0.01,True,True,MODERATE
166.949,,7.14,-166.93,-0.34,2.43,7.9,1.18,False,False,False,False,False,False,-0.012,-0.013,True,True,MODERATE
167.101,,7.51,-166.93,-0.4,2.52,7.92,1.07,False,False,False,False,False,False,-0.016,-0.012,True,True,MODERATE
167.131,,7.74,-166.99,-0.31,2.57,7.91,1.06,False,False,False,False,False,False,-0.02,-0.013,True,True,MODERATE
167.307,,7.61,-166.82,-0.28,2.64,7.98,1.07,False,False,False,False,False,False,-0.001,-0.003,True,True,MODERATE
167.329,,7.64,-167.03,-0.29,2.66,7.96,1.07,False,False,False,False,False,False,0.007,-0.003,True,True,MODERATE
167.5,,7.27,-166.89,-0.27,2.51,7.97,1.08,False,False,False,False,False,False,0.026,-0.002,True,True,MODERATE
167.531,,7.28,-167.04,0.02,2.49,7.94,1.13,False,False,False,False,False,False,0.026,-0.009,True,True,MODERATE
167.707,,7.17,-167.4,-0.28,2.37,7.69,1.1,False,False,False,False,False,False,0.024,0.009,True,True,MODERATE
167.73,,7.98,-166.05,-0.29,2.46,7.83,1.1,False,False,False,False,False,False,0.018,0.054,False,True,MODERATE
167.906,,7.38,-167.59,-0.08,2.47,7.54,1.19,False,False,False,False,False,False,0.041,0.005,True,True,MODERATE
167.934,,6.82,-167.59,-0.08,2.39,7.5,1.2,False,False,False,False,False,False,0.037,-0.001,True,True,MODERATE
168.107,,7.07,-167.2,0.07,2.27,7.58,1.32,False,False,False,False,False,False,0.03,-0.005,True,True,MODERATE
168.129,,7.31,-167.54,0.02,2.29,7.55,1.33,False,False,False,False,False,False,0.03,-0.008,True,True,MODERATE
168.299,,7.31,-167.49,-0.06,2.35,7.46,1.31,False,False,False,False,False,False,0.028,-0.008,True,True,MODERATE
168.332,,7.17,-167.2,-0.15,2.34,7.49,1.29,False,False,False,False,False,False,0.025,-0.01,True,True,MODERATE
168.509,,6.94,-167.18,-0.3,2.18,7.59,1.17,False,False,False,False,False,False,0.025,-0.009,True,True,MODERATE
168.532,,7.19,-167.27,-0.21,2.19,7.59,1.16,False,False,False,False,False,False,0.025,-0.011,True,True,MODERATE
168.704,,7.3,-167.1,-0.18,2.3,7.68,1.17,False,False,False,False,False,False,0.026,-0.011,True,False,MODERATE
168.731,,6.76,-167.09,0.1,2.24,7.69,1.21,False,False,False,False,False,False,0.025,-0.004,True,False,MODERATE
168.908,,6.97,-167.56,0.02,2.15,7.49,1.3,False,False,False,False,False,False,0.032,-0.004,True,False,MODERATE
168.931,,6.77,-167.36,-0.32,2.11,7.49,1.26,False,False,False,False,False,False,0.019,-0.001,True,False,MODERATE
169.102,,7.77,-167.06,-0.36,2.51,7.65,1.12,False,False,False,False,False,False,0.029,-0.006,True,False,MODERATE
169.131,,8.32,-166.83,0.22,2.65,7.71,1.19,False,False,False,False,False,False,0.025,-0.004,True,False,MODERATE
169.309,,8.38,-166.2,0.54,3.1,8.22,1.57,False,False,False,False,False,False,0.028,-0.006,True,False,MODERATE
169.333,,7.35,-166.17,0.33,3.01,8.28,1.58,False,False,False,False,False,False,0.019,-0.006,True,False,MODERATE
169.499,,7.04,-165.9,0.2,2.56,8.63,1.57,False,False,False,False,False,False,0.024,-0.005,True,False,MODERATE
169.532,,6.81,-166.84,-0.03,2.45,8.53,1.53,False,False,False,False,False,False,0.024,-0.008,True,False,MODERATE
169.711,,7.11,-166.53,0.22,2.32,8.42,1.55,False,False,False,False,False,False,0.024,-0.013,True,False,MODERATE
169.734,,7.47,-166.08,0.21,2.35,8.47,1.55,False,False,False,False,False,False,0.011,-0.003,True,False,MODERATE
169.9,,7.43,-166.45,0.18,2.44,8.44,1.54,False,False,False,False,False,False,0.014,-0.006,True,False,MODERATE
169.931,,7.68,-165.88,0.03,2.5,8.53,1.52,False,False,False,False,True,True,-0.01,0.044,True,False,MODERATE
170.11,,7.16,-166.11,0.16,2.37,8.65,1.52,False,False,False,False,False,False,0.03,0.019,True,False,MODERATE
170.134,,7.26,-166.74,0.12,2.37,8.58,1.51,False,False,False,False,False,False,0.013,0.022,True,False,MODERATE
170.302,,7.9,-167.34,0.35,2.7,8.03,1.61,False,False,False,False,False,False,0.023,-0.008,True,False,MODERATE
170.331,,7.03,-167.88,0.51,2.61,7.86,1.65,False,False,False,False,False,False,0.01,-0.008,True,False,MODERATE
170.512,,8.34,-166.99,0.71,3.05,7.86,1.87,False,False,False,False,False,False,0.018,0.0,True,False,MODERATE
170.537,,8.76,-167.23,0.71,3.17,7.83,1.9,False,False,False,False,False,False,0.019,0.001,True,False,MODERATE
170.703,,9.23,-167.46,0.38,3.77,7.61,1.82,False,False,False,False,False,False,0.028,-0.001,True,False,MODERATE
170.733,,8.93,-168.24,0.2,3.82,7.44,1.77,False,False,False,False,False,False,0.018,-0.004,True,False,MODERATE
170.917,,8.76,-168.61,0.1,3.84,6.79,1.6,False,False,False,False,False,False,0.033,-0.007,True,False,MODERATE
170.942,,9.47,-168.15,0.19,3.94,6.78,1.59,False,False,False,False,False,False,0.034,-0.007,True,False,MODERATE
171.104,,9.1,-166.94,0.57,4.07,7.35,1.76,False,False,False,False,False,False,0.034,-0.008,True,False,MODERATE
171.132,,10.6,-167.14,0.95,4.34,7.41,1.84,False,False,False,False,False,False,0.029,-0.008,True,False,MODERATE
171.312,,9.49,-167.34,0.69,4.47,7.47,1.95,False,False,False,False,False,False,0.025,-0.009,True,False,MODERATE
171.337,,8.79,-167.94,0.46,4.39,7.39,1.93,False,False,False,False,False,False,0.027,-0.008,True,False,MODERATE
171.503,,9.12,-167.57,0.36,4.3,7.34,1.82,False,False,False,False,False,False,0.026,-0.005,True,False,MODERATE
171.532,,8.74,-167.67,0.21,4.23,7.32,1.78,False,False,False,False,False,False,0.025,-0.004,True,False,MODERATE
171.708,,9.85,-168.55,-0.18,4.61,6.78,1.46,False,False,False,False,False,False,0.021,0.001,True,False,MODERATE
171.731,,9.83,-167.88,0.2,4.65,6.81,1.47,False,False,False,False,False,False,0.025,-0.011,True,False,MODERATE
171.901,,8.9,-167.75,0.21,4.32,6.96,1.52,False,False,False,False,False,False,0.028,-0.009,True,False,MODERATE
171.931,,9.48,-167.68,0.41,4.36,7.0,1.56,False,False,False,False,False,False,0.022,-0.007,True,False,MODERATE
172.118,,10.24,-168.36,-0.15,4.89,6.73,1.37,False,False,False,False,False,False,0.018,0.054,False,False,MODERATE
172.143,,9.41,-168.81,-0.37,4.84,6.63,1.32,False,False,False,False,False,False,0.043,0.023,True,False,MODERATE
172.318,,9.86,-168.97,-0.35,4.9,6.24,1.15,False,False,False,False,False,False,0.032,0.01,True,False,MODERATE
172.343,,9.82,-168.47,-0.17,4.91,6.26,1.16,False,False,False,False,False,False,0.027,-0.004,True,False,MODERATE
172.518,,9.91,-168.07,-0.1,4.96,6.54,1.21,False,False,False,False,False,False,0.019,-0.009,True,False,MODERATE
172.542,,10.16,-168.64,0.02,5.0,6.5,1.23,False,False,False,False,False,False,0.028,-0.01,True,False,LOW
172.712,,10.28,-168.48,-0.03,5.2,6.44,1.28,False,False,False,False,False,False,0.027,-0.009,True,False,LOW
172.734,,9.99,-168.55,0.05,5.18,6.42,1.29,False,False,False,False,False,False,0.024,-0.007,True,False,LOW
172.922,,10.23,-169.17,-0.02,5.26,6.02,1.32,False,False,False,False,False,False,0.023,-0.009,True,False,LOW
172.947,,10.21,-168.54,0.07,5.27,6.06,1.33,False,False,False,False,False,False,0.022,-0.009,True,False,LOW
173.098,,10.2,-168.98,0.02,5.28,5.97,1.35,False,False,False,False,False,False,0.021,-0.009,True,False,LOW
173.134,,9.84,-168.53,0.06,5.22,6.04,1.36,False,False,False,False,False,False,0.02,-0.007,True,False,LOW
173.315,,10.07,-168.18,0.16,5.19,6.38,1.44,False,False,False,False,False,False,0.013,-0.009,True,False,LOW
173.34,,9.45,-168.09,0.17,5.1,6.44,1.46,False,False,False,False,False,False,0.015,-0.006,True,False,LOW
173.5,,9.4,-168.68,-0.07,4.8,6.31,1.37,False,False,False,False,False,False,-0.006,0.002,True,False,LOW
173.532,,9.07,-168.12,-0.16,4.69,6.38,1.34,False,False,False,False,False,False,-0.004,-0.001,True,False,LOW
173.707,,10.02,-168.22,-0.08,4.92,6.52,1.31,False,False,False,False,False,False,-0.002,-0.005,True,False,LOW
173.736,,9.64,-168.44,-0.21,4.89,6.5,1.28,False,False,False,False,False,False,-0.005,-0.003,True,False,LOW
173.903,,9.31,-168.32,-0.17,4.64,6.52,1.23,False,False,False,False,False,False,0.015,-0.007,True,False,LOW
174.067,,9.7,-168.19,-0.12,4.72,6.6,1.23,False,False,False,False,False,False,0.016,-0.008,True,False,LOW
174.173,,9.73,-168.45,-0.07,4.76,6.52,1.25,False,False,False,False,False,False,0.012,-0.007,True,False,LOW
174.196,,10.03,-167.75,-0.03,4.81,6.6,1.26,False,False,False,False,False,False,0.012,-0.005,True,False,LOW
174.302,,9.91,-167.84,-0.19,4.89,6.77,1.22,False,False,False,False,False,False,0.012,-0.004,True,False,LOW
174.325,,9.98,-167.2,-0.33,4.92,6.89,1.2,False,False,False,False,False,False,0.018,0.054,False,False,LOW
174.508,,9.61,-168.28,-0.66,4.81,6.72,0.93,False,False,False,False,False,False,0.018,0.054,False,False,LOW
174.532,,10.13,-168.38,-0.26,4.86,6.69,0.95,False,False,False,False,False,False,-0.035,0.018,True,False,LOW
174.701,,9.81,-168.47,-0.18,4.89,6.54,1.07,False,False,False,False,False,False,-0.042,0.01,True,False,LOW
174.722,,10.41,-168.18,-0.05,4.96,6.55,1.09,False,False,False,False,False,False,-0.023,0.005,True,False,LOW
174.909,,9.81,-167.75,0.19,4.93,6.85,1.34,False,False,False,False,False,False,0.013,-0.02,True,False,LOW
174.933,,10.23,-167.65,0.08,4.99,6.9,1.35,False,False,False,False,False,False,0.02,-0.018,True,False,LOW
175.102,,9.85,-168.0,0.05,4.97,6.88,1.38,False,False,False,False,False,False,-0.01,-0.011,True,False,LOW
175.126,,9.98,-167.54,0.04,4.98,6.94,1.38,False,False,False,False,False,False,-0.008,-0.016,True,False,LOW
175.309,,9.93,-167.71,-0.02,5.01,7.05,1.36,False,False,False,False,False,False,-0.012,-0.013,True,False,LOW
175.333,,9.76,-167.57,0.06,4.99,7.09,1.36,False,False,False,False,False,False,-0.013,-0.014,True,False,LOW
175.5,,9.72,-167.42,0.16,4.9,7.27,1.44,False,False,False,False,False,False,0.017,-0.007,True,False,LOW
175.523,,9.77,-167.01,0.24,4.9,7.35,1.46,False,False,False,False,False,False,0.01,-0.008,True,False,LOW
175.71,,9.03,-165.96,0.21,4.48,8.2,1.52,False,False,False,False,False,False,0.014,-0.013,True,False,LOW
175.733,,8.72,-165.85,0.48,4.39,8.31,1.56,False,False,False,False,False,False,0.018,-0.006,True,False,LOW
175.901,,7.74,-166.08,0.33,3.58,8.56,1.62,False,False,False,False,False,False,-0.009,0.001,True,False,LOW
175.924,,8.79,-166.06,0.17,3.62,8.59,1.61,False,False,False,False,False,False,-0.003,-0.0,True,False,LOW
176.11,,9.04,-166.31,0.09,3.9,8.57,1.52,False,False,False,False,False,False,-0.0,0.001,True,False,LOW
176.132,,8.91,-165.96,-0.03,3.91,8.61,1.5,False,False,False,False,False,False,0.006,0.001,True,False,LOW
176.304,,8.93,-166.05,-0.08,3.97,8.72,1.38,False,False,False,False,False,False,0.006,0.002,True,False,LOW
176.327,,9.26,-166.16,0.14,4.02,8.71,1.4,False,False,False,False,False,False,0.012,-0.004,True,False,LOW
176.511,,9.22,-166.9,0.03,4.18,8.31,1.39,False,False,False,False,False,False,0.014,-0.007,True,False,LOW
176.533,,9.22,-166.12,0.09,4.2,8.36,1.4,False,False,False,False,False,False,0.009,-0.007,True,False,LOW
176.701,,9.07,-166.94,-0.03,4.18,8.14,1.36,False,False,False,False,False,False,0.011,-0.007,True,False,LOW
176.724,,9.25,-167.23,-0.1,4.21,8.07,1.35,False,False,False,False,False,False,0.012,-0.006,True,False,LOW
176.909,,9.29,-167.01,-0.01,4.31,7.95,1.35,False,False,False,False,False,False,0.013,-0.006,True,False,LOW
