elapsed_seconds,scenario_label,raw_yaw,raw_pitch,raw_roll,yaw,pitch,roll,yaw_suspicious,pitch_suspicious,roll_suspicious,dropout_suspicious,gaze_suspicious,suspicious,gaze_x,gaze_y,gaze_valid,device_detected,risk_level
25.485,,0.15,-171.23,-2.6,0.21,0.33,-0.02,False,False,False,False,False,False,-0.003,0.001,True,False,LOW
25.507,,-0.02,-171.19,-2.49,0.19,0.33,-0.01,False,False,False,False,False,False,-0.002,0.0,True,False,LOW
25.617,,-0.31,-170.65,-2.51,0.01,0.57,0.02,False,False,False,False,False,False,0.002,0.002,True,False,LOW
25.641,,-0.02,-170.57,-2.46,0.01,0.63,0.04,False,False,False,False,False,False,0.001,-0.003,True,False,LOW
25.755,,-0.07,-170.71,-2.49,0.0,0.72,0.06,False,False,False,False,False,False,-0.001,-0.001,True,False,LOW
25.778,,-0.35,-170.99,-2.51,-0.04,0.7,0.06,False,False,False,False,False,False,-0.001,-0.003,True,False,LOW
25.954,,-0.14,-170.74,-2.47,-0.06,0.76,0.09,False,False,False,False,False,False,0.002,-0.011,True,False,LOW
25.982,,-0.67,-171.06,-2.44,-0.14,0.72,0.09,False,False,False,False,False,False,-0.001,-0.01,True,False,LOW
26.141,,-1.0,-170.38,-2.74,-0.55,0.95,-0.03,False,False,False,False,False,False,-0.001,-0.009,True,False,LOW
26.169,,-0.51,-169.13,-2.76,-0.53,1.19,-0.05,False,False,False,False,False,False,-0.002,-0.009,True,False,LOW
26.346,,-0.51,-170.13,-2.89,-0.49,1.32,-0.19,False,False,False,False,False,False,-0.004,-0.008,True,False,LOW
26.37,,-0.67,-171.37,-2.62,-0.51,1.17,-0.17,False,False,False,False,False,False,0.039,-0.017,True,False,LOW
26.545,,0.56,-170.07,-2.5,0.09,1.34,-0.04,False,False,False,False,False,False,0.045,-0.017,True,False,LOW
26.569,,0.31,-170.38,-2.6,0.13,1.32,-0.04,False,False,False,False,False,False,0.042,-0.014,True,False,LOW
26.751,,-0.31,-169.99,-2.54,-0.07,1.45,0.0,False,False,False,False,False,False,0.035,-0.008,True,False,LOW
26.776,,0.26,-170.67,-2.52,-0.02,1.37,0.01,False,False,False,False,False,False,0.032,0.005,True,False,LOW
26.946,,0.1,-170.73,-2.41,0.07,1.09,0.09,False,False,False,False,False,False,0.026,0.002,True,False,LOW
26.969,,0.87,-170.73,-2.62,0.19,1.06,0.08,False,False,False,False,False,False,0.031,0.053,False,False,LOW
27.162,,0.83,-170.93,-2.43,0.58,0.82,0.12,False,False,False,False,False,False,0.021,-0.002,True,False,LOW
27.185,,1.51,-170.71,-2.34,0.71,0.82,0.13,False,False,False,False,False,False,0.02,-0.007,True,False,LOW
27.344,,2.44,-170.67,-2.19,1.64,0.86,0.26,False,False,False,False,False,False,-0.0,-0.005,True,False,LOW
27.367,,2.49,-171.18,-2.12,1.76,0.8,0.29,False,False,False,False,False,False,0.003,-0.005,True,False,LOW
27.546,,2.16,-171.77,-2.15,2.01,0.26,0.36,False,False,False,False,False,False,0.004,-0.006,True,False,LOW
27.569,,2.13,-171.44,-2.31,2.03,0.24,0.35,False,False,False,False,False,False,0.004,-0.007,True,False,LOW
27.744,,1.62,-171.87,-2.46,1.85,-0.05,0.23,False,False,False,False,False,False,0.009,-0.009,True,False,LOW
27.769,,1.52,-171.85,-2.6,1.81,-0.09,0.2,False,False,False,False,False,False,0.01,-0.005,True,False,LOW
27.95,,0.93,-170.87,-2.47,1.37,0.33,0.15,False,False,False,False,False,False,0.011,-0.004,True,False,LOW
27.973,,1.43,-170.87,-2.31,1.39,0.37,0.17,False,False,False,False,False,False,0.015,-0.008,True,False,LOW
28.141,,1.02,-171.69,-2.32,1.23,0.11,0.21,False,False,False,False,False,False,0.013,-0.006,True,False,LOW
28.163,,1.57,-170.93,-2.3,1.28,0.18,0.22,False,False,False,False,False,False,0.011,-0.006,True,False,LOW
28.347,,1.36,-171.79,-2.38,1.35,-0.04,0.21,False,False,False,False,False,False,0.008,-0.006,True,False,LOW
28.37,,1.63,-171.83,-2.26,1.4,-0.07,0.22,False,False,False,False,False,False,0.005,-0.005,True,False,LOW
28.543,,1.33,-171.74,-2.17,1.39,-0.13,0.32,False,False,False,False,False,False,0.006,-0.005,True,False,LOW
28.566,,1.34,-171.71,-2.18,1.39,-0.13,0.33,False,False,False,False,False,False,0.006,-0.005,True,False,LOW
28.756,,1.38,-171.38,-2.17,1.42,0.04,0.37,False,False,False,False,False,False,0.007,-0.003,True,False,LOW
28.78,,1.08,-171.05,-2.06,1.38,0.1,0.39,False,False,False,False,False,False,0.027,-0.006,True,False,LOW
28.951,,1.4,-172.01,-2.16,1.42,-0.18,0.41,False,False,False,False,False,False,0.029,-0.006,True,False,LOW
28.975,,1.47,-171.18,-2.26,1.44,-0.11,0.4,False,False,False,False,False,False,0.012,-0.002,True,False,LOW
29.162,,1.55,-171.76,-2.34,1.53,-0.16,0.31,False,False,False,False,False,False,0.007,-0.003,True,False,LOW
29.185,,1.51,-171.03,-2.33,1.54,-0.07,0.3,False,False,False,False,False,False,0.009,-0.004,True,False,LOW
29.351,,1.49,-171.38,-2.3,1.54,0.06,0.29,False,False,False,False,False,False,0.006,-0.004,True,False,LOW
29.376,,1.39,-171.43,-2.29,1.53,0.07,0.29,False,False,False,False,False,False,0.02,-0.003,True,False,LOW
29.559,,1.3,-171.97,-2.27,1.44,-0.19,0.3,False,False,False,False,False,False,0.019,-0.005,True,False,LOW
29.583,,1.14,-171.21,-2.39,1.41,-0.12,0.29,False,False,False,False,False,False,0.024,-0.008,True,False,LOW
29.748,,1.26,-171.85,-2.34,1.36,-0.2,0.26,False,False,False,False,False,False,0.036,-0.009,True,False,LOW
29.771,,1.39,-170.89,-2.35,1.37,-0.09,0.26,False,False,False,False,False,False,0.042,-0.012,True,False,LOW
30.054,,1.4,-171.2,-2.27,1.43,0.2,0.29,False,False,False,False,False,False,0.05,-0.011,True,False,LOW
30.076,,1.51,-171.53,-2.22,1.45,0.18,0.3,False,False,False,False,False,False,0.052,-0.013,True,False,LOW
30.18,,1.01,-171.45,-2.22,1.3,0.15,0.32,False,False,False,False,False,False,0.05,-0.013,True,False,LOW
30.205,,1.05,-171.13,-2.28,1.27,0.19,0.32,False,False,False,False,False,False,0.05,-0.015,True,False,LOW
30.349,,1.04,-171.18,-2.29,1.19,0.28,0.31,False,False,False,False,False,False,0.018,-0.007,True,False,LOW
30.371,,0.98,-171.28,-2.27,1.17,0.28,0.31,False,False,False,False,False,False,0.019,-0.008,True,False,LOW
30.544,,0.87,-171.46,-2.28,1.04,0.19,0.3,False,False,False,False,False,False,0.018,-0.009,True,False,LOW
30.568,,1.0,-171.2,-2.26,1.05,0.21,0.31,False,False,False,False,False,False,0.023,-0.008,True,False,LOW
30.747,,0.84,-171.29,-2.26,0.97,0.24,0.31,False,False,False,False,False,False,0.024,-0.009,True,False,LOW
30.776,,1.02,-171.13,-2.21,0.99,0.27,0.32,False,False,False,False,False,False,0.022,-0.01,True,False,LOW
30.942,,0.78,-171.33,-2.21,0.91,0.25,0.35,False,False,False,False,False,False,0.022,-0.009,True,False,LOW
30.966,,0.66,-171.33,-2.22,0.89,0.25,0.35,False,False,False,False,False,False,0.019,-0.006,True,False,LOW
31.146,,1.06,-170.97,-2.24,1.01,0.43,0.34,False,False,False,False,False,False,0.021,-0.011,True,False,LOW
31.169,,1.21,-171.84,-2.16,1.04,0.34,0.35,False,False,False,False,False,False,0.023,-0.008,True,False,LOW
31.344,,1.14,-171.28,-2.19,1.13,0.31,0.37,False,False,False,False,False,False,-0.005,0.009,True,False,LOW
31.367,,1.24,-170.88,-2.24,1.15,0.36,0.37,False,False,False,False,False,False,0.006,-0.011,True,False,LOW
31.549,,0.92,-170.96,-2.32,1.06,0.49,0.31,False,False,False,False,False,False,0.008,-0.011,True,False,LOW
31.573,,1.2,-171.05,-2.26,1.08,0.49,0.31,False,False,False,False,False,False,0.014,-0.014,True,False,LOW
31.74,,1.06,-171.64,-2.19,1.1,0.2,0.35,False,False,False,False,False,False,0.012,-0.009,True,False,LOW
31.763,,0.83,-171.16,-2.2,1.08,0.22,0.36,False,False,False,False,False,False,0.012,-0.01,True,False,LOW
31.946,,1.28,-170.31,-2.26,1.22,0.78,0.34,False,False,False,False,False,False,0.013,-0.012,True,False,LOW
31.968,,1.41,-171.34,-2.13,1.25,0.71,0.35,False,False,False,False,False,False,0.018,-0.008,True,False,LOW
32.142,,1.01,-171.44,-2.13,1.16,0.4,0.4,False,False,False,False,False,False,0.009,-0.009,True,False,LOW
32.166,,1.1,-171.31,-2.09,1.16,0.38,0.41,False,False,False,False,False,False,0.012,-0.003,True,False,LOW
32.345,,1.19,-171.55,-1.99,1.21,0.18,0.51,False,False,False,False,False,False,0.032,-0.012,True,False,LOW
32.368,,1.15,-171.01,-2.04,1.21,0.23,0.51,False,False,False,False,False,False,0.029,-0.01,True,False,LOW
32.542,,1.15,-170.6,-2.13,1.21,0.61,0.48,False,False,False,False,False,False,0.014,-0.005,True,False,LOW
32.565,,1.12,-170.69,-2.12,1.2,0.65,0.48,False,False,False,False,False,False,0.012,-0.004,True,False,LOW
32.768,,1.26,-170.22,-2.22,1.27,1.04,0.41,False,False,False,False,False,False,0.031,0.053,False,False,LOW
32.794,,1.2,-171.08,-2.32,1.27,0.96,0.39,False,False,False,False,False,False,-0.002,-0.005,True,False,LOW
32.94,,0.95,-171.25,-2.24,1.14,0.65,0.37,False,False,False,False,False,False,0.011,-0.016,True,False,LOW
32.962,,0.48,-171.15,-2.04,1.07,0.62,0.39,False,False,False,False,False,False,0.014,-0.009,True,False,LOW
33.147,,0.62,-170.97,-2.09,0.86,0.6,0.44,False,False,False,False,False,False,0.008,-0.007,True,False,LOW
33.169,,0.95,-171.56,-2.05,0.88,0.53,0.45,False,False,False,False,False,False,0.015,-0.006,True,False,LOW
33.34,,1.03,-170.6,-2.16,0.99,0.75,0.44,False,False,False,False,False,False,0.01,-0.005,True,False,LOW
33.363,,0.99,-170.71,-2.17,1.0,0.76,0.43,False,False,False,False,False,False,0.01,-0.004,True,False,LOW
33.55,,1.14,-170.94,-2.03,1.11,0.69,0.5,False,False,False,False,False,False,0.034,-0.009,True,False,LOW
33.578,,1.1,-170.57,-2.05,1.11,0.73,0.5,False,False,False,False,False,False,0.035,-0.01,True,False,LOW
33.741,,1.11,-170.82,-2.09,1.14,0.74,0.5,False,False,False,False,False,False,0.04,-0.011,True,False,LOW
33.764,,1.42,-170.69,-2.04,1.19,0.75,0.5,False,False,False,False,False,False,0.04,-0.015,True,False,LOW
33.948,,1.2,-170.95,-1.99,1.23,0.68,0.55,False,False,False,False,False,False,0.044,-0.011,True,False,LOW
33.971,,1.17,-170.84,-2.04,1.23,0.68,0.55,False,False,False,False,False,False,0.046,-0.012,True,False,LOW
34.141,,1.35,-170.83,-2.05,1.32,0.71,0.54,False,False,False,False,False,False,0.045,-0.011,True,False,LOW
34.163,,1.37,-170.72,-2.17,1.33,0.72,0.52,False,False,False,False,False,False,0.046,-0.01,True,False,LOW
34.346,,1.53,-170.71,-2.02,1.47,0.79,0.54,False,False,False,False,False,False,0.044,-0.013,True,False,LOW
34.369,,1.68,-171.17,-1.97,1.51,0.74,0.55,False,False,False,False,False,False,0.046,-0.013,True,False,LOW
34.541,,1.34,-170.72,-2.05,1.45,0.79,0.54,False,False,False,False,False,False,0.045,-0.011,True,False,LOW
34.564,,1.61,-170.98,-2.06,1.48,0.77,0.54,False,False,False,False,False,False,0.044,-0.016,True,False,LOW
34.746,,1.66,-170.99,-1.97,1.61,0.66,0.58,False,False,False,False,False,False,0.046,-0.015,True,False,LOW
34.768,,1.61,-170.99,-1.96,1.62,0.65,0.58,False,False,False,False,False,False,0.048,-0.014,True,False,LOW
34.945,,1.49,-171.02,-1.93,1.58,0.59,0.62,False,False,False,False,False,False,0.047,-0.015,True,False,LOW
34.97,,1.62,-171.03,-1.96,1.59,0.58,0.62,False,False,False,False,False,False,0.045,-0.016,True,False,LOW
35.146,,2.23,-170.61,-1.88,1.96,0.78,0.66,False,False,False,False,False,False,0.052,-0.015,True,False,LOW
35.169,,1.9,-170.83,-1.82,1.96,0.77,0.67,False,False,False,False,False,False,0.049,-0.016,True,False,LOW
35.343,,1.65,-170.79,-1.9,1.83,0.77,0.68,False,False,False,False,False,False,0.051,-0.014,True,False,LOW
35.367,,1.26,-170.82,-1.91,1.76,0.77,0.68,False,False,False,False,False,False,0.041,-0.008,True,False,LOW
35.546,,1.89,-170.46,-2.1,1.86,0.94,0.57,False,False,False,False,False,False,0.002,-0.003,True,False,LOW
35.568,,1.41,-171.14,-2.04,1.81,0.88,0.57,False,False,False,False,False,False,0.004,-0.002,True,False,LOW
35.742,,1.3,-170.86,-2.11,1.58,0.79,0.52,False,False,False,False,False,False,0.006,-0.002,True,False,LOW
35.765,,1.36,-170.36,-2.03,1.55,0.84,0.52,False,False,False,False,False,False,0.035,-0.01,True,False,LOW
35.948,,1.34,-170.56,-2.11,1.47,0.93,0.49,False,False,False,False,False,False,0.04,-0.01,True,False,LOW
35.971,,1.19,-170.65,-2.18,1.44,0.92,0.48,False,False,False,False,False,False,0.046,-0.017,True,False,LOW
36.144,,1.5,-170.35,-2.06,1.5,1.07,0.5,False,False,False,False,False,False,0.045,-0.014,True,False,LOW
36.167,,1.12,-170.63,-2.08,1.46,1.06,0.5,False,False,False,False,False,False,0.028,-0.0,True,False,LOW
36.331,,1.37,-171.78,-2.17,1.45,0.4,0.46,False,False,False,False,False,False,-0.006,0.018,True,False,LOW
36.361,,1.22,-171.28,-1.96,1.42,0.38,0.48,False,False,False,False,False,False,0.011,-0.015,True,False,LOW
36.541,,1.04,-171.52,-2.03,1.25,0.2,0.52,False,False,False,False,False,False,0.012,-0.013,True,False,LOW
36.565,,1.23,-171.14,-2.1,1.25,0.23,0.51,False,False,False,False,False,False,0.007,-0.007,True,False,LOW
36.734,,1.51,-171.01,-2.04,1.42,0.39,0.53,False,False,False,False,False,False,0.009,-0.007,True,False,LOW
36.763,,1.44,-171.18,-2.07,1.43,0.39,0.52,False,False,False,False,False,False,0.01,-0.007,True,False,LOW
36.949,,1.26,-171.24,-2.21,1.37,0.35,0.44,False,False,False,False,False,False,0.01,-0.009,True,False,LOW
36.973,,1.66,-171.1,-2.12,1.42,0.37,0.44,False,False,False,False,False,False,0.012,-0.005,True,False,LOW
37.142,,1.06,-171.13,-2.17,1.26,0.4,0.43,False,False,False,False,False,False,0.012,-0.008,True,False,LOW
37.167,,1.38,-171.15,-2.14,1.29,0.4,0.43,False,False,False,False,False,False,0.011,-0.007,True,False,LOW
37.352,,1.28,-171.16,-2.14,1.32,0.4,0.43,False,False,False,False,False,False,0.02,-0.005,True,False,LOW
37.377,,0.99,-170.83,-2.05,1.28,0.45,0.45,False,False,False,False,False,False,0.03,-0.013,True,False,LOW
37.545,,0.89,-170.84,-2.08,1.11,0.59,0.47,False,False,False,False,False,False,0.015,-0.006,True,False,LOW
37.567,,1.31,-170.95,-2.04,1.14,0.59,0.48,False,False,False,False,False,False,0.006,-0.003,True,False,LOW
37.753,,0.73,-170.88,-2.14,0.95,0.64,0.46,False,False,False,False,False,False,0.004,-0.002,True,False,LOW
37.776,,1.47,-170.72,-2.06,1.03,0.66,0.47,False,False,False,False,False,False,0.007,-0.002,True,False,LOW
37.933,,1.18,-170.91,-1.92,1.13,0.66,0.56,False,False,False,False,False,False,0.006,-0.001,True,False,LOW
37.961,,0.94,-170.59,-2.01,1.11,0.71,0.56,False,False,False,False,False,False,0.004,-0.003,True,False,LOW
38.14,,0.7,-171.26,-2.15,0.93,0.49,0.49,False,False,False,False,False,False,0.005,0.0,True,False,LOW
38.163,,0.92,-171.03,-2.06,0.93,0.5,0.5,False,False,False,False,False,False,0.005,-0.001,True,False,LOW
38.334,,0.53,-171.11,-2.05,0.75,0.47,0.51,False,False,False,False,False,False,0.006,-0.002,True,False,LOW
38.363,,0.24,-171.13,-1.96,0.68,0.47,0.53,False,False,False,False,False,False,0.017,-0.005,True,False,LOW
38.541,,0.47,-171.28,-1.97,0.6,0.37,0.57,False,False,False,False,False,False,0.021,-0.009,True,False,LOW
38.564,,0.9,-171.28,-1.89,0.65,0.36,0.59,False,False,False,False,False,False,0.028,-0.004,True,False,LOW
38.73,,0.49,-171.4,-1.89,0.6,0.26,0.64,False,False,False,False,False,False,0.031,-0.008,True,False,LOW
38.762,,0.36,-171.63,-1.93,0.57,0.2,0.64,False,False,False,False,False,False,0.03,-0.008,True,False,LOW
38.942,,0.08,-171.93,-1.98,0.34,-0.11,0.62,False,False,False,False,False,False,0.025,-0.007,True,False,LOW
38.965,,0.55,-171.64,-1.98,0.37,-0.1,0.62,False,False,False,False,False,False,0.024,-0.008,True,False,LOW
39.133,,0.55,-171.47,-2.0,0.5,-0.0,0.6,False,False,False,False,False,False,0.024,-0.009,True,False,LOW
39.161,,0.48,-171.81,-2.04,0.5,-0.04,0.59,False,False,False,False,False,False,0.025,-0.008,True,False,LOW
39.342,,1.03,-171.42,-1.91,0.82,0.06,0.63,False,False,False,False,False,False,0.024,-0.009,True,False,LOW
39.365,,0.79,-171.56,-1.99,0.82,0.05,0.63,False,False,False,False,False,False,0.017,-0.006,True,False,LOW
39.532,,1.1,-170.96,-2.02,1.0,0.33,0.59,False,False,False,False,False,False,-0.001,-0.004,True,False,LOW
39.562,,1.08,-171.42,-2.0,1.02,0.3,0.59,False,False,False,False,False,False,0.002,0.003,True,False,LOW
39.739,,1.16,-171.12,-1.92,1.13,0.37,0.63,False,False,False,False,False,False,0.003,0.003,True,False,LOW
39.762,,1.2,-171.16,-1.75,1.14,0.38,0.65,False,False,False,False,False,False,0.018,0.001,True,False,LOW
39.931,,1.23,-170.94,-1.85,1.22,0.5,0.69,False,False,False,False,False,False,0.024,-0.004,True,False,LOW
39.962,,0.51,-171.21,-1.82,1.11,0.48,0.7,False,False,False,False,False,False,0.023,-0.008,True,False,LOW
40.142,,1.26,-171.78,-1.94,1.22,0.1,0.67,False,False,False,False,False,False,0.031,0.053,False,False,LOW
40.164,,0.84,-170.77,-1.99,1.18,0.19,0.66,False,False,False,False,False,False,-0.0,0.006,True,False,LOW
40.333,,1.15,-171.22,-1.9,1.2,0.27,0.67,False,False,False,False,False,False,0.024,-0.005,True,False,LOW
40.362,,1.05,-171.63,-1.78,1.18,0.21,0.69,False,False,False,False,False,False,0.022,-0.003,True,False,LOW
40.545,,0.76,-171.35,-1.74,0.99,0.21,0.77,False,False,False,False,False,False,0.021,-0.003,True,False,LOW
40.57,,0.99,-171.03,-1.79,1.0,0.26,0.77,False,False,False,False,False,False,0.019,-0.003,True,False,LOW
40.732,,0.77,-171.23,-1.81,0.91,0.29,0.77,False,False,False,False,False,False,0.021,-0.002,True,False,LOW
40.761,,0.68,-171.51,-2.02,0.88,0.25,0.74,False,False,False,False,False,False,0.004,0.005,True,False,LOW
40.938,,0.24,-171.06,-2.12,0.57,0.38,0.59,False,False,False,False,False,False,-0.002,0.003,True,False,LOW
40.962,,0.37,-171.63,-1.99,0.55,0.32,0.59,False,False,False,False,False,False,-0.0,0.0,True,False,LOW
41.131,,0.64,-171.76,-1.95,0.63,0.05,0.61,False,False,False,False,False,False,0.015,-0.002,True,False,LOW
41.161,,0.55,-171.04,-2.02,0.63,0.13,0.6,False,False,False,False,False,False,0.012,-0.001,True,False,LOW
41.339,,0.77,-171.17,-2.04,0.73,0.27,0.57,False,False,False,False,False,False,0.001,0.002,True,False,LOW
41.363,,0.92,-171.23,-2.01,0.77,0.27,0.57,False,False,False,False,False,False,0.004,-0.0,True,False,LOW
41.531,,0.64,-170.7,-2.05,0.73,0.58,0.55,False,False,False,False,False,False,0.002,0.002,True,False,LOW
41.561,,0.54,-171.36,-2.1,0.71,0.52,0.54,False,False,False,False,False,False,0.005,0.002,True,False,LOW
41.748,,0.76,-171.61,-1.99,0.77,0.21,0.57,False,False,False,False,False,False,0.005,0.0,True,False,LOW
41.776,,0.58,-171.62,-2.07,0.75,0.17,0.56,False,False,False,False,False,False,0.005,0.001,True,False,LOW
41.93,,0.49,-171.74,-2.04,0.65,-0.0,0.55,False,False,False,False,False,False,0.007,0.001,True,False,LOW
41.961,,0.49,-171.74,-2.1,0.63,-0.03,0.54,False,False,False,False,False,False,0.006,0.001,True,False,LOW
42.142,,0.8,-171.75,-2.1,0.75,-0.12,0.51,False,False,False,False,False,False,0.006,-0.001,True,False,LOW
42.164,,0.77,-171.6,-2.0,0.76,-0.11,0.52,False,False,False,False,False,False,0.027,-0.006,True,False,LOW
42.331,,0.95,-171.2,-1.92,0.89,0.13,0.59,False,False,False,False,False,False,0.029,-0.005,True,False,LOW
42.362,,0.72,-171.24,-1.91,0.87,0.16,0.6,False,False,False,False,False,False,0.028,-0.002,True,False,LOW
42.542,,0.91,-171.49,-1.96,0.92,0.11,0.61,False,False,False,False,False,False,0.024,-0.004,True,False,LOW
42.566,,0.77,-171.5,-1.97,0.91,0.11,0.61,False,False,False,False,False,False,0.025,-0.008,True,False,LOW
42.731,,0.67,-171.76,-1.97,0.82,-0.05,0.61,False,False,False,False,False,False,0.024,-0.008,True,False,LOW
42.762,,0.65,-171.87,-1.99,0.8,-0.09,0.61,False,False,False,False,False,False,0.024,-0.009,True,False,LOW
42.941,,0.55,-171.79,-2.02,0.7,-0.17,0.58,False,False,False,False,False,False,0.024,-0.008,True,False,LOW
42.964,,0.66,-171.85,-2.03,0.7,-0.18,0.58,False,False,False,False,False,False,0.02,-0.007,True,False,LOW
43.13,,0.43,-171.35,-2.16,0.59,0.02,0.5,False,False,False,False,False,False,0.002,-0.001,True,False,LOW
43.161,,0.88,-171.63,-2.08,0.65,0.0,0.5,False,False,False,False,False,False,0.001,0.0,True,False,LOW
43.343,,1.01,-171.49,-2.14,0.88,0.04,0.47,False,False,False,False,False,False,0.004,0.002,True,False,LOW
43.365,,0.67,-171.51,-1.98,0.86,0.04,0.48,False,False,False,False,False,False,0.019,-0.002,True,False,LOW
43.532,,0.9,-171.35,-1.99,0.91,0.13,0.54,False,False,False,False,False,False,0.023,-0.006,True,False,LOW
43.561,,0.69,-171.52,-1.98,0.89,0.11,0.55,False,False,False,False,False,False,0.025,-0.009,True,False,LOW
43.739,,1.12,-171.89,-1.93,1.04,-0.12,0.6,False,False,False,False,False,False,0.023,-0.008,True,False,LOW
43.763,,0.91,-171.76,-1.97,1.03,-0.13,0.6,False,False,False,False,False,False,0.025,-0.009,True,False,LOW
43.935,,1.27,-171.72,-1.98,1.19,-0.15,0.6,False,False,False,False,False,False,0.026,-0.006,True,False,LOW
43.962,,0.75,-171.81,-1.84,1.13,-0.16,0.62,False,False,False,False,False,False,0.022,-0.008,True,False,LOW
44.142,,1.0,-171.33,-1.79,1.09,0.05,0.71,False,False,False,False,False,False,0.021,-0.008,True,False,LOW
44.165,,0.58,-171.37,-1.79,1.04,0.06,0.72,False,False,False,False,False,False,0.022,-0.004,True,False,LOW
44.329,,0.89,-171.93,-1.84,0.99,-0.16,0.73,False,False,False,False,False,False,0.022,-0.004,True,False,LOW
44.362,,0.72,-171.79,-1.94,0.95,-0.17,0.72,False,False,False,False,False,False,0.023,-0.004,True,False,LOW
44.543,,1.0,-171.97,-1.89,1.01,-0.3,0.7,False,False,False,False,False,False,0.026,-0.006,True,False,LOW
44.566,,0.82,-171.76,-1.85,0.99,-0.29,0.71,False,False,False,False,False,False,0.025,-0.005,True,False,LOW
44.738,,0.55,-172.03,-1.94,0.79,-0.38,0.67,False,False,False,False,False,False,0.025,-0.008,True,False,LOW
44.762,,0.82,-171.54,-1.88,0.8,-0.33,0.68,False,False,False,False,False,False,0.025,-0.007,True,False,LOW
44.953,,0.68,-171.99,-1.92,0.77,-0.38,0.67,False,False,False,False,False,False,0.024,-0.006,True,False,LOW
44.976,,0.73,-172.28,-1.92,0.77,-0.43,0.67,False,False,False,False,False,False,0.024,-0.007,True,False,LOW
45.149,,0.71,-172.15,-1.96,0.77,-0.51,0.64,False,False,False,False,False,False,0.025,-0.007,True,False,LOW
45.173,,0.46,-171.82,-1.94,0.74,-0.48,0.64,False,False,False,False,False,False,0.025,-0.006,True,False,LOW
45.352,,0.5,-171.75,-1.98,0.64,-0.33,0.62,False,False,False,False,False,False,0.025,-0.005,True,False,LOW
45.376,,0.41,-171.36,-1.98,0.62,-0.26,0.62,False,False,False,False,False,False,0.021,-0.004,True,False,LOW
45.545,,0.32,-171.67,-1.97,0.5,-0.18,0.61,False,False,False,False,False,False,0.04,-0.0,True,False,LOW
45.569,,-0.83,-171.48,-1.66,0.32,-0.14,0.65,False,False,False,False,True,True,0.101,0.028,True,False,LOW
45.746,,-1.28,-170.99,-1.66,-0.51,0.24,0.79,False,False,False,False,True,True,0.134,0.022,True,False,LOW
45.768,,-1.03,-170.17,-1.68,-0.57,0.38,0.81,False,False,False,False,True,True,0.141,0.017,True,False,LOW
45.936,,-1.53,-171.08,-1.62,-1.04,0.43,0.89,False,False,False,False,True,True,0.143,0.011,True,False,LOW
45.961,,-2.09,-170.82,-1.67,-1.19,0.48,0.89,False,False,False,False,True,True,0.141,0.014,True,False,LOW
46.142,,-2.53,-171.08,-1.56,-1.89,0.48,0.96,False,False,False,False,True,True,0.15,0.011,True,False,LOW
46.166,,-2.52,-171.19,-1.63,-1.97,0.46,0.96,False,False,False,False,True,True,0.151,0.011,True,False,LOW
46.448,,-3.07,-171.13,-1.56,-2.65,0.44,1.0,False,False,False,False,True,True,0.176,0.002,True,False,LOW
46.47,,-2.95,-170.97,-1.46,-2.68,0.46,1.01,False,False,False,False,True,True,0.18,-0.004,True,False,LOW
46.577,,-2.58,-171.03,-1.39,-2.61,0.49,1.08,False,False,False,False,True,True,0.174,-0.004,True,False,LOW
46.601,,-2.71,-171.51,-1.41,-2.62,0.43,1.1,False,False,False,False,True,True,0.168,-0.004,True,False,LOW
46.731,,-2.05,-171.01,-1.36,-2.33,0.48,1.15,False,False,False,False,True,True,0.164,-0.007,True,False,LOW
46.761,,-2.38,-170.62,-1.48,-2.33,0.56,1.14,False,False,False,False,True,True,0.166,-0.008,True,False,LOW
46.943,,-1.53,-170.83,-1.32,-1.87,0.65,1.21,False,False,False,False,True,True,0.169,-0.011,True,False,LOW
46.967,,-1.71,-170.64,-1.3,-1.84,0.69,1.22,False,False,False,False,True,True,0.163,-0.013,True,False,LOW
47.131,,-1.6,-170.65,-1.28,-1.69,0.8,1.26,False,False,False,False,True,True,0.162,-0.014,True,False,LOW
47.162,,-2.23,-170.94,-1.25,-1.76,0.77,1.27,False,False,False,False,True,True,0.161,-0.011,True,False,LOW
47.343,,-1.53,-170.95,-1.33,-1.61,0.69,1.26,False,False,False,False,True,True,0.138,-0.009,True,False,LOW
47.367,,-1.53,-171.33,-1.42,-1.59,0.62,1.25,False,False,False,False,False,False,0.1,-0.009,True,False,LOW
47.53,,-1.79,-171.19,-1.45,-1.66,0.49,1.19,False,False,False,False,True,True,0.126,-0.011,True,False,LOW
47.562,,-2.78,-170.63,-1.58,-1.84,0.57,1.16,False,False,False,False,True,True,0.197,-0.017,True,False,LOW
47.742,,-3.11,-170.67,-1.43,-2.5,0.74,1.15,False,False,False,False,True,True,0.204,-0.024,True,False,LOW
47.766,,-2.74,-170.41,-1.53,-2.52,0.79,1.14,False,False,False,False,True,True,0.191,-0.019,True,False,LOW
47.928,,-2.87,-170.38,-1.52,-2.67,0.99,1.1,False,False,False,False,True,True,0.189,-0.019,True,False,LOW
47.952,,-2.72,-170.77,-1.47,-2.67,0.96,1.1,False,False,False,False,True,True,0.188,-0.018,True,False,LOW
48.14,,-2.36,-170.87,-1.77,-2.47,0.82,0.94,False,False,False,False,True,True,0.103,-0.019,True,False,LOW
48.163,,-3.51,-171.39,-1.7,-2.6,0.73,0.93,False,False,False,False,False,False,0.094,-0.012,True,False,LOW
48.332,,-3.57,-171.33,-1.77,-3.08,0.47,0.87,False,False,False,False,False,False,0.092,-0.01,True,False,LOW
48.356,,-4.02,-170.83,-1.75,-3.2,0.51,0.86,False,False,False,False,True,True,0.176,-0.018,True,False,LOW
48.543,,-4.12,-171.11,-1.74,-3.67,0.48,0.85,False,False,False,False,True,True,0.174,-0.018,True,False,LOW
48.566,,-4.08,-171.51,-1.6,-3.72,0.42,0.87,False,False,False,False,True,True,0.171,-0.018,True,False,LOW
48.73,,-3.54,-171.54,-1.45,-3.6,0.22,1.0,False,False,False,False,True,True,0.169,-0.019,True,False,MODERATE
48.753,,-3.44,-172.09,-1.36,-3.57,0.12,1.03,False,False,False,False,True,True,0.162,-0.017,True,False,MODERATE
48.94,,-3.62,-172.3,-1.38,-3.56,-0.35,1.12,False,False,False,False,True,True,0.165,-0.017,True,False,MODERATE
48.963,,-3.48,-171.65,-1.49,-3.55,-0.32,1.12,False,False,False,False,True,True,0.165,-0.014,True,False,MODERATE
49.13,,-3.81,-172.03,-1.35,-3.65,-0.4,1.18,False,False,False,False,True,True,0.169,-0.018,True,False,MODERATE
49.153,,-3.58,-171.92,-1.37,-3.63,-0.39,1.18,False,False,False,False,True,True,0.169,-0.015,True,False,MODERATE
49.338,,-3.44,-172.28,-1.35,-3.5,-0.57,1.21,False,False,False,False,True,True,0.164,-0.018,True,False,MODERATE
49.362,,-3.6,-171.91,-1.42,-3.5,-0.54,1.2,False,False,False,False,True,True,0.164,-0.017,True,False,MODERATE
49.532,,-2.82,-170.52,-2.03,-3.12,0.29,0.86,False,False,False,False,False,False,0.036,-0.011,True,False,MODERATE
50.49,,-1.87,-171.3,-2.06,-1.99,0.26,0.57,False,False,False,False,False,False,0.007,-0.013,True,False,MODERATE
50.639,,-1.46,-170.85,-1.91,-1.7,0.48,0.62,False,False,False,False,False,False,0.01,-0.016,True,False,MODERATE
50.664,,-2.03,-171.05,-1.69,-1.74,0.49,0.66,False,False,False,False,False,False,0.063,-0.008,True,False,MODERATE
50.838,,-1.92,-171.27,-1.8,-1.8,0.38,0.72,False,False,False,False,False,False,0.066,-0.008,True,False,MODERATE
50.865,,-2.01,-170.92,-1.82,-1.82,0.42,0.73,False,False,False,False,False,False,0.066,-0.007,True,False,MODERATE
51.05,,-2.27,-171.72,-1.8,-2.03,0.11,0.76,False,False,False,False,False,False,0.064,-0.007,True,False,MODERATE
51.077,,-1.68,-170.41,-2.13,-1.97,0.26,0.71,False,False,False,False,False,False,0.009,-0.01,True,False,MODERATE
51.236,,-1.79,-170.65,-2.04,-1.85,0.59,0.63,False,False,False,False,False,False,0.01,-0.013,True,False,MODERATE
51.264,,-1.63,-171.25,-1.84,-1.81,0.55,0.64,False,False,False,False,False,False,0.031,0.02,True,False,MODERATE
51.47,,-2.11,-170.39,-1.75,-1.95,0.9,0.75,False,False,False,False,False,False,0.057,-0.007,True,False,MODERATE
51.498,,-1.67,-170.66,-1.84,-1.89,0.9,0.75,False,False,False,False,False,False,0.047,-0.012,True,False,MODERATE
51.635,,-1.07,-170.69,-1.93,-1.48,0.89,0.7,False,False,False,False,False,False,-0.002,-0.011,True,False,MODERATE
51.662,,-1.34,-170.71,-2.02,-1.45,0.88,0.68,False,False,False,False,False,False,0.002,-0.008,True,False,MODERATE
51.871,,-1.75,-170.71,-1.91,-1.59,0.86,0.67,False,False,False,False,False,False,-0.001,-0.013,True,False,MODERATE
51.898,,-1.88,-171.85,-1.98,-1.62,0.69,0.66,False,False,False,False,False,False,0.003,-0.009,True,False,MODERATE
52.039,,-1.47,-171.72,-2.0,-1.52,0.28,0.62,False,False,False,False,False,False,0.002,-0.012,True,False,MODERATE
52.065,,-1.58,-171.54,-2.03,-1.52,0.24,0.61,False,False,False,False,False,False,0.001,-0.011,True,False,MODERATE
52.247,,-1.71,-171.53,-2.0,-1.59,0.13,0.6,False,False,False,False,False,False,0.011,-0.01,True,False,MODERATE
52.273,,-1.78,-171.5,-1.95,-1.61,0.12,0.6,False,False,False,False,False,False,0.011,-0.009,True,False,MODERATE
52.43,,-2.31,-171.74,-1.86,-1.93,-0.03,0.66,False,False,False,False,False,False,0.057,-0.005,True,False,MODERATE
52.458,,-2.43,-172.18,-1.77,-2.0,-0.12,0.68,False,False,False,False,False,False,0.059,-0.009,True,False,MODERATE
52.638,,-1.92,-171.99,-1.93,-1.92,-0.29,0.67,False,False,False,False,False,False,0.051,-0.012,True,False,LOW
52.662,,-1.82,-171.77,-1.94,-1.9,-0.28,0.66,False,False,False,False,False,False,0.006,-0.01,True,False,LOW
52.84,,-1.73,-171.65,-2.0,-1.78,-0.18,0.62,False,False,False,False,False,False,0.004,-0.01,True,False,LOW
52.864,,-1.46,-171.56,-1.98,-1.73,-0.15,0.62,False,False,False,False,False,False,0.004,-0.011,True,False,LOW
53.046,,-1.77,-171.46,-2.05,-1.72,-0.02,0.57,False,False,False,False,False,False,0.001,-0.01,True,False,LOW
53.07,,-1.73,-171.79,-2.02,-1.71,-0.05,0.57,False,False,False,False,False,False,0.004,-0.008,True,False,LOW
53.235,,-1.93,-171.76,-1.89,-1.79,-0.12,0.63,False,False,False,False,False,False,0.016,-0.008,True,False,LOW
53.257,,-2.21,-171.82,-1.76,-1.84,-0.14,0.65,False,False,False,False,False,False,0.059,-0.005,True,False,LOW
53.446,,-2.05,-172.46,-1.79,-1.92,-0.56,0.73,False,False,False,False,False,False,0.059,-0.01,True,False,LOW
53.469,,-2.15,-172.72,-1.69,-1.94,-0.63,0.75,False,False,False,False,False,False,0.064,-0.008,True,False,LOW
53.646,,-2.01,-172.61,-1.7,-1.95,-0.86,0.82,False,False,False,False,False,False,0.064,-0.01,True,False,LOW
53.67,,-2.09,-172.53,-1.75,-1.96,-0.87,0.82,False,False,False,False,False,False,0.066,-0.007,True,False,LOW
53.836,,-2.14,-172.1,-1.78,-2.02,-0.7,0.81,False,False,False,False,False,False,0.058,-0.007,True,False,LOW
53.859,,-1.9,-171.67,-1.86,-2.0,-0.63,0.8,False,False,False,False,False,False,0.057,-0.009,True,False,LOW
54.037,,-2.22,-172.29,-1.84,-2.08,-0.68,0.77,False,False,False,False,False,False,0.065,-0.006,True,False,LOW
54.063,,-1.78,-172.11,-1.71,-2.03,-0.66,0.78,False,False,False,False,False,False,0.066,-0.007,True,False,LOW
54.238,,-2.35,-172.01,-1.74,-2.17,-0.55,0.81,False,False,False,False,False,False,0.035,0.002,True,False,LOW
54.26,,-2.16,-170.38,-1.79,-2.16,-0.33,0.81,False,False,False,False,False,False,0.056,-0.004,True,False,LOW
54.428,,-2.19,-170.55,-1.96,-2.14,0.38,0.71,False,False,False,False,False,False,0.054,-0.004,True,False,LOW
54.457,,-2.19,-171.64,-1.83,-2.14,0.31,0.72,False,False,False,False,False,False,0.066,-0.007,True,False,LOW
54.637,,-2.37,-171.9,-1.82,-2.23,-0.04,0.74,False,False,False,False,False,False,0.066,-0.009,True,False,LOW
54.662,,-2.1,-171.86,-1.75,-2.21,-0.07,0.75,False,False,False,False,False,False,0.073,-0.009,True,False,LOW
54.829,,-1.6,-171.58,-1.75,-1.86,-0.05,0.79,False,False,False,False,False,False,0.077,-0.009,True,False,LOW
54.859,,-1.74,-172.29,-1.65,-1.83,-0.15,0.81,False,False,False,False,False,False,0.08,-0.007,True,False,LOW
55.039,,-1.34,-171.48,-1.67,-1.54,-0.03,0.87,False,False,False,False,False,False,0.074,-0.008,True,False,LOW
55.062,,-1.27,-170.96,-1.81,-1.49,0.05,0.85,False,False,False,False,False,False,0.061,-0.011,True,False,LOW
55.231,,-1.78,-171.29,-1.89,-1.61,0.16,0.77,False,False,False,False,False,False,0.061,-0.012,True,False,LOW
55.26,,-2.04,-171.73,-1.88,-1.67,0.11,0.76,False,False,False,False,False,False,0.061,-0.006,True,False,LOW
55.438,,-2.27,-171.75,-1.96,-1.96,-0.05,0.69,False,False,False,False,False,False,0.06,-0.005,True,False,LOW
55.462,,-2.22,-172.11,-1.88,-1.98,-0.12,0.69,False,False,False,False,False,False,0.057,-0.007,True,False,LOW
55.629,,-2.07,-172.16,-1.85,-2.0,-0.37,0.71,False,False,False,False,False,False,0.058,-0.007,True,False,LOW
55.657,,-2.0,-172.14,-1.79,-1.99,-0.4,0.72,False,False,False,False,False,False,0.06,-0.007,True,False,LOW
55.838,,-1.97,-172.84,-1.68,-1.95,-0.87,0.82,False,False,False,False,False,False,0.074,-0.006,True,False,LOW
55.862,,-2.37,-172.61,-1.82,-1.99,-0.9,0.81,False,False,False,False,False,False,0.076,-0.008,True,False,LOW
56.028,,-2.01,-172.39,-1.71,-1.97,-0.86,0.84,False,False,False,False,False,False,0.075,-0.007,True,False,LOW
56.057,,-1.84,-172.01,-1.8,-1.94,-0.8,0.83,False,False,False,False,False,False,0.072,-0.008,True,False,LOW
56.235,,-1.84,-171.77,-1.99,-1.86,-0.49,0.7,False,False,False,False,False,False,0.059,-0.006,True,False,LOW
56.258,,-2.35,-171.79,-1.83,-1.91,-0.45,0.71,False,False,False,False,False,False,0.04,-0.012,True,False,LOW
56.43,,-1.81,-171.24,-2.03,-1.83,-0.05,0.63,False,False,False,False,False,False,-0.003,-0.01,True,False,LOW
56.458,,-1.33,-171.21,-1.98,-1.74,0.01,0.62,False,False,False,False,False,False,-0.0,-0.014,True,False,LOW
56.638,,-1.7,-171.32,-1.99,-1.69,0.14,0.61,False,False,False,False,False,False,0.021,-0.009,True,False,LOW
56.661,,-2.25,-171.29,-1.95,-1.75,0.15,0.61,False,False,False,False,False,False,0.026,-0.011,True,False,LOW
56.828,,-2.25,-171.53,-1.9,-1.98,0.09,0.64,False,False,False,False,False,False,0.035,-0.011,True,False,LOW
56.859,,-2.11,-171.37,-1.81,-1.99,0.11,0.67,False,False,False,False,False,False,0.03,-0.012,True,False,LOW
57.035,,-1.7,-171.62,-1.8,-1.81,0.02,0.73,False,False,False,False,False,False,0.015,-0.006,True,False,LOW
57.059,,-1.56,-171.68,-1.92,-1.77,0.0,0.72,False,False,False,False,False,False,0.018,-0.01,True,False,LOW
57.226,,-1.38,-171.88,-1.76,-1.54,-0.16,0.77,False,False,False,False,False,False,0.056,-0.006,True,False,LOW
57.257,,-1.92,-172.26,-1.73,-1.59,-0.25,0.78,False,False,False,False,False,False,0.064,-0.005,True,False,LOW
57.438,,-1.84,-171.64,-1.76,-1.69,-0.16,0.8,False,False,False,False,False,False,0.064,-0.007,True,False,LOW
57.462,,-1.64,-171.96,-1.85,-1.68,-0.19,0.79,False,False,False,False,False,False,0.066,-0.009,True,False,LOW
57.632,,-1.56,-171.77,-1.76,-1.59,-0.2,0.81,False,False,False,False,False,False,0.066,-0.006,True,False,LOW
57.658,,-1.99,-172.06,-1.66,-1.63,-0.24,0.82,False,False,False,False,False,False,0.071,-0.006,True,False,LOW
57.835,,-2.09,-171.84,-1.68,-1.84,-0.26,0.86,False,False,False,False,False,False,0.07,-0.006,True,False,LOW
57.859,,-2.14,-172.0,-1.76,-1.88,-0.29,0.86,False,False,False,False,False,False,0.072,-0.006,True,False,LOW
58.03,,-1.82,-171.99,-1.81,-1.82,-0.36,0.81,False,False,False,False,False,False,0.067,-0.006,True,False,LOW
58.059,,-2.23,-172.27,-1.72,-1.87,-0.41,0.82,False,False,False,False,False,False,0.069,-0.004,True,False,LOW
58.238,,-1.93,-172.67,-1.64,-1.87,-0.79,0.88,False,False,False,False,False,False,0.073,-0.004,True,False,LOW
58.263,,-2.24,-171.95,-1.79,-1.91,-0.73,0.87,False,False,False,False,False,False,0.07,-0.006,True,False,LOW
58.431,,-2.42,-172.12,-1.64,-2.14,-0.64,0.91,False,False,False,False,False,False,0.072,-0.004,True,False,LOW
58.456,,-2.06,-172.63,-1.7,-2.12,-0.7,0.9,False,False,False,False,False,False,0.07,-0.006,True,False,LOW
58.644,,-2.29,-172.46,-1.66,-2.18,-0.81,0.91,False,False,False,False,False,False,0.072,-0.006,True,False,LOW
58.669,,-2.32,-172.04,-1.8,-2.19,-0.76,0.89,False,False,False,False,False,False,0.047,-0.009,True,False,LOW
58.828,,-1.85,-171.96,-1.75,-1.99,-0.58,0.86,False,False,False,False,False,False,0.049,-0.011,True,False,LOW
58.853,,-2.06,-171.6,-1.78,-1.99,-0.51,0.85,False,False,False,False,False,False,0.048,-0.007,True,False,LOW
59.036,,-1.87,-171.78,-1.83,-1.89,-0.35,0.8,False,False,False,False,False,False,0.021,-0.004,True,False,LOW
59.06,,-2.1,-171.5,-1.92,-1.91,-0.3,0.78,False,False,False,False,False,False,0.02,-0.005,True,False,LOW
59.228,,-1.9,-171.72,-1.93,-1.88,-0.23,0.71,False,False,False,False,False,False,0.024,-0.008,True,False,LOW
59.253,,-2.0,-171.9,-1.99,-1.88,-0.24,0.7,False,False,False,False,False,False,0.022,-0.009,True,False,LOW
59.436,,-1.97,-172.18,-1.94,-1.9,-0.44,0.67,False,False,False,False,False,False,0.022,-0.006,True,False,LOW
59.459,,-2.14,-172.13,-1.95,-1.92,-0.46,0.66,False,False,False,False,False,False,0.02,-0.008,True,False,LOW
59.627,,-2.16,-172.21,-1.94,-2.01,-0.56,0.65,False,False,False,False,False,False,0.023,-0.009,True,False,LOW
59.65,,-2.1,-172.56,-1.98,-2.02,-0.61,0.64,False,False,False,False,False,False,0.023,-0.008,True,False,LOW
59.842,,-2.02,-172.59,-1.94,-1.99,-0.84,0.64,False,False,False,False,False,False,0.024,-0.008,True,False,LOW
59.865,,-1.74,-172.34,-1.99,-1.95,-0.83,0.64,False,False,False,False,False,False,0.028,-0.007,True,False,LOW
60.027,,-1.76,-172.47,-1.95,-1.82,-0.87,0.63,False,False,False,False,False,False,0.025,-0.008,True,False,LOW
60.051,,-1.83,-172.37,-1.89,-1.81,-0.86,0.64,False,False,False,False,False,False,0.022,-0.009,True,False,LOW
60.235,,-1.77,-172.39,-1.86,-1.76,-0.85,0.68,False,False,False,False,False,False,0.025,-0.008,True,False,LOW
60.259,,-2.08,-172.36,-1.87,-1.79,-0.84,0.69,False,False,False,False,False,False,0.024,-0.007,True,False,LOW
60.429,,-1.63,-171.37,-1.88,-1.68,-0.3,0.69,False,False,False,False,False,False,0.025,-0.008,True,False,LOW
60.453,,-2.1,-171.92,-1.66,-1.73,-0.31,0.72,False,False,False,False,False,False,0.057,-0.006,True,False,LOW
60.637,,-2.43,-171.94,-1.75,-2.07,-0.35,0.78,False,False,False,False,False,False,0.054,-0.006,True,False,LOW
60.663,,-2.45,-171.16,-1.76,-2.12,-0.24,0.79,False,False,False,False,False,False,0.058,-0.001,True,False,LOW
60.845,,-2.17,-171.18,-1.68,-2.11,0.1,0.85,False,False,False,False,False,False,0.056,-0.009,True,False,LOW
60.872,,-2.19,-171.83,-1.74,-2.12,0.04,0.85,False,False,False,False,False,False,0.053,-0.006,True,False,LOW
61.049,,-2.35,-171.99,-1.78,-2.21,-0.21,0.82,False,False,False,False,False,False,0.057,-0.006,True,False,LOW
61.072,,-1.86,-172.05,-1.79,-2.16,-0.24,0.82,False,False,False,False,False,False,0.014,-0.005,True,False,LOW
61.242,,-2.16,-172.08,-1.71,-2.13,-0.39,0.84,False,False,False,False,False,False,0.06,-0.006,True,False,LOW
61.265,,-2.16,-171.62,-1.7,-2.12,-0.35,0.85,False,False,False,False,False,False,0.06,-0.004,True,False,LOW
61.449,,-2.25,-171.49,-1.84,-2.16,-0.12,0.79,False,False,False,False,False,False,0.059,-0.004,True,False,LOW
61.471,,-1.79,-171.64,-1.86,-2.11,-0.12,0.78,False,False,False,False,False,False,0.054,-0.007,True,False,LOW
61.64,,-1.62,-171.6,-1.89,-1.82,-0.08,0.73,False,False,False,False,False,False,0.057,-0.008,True,False,LOW
61.666,,-1.49,-172.72,-1.79,-1.77,-0.23,0.74,False,False,False,False,False,False,0.027,-0.006,True,False,LOW
61.84,,-1.94,-171.77,-1.86,-1.83,-0.22,0.73,False,False,False,False,False,False,0.018,-0.005,True,False,LOW
61.864,,-2.36,-171.39,-2.02,-1.89,-0.17,0.71,False,False,False,False,False,False,0.017,-0.008,True,False,LOW
62.029,,-2.63,-172.03,-1.75,-2.24,-0.32,0.77,False,False,False,False,False,False,0.076,0.004,True,False,LOW
62.061,,-3.58,-170.76,-1.75,-2.46,-0.13,0.78,False,False,False,False,True,True,0.137,0.012,True,False,LOW
62.236,,-4.02,-170.07,-1.72,-3.27,0.74,0.82,False,False,False,False,True,True,0.153,0.017,True,False,LOW
62.259,,-4.83,-170.22,-1.66,-3.48,0.82,0.83,False,False,False,False,True,True,0.158,0.014,True,False,LOW
62.428,,-4.59,-169.74,-1.7,-4.04,1.35,0.86,False,False,False,False,True,True,0.158,0.017,True,False,LOW
62.451,,-4.97,-170.06,-1.77,-4.16,1.37,0.85,False,False,False,False,True,True,0.17,0.012,True,False,LOW
62.638,,-5.41,-170.2,-1.62,-4.82,1.36,0.91,False,False,False,False,True,True,0.118,0.003,True,False,LOW
62.662,,-5.62,-170.0,-1.55,-4.93,1.39,0.93,False,False,False,False,True,True,0.152,0.004,True,False,LOW
62.828,,-5.62,-170.03,-1.62,-5.26,1.46,0.94,False,False,False,False,True,True,0.178,0.008,True,False,LOW
62.852,,-5.85,-170.05,-1.82,-5.33,1.47,0.92,False,False,False,False,True,True,0.184,0.011,True,False,LOW
63.038,,-5.81,-169.78,-1.95,-5.56,1.64,0.76,False,False,False,False,True,True,0.191,0.012,True,False,LOW
63.063,,-5.5,-170.7,-1.73,-5.54,1.53,0.77,False,False,False,False,True,True,0.186,0.013,True,False,LOW
63.35,,-5.26,-170.09,-1.68,-5.32,1.49,0.86,False,False,False,False,True,True,0.184,0.009,True,False,LOW
63.372,,-5.75,-169.69,-1.55,-5.37,1.54,0.88,False,False,False,False,True,True,0.183,0.014,True,False,LOW
63.477,,-5.46,-169.75,-1.67,-5.38,1.65,0.89,False,False,False,False,True,True,0.186,0.015,True,False,LOW
63.5,,-5.16,-169.48,-1.73,-5.35,1.7,0.88,False,False,False,False,True,True,0.194,0.012,True,False,LOW
63.626,,-5.4,-169.75,-1.61,-5.34,1.75,0.92,False,False,False,False,True,True,0.175,0.01,True,False,LOW
63.649,,-5.2,-169.37,-1.68,-5.32,1.81,0.92,False,False,False,False,True,True,0.183,0.008,True,False,LOW
63.836,,-5.33,-170.11,-1.7,-5.29,1.61,0.9,False,False,False,False,True,True,0.177,0.008,True,False,LOW
63.86,,-4.85,-169.57,-1.81,-5.22,1.66,0.88,False,False,False,False,True,True,0.183,0.009,True,False,LOW
64.028,,-5.84,-170.41,-1.7,-5.51,1.4,0.88,False,False,False,False,True,True,0.166,0.013,True,False,LOW
64.051,,-5.49,-169.89,-1.67,-5.5,1.43,0.88,False,False,False,False,True,True,0.175,0.009,True,False,LOW
64.241,,-5.89,-170.22,-1.67,-5.68,1.38,0.9,False,False,False,False,True,True,0.165,0.009,True,False,LOW
64.264,,-5.35,-170.02,-1.67,-5.63,1.4,0.9,False,False,False,False,True,True,0.169,0.008,True,False,LOW
64.428,,-5.27,-170.26,-1.65,-5.42,1.35,0.92,False,False,False,False,True,True,0.17,0.009,True,False,LOW
64.451,,-4.75,-169.81,-1.62,-5.32,1.4,0.92,False,False,False,False,True,True,0.122,0.009,True,False,LOW
64.635,,-4.75,-170.03,-1.61,-4.98,1.47,0.95,False,False,False,False,True,True,0.121,0.008,True,False,LOW
64.659,,-4.8,-170.37,-1.57,-4.95,1.43,0.96,False,False,False,False,True,True,0.121,0.01,True,False,LOW
64.83,,-4.68,-170.26,-1.57,-4.78,1.36,0.98,False,False,False,False,True,True,0.136,0.009,True,False,MODERATE
64.854,,-4.95,-170.1,-1.52,-4.79,1.38,0.99,False,False,False,False,True,True,0.171,0.011,True,False,MODERATE
65.035,,-5.22,-170.1,-1.58,-4.99,1.42,1.0,False,False,False,False,True,True,0.169,0.011,True,False,MODERATE
65.058,,-5.44,-171.05,-1.58,-5.04,1.3,1.0,False,False,False,False,True,True,0.167,0.011,True,False,MODERATE
65.227,,-5.12,-170.26,-1.67,-5.05,1.3,0.95,False,False,False,False,True,True,0.172,0.008,True,False,MODERATE
65.251,,-5.47,-169.33,-1.71,-5.1,1.43,0.94,False,False,False,False,True,True,0.166,0.01,True,False,MODERATE
65.439,,-5.4,-169.72,-1.65,-5.23,1.65,0.94,False,False,False,False,True,True,0.168,0.011,True,False,MODERATE
65.462,,-5.38,-169.51,-1.64,-5.24,1.7,0.94,False,False,False,False,True,True,0.166,0.011,True,False,MODERATE
65.628,,-5.36,-169.51,-1.62,-5.27,1.88,0.95,False,False,False,False,True,True,0.163,0.012,True,False,MODERATE
65.804,,-5.0,-169.81,-1.62,-5.1,1.81,0.95,False,False,False,False,True,True,0.167,0.011,True,False,MODERATE
65.912,,-5.09,-170.05,-1.59,-5.07,1.69,0.97,False,False,False,False,True,True,0.17,0.009,True,False,MODERATE
65.935,,-5.17,-170.14,-1.68,-5.07,1.66,0.96,False,False,False,False,True,True,0.172,0.007,True,False,MODERATE
66.047,,-5.06,-170.4,-1.61,-5.04,1.45,0.96,False,False,False,False,True,True,0.121,0.006,True,False,MODERATE
66.069,,-4.9,-170.24,-1.57,-5.02,1.43,0.97,False,False,False,False,True,True,0.115,0.0,True,False,MODERATE
66.238,,-5.11,-170.35,-1.65,-5.03,1.32,0.95,False,False,False,False,True,True,0.114,0.001,True,False,MODERATE
66.263,,-5.0,-169.89,-1.62,-5.02,1.36,0.95,False,False,False,False,True,True,0.115,0.001,True,False,MODERATE
66.43,,-5.0,-170.1,-1.68,-4.98,1.41,0.92,False,False,False,False,True,True,0.119,-0.002,True,False,MODERATE
66.454,,-3.95,-168.35,-2.08,-4.83,1.66,0.87,False,False,False,False,False,False,0.01,-0.013,True,False,MODERATE
66.638,,-4.54,-168.11,-1.94,-4.64,2.65,0.75,False,False,False,False,False,False,0.013,-0.011,True,False,MODERATE
66.662,,-4.63,-168.38,-1.88,-4.63,2.72,0.74,False,False,False,False,False,False,0.003,-0.008,True,False,MODERATE
66.828,,-4.67,-168.51,-1.97,-4.62,2.89,0.67,False,False,False,False,False,False,0.0,-0.011,True,False,MODERATE
66.85,,-4.64,-168.85,-1.86,-4.62,2.87,0.68,False,False,False,False,False,False,0.001,-0.008,True,False,MODERATE
67.039,,-3.73,-168.58,-1.94,-4.1,2.93,0.66,False,False,False,False,False,False,0.002,-0.008,True,False,MODERATE
67.061,,-3.95,-168.4,-1.9,-4.07,2.96,0.66,False,False,False,False,False,False,0.011,-0.009,True,False,MODERATE
67.227,,-4.45,-168.57,-1.66,-4.23,2.98,0.79,False,False,False,False,False,False,0.064,-0.006,True,False,MODERATE
67.25,,-4.47,-169.1,-1.69,-4.26,2.91,0.81,False,False,False,False,False,False,0.062,-0.003,True,False,MODERATE
67.437,,-4.23,-169.14,-1.67,-4.21,2.64,0.86,False,False,False,False,False,False,0.062,-0.002,True,False,MODERATE
67.461,,-4.34,-168.99,-1.82,-4.22,2.63,0.85,False,False,False,False,False,False,0.025,-0.005,True,False,MODERATE
67.63,,-3.45,-168.5,-2.05,-3.79,2.85,0.68,False,False,False,False,False,False,-0.024,0.015,True,False,MODERATE
67.655,,-3.91,-169.21,-2.05,-3.8,2.79,0.66,False,False,False,False,False,False,-0.016,-0.001,True,False,MODERATE
67.838,,-4.61,-169.3,-2.06,-4.2,2.5,0.59,False,False,False,False,False,False,0.0,-0.008,True,False,MODERATE
67.862,,-4.33,-169.47,-1.94,-4.21,2.45,0.59,False,False,False,False,False,False,0.003,-0.007,True,False,MODERATE
68.028,,-4.11,-169.6,-1.9,-4.13,2.19,0.64,False,False,False,False,False,False,0.006,-0.009,True,False,MODERATE
68.051,,-4.43,-169.12,-1.67,-4.16,2.23,0.67,False,False,False,False,False,False,0.071,-0.001,True,False,MODERATE
68.238,,-4.07,-169.1,-1.68,-4.08,2.35,0.8,False,False,False,False,False,False,0.066,0.001,True,False,MODERATE
68.261,,-3.71,-169.24,-1.67,-4.02,2.35,0.81,False,False,False,False,False,False,0.064,0.001,True,False,MODERATE
68.428,,-3.59,-168.43,-2.01,-3.77,2.75,0.69,False,False,False,False,False,False,0.011,-0.008,True,False,MODERATE
68.451,,-3.72,-168.88,-1.82,-3.75,2.74,0.7,False,False,False,False,False,False,0.009,-0.008,True,False,MODERATE
68.638,,-3.33,-169.03,-1.84,-3.49,2.63,0.72,False,False,False,False,False,False,0.013,-0.01,True,False,MODERATE
68.663,,-2.55,-168.84,-1.75,-3.34,2.64,0.74,False,False,False,False,False,False,0.003,-0.01,True,False,MODERATE
68.841,,-2.34,-168.89,-1.87,-2.77,2.66,0.72,False,False,False,False,False,False,0.006,-0.014,True,False,MODERATE
68.865,,-0.99,-168.41,-1.94,-2.52,2.72,0.71,False,False,False,False,False,False,0.005,-0.011,True,False,MODERATE
69.032,,-2.1,-169.24,-2.02,-2.26,2.51,0.63,False,False,False,False,False,False,-0.001,-0.011,True,False,MODERATE
69.056,,-2.2,-169.92,-1.92,-2.25,2.4,0.64,False,False,False,False,False,False,0.004,-0.012,True,False,MODERATE
69.235,,-2.3,-169.67,-2.08,-2.24,2.13,0.56,False,False,False,False,False,False,0.003,-0.008,True,False,MODERATE
69.258,,-2.44,-170.08,-2.07,-2.26,2.04,0.56,False,False,False,False,False,False,0.006,-0.007,True,False,MODERATE
69.432,,-3.76,-170.26,-1.88,-3.02,1.65,0.63,False,False,False,False,False,False,0.021,-0.005,True,False,MODERATE
69.456,,-3.47,-170.61,-1.64,-3.07,1.55,0.67,False,False,False,False,False,False,0.016,-0.003,True,False,MODERATE
69.651,,-2.99,-171.18,-1.62,-2.99,0.89,0.83,False,False,False,False,False,False,0.023,-0.001,True,False,LOW
69.677,,-3.0,-170.81,-1.76,-2.99,0.87,0.83,False,False,False,False,False,False,0.018,-0.005,True,False,LOW
69.826,,-3.09,-171.21,-1.53,-3.01,0.61,0.94,False,False,False,False,False,False,0.057,-0.004,True,False,LOW
69.854,,-3.13,-170.91,-1.51,-3.02,0.62,0.96,False,False,False,False,False,False,0.046,-0.002,True,False,LOW
70.031,,-2.34,-170.57,-1.84,-2.63,0.82,0.84,False,False,False,False,False,False,0.002,-0.01,True,False,LOW
70.058,,-2.11,-170.18,-1.95,-2.54,0.9,0.81,False,False,False,False,False,False,0.006,-0.007,True,False,LOW
70.224,,-2.54,-170.68,-1.66,-2.51,0.89,0.87,False,False,False,False,False,False,0.064,0.001,True,False,LOW
70.249,,-2.77,-171.1,-1.62,-2.54,0.83,0.88,False,False,False,False,False,False,0.059,-0.001,True,False,LOW
70.428,,-3.06,-171.75,-1.61,-2.78,0.28,0.93,False,False,False,False,False,False,0.057,-0.002,True,False,LOW
70.451,,-3.23,-171.4,-1.78,-2.83,0.27,0.91,False,False,False,False,False,False,0.056,-0.004,True,False,LOW
70.622,,-3.3,-171.94,-1.76,-3.05,-0.07,0.86,False,False,False,False,False,False,0.056,-0.001,True,False,LOW
70.649,,-3.77,-172.12,-1.73,-3.15,-0.15,0.86,False,False,False,False,False,False,0.057,-0.001,True,False,LOW
70.829,,-2.89,-172.7,-1.65,-2.98,-0.68,0.9,False,False,False,False,False,False,0.061,-0.002,True,False,LOW
70.852,,-3.02,-172.26,-1.67,-2.97,-0.69,0.9,False,False,False,False,False,False,0.066,-0.005,True,False,LOW
71.023,,-2.63,-172.96,-1.57,-2.76,-1.06,0.96,False,False,False,False,False,False,0.071,-0.004,True,False,LOW
71.049,,-2.68,-172.75,-1.85,-2.74,-1.08,0.92,False,False,False,False,False,False,0.031,0.053,False,False,LOW
71.229,,-2.77,-171.43,-1.77,-2.73,-0.43,0.86,False,False,False,False,False,False,0.054,0.002,True,False,LOW
71.252,,-2.76,-172.51,-1.68,-2.72,-0.5,0.87,False,False,False,False,False,False,0.053,-0.004,True,False,LOW
71.421,,-2.34,-172.72,-1.58,-2.49,-0.84,0.94,False,False,False,False,False,False,0.052,-0.006,True,False,LOW
71.449,,-2.49,-172.61,-1.62,-2.48,-0.87,0.94,False,False,False,False,False,False,0.053,-0.009,True,False,LOW
71.625,,-2.82,-172.15,-1.64,-2.63,-0.72,0.94,False,False,False,False,False,False,0.072,-0.002,True,False,LOW
71.649,,-3.03,-171.35,-1.58,-2.67,-0.6,0.95,False,False,False,False,False,False,0.07,-0.002,True,False,LOW
71.82,,-2.81,-171.94,-1.59,-2.71,-0.48,0.97,False,False,False,False,False,False,0.067,-0.004,True,False,LOW
71.85,,-3.17,-172.08,-1.64,-2.78,-0.49,0.96,False,False,False,False,False,False,0.071,-0.004,True,False,LOW
72.029,,-2.65,-171.36,-1.48,-2.68,-0.12,1.04,False,False,False,False,False,False,0.073,0.0,True,False,LOW
72.053,,-3.27,-171.72,-1.5,-2.75,-0.13,1.04,False,False,False,False,False,False,0.079,0.002,True,False,LOW
72.223,,-3.12,-171.27,-1.61,-2.91,0.09,1.0,False,False,False,False,False,False,0.046,-0.002,True,False,LOW
72.249,,-3.0,-171.56,-1.62,-2.92,0.08,1.0,False,False,False,False,False,False,0.048,-0.004,True,False,LOW
72.429,,-3.1,-171.56,-1.74,-2.98,0.04,0.91,False,False,False,False,False,False,0.02,-0.003,True,False,LOW
72.453,,-2.64,-171.46,-1.9,-2.93,0.04,0.88,False,False,False,False,False,False,0.012,-0.005,True,False,LOW
72.624,,-2.39,-171.51,-1.8,-2.62,0.05,0.83,False,False,False,False,False,False,0.021,-0.005,True,False,LOW
72.649,,-2.83,-171.12,-1.74,-2.64,0.1,0.83,False,False,False,False,False,False,0.057,0.001,True,False,LOW
72.826,,-2.83,-171.02,-1.84,-2.71,0.34,0.78,False,False,False,False,False,False,0.057,-0.002,True,False,LOW
72.849,,-2.72,-170.78,-1.83,-2.7,0.39,0.78,False,False,False,False,False,False,0.054,-0.002,True,False,LOW
73.02,,-2.7,-171.12,-1.83,-2.67,0.42,0.76,False,False,False,False,False,False,0.053,-0.001,True,False,LOW
73.05,,-2.79,-171.31,-2.1,-2.68,0.39,0.72,False,False,False,False,False,False,0.02,-0.006,True,False,LOW
73.23,,-2.48,-171.03,-2.03,-2.54,0.46,0.63,False,False,False,False,False,False,0.028,-0.005,True,False,LOW
73.255,,-2.86,-171.92,-1.8,-2.58,0.35,0.65,False,False,False,False,False,False,0.059,-0.0,True,False,LOW
73.423,,-3.12,-171.53,-1.85,-2.83,0.18,0.69,False,False,False,False,False,False,0.059,-0.003,True,False,LOW
73.449,,-2.75,-171.66,-1.78,-2.81,0.14,0.71,False,False,False,False,False,False,0.058,-0.002,True,False,LOW
73.629,,-2.55,-170.85,-1.9,-2.64,0.44,0.69,False,False,False,False,False,False,0.07,0.002,True,False,LOW
73.652,,-2.09,-170.76,-1.79,-2.56,0.49,0.7,False,False,False,False,False,False,0.073,-0.002,True,False,LOW
73.821,,-2.85,-170.67,-1.8,-2.68,0.7,0.74,False,False,False,False,False,False,0.052,-0.003,True,False,LOW
73.851,,-2.38,-170.83,-1.7,-2.62,0.7,0.77,False,False,False,False,False,False,0.053,-0.003,True,False,LOW
74.03,,-2.9,-171.43,-1.77,-2.74,0.4,0.79,False,False,False,False,False,False,0.056,-0.006,True,False,LOW
74.053,,-2.91,-171.85,-1.85,-2.75,0.31,0.78,False,False,False,False,False,False,0.053,-0.002,True,False,LOW
74.223,,-2.78,-171.93,-1.8,-2.74,-0.05,0.78,False,False,False,False,False,False,0.054,-0.002,True,False,LOW
74.252,,-2.86,-171.72,-1.8,-2.75,-0.07,0.78,False,False,False,False,False,False,0.057,-0.001,True,False,LOW
74.429,,-2.84,-172.28,-1.81,-2.76,-0.41,0.77,False,False,False,False,False,False,0.058,-0.002,True,False,LOW
74.452,,-2.98,-171.69,-1.88,-2.78,-0.38,0.77,False,False,False,False,False,False,0.058,-0.002,True,False,LOW
74.621,,-2.6,-171.25,-1.82,-2.66,-0.02,0.76,False,False,False,False,False,False,0.056,-0.001,True,False,LOW
74.651,,-2.87,-171.42,-1.78,-2.68,0.0,0.77,False,False,False,False,False,False,0.051,-0.003,True,False,LOW
74.827,,-2.91,-171.52,-1.78,-2.77,0.02,0.79,False,False,False,False,False,False,0.054,-0.003,True,False,LOW
74.85,,-3.17,-171.83,-1.79,-2.81,-0.01,0.79,False,False,False,False,False,False,0.049,-0.004,True,False,LOW
75.021,,-2.84,-171.7,-1.87,-2.8,-0.08,0.75,False,False,False,False,False,False,0.051,-0.004,True,False,LOW
75.05,,-2.25,-170.35,-1.96,-2.7,0.13,0.73,False,False,False,False,False,False,0.002,-0.005,True,False,LOW
75.227,,-1.91,-170.22,-2.25,-2.25,0.78,0.52,False,False,False,False,True,True,-0.116,-0.003,True,False,LOW
75.25,,1.03,-168.57,-2.16,-1.77,1.09,0.5,False,False,False,False,True,True,-0.168,0.01,True,False,LOW
75.423,,2.64,-168.32,-2.1,0.73,2.26,0.49,False,False,False,False,True,True,-0.174,0.007,True,False,LOW
75.449,,2.43,-168.76,-1.97,1.02,2.35,0.51,False,False,False,False,True,True,-0.172,0.006,True,False,LOW
75.626,,2.37,-169.09,-1.94,1.8,2.41,0.58,False,False,False,False,True,True,-0.18,0.006,True,False,LOW
75.65,,2.51,-168.67,-2.14,1.92,2.48,0.56,False,False,False,False,True,True,-0.175,0.009,True,False,LOW
75.82,,2.41,-169.11,-2.26,2.21,2.46,0.44,False,False,False,False,True,True,-0.172,0.008,True,False,LOW
75.85,,3.19,-169.36,-2.37,2.39,2.42,0.4,False,False,False,False,True,True,-0.169,0.008,True,False,LOW
76.029,,2.54,-169.38,-2.45,2.5,2.29,0.26,False,False,False,False,True,True,-0.169,0.008,True,False,LOW
76.054,,2.67,-169.04,-2.4,2.54,2.32,0.25,False,False,False,False,True,True,-0.168,0.008,True,False,LOW
76.221,,3.05,-169.12,-2.41,2.84,2.38,0.21,False,False,False,False,True,True,-0.165,0.009,True,False,LOW
76.25,,2.82,-168.56,-2.39,2.84,2.48,0.2,False,False,False,False,True,True,-0.144,0.003,True,False,LOW
76.43,,2.93,-168.98,-2.35,2.92,2.53,0.22,False,False,False,False,True,True,-0.142,0.001,True,False,LOW
76.453,,3.06,-169.14,-2.25,2.95,2.52,0.23,False,False,False,False,True,True,-0.135,0.002,True,False,LOW
76.624,,2.91,-169.12,-2.26,2.96,2.48,0.28,False,False,False,False,True,True,-0.141,0.002,True,False,LOW
76.651,,2.88,-169.13,-2.37,2.96,2.47,0.27,False,False,False,False,True,True,-0.133,0.003,True,False,LOW
76.844,,2.64,-169.1,-2.44,2.82,2.46,0.2,False,False,False,False,True,True,-0.137,0.002,True,False,LOW
76.868,,2.33,-168.88,-2.5,2.76,2.49,0.18,False,False,False,False,True,True,-0.142,-0.001,True,False,LOW
77.032,,2.63,-169.04,-2.42,2.72,2.51,0.17,False,False,False,False,True,True,-0.139,-0.001,True,False,LOW
77.055,,2.51,-169.17,-2.39,2.7,2.49,0.17,False,False,False,False,True,True,-0.139,0.0,True,False,LOW
77.243,,2.83,-169.18,-2.39,2.8,2.43,0.18,False,False,False,False,True,True,-0.146,-0.002,True,False,LOW
77.266,,2.62,-168.79,-2.35,2.79,2.47,0.19,False,False,False,False,True,True,-0.159,0.003,True,False,LOW
77.431,,2.95,-168.84,-2.33,2.9,2.6,0.22,False,False,False,False,True,True,-0.158,0.004,True,False,LOW
77.456,,2.88,-168.99,-2.29,2.91,2.6,0.23,False,False,False,False,True,True,-0.16,0.004,True,False,LOW
77.646,,3.32,-168.84,-2.21,3.16,2.66,0.31,False,False,False,False,True,True,-0.168,0.007,True,False,LOW
77.671,,3.28,-169.16,-2.26,3.19,2.63,0.31,False,False,False,False,True,True,-0.162,0.004,True,False,LOW
77.821,,3.03,-168.98,-2.4,3.14,2.6,0.25,False,False,False,False,True,True,-0.167,0.002,True,False,LOW
77.85,,3.2,-169.0,-2.42,3.16,2.6,0.23,False,False,False,False,True,True,-0.164,0.002,True,False,LOW
78.026,,3.43,-169.08,-2.32,3.33,2.54,0.25,False,False,False,False,True,True,-0.167,0.002,True,False,MODERATE
78.051,,3.75,-168.89,-2.27,3.4,2.55,0.26,False,False,False,False,True,True,-0.166,0.002,True,False,MODERATE
78.223,,3.66,-169.11,-2.21,3.57,2.5,0.31,False,False,False,False,True,True,-0.169,0.003,True,False,MODERATE
78.249,,3.59,-169.22,-2.25,3.58,2.48,0.32,False,False,False,False,True,True,-0.161,0.001,True,False,MODERATE
78.429,,3.71,-169.13,-2.3,3.68,2.45,0.3,False,False,False,False,True,True,-0.161,-0.001,True,False,MODERATE
78.452,,3.93,-169.36,-2.33,3.72,2.42,0.29,False,False,False,False,True,True,-0.157,-0.001,True,False,MODERATE
78.623,,3.75,-169.31,-2.29,3.77,2.33,0.29,False,False,False,False,True,True,-0.159,0.001,True,False,MODERATE
78.647,,3.52,-169.53,-2.31,3.74,2.29,0.29,False,False,False,False,True,True,-0.162,0.003,True,False,MODERATE
78.832,,3.51,-168.62,-2.36,3.65,2.64,0.25,False,False,False,False,True,True,-0.132,-0.007,True,False,MODERATE
79.121,,3.49,-168.54,-2.26,3.59,2.89,0.3,False,False,False,False,True,True,-0.101,-0.015,True,False,MODERATE
79.227,,3.43,-168.59,-2.28,3.55,2.92,0.3,False,False,False,False,False,False,-0.093,-0.012,True,False,MODERATE
79.251,,2.43,-168.43,-2.11,3.4,2.95,0.32,False,False,False,False,False,False,-0.01,-0.005,True,False,MODERATE
79.358,,2.48,-168.43,-2.07,3.05,3.02,0.4,False,False,False,False,False,False,-0.004,-0.005,True,False,MODERATE
79.381,,2.56,-169.33,-2.09,2.99,2.92,0.41,False,False,False,False,False,False,0.028,-0.002,True,False,MODERATE
79.488,,2.66,-169.36,-1.99,2.88,2.63,0.48,False,False,False,False,False,False,0.066,-0.009,True,False,MODERATE
79.512,,2.81,-169.87,-1.92,2.88,2.5,0.51,False,False,False,False,False,False,0.06,-0.006,True,False,MODERATE
79.746,,3.3,-169.48,-1.87,3.16,2.25,0.63,False,False,False,False,False,False,0.047,-0.006,True,False,MODERATE
79.767,,2.68,-168.87,-2.0,3.11,2.3,0.62,False,False,False,False,False,False,0.003,-0.009,True,False,MODERATE
79.878,,2.89,-169.16,-2.07,3.04,2.34,0.58,False,False,False,False,False,False,0.006,-0.007,True,False,MODERATE
79.905,,1.83,-169.48,-2.14,2.87,2.3,0.56,False,False,False,False,False,False,-0.0,0.012,True,False,MODERATE
80.03,,1.7,-168.78,-2.27,2.37,2.51,0.45,False,False,False,False,False,False,-0.013,-0.001,True,False,MODERATE
80.055,,2.45,-168.4,-2.03,2.39,2.6,0.46,False,False,False,False,False,False,0.0,-0.01,True,False,MODERATE
80.225,,2.33,-168.78,-2.06,2.39,2.7,0.49,False,False,False,False,False,False,0.006,-0.01,True,False,MODERATE
80.249,,1.34,-169.34,-2.04,2.25,2.63,0.5,False,False,False,False,False,False,0.055,-0.003,True,False,MODERATE
80.428,,2.05,-170.07,-1.83,2.18,2.02,0.63,False,False,False,False,False,False,0.056,-0.004,True,False,MODERATE
80.452,,1.67,-170.43,-2.1,2.12,1.9,0.61,False,False,False,False,False,False,0.069,-0.002,True,False,MODERATE
80.623,,1.85,-169.98,-2.0,2.01,1.73,0.6,False,False,False,False,False,False,0.063,0.001,True,False,MODERATE
80.645,,2.3,-169.64,-1.97,2.05,1.76,0.6,False,False,False,False,False,False,0.059,-0.003,True,False,MODERATE
80.827,,2.81,-169.96,-1.91,2.49,1.67,0.64,False,False,False,False,False,False,0.061,-0.004,True,False,MODERATE
80.85,,3.08,-170.69,-1.87,2.57,1.57,0.65,False,False,False,False,False,False,0.063,-0.003,True,False,MODERATE
81.028,,3.53,-170.94,-1.84,3.12,1.06,0.7,False,False,False,False,False,False,0.071,0.002,True,False,MODERATE
81.052,,3.11,-171.1,-1.79,3.13,0.98,0.71,False,False,False,False,False,False,0.068,-0.003,True,False,MODERATE
81.228,,2.95,-170.59,-2.01,3.07,0.97,0.64,False,False,False,False,False,False,0.069,-0.002,True,False,MODERATE
81.253,,2.74,-171.04,-2.04,3.03,0.91,0.62,False,False,False,False,False,False,0.07,-0.001,True,False,MODERATE
81.424,,3.35,-171.09,-2.0,3.23,0.68,0.6,False,False,False,False,False,False,0.073,0.0,True,False,MODERATE
81.447,,3.41,-171.09,-2.04,3.26,0.65,0.59,False,False,False,False,False,False,0.077,0.0,True,False,MODERATE
81.631,,3.64,-170.84,-1.94,3.5,0.69,0.62,False,False,False,False,False,False,0.079,-0.002,True,False,MODERATE
81.653,,3.57,-170.84,-1.87,3.51,0.69,0.63,False,False,False,False,False,False,0.074,-0.004,True,False,MODERATE
81.82,,3.71,-170.68,-1.91,3.65,0.79,0.65,False,False,False,False,False,False,0.075,0.001,True,False,MODERATE
81.844,,3.71,-170.89,-1.94,3.66,0.77,0.65,False,False,False,False,False,False,0.076,-0.001,True,False,MODERATE
82.029,,3.75,-170.65,-1.85,3.74,0.85,0.69,False,False,False,False,False,False,0.074,-0.0,True,False,MODERATE
82.053,,3.53,-170.4,-1.88,3.72,0.89,0.69,False,False,False,False,False,False,0.07,0.001,True,False,MODERATE
82.224,,3.37,-170.34,-1.99,3.57,1.06,0.64,False,False,False,False,False,False,0.065,0.005,True,False,MODERATE
82.249,,3.27,-170.0,-1.92,3.54,1.13,0.64,False,False,False,False,False,False,0.064,0.003,True,False,MODERATE
82.428,,3.29,-170.38,-1.91,3.44,1.16,0.66,False,False,False,False,False,False,0.066,0.004,True,False,MODERATE
82.452,,3.21,-170.38,-1.94,3.42,1.16,0.65,False,False,False,False,False,False,0.071,0.004,True,False,MODERATE
82.623,,3.26,-170.38,-1.92,3.37,1.17,0.66,False,False,False,False,False,False,0.077,0.003,True,False,LOW
82.647,,3.27,-170.1,-1.79,3.36,1.21,0.67,False,False,False,False,False,False,0.079,-0.001,True,False,LOW
82.828,,2.67,-170.53,-1.84,3.02,1.11,0.71,False,False,False,False,False,False,0.077,-0.001,True,False,LOW
82.851,,2.88,-170.49,-1.9,3.01,1.11,0.71,False,False,False,False,False,False,0.061,0.01,True,False,LOW
83.022,,2.83,-170.32,-1.78,2.95,1.18,0.75,False,False,False,False,False,False,0.065,-0.007,True,False,LOW
83.047,,3.06,-170.77,-1.76,2.97,1.12,0.76,False,False,False,False,False,False,0.065,-0.007,True,False,LOW
83.229,,2.89,-170.8,-1.98,2.96,0.93,0.68,False,False,False,False,False,False,0.031,0.053,False,False,LOW
83.253,,2.65,-170.43,-1.84,2.93,0.95,0.68,False,False,False,False,False,False,0.055,-0.002,True,False,LOW
83.423,,3.3,-171.02,-1.9,3.15,0.74,0.68,False,False,False,False,False,False,0.065,-0.007,True,False,LOW
83.446,,3.57,-170.65,-1.89,3.21,0.76,0.68,False,False,False,False,False,False,0.063,-0.005,True,False,LOW
83.628,,3.15,-170.79,-1.95,3.21,0.77,0.65,False,False,False,False,False,False,0.064,-0.004,True,False,LOW
83.652,,3.22,-170.76,-1.97,3.22,0.77,0.65,False,False,False,False,False,False,0.06,-0.004,True,False,LOW
83.821,,2.87,-170.74,-2.03,3.07,0.8,0.6,False,False,False,False,False,False,0.058,-0.005,True,False,LOW
83.848,,2.34,-169.89,-2.32,2.97,0.93,0.55,False,False,False,False,False,False,0.056,-0.004,True,False,LOW
84.029,,2.17,-169.99,-2.44,2.57,1.27,0.33,False,False,False,False,False,False,0.057,-0.004,True,False,LOW
84.054,,1.95,-170.12,-2.24,2.49,1.3,0.33,False,False,False,False,False,False,0.058,-0.006,True,False,LOW
84.225,,2.07,-170.38,-2.36,2.3,1.24,0.27,False,False,False,False,False,False,0.056,-0.007,True,False,LOW
84.247,,2.53,-170.01,-2.35,2.34,1.27,0.27,False,False,False,False,False,False,0.054,0.012,True,False,LOW
84.43,,2.93,-168.81,-2.4,2.69,2.08,0.22,False,False,False,False,False,False,-0.002,-0.003,True,False,LOW
84.454,,2.49,-168.56,-2.46,2.67,2.21,0.21,False,False,False,False,False,False,0.006,-0.009,True,False,LOW
84.623,,2.89,-169.01,-2.31,2.81,2.39,0.24,False,False,False,False,False,False,0.025,-0.005,True,False,LOW
84.646,,2.42,-169.22,-2.41,2.77,2.38,0.23,False,False,False,False,False,False,0.028,-0.006,True,False,LOW
84.841,,2.6,-169.36,-2.18,2.71,2.28,0.32,False,False,False,False,False,False,0.027,-0.005,True,False,LOW
84.865,,2.36,-169.47,-2.15,2.67,2.26,0.34,False,False,False,False,False,False,0.025,-0.001,True,False,LOW
85.039,,2.63,-169.24,-2.16,2.68,2.29,0.38,False,False,False,False,False,False,0.022,-0.001,True,False,LOW
85.063,,3.48,-169.59,-2.23,2.8,2.25,0.38,False,False,False,False,False,False,0.03,-0.004,True,False,LOW
85.255,,3.32,-169.77,-2.36,3.12,2.0,0.29,False,False,False,False,False,False,0.028,-0.005,True,False,LOW
85.278,,3.41,-170.33,-2.39,3.17,1.89,0.28,False,False,False,False,False,False,0.039,-0.002,True,False,LOW
85.439,,2.76,-169.72,-2.24,2.99,1.87,0.31,False,False,False,False,False,False,0.058,0.0,True,False,LOW
85.463,,2.93,-169.68,-2.12,2.99,1.87,0.33,False,False,False,False,False,False,0.063,-0.0,True,False,LOW
85.644,,2.94,-170.17,-1.97,3.0,1.61,0.48,False,False,False,False,False,False,0.062,-0.0,True,False,LOW
85.668,,2.38,-170.72,-1.99,2.92,1.51,0.49,False,False,False,False,False,False,0.058,0.003,True,False,LOW
85.822,,3.03,-170.09,-2.12,3.0,1.49,0.48,False,False,False,False,False,False,0.058,-0.001,True,False,LOW
85.847,,3.18,-169.6,-2.07,3.04,1.55,0.48,False,False,False,False,False,False,0.061,-0.002,True,False,LOW
86.028,,4.23,-170.09,-2.04,3.71,1.51,0.51,False,False,False,False,False,False,0.065,-0.003,True,False,LOW
86.052,,3.73,-170.34,-1.89,3.72,1.47,0.54,False,False,False,False,False,False,0.068,-0.005,True,False,LOW
86.222,,3.65,-170.72,-1.99,3.72,1.14,0.56,False,False,False,False,False,False,0.075,-0.0,True,False,LOW
86.246,,3.45,-170.56,-2.04,3.69,1.12,0.56,False,False,False,False,False,False,0.068,0.003,True,False,LOW
86.426,,3.31,-171.25,-2.07,3.52,0.69,0.53,False,False,False,False,False,False,0.071,0.004,True,False,LOW
86.45,,3.14,-171.23,-2.06,3.48,0.64,0.53,False,False,False,False,False,False,0.068,0.006,True,False,LOW
86.624,,3.18,-170.99,-2.06,3.35,0.6,0.53,False,False,False,False,False,False,0.074,0.002,True,False,LOW
86.648,,3.49,-170.2,-1.96,3.38,0.7,0.54,False,False,False,False,False,False,0.075,-0.001,True,False,LOW
86.827,,3.7,-170.35,-1.98,3.58,0.97,0.57,False,False,False,False,False,False,0.082,0.001,True,False,LOW
86.85,,3.58,-170.46,-1.93,3.59,0.99,0.58,False,False,False,False,False,False,0.084,-0.001,True,False,LOW
87.022,,3.75,-170.49,-1.85,3.7,1.03,0.66,False,False,False,False,False,False,0.088,-0.004,True,False,LOW
87.046,,3.32,-170.72,-1.84,3.66,1.01,0.67,False,False,False,False,False,False,0.089,0.0,True,False,LOW
87.228,,4.04,-169.45,-2.14,3.9,1.6,0.55,False,False,False,False,False,False,0.037,0.002,True,False,LOW
87.251,,3.46,-169.65,-2.23,3.85,1.64,0.52,False,False,False,False,False,False,0.026,0.001,True,False,LOW
87.422,,3.69,-170.0,-2.22,3.8,1.6,0.44,False,False,False,False,False,False,0.029,-0.002,True,False,LOW
87.444,,3.64,-170.1,-2.15,3.79,1.58,0.44,False,False,False,False,False,False,0.03,-0.001,True,False,LOW
87.63,,3.09,-170.16,-2.22,3.44,1.48,0.4,False,False,False,False,False,False,0.027,-0.001,True,False,LOW
87.654,,3.4,-171.5,-2.32,3.44,1.28,0.38,False,False,False,False,False,False,0.031,0.053,False,False,LOW
87.825,,3.91,-170.45,-2.31,3.72,1.19,0.32,False,False,False,False,False,False,0.024,0.001,True,False,LOW
87.849,,3.46,-170.87,-2.34,3.69,1.12,0.31,False,False,False,False,False,False,0.031,0.053,False,False,LOW
88.027,,3.76,-170.44,-2.16,3.76,1.12,0.37,False,False,False,False,False,False,0.03,-0.001,True,False,LOW
88.051,,3.74,-170.06,-2.12,3.76,1.17,0.38,False,False,False,False,False,False,0.026,-0.004,True,False,LOW
88.227,,3.65,-170.14,-1.97,3.74,1.3,0.5,False,False,False,False,False,False,0.031,-0.003,True,False,LOW
88.257,,3.61,-170.24,-1.83,3.73,1.31,0.54,False,False,False,False,False,False,0.063,-0.004,True,False,LOW
88.425,,3.34,-169.88,-1.96,3.56,1.5,0.58,False,False,False,False,False,False,0.061,-0.004,True,False,LOW
88.449,,3.29,-169.57,-2.02,3.53,1.56,0.58,False,False,False,False,False,False,0.062,-0.004,True,False,LOW
88.622,,3.45,-169.71,-2.05,3.52,1.71,0.55,False,False,False,False,False,False,0.06,-0.006,True,False,LOW
88.645,,3.79,-169.94,-2.01,3.56,1.7,0.56,False,False,False,False,False,False,0.065,-0.01,True,False,LOW
88.827,,3.7,-169.79,-1.97,3.67,1.74,0.58,False,False,False,False,False,False,0.064,-0.007,True,False,LOW
88.85,,3.35,-169.69,-2.08,3.64,1.76,0.57,False,False,False,False,False,False,0.03,0.001,True,False,LOW
89.024,,3.31,-169.81,-2.03,3.5,1.75,0.56,False,False,False,False,False,False,0.024,-0.003,True,False,LOW
89.049,,3.62,-169.68,-2.0,3.52,1.77,0.56,False,False,False,False,False,False,0.024,-0.002,True,False,LOW
89.225,,3.76,-169.81,-2.0,3.68,1.76,0.57,False,False,False,False,False,False,0.027,-0.002,True,False,LOW
89.249,,2.43,-169.62,-2.29,3.52,1.78,0.54,False,False,False,False,False,False,0.028,-0.007,True,False,LOW
89.419,,2.88,-169.45,-2.2,3.21,1.95,0.45,False,False,False,False,False,False,0.053,-0.006,True,False,LOW
89.441,,3.96,-169.92,-1.95,3.31,1.91,0.48,False,False,False,False,False,False,0.059,-0.005,True,False,LOW
89.612,,3.76,-169.7,-1.99,3.58,1.89,0.54,False,False,False,False,False,False,0.061,-0.005,True,False,LOW
89.642,,3.8,-170.23,-1.99,3.62,1.8,0.54,False,False,False,False,False,False,0.061,-0.004,True,False,LOW
89.821,,3.46,-170.88,-2.07,3.57,1.2,0.53,False,False,False,False,False,False,0.043,0.018,True,False,LOW
89.846,,3.7,-168.97,-2.1,3.59,1.39,0.52,False,False,False,False,True,True,0.039,0.038,True,False,LOW
90.014,,2.95,-167.36,-2.53,3.29,2.88,0.28,False,False,False,False,True,True,0.038,0.044,True,False,LOW
90.044,,4.08,-167.53,-2.24,3.43,3.08,0.29,False,False,False,False,True,True,0.038,0.057,True,False,LOW
90.22,,4.08,-165.35,-2.0,3.81,4.81,0.44,False,False,False,False,True,True,0.019,0.051,True,False,LOW
90.245,,4.16,-166.12,-1.93,3.86,4.9,0.47,False,False,False,False,True,True,0.04,0.049,True,False,LOW
90.411,,3.91,-167.26,-2.15,3.92,4.59,0.45,False,False,False,False,True,True,0.042,0.045,True,False,LOW
90.441,,3.83,-167.28,-1.98,3.91,4.54,0.47,False,False,False,False,True,True,0.028,0.043,True,False,LOW
90.623,,3.73,-167.73,-1.96,3.85,4.16,0.55,False,False,False,False,False,False,0.029,0.033,True,False,LOW
90.648,,3.66,-167.68,-1.82,3.83,4.12,0.58,False,False,False,False,False,False,0.031,0.034,True,False,LOW
90.812,,3.96,-168.37,-1.86,3.93,3.64,0.65,False,False,False,False,False,False,0.039,0.033,True,False,LOW
90.844,,3.43,-168.51,-1.93,3.85,3.54,0.65,False,False,False,False,False,False,0.032,0.034,True,False,LOW
91.028,,3.69,-168.84,-1.9,3.8,3.09,0.67,False,False,False,False,True,True,0.035,0.038,True,False,LOW
91.052,,3.96,-168.83,-1.95,3.83,3.04,0.66,False,False,False,False,False,False,0.037,0.034,True,False,LOW
91.212,,4.12,-168.87,-1.96,4.0,2.86,0.64,False,False,False,False,False,False,0.039,0.033,True,False,LOW
91.241,,4.15,-168.74,-1.91,4.04,2.86,0.65,False,False,False,False,False,False,0.036,0.03,True,False,LOW
91.421,,4.59,-169.07,-1.84,4.37,2.66,0.7,False,False,False,False,False,False,0.038,0.029,True,False,LOW
91.445,,4.22,-168.37,-1.79,4.35,2.73,0.71,False,False,False,False,False,False,0.038,0.03,True,False,LOW
91.613,,3.7,-169.05,-1.79,4.05,2.62,0.75,False,False,False,False,False,False,0.034,0.03,True,False,LOW
91.642,,3.9,-169.45,-1.88,4.03,2.54,0.74,False,False,False,False,False,False,0.043,0.031,True,False,LOW
91.821,,4.04,-169.37,-1.83,4.07,2.35,0.75,False,False,False,False,False,False,0.032,0.033,True,False,LOW
91.844,,3.96,-168.98,-1.75,4.06,2.38,0.76,False,False,False,False,False,False,0.038,0.027,True,False,LOW
92.017,,4.01,-168.88,-1.72,4.07,2.54,0.81,False,False,False,False,False,False,0.037,0.023,True,False,LOW
92.043,,4.02,-169.17,-1.77,4.07,2.52,0.81,False,False,False,False,False,False,0.034,0.02,True,False,LOW
92.224,,3.68,-169.13,-1.76,3.89,2.47,0.82,False,False,False,False,False,False,0.033,0.02,True,False,LOW
92.248,,3.56,-169.26,-1.66,3.86,2.45,0.83,False,False,False,False,False,False,0.03,0.022,True,False,LOW
92.411,,3.74,-167.89,-1.51,3.83,3.07,0.95,False,False,False,False,False,False,0.036,0.025,True,False,LOW
92.441,,3.49,-168.35,-1.64,3.78,3.1,0.95,False,False,False,False,False,False,0.033,0.025,True,False,LOW
92.621,,3.25,-168.05,-1.6,3.53,3.32,0.97,False,False,False,False,False,False,0.027,0.023,True,False,LOW
92.644,,3.64,-168.46,-1.54,3.55,3.29,0.98,False,False,False,False,False,False,0.031,0.025,True,False,LOW
92.822,,3.37,-168.05,-1.52,3.49,3.41,1.02,False,False,False,False,False,False,0.03,0.024,True,False,LOW
92.846,,3.01,-167.97,-1.62,3.43,3.43,1.01,False,False,False,False,False,False,0.036,0.025,True,False,LOW
93.029,,3.32,-168.04,-1.57,3.4,3.48,1.01,False,False,False,False,False,False,0.035,0.022,True,False,LOW
93.053,,3.53,-168.52,-1.66,3.43,3.42,1.0,False,False,False,False,False,False,0.035,0.023,True,False,LOW
93.224,,3.43,-168.53,-1.65,3.46,3.22,0.96,False,False,False,False,False,False,0.032,0.023,True,False,LOW
93.247,,3.7,-168.04,-1.64,3.5,3.26,0.96,False,False,False,False,False,False,0.037,0.022,True,False,LOW
93.432,,3.54,-168.25,-1.82,3.55,3.28,0.85,False,False,False,False,False,False,0.038,0.025,True,False,LOW
93.456,,3.44,-168.23,-1.75,3.55,3.29,0.85,False,False,False,False,False,False,0.033,0.024,True,False,LOW
93.625,,3.4,-168.64,-1.69,3.5,3.1,0.87,False,False,False,False,False,False,0.035,0.01,True,False,LOW
93.648,,3.65,-168.49,-1.61,3.53,3.09,0.88,False,False,False,False,False,False,0.038,0.006,True,False,LOW
93.825,,3.65,-168.24,-1.73,3.62,3.21,0.87,False,False,False,False,False,False,0.039,0.03,True,False,LOW
93.848,,3.6,-167.98,-1.77,3.63,3.26,0.86,False,False,False,False,False,False,0.036,0.033,True,False,LOW
94.012,,3.44,-168.07,-1.74,3.56,3.38,0.85,False,False,False,False,False,False,0.035,0.026,True,False,LOW
94.042,,3.49,-167.19,-1.63,3.56,3.54,0.87,False,False,False,False,False,False,0.03,0.033,True,False,LOW
94.222,,3.11,-167.58,-1.7,3.35,3.78,0.87,False,False,False,False,False,False,0.03,0.028,True,False,LOW
94.246,,2.89,-167.9,-1.73,3.3,3.76,0.87,False,False,False,False,False,False,0.027,0.028,True,False,LOW
94.411,,3.91,-168.06,-1.6,3.64,3.63,0.93,False,False,False,False,False,False,0.024,-0.005,True,False,LOW
94.441,,4.08,-167.54,-1.59,3.72,3.69,0.94,False,False,False,False,False,False,0.028,-0.007,True,False,LOW
94.622,,3.72,-167.49,-1.69,3.75,3.89,0.91,False,False,False,False,False,False,0.029,-0.008,True,False,LOW
94.645,,3.79,-167.1,-1.62,3.77,3.97,0.92,False,False,False,False,False,False,0.015,-0.011,True,False,LOW
94.81,,3.88,-166.91,-1.7,3.85,4.32,0.9,False,False,False,False,False,False,0.021,-0.011,True,False,LOW
94.841,,4.09,-167.01,-1.65,3.9,4.36,0.9,False,False,False,False,False,False,0.015,-0.012,True,False,LOW
95.021,,4.14,-167.38,-1.66,4.06,4.26,0.91,False,False,False,False,False,False,0.016,-0.011,True,False,LOW
95.045,,4.03,-167.48,-1.82,4.07,4.24,0.89,False,False,False,False,False,False,0.013,-0.011,True,False,LOW
95.21,,4.0,-167.55,-1.7,4.06,4.12,0.89,False,False,False,False,False,False,0.014,-0.013,True,False,LOW
95.24,,4.19,-167.61,-1.81,4.09,4.09,0.87,False,False,False,False,False,False,0.018,-0.015,True,False,LOW
95.421,,3.74,-168.52,-1.81,3.94,3.53,0.82,False,False,False,False,False,False,0.016,-0.011,True,False,LOW
95.444,,3.44,-168.55,-1.77,3.88,3.46,0.81,False,False,False,False,False,False,0.015,-0.012,True,False,LOW
95.617,,3.67,-168.24,-1.77,3.8,3.39,0.81,False,False,False,False,False,False,0.019,-0.014,True,False,LOW
95.649,,3.31,-168.71,-1.9,3.73,3.29,0.79,False,False,False,False,False,False,0.018,-0.009,True,False,LOW
95.822,,3.31,-169.01,-1.85,3.54,2.9,0.76,False,False,False,False,False,False,0.014,-0.01,True,False,LOW
95.845,,3.28,-169.3,-1.86,3.51,2.82,0.75,False,False,False,False,False,False,0.014,-0.009,True,False,LOW
96.134,,2.89,-169.18,-1.92,3.15,2.53,0.69,False,False,False,False,False,False,0.013,-0.009,True,False,LOW
96.155,,3.42,-168.76,-1.99,3.19,2.57,0.68,False,False,False,False,False,False,0.021,-0.008,True,False,LOW
96.26,,3.17,-169.08,-2.03,3.21,2.53,0.63,False,False,False,False,False,False,0.021,-0.007,True,False,LOW
96.284,,3.43,-169.03,-1.97,3.24,2.53,0.63,False,False,False,False,False,False,0.025,-0.006,True,False,LOW
96.413,,3.24,-168.55,-1.93,3.27,2.75,0.64,False,False,False,False,False,False,0.034,-0.006,True,False,LOW
96.441,,3.12,-168.78,-2.0,3.26,2.75,0.63,False,False,False,False,False,False,0.036,-0.006,True,False,LOW
96.621,,3.27,-168.62,-2.02,3.29,2.85,0.59,False,False,False,False,False,False,0.023,0.002,True,False,LOW
96.646,,3.39,-168.89,-1.95,3.32,2.83,0.6,False,False,False,False,False,False,0.022,-0.0,True,False,LOW
96.812,,3.92,-168.65,-1.96,3.66,2.87,0.61,False,False,False,False,False,False,0.023,0.0,True,False,LOW
96.842,,3.71,-169.1,-1.99,3.68,2.8,0.61,False,False,False,False,False,False,0.02,-0.003,True,False,LOW
97.02,,3.8,-169.06,-2.0,3.77,2.64,0.59,False,False,False,False,False,False,0.021,-0.003,True,False,LOW
97.043,,3.33,-169.42,-2.11,3.73,2.58,0.58,False,False,False,False,False,False,0.023,-0.002,True,False,LOW
97.207,,3.45,-169.46,-2.09,3.62,2.33,0.53,False,False,False,False,False,False,0.027,-0.003,True,False,LOW
97.241,,3.47,-168.27,-1.89,3.6,2.5,0.56,False,False,False,False,False,False,0.034,0.003,True,False,LOW
97.419,,3.66,-168.62,-1.94,3.66,2.74,0.6,False,False,False,False,False,False,0.032,0.005,True,False,LOW
97.442,,3.8,-168.9,-2.03,3.69,2.73,0.6,False,False,False,False,False,False,0.032,0.002,True,False,LOW
97.61,,3.65,-168.87,-1.92,3.7,2.71,0.63,False,False,False,False,False,False,0.041,0.003,True,False,LOW
97.642,,3.48,-169.01,-1.96,3.67,2.68,0.63,False,False,False,False,False,False,0.04,0.004,True,False,LOW
97.824,,3.21,-168.62,-1.94,3.46,2.82,0.63,False,False,False,False,False,False,0.036,0.004,True,False,LOW
97.851,,3.33,-168.7,-1.91,3.45,2.83,0.64,False,False,False,False,False,False,0.031,0.053,False,False,LOW
98.011,,3.79,-168.27,-1.79,3.65,3.06,0.72,False,False,False,False,False,False,0.025,-0.008,True,False,LOW
98.042,,3.62,-168.31,-1.73,3.65,3.09,0.74,False,False,False,False,False,False,0.027,-0.001,True,False,LOW
98.222,,3.92,-168.28,-1.89,3.83,3.19,0.71,False,False,False,False,False,False,0.034,-0.004,True,False,LOW
98.246,,3.47,-168.92,-1.87,3.79,3.12,0.71,False,False,False,False,False,False,0.035,-0.002,True,False,LOW
98.411,,3.12,-168.81,-2.0,3.48,2.93,0.64,False,False,False,False,False,False,0.013,-0.002,True,False,LOW
98.44,,3.42,-168.85,-1.96,3.48,2.9,0.64,False,False,False,False,False,False,0.015,-0.004,True,False,LOW
98.624,,3.52,-168.25,-1.88,3.53,3.12,0.67,False,False,False,False,False,False,0.018,-0.0,True,False,LOW
98.647,,3.39,-168.67,-1.87,3.52,3.09,0.68,False,False,False,False,False,False,0.012,-0.002,True,False,LOW
98.81,,3.19,-168.26,-1.86,3.38,3.2,0.7,False,False,False,False,False,False,0.005,-0.006,True,False,LOW
98.842,,2.93,-168.47,-1.91,3.32,3.18,0.69,False,False,False,False,False,False,0.019,-0.002,True,False,LOW
99.024,,3.38,-168.2,-1.95,3.38,3.28,0.66,False,False,False,False,False,False,0.026,-0.001,True,False,LOW
99.051,,3.24,-168.45,-1.99,3.37,3.25,0.65,False,False,False,False,False,False,0.027,-0.002,True,False,LOW
99.213,,3.1,-168.61,-1.95,3.26,3.1,0.64,False,False,False,False,False,False,0.029,-0.001,True,False,LOW
99.242,,3.32,-168.84,-1.92,3.28,3.04,0.64,False,False,False,False,False,False,0.018,-0.003,True,False,LOW
99.427,,3.01,-168.81,-1.99,3.17,2.88,0.61,False,False,False,False,False,False,0.018,-0.006,True,False,LOW
99.453,,3.55,-169.04,-1.97,3.23,2.83,0.61,False,False,False,False,False,False,0.02,-0.005,True,False,LOW
99.612,,3.33,-169.09,-1.96,3.31,2.65,0.62,False,False,False,False,False,False,0.021,-0.003,True,False,LOW
99.642,,3.52,-168.37,-2.04,3.35,2.73,0.6,False,False,False,False,False,False,0.017,-0.004,True,False,LOW
99.824,,3.09,-168.73,-2.06,3.24,2.79,0.56,False,False,False,False,False,False,0.01,-0.002,True,False,LOW
99.848,,4.14,-168.36,-2.32,3.37,2.84,0.52,False,False,False,False,False,False,-0.047,-0.002,True,False,LOW
100.01,,4.88,-167.92,-2.32,4.18,3.25,0.39,False,False,False,False,True,True,-0.158,-0.008,True,False,LOW
100.035,,6.27,-168.14,-2.3,4.51,3.27,0.37,False,False,False,False,True,True,-0.202,-0.003,True,False,LOW
100.22,,6.7,-168.34,-2.27,5.77,3.24,0.34,False,False,False,False,True,True,-0.207,0.003,True,False,LOW
100.243,,6.34,-168.07,-2.28,5.86,3.28,0.33,False,False,False,False,True,True,-0.208,-0.001,True,False,LOW
100.411,,6.42,-167.59,-2.21,6.19,3.64,0.35,False,False,False,False,True,True,-0.206,0.0,True,False,LOW
100.435,,5.85,-167.93,-2.27,6.15,3.64,0.35,False,False,False,False,True,True,-0.203,0.003,True,False,LOW
100.62,,5.1,-168.11,-2.35,5.62,3.54,0.28,False,False,False,False,True,True,-0.213,0.005,True,False,LOW
100.644,,5.85,-168.32,-2.38,5.66,3.5,0.27,False,False,False,False,True,True,-0.195,0.002,True,False,LOW
100.823,,5.6,-168.01,-2.35,5.66,3.52,0.25,False,False,False,False,True,True,-0.198,0.003,True,False,LOW
100.848,,6.36,-167.36,-2.21,5.76,3.62,0.27,False,False,False,False,True,True,-0.169,0.0,True,False,LOW
101.027,,6.07,-167.29,-2.37,5.96,3.97,0.24,False,False,False,False,True,True,-0.155,-0.005,True,False,LOW
101.052,,6.36,-167.26,-2.34,6.02,4.01,0.24,False,False,False,False,True,True,-0.16,-0.003,True,False,LOW
101.226,,5.98,-167.29,-2.46,6.03,4.15,0.18,False,False,False,False,True,True,-0.134,-0.01,True,False,LOW
101.25,,6.34,-166.87,-2.27,6.08,4.22,0.19,False,False,False,False,True,True,-0.132,-0.006,True,False,LOW
101.432,,6.21,-166.82,-2.2,6.18,4.5,0.29,False,False,False,False,True,True,-0.119,-0.006,True,False,LOW
101.456,,6.11,-167.37,-2.06,6.18,4.46,0.32,False,False,False,False,False,False,-0.076,0.008,True,False,LOW
101.623,,6.31,-167.06,-2.04,6.28,4.48,0.43,False,False,False,False,False,False,-0.074,0.002,True,False,LOW
101.647,,6.1,-167.45,-2.23,6.26,4.43,0.42,False,False,False,False,False,False,-0.081,-0.009,True,False,LOW
101.82,,6.16,-167.78,-2.26,6.24,4.09,0.37,False,False,False,False,False,False,-0.088,-0.014,True,False,LOW
101.845,,5.97,-167.23,-2.26,6.21,4.12,0.36,False,False,False,False,False,False,-0.094,-0.014,True,False,LOW
102.008,,6.17,-167.48,-2.26,6.22,4.1,0.34,False,False,False,False,True,True,-0.107,-0.014,True,False,LOW
102.031,,6.17,-167.58,-2.27,6.22,4.09,0.34,False,False,False,False,True,True,-0.137,-0.013,True,False,LOW
102.22,,6.28,-168.05,-2.37,6.29,3.77,0.27,False,False,False,False,True,True,-0.133,-0.013,True,False,LOW
102.244,,6.48,-168.08,-2.19,6.32,3.73,0.28,False,False,False,False,True,True,-0.131,-0.014,True,False,LOW
102.417,,6.67,-168.19,-2.21,6.53,3.54,0.33,False,False,False,False,True,True,-0.127,-0.016,True,False,LOW
102.445,,6.73,-168.15,-2.24,6.57,3.52,0.33,False,False,False,False,True,True,-0.136,-0.018,True,False,LOW
102.622,,6.21,-168.35,-2.25,6.41,3.36,0.33,False,False,False,False,True,True,-0.136,-0.015,True,False,LOW
102.645,,6.2,-167.73,-2.24,6.39,3.42,0.33,False,False,False,False,True,True,-0.133,-0.013,True,False,LOW
102.81,,6.31,-167.7,-2.21,6.38,3.64,0.35,False,False,False,False,True,True,-0.128,-0.012,True,False,LOW
102.833,,6.05,-167.63,-2.26,6.35,3.68,0.35,False,False,False,False,True,True,-0.13,-0.013,True,False,LOW
103.019,,5.86,-167.86,-2.4,6.12,3.69,0.26,False,False,False,False,True,True,-0.135,-0.01,True,False,LOW
103.044,,6.22,-167.74,-2.36,6.14,3.71,0.25,False,False,False,False,True,True,-0.128,-0.015,True,False,LOW
103.21,,6.04,-167.6,-2.37,6.12,3.84,0.23,False,False,False,False,True,True,-0.13,-0.01,True,False,LOW
103.233,,6.13,-167.98,-2.31,6.13,3.81,0.24,False,False,False,False,True,True,-0.127,-0.01,True,False,LOW
103.423,,5.8,-167.87,-2.45,5.98,3.74,0.18,False,False,False,False,True,True,-0.126,-0.013,True,False,MODERATE
103.447,,6.19,-167.94,-2.45,6.02,3.73,0.17,False,False,False,False,True,True,-0.125,-0.007,True,False,MODERATE
103.611,,6.33,-167.35,-2.38,6.21,3.97,0.19,False,False,False,False,True,True,-0.124,-0.011,True,False,MODERATE
103.635,,6.37,-167.81,-2.37,6.24,3.94,0.19,False,False,False,False,True,True,-0.125,-0.008,True,False,MODERATE
103.82,,6.4,-167.77,-2.4,6.36,3.86,0.18,False,False,False,False,True,True,-0.123,-0.01,True,False,MODERATE
103.843,,6.52,-167.94,-2.32,6.39,3.83,0.19,False,False,False,False,True,True,-0.126,-0.013,True,False,MODERATE
104.01,,6.51,-167.99,-2.39,6.48,3.7,0.19,False,False,False,False,True,True,-0.123,-0.01,True,False,MODERATE
104.034,,6.41,-167.84,-2.42,6.48,3.7,0.19,False,False,False,False,True,True,-0.124,-0.014,True,False,MODERATE
104.217,,6.44,-168.05,-2.48,6.49,3.6,0.14,False,False,False,False,True,True,-0.121,-0.013,True,False,MODERATE
104.329,,6.42,-167.94,-2.5,6.49,3.61,0.12,False,False,False,False,True,True,-0.119,-0.014,True,False,MODERATE
104.436,,6.24,-167.98,-2.4,6.41,3.6,0.14,False,False,False,False,True,True,-0.123,-0.013,True,False,MODERATE
104.459,,6.07,-167.94,-2.38,6.38,3.6,0.15,False,False,False,False,True,True,-0.122,-0.013,True,False,MODERATE
104.624,,5.48,-167.22,-2.04,5.95,3.98,0.35,False,False,False,False,False,False,-0.023,-0.011,True,False,MODERATE
104.648,,5.64,-167.22,-1.9,5.91,4.03,0.39,False,False,False,False,False,False,0.017,-0.011,True,False,MODERATE
104.81,,5.54,-167.51,-1.96,5.75,4.04,0.51,False,False,False,False,False,False,0.017,-0.013,True,False,MODERATE
104.835,,5.46,-167.41,-1.91,5.72,4.05,0.53,False,False,False,False,False,False,0.02,-0.013,True,False,MODERATE
105.024,,5.16,-168.35,-1.92,5.45,3.59,0.6,False,False,False,False,False,False,-0.005,0.006,True,False,MODERATE
105.051,,5.24,-168.16,-1.71,5.42,3.57,0.64,False,False,False,False,False,False,0.013,-0.014,True,False,MODERATE
105.21,,5.49,-167.43,-1.68,5.49,3.85,0.77,False,False,False,False,False,False,0.01,-0.012,True,False,MODERATE
105.235,,5.01,-168.03,-1.81,5.43,3.8,0.77,False,False,False,False,False,False,0.011,-0.012,True,False,MODERATE
105.419,,5.42,-167.76,-1.75,5.46,3.8,0.8,False,False,False,False,False,False,0.015,-0.013,True,False,MODERATE
105.442,,5.24,-167.83,-1.79,5.44,3.79,0.8,False,False,False,False,False,False,0.017,-0.013,True,False,MODERATE
105.614,,5.61,-167.63,-1.71,5.56,3.86,0.84,False,False,False,False,False,False,0.018,-0.013,True,False,MODERATE
105.645,,5.05,-167.19,-1.78,5.48,3.95,0.83,False,False,False,False,False,False,0.013,-0.011,True,False,MODERATE
105.822,,4.67,-168.66,-1.97,5.08,3.39,0.71,False,False,False,False,False,False,0.031,0.053,False,False,MODERATE
105.844,,5.21,-167.74,-1.8,5.11,3.45,0.72,False,False,False,False,False,False,0.015,-0.011,True,False,MODERATE
106.011,,5.29,-167.35,-1.85,5.23,3.84,0.73,False,False,False,False,False,False,0.016,-0.015,True,False,MODERATE
106.034,,4.81,-167.69,-1.92,5.19,3.85,0.72,False,False,False,False,False,False,0.015,-0.01,True,False,MODERATE
106.222,,4.42,-167.79,-1.96,4.8,3.8,0.66,False,False,False,False,False,False,0.043,-0.014,True,False,MODERATE
106.246,,4.78,-167.43,-1.94,4.81,3.85,0.66,False,False,False,False,False,False,0.05,-0.009,True,False,MODERATE
106.412,,4.93,-167.76,-1.96,4.9,3.82,0.64,False,False,False,False,False,False,0.044,-0.007,True,False,MODERATE
106.435,,4.74,-167.89,-1.97,4.89,3.8,0.64,False,False,False,False,False,False,0.043,-0.008,True,False,MODERATE
106.619,,4.99,-167.73,-1.91,4.97,3.82,0.65,False,False,False,False,False,False,0.042,-0.008,True,False,MODERATE
106.645,,4.91,-167.78,-1.9,4.97,3.81,0.66,False,False,False,False,False,False,0.04,-0.01,True,False,MODERATE
106.81,,4.83,-167.52,-1.97,4.93,3.93,0.63,False,False,False,False,False,False,0.031,-0.007,True,False,MODERATE
106.835,,4.86,-167.85,-1.96,4.93,3.9,0.63,False,False,False,False,False,False,0.023,-0.01,True,False,MODERATE
107.019,,5.07,-167.55,-1.95,5.04,3.96,0.63,False,False,False,False,False,False,0.024,-0.011,True,False,MODERATE
107.042,,4.65,-168.89,-2.15,5.0,3.79,0.61,False,False,False,False,False,False,0.005,0.003,True,False,MODERATE
107.211,,4.63,-168.96,-2.06,4.84,3.16,0.56,False,False,False,False,False,False,0.017,0.001,True,False,MODERATE
107.234,,4.9,-168.46,-1.93,4.85,3.15,0.57,False,False,False,False,False,False,0.025,-0.012,True,False,MODERATE
107.423,,4.47,-168.48,-1.95,4.68,3.11,0.6,False,False,False,False,False,False,0.027,-0.005,True,False,LOW
107.446,,4.81,-168.49,-1.93,4.7,3.11,0.61,False,False,False,False,False,False,0.031,-0.005,True,False,LOW
107.611,,4.71,-168.41,-1.91,4.74,3.13,0.64,False,False,False,False,False,False,0.032,-0.005,True,False,LOW
107.634,,4.82,-168.69,-1.99,4.75,3.1,0.63,False,False,False,False,False,False,0.037,0.001,True,False,LOW
107.823,,5.06,-168.31,-1.93,4.95,3.18,0.64,False,False,False,False,False,False,0.032,-0.008,True,False,LOW
107.847,,5.08,-167.59,-1.86,4.98,3.29,0.65,False,False,False,False,False,False,0.028,-0.009,True,False,LOW
108.011,,5.11,-167.9,-2.05,5.08,3.48,0.59,False,False,False,False,False,False,-0.003,-0.002,True,False,LOW
108.034,,4.99,-168.25,-2.11,5.07,3.46,0.58,False,False,False,False,False,False,0.004,-0.001,True,False,LOW
108.22,,5.2,-167.5,-1.94,5.17,3.78,0.61,False,False,False,False,False,False,0.014,-0.011,True,False,LOW
108.242,,5.2,-167.85,-1.94,5.18,3.78,0.61,False,False,False,False,False,False,0.015,-0.008,True,False,LOW
108.413,,4.69,-167.91,-1.95,4.96,3.71,0.62,False,False,False,False,False,False,0.024,-0.005,True,False,LOW
108.435,,4.95,-167.61,-1.91,4.97,3.74,0.63,False,False,False,False,False,False,0.027,-0.005,True,False,LOW
108.621,,5.03,-167.96,-1.84,5.03,3.67,0.69,False,False,False,False,False,False,0.034,-0.002,True,False,LOW
108.644,,5.11,-168.27,-1.7,5.05,3.62,0.71,False,False,False,False,False,False,0.041,-0.002,True,False,LOW
108.823,,4.37,-167.97,-1.74,4.72,3.6,0.78,False,False,False,False,False,False,0.038,-0.003,True,False,LOW
108.847,,5.12,-167.83,-1.7,4.78,3.62,0.79,False,False,False,False,False,False,0.04,-0.004,True,False,LOW
109.03,,4.54,-168.84,-1.87,4.68,3.13,0.75,False,False,False,False,False,False,0.044,-0.004,True,False,LOW
109.057,,4.35,-168.07,-1.84,4.64,3.19,0.75,False,False,False,False,False,False,0.04,-0.003,True,False,LOW
109.223,,4.54,-167.47,-1.9,4.62,3.65,0.71,False,False,False,False,False,False,0.042,-0.004,True,False,LOW
109.246,,4.75,-167.45,-1.96,4.65,3.71,0.7,False,False,False,False,False,False,0.033,-0.0,True,False,LOW
109.435,,4.8,-167.34,-1.91,4.76,3.99,0.68,False,False,False,False,False,False,0.036,-0.002,True,False,LOW
109.458,,5.12,-167.47,-1.86,4.82,4.0,0.69,False,False,False,False,False,False,0.04,-0.006,True,False,LOW
109.625,,5.12,-167.56,-1.86,5.0,4.0,0.7,False,False,False,False,False,False,0.044,-0.004,True,False,LOW
109.648,,4.68,-167.78,-2.01,4.97,3.97,0.69,False,False,False,False,False,False,0.043,-0.004,True,False,LOW
109.821,,4.58,-167.76,-2.03,4.8,3.88,0.62,False,False,False,False,False,False,0.042,-0.006,True,False,LOW
109.845,,4.75,-167.41,-2.0,4.8,3.92,0.61,False,False,False,False,False,False,0.022,-0.004,True,False,LOW
110.013,,4.84,-167.82,-1.97,4.85,3.83,0.61,False,False,False,False,False,False,0.027,-0.003,True,False,LOW
110.036,,4.49,-168.09,-2.17,4.81,3.78,0.58,False,False,False,False,False,False,0.002,0.002,True,False,LOW
110.223,,4.98,-167.65,-2.07,4.93,3.85,0.54,False,False,False,False,False,False,-0.001,0.002,True,False,LOW
110.247,,4.98,-168.0,-2.1,4.95,3.81,0.54,False,False,False,False,False,False,0.002,0.001,True,False,LOW
110.412,,4.83,-168.67,-2.05,4.92,3.34,0.53,False,False,False,False,False,False,0.024,-0.003,True,False,LOW
110.435,,4.85,-168.27,-1.96,4.92,3.33,0.54,False,False,False,False,False,False,0.024,-0.005,True,False,LOW
110.62,,4.88,-168.9,-1.94,4.93,2.97,0.6,False,False,False,False,False,False,0.034,-0.002,True,False,LOW
110.643,,4.56,-168.68,-2.02,4.89,2.95,0.59,False,False,False,False,False,False,0.033,0.002,True,False,LOW
110.811,,4.47,-168.23,-2.03,4.7,3.15,0.57,False,False,False,False,False,False,0.035,0.0,True,False,LOW
110.834,,4.67,-168.56,-2.05,4.71,3.13,0.56,False,False,False,False,False,False,0.035,-0.001,True,False,LOW
111.006,,4.47,-169.12,-2.07,4.61,2.77,0.54,False,False,False,False,False,False,0.037,0.001,True,False,LOW
111.035,,4.57,-168.83,-2.02,4.62,2.76,0.54,False,False,False,False,False,False,0.038,-0.0,True,False,LOW
111.212,,4.64,-169.1,-2.01,4.66,2.6,0.56,False,False,False,False,False,False,0.04,-0.003,True,False,LOW
111.237,,4.74,-169.11,-1.99,4.68,2.58,0.56,False,False,False,False,False,False,0.046,-0.005,True,False,LOW
111.407,,4.49,-168.94,-1.92,4.61,2.6,0.61,False,False,False,False,False,False,0.044,-0.004,True,False,LOW
111.433,,4.44,-168.95,-1.98,4.6,2.6,0.61,False,False,False,False,False,False,0.043,-0.003,True,False,LOW
111.613,,4.86,-168.52,-1.89,4.77,2.84,0.65,False,False,False,False,False,False,0.046,-0.005,True,False,LOW
111.636,,4.55,-168.26,-1.88,4.75,2.9,0.66,False,False,False,False,False,False,0.043,-0.003,True,False,LOW
111.809,,4.4,-168.56,-1.69,4.6,2.95,0.78,False,False,False,False,False,False,0.081,-0.01,True,False,LOW
111.836,,3.6,-167.74,-1.61,4.46,3.08,0.81,False,False,False,False,False,False,0.074,-0.009,True,False,LOW
112.102,,-2.36,-167.83,-2.43,0.04,3.49,0.39,False,False,False,False,True,True,0.116,-0.019,True,False,LOW
112.127,,-7.33,-168.68,-3.12,-1.27,3.41,0.26,False,False,False,False,True,True,0.118,-0.016,True,False,LOW
112.234,,-7.81,-168.81,-3.2,-4.41,3.14,-0.1,False,False,False,False,True,True,0.109,-0.009,True,False,LOW
112.259,,-5.96,-167.03,-2.77,-4.68,3.34,-0.11,False,False,False,False,True,True,0.113,-0.017,True,False,LOW
112.417,,-6.18,-167.6,-2.65,-5.47,3.65,-0.09,False,False,False,False,True,True,0.116,-0.012,True,False,LOW
112.441,,-5.25,-167.5,-2.48,-5.43,3.71,-0.07,False,False,False,False,True,True,0.118,-0.015,True,False,LOW
112.61,,-4.89,-167.46,-2.42,-5.11,3.91,0.05,False,False,False,False,True,True,0.119,-0.016,True,False,LOW
112.634,,-4.7,-167.57,-2.25,-5.04,3.92,0.09,False,False,False,False,True,True,0.117,-0.009,True,False,LOW
112.811,,-4.59,-167.44,-2.13,-4.77,4.03,0.28,False,False,False,False,True,True,0.141,-0.022,True,False,LOW
112.835,,-4.33,-167.54,-1.97,-4.71,4.03,0.32,False,False,False,False,True,True,0.146,-0.018,True,False,LOW
113.006,,-4.0,-167.59,-1.96,-4.31,4.0,0.48,False,False,False,False,True,True,0.15,-0.014,True,False,LOW
113.035,,-3.4,-167.61,-1.93,-4.15,3.99,0.51,False,False,False,False,True,True,0.175,-0.024,True,False,LOW
113.211,,-3.9,-167.31,-1.73,-3.98,4.13,0.69,False,False,False,False,True,True,0.187,-0.016,True,False,LOW
113.236,,-3.35,-167.96,-1.61,-3.89,4.05,0.73,False,False,False,False,True,True,0.181,-0.013,True,False,LOW
113.405,,-2.5,-168.37,-2.09,-3.12,3.6,0.6,False,False,False,False,True,True,0.148,0.012,True,False,LOW
113.434,,-2.77,-168.26,-1.93,-3.05,3.56,0.61,False,False,False,False,True,True,0.169,-0.014,True,False,LOW
113.616,,-2.85,-168.51,-1.65,-2.91,3.28,0.78,False,False,False,False,True,True,0.175,-0.021,True,False,LOW
113.641,,-3.33,-168.49,-1.6,-2.96,3.25,0.81,False,False,False,False,True,True,0.172,-0.018,True,False,LOW
113.807,,-3.5,-168.14,-1.65,-3.21,3.34,0.87,False,False,False,False,True,True,0.166,-0.018,True,False,LOW
113.833,,-3.66,-168.02,-1.73,-3.26,3.37,0.87,False,False,False,False,True,True,0.161,-0.019,True,False,LOW
114.012,,-2.97,-167.76,-1.69,-3.08,3.6,0.88,False,False,False,False,True,True,0.171,-0.02,True,False,LOW
114.037,,-3.37,-168.02,-1.49,-3.11,3.59,0.91,False,False,False,False,True,True,0.158,-0.017,True,False,LOW
114.205,,-3.09,-168.46,-1.53,-3.07,3.34,0.98,False,False,False,False,True,True,0.148,-0.013,True,False,LOW
114.234,,-2.9,-168.63,-1.51,-3.03,3.27,1.0,False,False,False,False,True,True,0.144,-0.016,True,False,LOW
114.411,,-3.19,-168.65,-1.6,-3.08,3.08,0.99,False,False,False,False,True,True,0.141,-0.019,True,False,LOW
114.433,,-3.42,-168.61,-1.65,-3.12,3.06,0.98,False,False,False,False,True,True,0.152,-0.014,True,False,LOW
114.607,,-3.62,-167.69,-1.64,-3.35,3.49,0.96,False,False,False,False,True,True,0.167,-0.015,True,False,LOW
114.636,,-4.12,-167.58,-1.67,-3.46,3.56,0.95,False,False,False,False,True,True,0.15,-0.015,True,False,LOW
114.811,,-3.4,-167.58,-1.79,-3.4,3.78,0.87,False,False,False,False,True,True,0.16,-0.018,True,False,MODERATE
114.834,,-3.58,-167.86,-1.73,-3.41,3.77,0.86,False,False,False,False,True,True,0.154,-0.015,True,False,MODERATE
115.005,,-3.19,-167.47,-1.73,-3.27,3.94,0.86,False,False,False,False,True,True,0.162,-0.017,True,False,MODERATE
115.034,,-3.23,-167.74,-1.66,-3.25,3.92,0.87,False,False,False,False,True,True,0.162,-0.016,True,False,MODERATE
115.21,,-3.35,-167.54,-1.89,-3.27,3.97,0.77,False,False,False,False,True,True,0.124,-0.013,True,False,MODERATE
115.232,,-3.2,-167.67,-1.81,-3.26,3.96,0.77,False,False,False,False,True,True,0.137,-0.018,True,False,MODERATE
115.408,,-3.66,-167.78,-1.7,-3.44,3.87,0.83,False,False,False,False,True,True,0.142,-0.014,True,False,MODERATE
115.433,,-3.6,-167.98,-1.67,-3.45,3.83,0.84,False,False,False,False,True,True,0.146,-0.016,True,False,MODERATE
115.612,,-3.46,-167.93,-1.74,-3.42,3.72,0.84,False,False,False,False,True,True,0.149,-0.022,True,False,MODERATE
115.745,,-3.55,-167.35,-1.77,-3.45,3.94,0.83,False,False,False,False,True,True,0.146,-0.021,True,False,MODERATE
115.855,,-3.98,-167.53,-1.76,-3.65,3.98,0.82,False,False,False,False,True,True,0.142,-0.016,True,False,MODERATE
115.878,,-3.58,-167.33,-1.77,-3.63,4.01,0.82,False,False,False,False,True,True,0.145,-0.021,True,False,MODERATE
116.01,,-3.09,-167.09,-1.81,-3.36,4.22,0.8,False,False,False,False,False,False,0.099,-0.021,True,False,MODERATE
116.033,,-2.41,-166.57,-2.19,-3.22,4.32,0.75,False,False,False,False,False,False,0.01,-0.013,True,False,MODERATE
116.206,,-2.75,-167.45,-2.3,-2.94,4.21,0.5,False,False,False,False,False,False,0.005,-0.011,True,False,MODERATE
116.233,,-2.3,-167.94,-2.37,-2.84,4.12,0.46,False,False,False,False,False,False,-0.003,-0.003,True,False,MODERATE
116.411,,-2.15,-168.27,-2.19,-2.43,3.68,0.42,False,False,False,False,False,False,0.001,-0.001,True,False,MODERATE
116.435,,-2.16,-167.95,-2.25,-2.39,3.67,0.41,False,False,False,False,False,False,0.003,-0.003,True,False,MODERATE
116.606,,-2.38,-168.21,-2.35,-2.35,3.5,0.32,False,False,False,False,False,False,-0.002,0.002,True,False,MODERATE
116.634,,-2.38,-168.06,-2.44,-2.35,3.5,0.29,False,False,False,False,False,False,0.0,0.002,True,False,MODERATE
116.824,,-2.57,-168.29,-2.44,-2.44,3.38,0.21,False,False,False,False,False,False,-0.012,0.004,True,False,MODERATE
116.848,,-2.5,-169.0,-2.4,-2.44,3.26,0.2,False,False,False,False,False,False,-0.009,0.004,True,False,MODERATE
117.011,,-2.77,-168.7,-2.41,-2.58,3.06,0.19,False,False,False,False,False,False,-0.0,0.003,True,False,MODERATE
117.035,,-3.18,-168.77,-2.77,-2.65,3.02,0.14,False,False,False,False,False,False,-0.011,0.011,True,False,MODERATE
117.224,,-2.65,-168.17,-2.85,-2.62,3.22,-0.09,False,False,False,False,False,False,-0.016,0.004,True,False,MODERATE
117.248,,-3.19,-168.34,-2.63,-2.68,3.22,-0.08,False,False,False,False,False,False,-0.003,-0.005,True,False,MODERATE
117.418,,-3.09,-169.1,-2.47,-2.86,2.83,0.02,False,False,False,False,False,False,-0.002,-0.002,True,False,MODERATE
117.441,,-2.87,-168.93,-2.51,-2.86,2.8,0.02,False,False,False,False,False,False,-0.004,0.0,True,False,MODERATE
117.625,,-2.83,-168.81,-2.5,-2.81,2.77,0.05,False,False,False,False,False,False,-0.003,0.0,True,False,MODERATE
117.648,,-2.38,-168.86,-2.48,-2.75,2.76,0.06,False,False,False,False,False,False,-0.002,-0.0,True,False,MODERATE
117.807,,-2.93,-168.87,-2.48,-2.81,2.73,0.08,False,False,False,False,False,False,-0.004,0.003,True,False,MODERATE
117.834,,-2.65,-168.86,-2.45,-2.78,2.72,0.09,False,False,False,False,False,False,-0.004,0.003,True,False,MODERATE
118.014,,-2.68,-169.14,-2.38,-2.69,2.56,0.15,False,False,False,False,False,False,-0.001,0.001,True,False,MODERATE
118.038,,-2.63,-168.96,-2.38,-2.68,2.57,0.15,False,False,False,False,False,False,-0.008,0.001,True,False,MODERATE
118.205,,-2.0,-168.79,-2.56,-2.3,2.67,0.09,False,False,False,False,False,False,-0.007,0.002,True,False,MODERATE
118.233,,-1.69,-168.05,-2.31,-2.19,2.8,0.11,False,False,False,False,False,False,-0.008,-0.006,True,False,MODERATE
118.413,,-0.72,-168.36,-2.6,-1.36,3.01,0.04,False,False,False,False,False,False,-0.009,-0.0,True,False,MODERATE
118.437,,0.25,-168.5,-2.44,-1.12,3.02,0.06,False,False,False,False,False,False,-0.0,-0.003,True,False,MODERATE
118.608,,-0.09,-168.8,-2.6,-0.54,2.89,0.02,False,False,False,False,False,False,0.002,-0.006,True,False,MODERATE
118.633,,0.09,-168.45,-2.86,-0.44,2.92,-0.02,False,False,False,False,False,False,-0.006,-0.002,True,False,MODERATE
118.812,,0.44,-168.52,-3.1,0.07,2.98,-0.29,False,False,False,False,False,False,-0.008,0.004,True,False,MODERATE
118.839,,-0.22,-168.92,-3.12,0.04,2.93,-0.33,False,False,False,False,False,False,-0.002,-0.006,True,False,MODERATE
119.007,,-0.07,-169.51,-3.09,0.01,2.47,-0.42,False,False,False,False,False,False,0.0,-0.008,True,False,MODERATE
119.034,,-1.07,-168.93,-3.02,-0.14,2.5,-0.42,False,False,False,False,False,False,0.014,-0.006,True,False,MODERATE
119.214,,-1.22,-168.06,-2.95,-0.69,3.03,-0.4,False,False,False,False,False,False,0.017,-0.006,True,False,MODERATE
119.238,,-1.47,-168.44,-2.88,-0.79,3.04,-0.38,False,False,False,False,False,False,0.009,-0.009,True,False,LOW
119.409,,-1.67,-168.58,-2.85,-1.22,3.01,-0.32,False,False,False,False,False,False,0.005,0.0,True,False,LOW
119.434,,-1.52,-169.35,-2.7,-1.26,2.9,-0.3,False,False,False,False,False,False,-0.001,0.003,True,False,LOW
119.609,,-1.0,-169.68,-2.88,-1.09,2.36,-0.3,False,False,False,False,False,False,-0.002,-0.002,True,False,LOW
119.631,,-2.01,-168.83,-2.74,-1.2,2.4,-0.28,False,False,False,False,False,False,0.006,-0.007,True,False,LOW
119.807,,-1.67,-169.51,-2.72,-1.42,2.22,-0.21,False,False,False,False,False,False,0.011,-0.006,True,False,LOW
119.835,,-1.47,-169.61,-2.61,-1.42,2.18,-0.18,False,False,False,False,False,False,0.009,-0.007,True,False,LOW
120.011,,-1.68,-169.79,-2.61,-1.52,1.96,-0.1,False,False,False,False,False,False,0.011,-0.005,True,False,LOW
120.033,,-1.82,-170.28,-2.63,-1.55,1.88,-0.09,False,False,False,False,False,False,0.009,-0.007,True,False,LOW
120.207,,-2.57,-169.58,-2.79,-2.06,1.93,-0.15,False,False,False,False,False,False,0.013,-0.004,True,False,LOW
120.234,,-2.61,-169.76,-2.72,-2.13,1.91,-0.15,False,False,False,False,False,False,0.011,-0.003,True,False,LOW
120.411,,-2.11,-170.29,-2.54,-2.09,1.57,-0.05,False,False,False,False,False,False,0.008,-0.003,True,False,LOW
120.434,,-2.26,-169.89,-2.6,-2.1,1.58,-0.05,False,False,False,False,False,False,0.007,-0.003,True,False,LOW
120.608,,-2.28,-169.7,-2.57,-2.16,1.73,-0.02,False,False,False,False,False,False,0.01,-0.003,True,False,LOW
120.631,,-2.43,-169.53,-2.55,-2.19,1.77,-0.01,False,False,False,False,False,False,0.009,-0.003,True,False,LOW
120.809,,-2.56,-169.94,-2.62,-2.36,1.69,-0.03,False,False,False,False,False,False,0.007,-0.004,True,False,LOW
120.832,,-2.67,-170.12,-2.64,-2.39,1.66,-0.03,False,False,False,False,False,False,0.009,-0.002,True,False,LOW
121.004,,-2.59,-169.79,-2.69,-2.46,1.72,-0.07,False,False,False,False,False,False,0.004,-0.004,True,False,LOW
121.029,,-2.6,-169.84,-2.66,-2.47,1.72,-0.07,False,False,False,False,False,False,0.001,-0.003,True,False,LOW
121.21,,-2.72,-169.5,-2.75,-2.57,1.9,-0.12,False,False,False,False,False,False,0.003,-0.001,True,False,LOW
121.234,,-2.66,-169.4,-2.7,-2.58,1.93,-0.12,False,False,False,False,False,False,0.002,-0.002,True,False,LOW
121.409,,-2.67,-169.41,-2.76,-2.59,2.05,-0.15,False,False,False,False,False,False,0.005,-0.002,True,False,LOW
121.433,,-2.41,-169.28,-2.73,-2.56,2.08,-0.15,False,False,False,False,False,False,0.0,-0.004,True,False,LOW
121.612,,-2.43,-169.03,-2.78,-2.46,2.32,-0.18,False,False,False,False,False,False,-0.002,-0.004,True,False,LOW
121.634,,-2.19,-169.32,-2.73,-2.42,2.31,-0.17,False,False,False,False,False,False,0.001,-0.006,True,False,LOW
121.809,,-2.07,-169.31,-2.58,-2.2,2.28,-0.08,False,False,False,False,False,False,-0.002,-0.008,True,False,LOW
121.832,,-2.01,-169.54,-2.59,-2.17,2.25,-0.07,False,False,False,False,False,False,-0.001,-0.008,True,False,LOW
122.016,,-1.8,-169.68,-2.47,-1.94,2.05,0.03,False,False,False,False,False,False,0.001,-0.008,True,False,LOW
122.042,,-1.65,-168.23,-2.65,-1.89,2.23,0.01,False,False,False,False,True,True,-0.061,-0.044,True,False,LOW
122.207,,-1.11,-168.72,-2.94,-1.45,2.55,-0.18,False,False,False,False,True,True,-0.094,-0.05,True,False,LOW
122.232,,2.56,-167.63,-2.67,-0.82,2.75,-0.17,False,False,False,False,True,True,-0.097,-0.043,True,False,LOW
122.413,,8.15,-169.75,-1.55,4.52,2.24,0.48,False,False,False,False,True,True,-0.095,-0.071,True,False,LOW
122.438,,9.57,-169.9,-1.15,5.46,2.16,0.61,False,False,False,False,True,True,-0.103,-0.064,True,False,LOW
122.607,,6.79,-169.65,-1.77,6.25,2.03,0.72,False,False,False,False,True,True,-0.089,-0.059,True,False,LOW
122.63,,4.46,-168.02,-1.91,6.0,2.23,0.71,False,False,False,False,True,True,-0.093,-0.049,True,False,LOW
122.811,,4.29,-168.07,-1.88,5.11,2.92,0.7,False,False,False,False,True,True,-0.097,-0.05,True,False,LOW
122.836,,4.83,-168.28,-1.82,5.08,2.97,0.71,False,False,False,False,True,True,-0.095,-0.049,True,False,LOW
123.011,,4.67,-168.72,-1.91,4.9,2.9,0.69,False,False,False,False,True,True,-0.1,-0.053,True,False,LOW
123.034,,4.35,-168.7,-2.03,4.83,2.9,0.67,False,False,False,False,True,True,-0.106,-0.057,True,False,LOW
123.21,,4.77,-168.86,-2.07,4.83,2.79,0.59,False,False,False,False,True,True,-0.103,-0.061,True,False,LOW
123.233,,4.81,-168.66,-2.1,4.84,2.81,0.57,False,False,False,False,True,True,-0.099,-0.062,True,False,LOW
123.409,,5.25,-168.67,-1.86,5.09,2.85,0.65,False,False,False,False,True,True,-0.133,-0.057,True,False,LOW
123.432,,6.04,-169.16,-1.82,5.21,2.8,0.66,False,False,False,False,True,True,-0.138,-0.076,True,False,LOW
123.611,,5.76,-168.65,-1.81,5.54,2.86,0.72,False,False,False,False,True,True,-0.136,-0.075,True,False,LOW
123.638,,6.09,-168.93,-1.89,5.63,2.82,0.72,False,False,False,False,True,True,-0.138,-0.069,True,False,LOW
123.806,,6.31,-169.56,-1.84,6.02,2.4,0.73,False,False,False,False,True,True,-0.15,-0.078,True,False,LOW
123.829,,6.49,-168.81,-1.91,6.09,2.44,0.72,False,False,False,False,True,True,-0.121,-0.072,True,False,LOW
124.01,,5.91,-169.02,-1.97,6.03,2.49,0.66,False,False,False,False,True,True,-0.113,-0.063,True,False,LOW
124.033,,6.0,-169.21,-2.07,6.03,2.48,0.64,False,False,False,False,True,True,-0.103,-0.07,True,False,LOW
124.205,,6.06,-169.12,-2.24,6.08,2.46,0.48,False,False,False,False,True,True,-0.095,-0.063,True,False,LOW
124.229,,5.47,-168.95,-2.16,6.01,2.48,0.48,False,False,False,False,True,True,-0.095,-0.052,True,False,LOW
124.42,,5.67,-168.92,-2.06,5.85,2.57,0.5,False,False,False,False,True,True,-0.092,-0.054,True,False,LOW
124.442,,5.53,-169.66,-2.23,5.82,2.48,0.48,False,False,False,False,True,True,-0.075,-0.059,True,False,LOW
124.604,,5.61,-169.16,-2.08,5.74,2.44,0.49,False,False,False,False,True,True,-0.078,-0.049,True,False,LOW
124.626,,5.67,-169.83,-2.23,5.74,2.35,0.47,False,False,False,False,True,True,-0.072,-0.055,True,False,LOW
124.827,,5.63,-169.65,-2.08,5.71,2.1,0.49,False,False,False,False,True,True,-0.08,-0.052,True,False,MODERATE
124.849,,6.04,-169.97,-2.13,5.76,2.04,0.48,False,False,False,False,True,True,-0.073,-0.059,True,False,MODERATE
125.024,,5.78,-169.59,-2.14,5.8,2.0,0.46,False,False,False,False,True,True,-0.075,-0.053,True,False,MODERATE
125.051,,5.76,-169.76,-2.29,5.8,1.97,0.44,False,False,False,False,True,True,-0.072,-0.052,True,False,MODERATE
125.227,,5.41,-168.81,-2.11,5.63,2.38,0.45,False,False,False,False,True,True,-0.07,-0.044,True,False,MODERATE
125.252,,5.63,-169.51,-2.08,5.64,2.34,0.46,False,False,False,False,True,True,-0.068,-0.045,True,False,MODERATE
125.421,,6.01,-169.8,-2.14,5.86,2.04,0.45,False,False,False,False,True,True,-0.068,-0.049,True,False,MODERATE
125.446,,6.04,-169.73,-1.91,5.89,2.01,0.48,False,False,False,False,True,True,-0.055,-0.041,True,False,MODERATE
125.626,,6.5,-170.09,-1.84,6.25,1.72,0.62,False,False,False,False,False,False,-0.049,-0.034,True,False,MODERATE
125.718,,6.28,-169.58,-1.78,6.28,1.82,0.69,False,False,False,False,False,False,-0.044,-0.033,True,False,MODERATE
125.825,,6.71,-169.03,-1.64,6.48,2.11,0.79,False,False,False,False,False,False,-0.043,-0.032,True,False,MODERATE
125.855,,7.13,-169.16,-1.72,6.6,2.15,0.8,False,False,False,False,True,True,-0.045,-0.036,True,False,MODERATE
126.013,,7.05,-169.1,-1.68,6.86,2.31,0.85,False,False,False,False,False,False,-0.042,-0.034,True,False,MODERATE
126.038,,6.88,-169.29,-1.82,6.87,2.3,0.84,False,False,False,False,True,True,-0.077,-0.044,True,False,MODERATE
126.207,,6.95,-169.25,-1.86,6.94,2.31,0.78,False,False,False,False,True,True,-0.073,-0.045,True,False,MODERATE
126.23,,7.04,-169.23,-1.82,6.96,2.31,0.77,False,False,False,False,True,True,-0.075,-0.049,True,False,MODERATE
126.415,,7.0,-169.85,-1.92,7.02,1.99,0.71,False,False,False,False,True,True,-0.076,-0.048,True,False,MODERATE
126.438,,6.49,-169.44,-1.91,6.96,2.0,0.71,False,False,False,False,True,True,-0.045,-0.041,True,False,MODERATE
126.604,,5.43,-169.82,-1.52,6.19,1.87,0.89,False,False,False,False,False,False,0.071,-0.024,True,False,MODERATE
126.626,,5.07,-169.78,-1.75,6.06,1.86,0.88,False,False,False,False,False,False,0.052,-0.014,True,False,MODERATE
126.812,,4.98,-169.76,-2.01,5.5,1.83,0.71,False,False,False,False,False,False,0.022,-0.003,True,False,MODERATE
126.836,,4.84,-169.83,-2.01,5.42,1.81,0.69,False,False,False,False,False,False,0.023,-0.004,True,False,MODERATE
127.009,,4.05,-169.77,-1.96,4.71,1.8,0.66,False,False,False,False,False,False,0.042,-0.005,True,False,MODERATE
127.034,,3.92,-170.33,-2.07,4.61,1.72,0.64,False,False,False,False,False,False,0.005,0.002,True,False,MODERATE
127.212,,4.51,-169.55,-1.86,4.59,1.88,0.68,False,False,False,False,False,False,0.017,-0.011,True,False,MODERATE
127.235,,4.57,-169.94,-1.82,4.59,1.84,0.69,False,False,False,False,False,False,0.015,-0.006,True,False,MODERATE
127.407,,4.29,-169.99,-1.87,4.47,1.7,0.7,False,False,False,False,False,False,0.009,-0.004,True,False,MODERATE
127.43,,4.5,-170.03,-1.95,4.48,1.68,0.69,False,False,False,False,False,False,0.011,-0.007,True,False,MODERATE
127.612,,4.76,-169.97,-1.92,4.66,1.63,0.67,False,False,False,False,False,False,0.011,-0.007,True,False,MODERATE
127.635,,4.7,-170.07,-1.92,4.67,1.61,0.67,False,False,False,False,False,False,0.012,-0.007,True,False,MODERATE
127.808,,4.66,-170.01,-1.9,4.7,1.58,0.68,False,False,False,False,False,False,0.01,-0.006,True,False,MODERATE
127.832,,4.49,-170.12,-1.91,4.68,1.56,0.68,False,False,False,False,False,False,0.032,-0.008,True,False,MODERATE
128.012,,4.3,-169.81,-1.9,4.51,1.66,0.68,False,False,False,False,False,False,0.029,-0.005,True,False,MODERATE
128.034,,4.44,-169.89,-1.84,4.51,1.66,0.69,False,False,False,False,False,False,0.051,-0.007,True,False,MODERATE
128.209,,4.77,-170.17,-1.85,4.68,1.52,0.71,False,False,False,False,False,False,0.051,-0.001,True,False,MODERATE
128.236,,4.87,-170.25,-1.89,4.71,1.49,0.71,False,False,False,False,False,False,0.053,-0.003,True,False,MODERATE
128.412,,4.43,-170.6,-2.2,4.6,1.21,0.53,False,False,False,False,False,False,0.031,0.053,False,False,MODERATE
128.435,,4.5,-169.55,-1.73,4.59,1.31,0.57,False,False,False,False,False,False,0.041,-0.02,True,False,MODERATE
128.726,,4.05,-169.08,-1.66,4.28,2.07,0.8,False,False,False,False,False,False,0.045,-0.008,True,False,MODERATE
128.747,,4.08,-168.85,-1.75,4.26,2.15,0.8,False,False,False,False,False,False,0.044,-0.005,True,False,MODERATE
128.853,,4.42,-168.69,-1.79,4.35,2.45,0.8,False,False,False,False,False,False,0.024,-0.008,True,False,MODERATE
128.877,,4.42,-169.18,-1.74,4.37,2.44,0.8,False,False,False,False,False,False,0.02,-0.005,True,False,MODERATE
129.002,,4.39,-169.43,-1.72,4.4,2.3,0.83,False,False,False,False,False,False,0.022,-0.007,True,False,MODERATE
129.027,,4.26,-169.38,-1.68,4.39,2.28,0.84,False,False,False,False,False,False,0.022,-0.006,True,False,MODERATE
129.212,,3.94,-169.67,-1.8,4.18,2.07,0.81,False,False,False,False,False,False,0.021,-0.006,True,False,MODERATE
129.237,,4.1,-169.76,-1.81,4.18,2.03,0.8,False,False,False,False,False,False,0.023,-0.005,True,False,MODERATE
129.405,,3.8,-169.95,-1.88,4.01,1.81,0.75,False,False,False,False,False,False,0.015,-0.005,True,False,MODERATE
129.428,,3.9,-169.91,-1.87,4.01,1.79,0.74,False,False,False,False,False,False,0.014,-0.004,True,False,MODERATE
129.611,,4.04,-169.76,-1.83,4.06,1.8,0.75,False,False,False,False,False,False,0.046,-0.006,True,False,MODERATE
129.634,,3.98,-170.08,-1.82,4.05,1.76,0.75,False,False,False,False,False,False,0.051,-0.008,True,False,MODERATE
129.806,,4.13,-170.34,-1.78,4.12,1.47,0.78,False,False,False,False,False,False,0.052,-0.009,True,False,LOW
129.833,,3.93,-170.12,-1.81,4.11,1.47,0.77,False,False,False,False,False,False,0.055,-0.006,True,False,LOW
130.015,,3.86,-169.84,-1.88,4.01,1.6,0.73,False,False,False,False,False,False,0.041,-0.001,True,False,LOW
130.044,,4.13,-169.78,-1.9,4.03,1.63,0.73,False,False,False,False,False,False,0.036,-0.006,True,False,LOW
130.206,,3.84,-169.09,-1.87,3.97,2.06,0.72,False,False,False,False,False,False,0.033,-0.005,True,False,LOW
130.23,,3.85,-169.67,-1.86,3.96,2.04,0.72,False,False,False,False,False,False,0.033,-0.009,True,False,LOW
130.414,,3.98,-169.2,-1.89,4.0,2.21,0.7,False,False,False,False,False,False,0.023,-0.009,True,False,LOW
130.438,,4.0,-169.51,-1.88,4.01,2.19,0.7,False,False,False,False,False,False,0.024,-0.004,True,False,LOW
130.61,,3.91,-170.22,-1.87,3.99,1.74,0.71,False,False,False,False,False,False,0.006,0.012,True,False,LOW
130.634,,3.92,-169.25,-1.74,3.99,1.82,0.72,False,False,False,False,False,False,0.007,-0.005,True,False,LOW
130.809,,3.61,-168.84,-1.74,3.82,2.3,0.78,False,False,False,False,False,False,0.011,-0.006,True,False,LOW
130.834,,3.8,-168.9,-1.88,3.83,2.35,0.77,False,False,False,False,False,False,0.026,-0.008,True,False,LOW
131.006,,3.66,-169.38,-1.96,3.77,2.26,0.69,False,False,False,False,False,False,0.035,-0.002,True,False,LOW
131.028,,3.48,-169.83,-1.97,3.74,2.19,0.68,False,False,False,False,False,False,0.045,-0.005,True,False,LOW
131.192,,3.78,-169.52,-1.89,3.79,2.12,0.69,False,False,False,False,False,False,0.048,-0.009,True,False,LOW
131.226,,4.19,-169.74,-1.78,3.87,2.06,0.71,False,False,False,False,False,False,0.052,-0.008,True,False,LOW
131.408,,3.51,-169.72,-1.81,3.71,1.94,0.74,False,False,False,False,False,False,0.05,-0.009,True,False,LOW
131.433,,3.92,-169.75,-1.9,3.75,1.93,0.73,False,False,False,False,False,False,0.049,-0.009,True,False,LOW
131.594,,3.45,-169.82,-1.87,3.63,1.83,0.72,False,False,False,False,False,False,0.055,-0.011,True,False,LOW
131.625,,3.49,-169.91,-1.82,3.62,1.8,0.73,False,False,False,False,False,False,0.055,-0.01,True,False,LOW
131.805,,3.26,-169.8,-1.83,3.46,1.78,0.74,False,False,False,False,False,False,0.035,-0.004,True,False,LOW
131.829,,4.14,-169.9,-1.91,3.56,1.76,0.73,False,False,False,False,False,False,0.039,-0.003,True,False,LOW
131.994,,3.59,-169.84,-1.86,3.61,1.74,0.72,False,False,False,False,False,False,0.034,-0.004,True,False,LOW
132.024,,3.84,-169.97,-1.83,3.65,1.72,0.73,False,False,False,False,False,False,0.038,-0.004,True,False,LOW
132.204,,4.1,-169.6,-1.79,3.93,1.85,0.76,False,False,False,False,False,False,0.037,-0.002,True,False,LOW
132.228,,4.07,-169.97,-1.91,3.95,1.81,0.75,False,False,False,False,False,False,0.045,0.001,True,False,LOW
132.394,,4.24,-170.05,-1.73,4.13,1.66,0.8,False,False,False,False,False,False,0.069,0.0,True,False,LOW
132.427,,3.94,-169.69,-1.74,4.11,1.69,0.81,False,False,False,False,False,False,0.067,0.001,True,False,LOW
132.606,,4.11,-169.83,-1.62,4.14,1.71,0.89,False,False,False,False,False,False,0.066,0.004,True,False,LOW
132.63,,4.17,-169.62,-1.63,4.15,1.74,0.9,False,False,False,False,False,False,0.064,0.005,True,False,LOW
132.805,,3.95,-169.54,-1.65,4.08,1.89,0.91,False,False,False,False,False,False,0.064,0.004,True,False,LOW
132.829,,3.91,-170.06,-1.69,4.06,1.84,0.91,False,False,False,False,False,False,0.065,0.003,True,False,LOW
133.018,,4.07,-169.63,-1.87,4.1,1.89,0.8,False,False,False,False,False,False,0.035,0.001,True,False,LOW
133.043,,3.99,-169.7,-1.94,4.09,1.88,0.78,False,False,False,False,False,False,0.038,0.001,True,False,LOW
133.21,,4.12,-170.18,-1.96,4.14,1.62,0.7,False,False,False,False,False,False,0.035,0.0,True,False,LOW
133.234,,4.23,-170.46,-2.01,4.16,1.55,0.68,False,False,False,False,False,False,0.036,0.001,True,False,LOW
133.419,,4.34,-169.9,-1.9,4.29,1.61,0.68,False,False,False,False,False,False,0.051,0.003,True,False,LOW
133.442,,4.08,-170.5,-1.8,4.27,1.54,0.69,False,False,False,False,False,False,0.073,0.002,True,False,LOW
133.61,,3.65,-170.21,-1.81,3.98,1.44,0.73,False,False,False,False,False,False,0.072,0.004,True,False,LOW
133.636,,3.94,-170.6,-1.88,3.98,1.37,0.73,False,False,False,False,False,False,0.074,0.002,True,False,LOW
133.811,,3.86,-171.09,-1.87,3.95,0.89,0.72,False,False,False,False,False,False,0.076,0.003,True,False,LOW
133.834,,3.9,-170.9,-1.86,3.95,0.86,0.72,False,False,False,False,False,False,0.079,0.003,True,False,LOW
133.992,,3.76,-170.39,-1.91,3.89,1.02,0.69,False,False,False,False,False,False,0.079,0.004,True,False,LOW
134.026,,3.79,-170.3,-1.85,3.88,1.06,0.7,False,False,False,False,False,False,0.068,0.002,True,False,LOW
134.206,,4.24,-170.49,-1.82,4.1,1.06,0.73,False,False,False,False,False,False,0.071,-0.001,True,False,LOW
134.229,,4.03,-170.39,-1.86,4.1,1.08,0.73,False,False,False,False,False,False,0.073,0.002,True,False,LOW
134.392,,4.16,-170.12,-1.92,4.16,1.26,0.69,False,False,False,False,False,False,0.072,0.001,True,False,LOW
134.426,,3.64,-170.22,-1.97,4.08,1.28,0.68,False,False,False,False,False,False,0.075,-0.001,True,False,LOW
134.604,,3.88,-170.01,-1.83,4.01,1.42,0.72,False,False,False,False,False,False,0.07,-0.001,True,False,LOW
134.628,,4.23,-170.59,-2.22,4.04,1.36,0.67,False,False,False,False,False,False,0.031,0.053,False,False,LOW
134.802,,3.82,-169.07,-1.91,3.96,1.96,0.67,False,False,False,False,False,False,0.069,0.0,True,False,LOW
134.825,,3.5,-169.18,-1.98,3.91,2.01,0.66,False,False,False,False,False,False,0.058,0.002,True,False,LOW
135.003,,4.33,-169.25,-1.93,4.16,2.17,0.66,False,False,False,False,False,False,0.031,-0.004,True,False,LOW
135.027,,3.63,-170.01,-1.9,4.1,2.09,0.66,False,False,False,False,False,False,0.028,-0.004,True,False,LOW
135.194,,3.66,-169.71,-1.96,3.9,1.97,0.64,False,False,False,False,False,False,0.032,-0.004,True,False,LOW
135.224,,3.59,-169.21,-1.87,3.86,2.03,0.65,False,False,False,False,False,False,0.028,-0.003,True,False,LOW
135.404,,3.89,-169.26,-1.85,3.91,2.17,0.69,False,False,False,False,False,False,0.032,-0.0,True,False,LOW
135.428,,4.04,-169.09,-1.94,3.93,2.21,0.69,False,False,False,False,False,False,0.023,-0.0,True,False,LOW
135.593,,4.07,-169.5,-1.93,4.03,2.13,0.67,False,False,False,False,False,False,0.026,-0.003,True,False,LOW
135.626,,3.37,-169.36,-1.97,3.93,2.15,0.66,False,False,False,False,False,False,0.026,-0.003,True,False,LOW
135.804,,3.49,-169.47,-1.99,3.73,2.12,0.62,False,False,False,False,False,False,0.027,-0.001,True,False,LOW
135.828,,3.64,-169.39,-1.99,3.72,2.12,0.62,False,False,False,False,False,False,0.046,0.0,True,False,LOW
135.995,,3.55,-169.34,-1.88,3.67,2.17,0.66,False,False,False,False,False,False,0.068,-0.004,True,False,LOW
136.026,,3.67,-169.8,-1.79,3.68,2.1,0.68,False,False,False,False,False,False,0.068,-0.003,True,False,LOW
136.204,,3.38,-170.08,-1.75,3.55,1.77,0.76,False,False,False,False,False,False,0.066,-0.002,True,False,LOW
136.228,,3.4,-170.1,-1.83,3.54,1.73,0.76,False,False,False,False,False,False,0.07,-0.004,True,False,LOW
136.39,,3.74,-170.26,-1.82,3.67,1.51,0.76,False,False,False,False,False,False,0.076,-0.002,True,False,LOW
136.424,,3.51,-170.71,-1.83,3.65,1.39,0.76,False,False,False,False,False,False,0.075,-0.001,True,False,LOW
136.604,,3.34,-170.57,-1.86,3.52,1.18,0.74,False,False,False,False,False,False,0.075,0.002,True,False,LOW
136.627,,3.9,-170.41,-1.83,3.57,1.17,0.74,False,False,False,False,False,False,0.073,0.004,True,False,LOW
136.791,,3.99,-170.58,-1.87,3.82,1.07,0.72,False,False,False,False,False,False,0.075,0.002,True,False,LOW
136.824,,3.47,-170.42,-1.87,3.77,1.09,0.72,False,False,False,False,False,False,0.071,0.002,True,False,LOW
137.005,,3.54,-170.83,-1.89,3.68,0.9,0.7,False,False,False,False,False,False,0.072,0.001,True,False,LOW
137.029,,3.51,-170.73,-1.88,3.66,0.89,0.7,False,False,False,False,False,False,0.073,0.002,True,False,LOW
137.191,,3.91,-170.9,-1.84,3.82,0.77,0.72,False,False,False,False,False,False,0.078,0.0,True,False,LOW
137.225,,3.49,-171.06,-1.79,3.77,0.72,0.73,False,False,False,False,False,False,0.077,0.001,True,False,LOW
137.402,,3.37,-170.64,-1.82,3.59,0.83,0.75,False,False,False,False,False,False,0.078,0.0,True,False,LOW
137.426,,4.0,-170.59,-1.83,3.65,0.85,0.75,False,False,False,False,False,False,0.073,0.0,True,False,LOW
137.593,,3.76,-170.85,-1.89,3.74,0.78,0.72,False,False,False,False,False,False,0.068,-0.002,True,False,LOW
137.625,,4.16,-170.49,-1.84,3.82,0.83,0.72,False,False,False,False,False,False,0.065,-0.004,True,False,LOW
137.804,,3.43,-171.05,-1.69,3.65,0.66,0.81,False,False,False,False,False,False,0.087,-0.001,True,False,LOW
137.829,,3.22,-170.52,-1.81,3.6,0.71,0.81,False,False,False,False,False,False,0.087,0.0,True,False,LOW
138.004,,2.8,-170.53,-1.78,3.21,0.88,0.8,False,False,False,False,True,True,0.105,0.003,True,False,LOW
138.028,,2.84,-169.78,-1.47,3.17,1.0,0.84,False,False,False,False,True,True,0.185,-0.005,True,False,LOW
138.205,,2.85,-169.14,-1.55,3.03,1.77,0.94,False,False,False,False,True,True,0.205,-0.019,True,False,LOW
138.229,,1.03,-167.86,-1.77,2.76,2.05,0.92,False,False,False,False,True,True,0.208,-0.016,True,False,LOW
138.393,,-0.08,-168.61,-1.93,1.28,2.52,0.78,False,False,False,False,True,True,0.203,-0.024,True,False,LOW
138.424,,0.4,-168.38,-1.67,1.13,2.64,0.81,False,False,False,False,True,True,0.193,-0.023,True,False,LOW
138.604,,0.26,-169.03,-1.52,0.69,2.58,0.94,False,False,False,False,True,True,0.196,-0.017,True,False,LOW
138.628,,0.14,-168.84,-1.47,0.62,2.6,0.96,False,False,False,False,True,True,0.193,-0.019,True,False,LOW
138.794,,0.1,-168.62,-1.47,0.38,2.77,1.04,False,False,False,False,True,True,0.194,-0.019,True,False,LOW
138.824,,0.42,-168.54,-1.39,0.4,2.81,1.06,False,False,False,False,True,True,0.194,-0.018,True,False,LOW
139.004,,0.4,-168.36,-1.37,0.43,3.02,1.14,False,False,False,False,True,True,0.197,-0.02,True,False,LOW
139.028,,0.11,-168.55,-1.25,0.4,3.02,1.17,False,False,False,False,True,True,0.177,-0.016,True,False,LOW
139.194,,0.0,-168.97,-1.27,0.22,2.8,1.24,False,False,False,False,True,True,0.17,-0.017,True,False,LOW
139.225,,0.1,-168.59,-1.25,0.21,2.83,1.25,False,False,False,False,True,True,0.171,-0.018,True,False,LOW
139.411,,0.35,-169.0,-1.26,0.32,2.68,1.29,False,False,False,False,True,True,0.168,-0.017,True,False,LOW
139.434,,0.6,-168.82,-1.15,0.36,2.69,1.31,False,False,False,False,True,True,0.181,-0.02,True,False,LOW
139.592,,0.84,-168.59,-1.2,0.63,2.83,1.34,False,False,False,False,True,True,0.181,-0.017,True,False,LOW
139.625,,0.73,-168.92,-1.29,0.66,2.8,1.33,False,False,False,False,True,True,0.18,-0.015,True,False,LOW
139.804,,0.41,-168.95,-1.37,0.56,2.7,1.27,False,False,False,False,True,True,0.18,-0.017,True,False,LOW
139.828,,0.68,-169.13,-1.31,0.58,2.66,1.27,False,False,False,False,True,True,0.179,-0.018,True,False,LOW
139.995,,0.97,-168.91,-1.5,0.81,2.66,1.17,False,False,False,False,True,True,0.151,-0.014,True,False,LOW
140.025,,0.09,-169.11,-1.55,0.71,2.62,1.15,False,False,False,False,True,True,0.123,-0.015,True,False,LOW
140.205,,0.02,-169.57,-1.45,0.37,2.28,1.14,False,False,False,False,True,True,0.123,-0.013,True,False,LOW
140.228,,-0.25,-169.71,-1.52,0.3,2.23,1.13,False,False,False,False,True,True,0.128,-0.013,True,False,LOW
140.394,,-0.25,-168.93,-1.49,0.05,2.43,1.11,False,False,False,False,True,True,0.121,-0.01,True,False,LOW
140.424,,-0.15,-168.98,-1.49,0.02,2.46,1.11,False,False,False,False,True,True,0.118,-0.011,True,False,LOW
140.606,,0.06,-168.88,-1.55,0.08,2.58,1.07,False,False,False,False,True,True,0.121,-0.009,True,False,LOW
140.629,,0.19,-168.94,-1.53,0.1,2.58,1.06,False,False,False,False,True,True,0.129,-0.01,True,False,LOW
140.807,,-0.2,-168.93,-1.5,-0.03,2.61,1.07,False,False,False,False,True,True,0.123,-0.008,True,False,MODERATE
140.829,,-0.33,-169.0,-1.5,-0.06,2.6,1.07,False,False,False,False,True,True,0.126,-0.008,True,False,MODERATE
141.018,,0.22,-169.18,-1.5,0.13,2.48,1.08,False,False,False,False,True,True,0.126,-0.009,True,False,MODERATE
141.044,,0.38,-169.03,-1.47,0.17,2.49,1.08,False,False,False,False,True,True,0.129,-0.011,True,False,MODERATE
141.22,,-0.08,-169.16,-1.45,0.07,2.44,1.11,False,False,False,False,True,True,0.133,-0.009,True,False,MODERATE
141.244,,0.54,-169.08,-1.43,0.14,2.45,1.11,False,False,False,False,True,True,0.131,-0.009,True,False,MODERATE
141.42,,0.26,-168.96,-1.51,0.24,2.53,1.09,False,False,False,False,True,True,0.131,-0.012,True,False,MODERATE
141.444,,0.04,-169.29,-1.61,0.22,2.49,1.07,False,False,False,False,True,True,0.118,-0.011,True,False,MODERATE
141.616,,0.89,-168.68,-1.74,0.6,2.69,0.95,False,False,False,False,False,False,0.072,-0.015,True,False,MODERATE
141.759,,0.22,-169.0,-1.73,0.45,2.63,0.9,False,False,False,False,False,False,0.068,-0.021,True,False,MODERATE
141.865,,0.51,-168.98,-1.59,0.5,2.61,0.94,False,False,False,False,True,True,0.125,-0.009,True,False,MODERATE
141.889,,0.29,-169.21,-1.53,0.48,2.58,0.95,False,False,False,False,True,True,0.135,-0.016,True,False,MODERATE
141.992,,0.26,-168.77,-1.38,0.42,2.66,1.05,False,False,False,False,True,True,0.137,-0.014,True,False,MODERATE
142.016,,0.41,-168.7,-1.49,0.42,2.69,1.06,False,False,False,False,True,True,0.109,-0.012,True,False,MODERATE
142.205,,0.56,-168.56,-1.85,0.53,2.86,0.88,False,False,False,False,False,False,0.017,-0.003,True,False,MODERATE
142.227,,0.26,-168.58,-1.88,0.5,2.87,0.86,False,False,False,False,False,False,0.012,-0.006,True,False,MODERATE
142.394,,0.38,-169.06,-1.89,0.47,2.68,0.77,False,False,False,False,False,False,0.016,-0.007,True,False,MODERATE
142.419,,0.45,-169.17,-1.8,0.48,2.64,0.77,False,False,False,False,False,False,0.013,-0.008,True,False,MODERATE
142.606,,0.36,-168.83,-1.92,0.45,2.69,0.71,False,False,False,False,False,False,0.014,-0.005,True,False,MODERATE
142.629,,0.36,-168.64,-1.89,0.44,2.72,0.71,False,False,False,False,False,False,0.015,-0.009,True,False,MODERATE
142.796,,0.56,-168.7,-1.86,0.53,2.79,0.71,False,False,False,False,False,False,0.014,-0.004,True,False,MODERATE
142.82,,0.12,-168.45,-1.77,0.49,2.83,0.73,False,False,False,False,False,False,0.04,-0.01,True,False,MODERATE
143.003,,-0.11,-169.52,-1.65,0.2,2.41,0.84,False,False,False,False,False,False,0.039,0.017,True,False,MODERATE
143.026,,0.2,-168.63,-1.58,0.21,2.47,0.86,False,False,False,False,False,False,0.037,-0.015,True,False,MODERATE
143.196,,-0.05,-168.89,-1.84,0.1,2.58,0.8,False,False,False,False,False,False,0.039,-0.014,True,False,MODERATE
143.219,,0.71,-168.61,-1.89,0.19,2.62,0.78,False,False,False,False,False,False,0.043,-0.011,True,False,MODERATE
143.406,,-0.12,-168.81,-2.0,0.05,2.69,0.67,False,False,False,False,False,False,0.024,-0.006,True,False,MODERATE
143.429,,0.14,-169.08,-2.02,0.07,2.66,0.66,False,False,False,False,False,False,0.024,-0.007,True,False,MODERATE
143.592,,0.24,-168.97,-2.0,0.19,2.63,0.62,False,False,False,False,False,False,0.015,-0.008,True,False,MODERATE
143.615,,0.59,-168.86,-1.9,0.25,2.64,0.63,False,False,False,False,False,False,0.015,-0.006,True,False,MODERATE
143.808,,0.75,-168.76,-1.88,0.56,2.73,0.67,False,False,False,False,False,False,0.014,-0.005,True,False,MODERATE
143.832,,0.77,-168.73,-1.91,0.6,2.74,0.67,False,False,False,False,False,False,0.018,-0.006,True,False,MODERATE
143.995,,0.67,-168.23,-1.89,0.66,3.04,0.68,False,False,False,False,False,False,0.02,-0.008,True,False,MODERATE
144.017,,0.75,-168.36,-1.92,0.68,3.06,0.68,False,False,False,False,False,False,0.012,-0.003,True,False,MODERATE
144.203,,0.67,-168.66,-2.07,0.71,2.97,0.59,False,False,False,False,False,False,0.011,-0.003,True,False,MODERATE
144.227,,0.82,-168.77,-1.95,0.73,2.95,0.59,False,False,False,False,False,False,0.04,-0.007,True,False,MODERATE
144.394,,0.75,-168.91,-1.91,0.77,2.8,0.63,False,False,False,False,False,False,0.07,-0.002,True,False,MODERATE
144.418,,0.61,-168.76,-1.86,0.76,2.8,0.64,False,False,False,False,False,False,0.066,-0.008,True,False,MODERATE
144.604,,1.51,-168.21,-2.13,1.2,3.1,0.54,False,False,False,False,False,False,0.018,-0.005,True,False,MODERATE
144.627,,0.87,-168.73,-1.97,1.16,3.06,0.55,False,False,False,False,False,False,0.016,-0.005,True,False,MODERATE
144.793,,1.47,-168.45,-2.0,1.35,3.09,0.56,False,False,False,False,False,False,0.016,-0.004,True,False,MODERATE
144.953,,0.83,-168.73,-1.95,1.12,2.96,0.6,False,False,False,False,False,False,0.017,-0.006,True,False,MODERATE
145.058,,1.12,-168.45,-2.0,1.14,3.02,0.59,False,False,False,False,False,False,0.013,-0.004,True,False,MODERATE
145.081,,0.89,-169.0,-2.01,1.12,2.96,0.59,False,False,False,False,False,False,0.014,-0.004,True,False,MODERATE
145.192,,0.82,-168.63,-2.12,1.02,2.95,0.54,False,False,False,False,False,False,0.012,-0.005,True,False,MODERATE
145.215,,0.44,-168.83,-2.05,0.95,2.92,0.53,False,False,False,False,False,False,0.01,-0.005,True,False,MODERATE
145.405,,0.78,-168.98,-1.99,0.89,2.73,0.56,False,False,False,False,False,False,0.012,-0.003,True,False,LOW
145.428,,0.95,-169.33,-2.0,0.91,2.67,0.57,False,False,False,False,False,False,0.014,-0.003,True,False,LOW
145.594,,0.86,-169.1,-2.05,0.91,2.56,0.55,False,False,False,False,False,False,0.015,-0.005,True,False,LOW
145.616,,1.03,-168.91,-1.98,0.94,2.57,0.55,False,False,False,False,False,False,0.014,-0.003,True,False,LOW
145.805,,0.55,-169.27,-1.89,0.76,2.42,0.63,False,False,False,False,False,False,0.023,-0.006,True,False,LOW
145.828,,0.51,-169.06,-1.99,0.73,2.43,0.62,False,False,False,False,False,False,0.021,-0.008,True,False,LOW
145.993,,0.57,-169.22,-1.94,0.68,2.38,0.63,False,False,False,False,False,False,0.011,-0.005,True,False,LOW
146.017,,1.05,-168.88,-1.91,0.74,2.42,0.64,False,False,False,False,False,False,0.015,-0.004,True,False,LOW
146.208,,0.51,-169.19,-1.84,0.65,2.39,0.69,False,False,False,False,False,False,0.046,-0.009,True,False,LOW
146.232,,0.14,-168.51,-1.86,0.59,2.48,0.7,False,False,False,False,False,False,0.049,-0.012,True,False,LOW
146.394,,0.26,-168.67,-1.74,0.45,2.69,0.77,False,False,False,False,False,False,0.045,-0.016,True,False,LOW
146.417,,0.25,-169.51,-1.84,0.43,2.61,0.77,False,False,False,False,False,False,0.044,-0.018,True,False,LOW
146.607,,0.83,-169.56,-1.84,0.68,2.28,0.75,False,False,False,False,False,False,0.04,-0.004,True,False,LOW
146.629,,0.62,-167.96,-1.69,0.68,2.44,0.77,False,False,False,False,False,False,0.029,-0.013,True,False,LOW
146.795,,1.04,-168.39,-1.65,0.9,2.82,0.85,False,False,False,False,False,False,0.035,-0.018,True,False,LOW
146.818,,1.7,-167.38,-1.5,1.01,3.0,0.88,False,False,False,False,False,False,0.016,-0.008,True,False,LOW
147.004,,1.53,-167.0,-1.46,1.33,3.87,1.01,False,False,False,False,False,False,0.011,-0.007,True,False,LOW
147.027,,1.4,-168.18,-1.66,1.34,3.8,1.0,False,False,False,False,False,False,0.019,-0.009,True,False,LOW
147.194,,1.03,-168.37,-1.73,1.21,3.49,0.92,False,False,False,False,False,False,0.018,-0.008,True,False,LOW
147.219,,1.22,-167.84,-1.85,1.22,3.52,0.9,False,False,False,False,False,False,0.015,-0.007,True,False,LOW
147.406,,1.71,-168.43,-1.9,1.52,3.31,0.78,False,False,False,False,False,False,0.019,-0.007,True,False,LOW
147.428,,2.07,-168.7,-1.84,1.6,3.25,0.77,False,False,False,False,False,False,0.016,-0.004,True,False,LOW
147.603,,1.27,-169.25,-1.91,1.46,2.75,0.72,False,False,False,False,False,False,0.018,-0.003,True,False,LOW
147.626,,1.18,-169.07,-1.84,1.43,2.72,0.72,False,False,False,False,False,False,0.014,-0.007,True,False,LOW
147.807,,1.46,-169.28,-1.81,1.48,2.48,0.75,False,False,False,False,False,False,0.017,-0.005,True,False,LOW
147.83,,0.96,-169.09,-1.75,1.42,2.48,0.76,False,False,False,False,False,False,0.032,-0.005,True,False,LOW
147.993,,1.26,-169.3,-1.78,1.37,2.37,0.78,False,False,False,False,False,False,0.037,-0.011,True,False,LOW
148.016,,1.12,-169.6,-1.75,1.34,2.32,0.79,False,False,False,False,False,False,0.036,-0.007,True,False,LOW
148.207,,0.86,-169.31,-1.97,1.11,2.28,0.69,False,False,False,False,False,False,0.021,-0.004,True,False,LOW
148.231,,0.89,-169.39,-1.96,1.09,2.26,0.68,False,False,False,False,False,False,0.018,-0.007,True,False,LOW
148.396,,1.16,-169.14,-1.92,1.16,2.34,0.67,False,False,False,False,False,False,0.018,-0.005,True,False,LOW
148.42,,1.25,-169.13,-1.83,1.18,2.36,0.68,False,False,False,False,False,False,0.017,-0.004,True,False,LOW
148.606,,0.83,-169.41,-1.86,1.02,2.24,0.7,False,False,False,False,False,False,0.041,-0.01,True,False,LOW
148.629,,0.47,-168.6,-1.97,0.96,2.34,0.69,False,False,False,False,False,False,0.041,-0.011,True,False,LOW
148.806,,0.87,-168.55,-1.91,0.94,2.7,0.68,False,False,False,False,False,False,0.041,-0.007,True,False,LOW
148.829,,1.75,-167.93,-1.87,1.05,2.82,0.68,False,False,False,False,False,False,0.044,-0.006,True,False,LOW
149.011,,2.06,-168.0,-1.83,1.63,3.22,0.72,False,False,False,False,False,False,0.044,-0.005,True,False,LOW
149.035,,1.92,-168.3,-1.99,1.68,3.23,0.7,False,False,False,False,False,False,0.022,-0.006,True,False,LOW
149.205,,2.49,-168.05,-1.89,2.14,3.37,0.7,False,False,False,False,False,False,0.027,-0.009,True,False,LOW
149.228,,2.07,-168.64,-1.9,2.14,3.32,0.69,False,False,False,False,False,False,0.023,-0.006,True,False,LOW
149.417,,1.54,-168.62,-1.71,1.84,3.11,0.79,False,False,False,False,False,False,0.028,-0.005,True,False,LOW
149.441,,1.57,-168.58,-1.81,1.82,3.09,0.79,False,False,False,False,False,False,0.026,-0.006,True,False,LOW
149.607,,1.6,-168.71,-1.71,1.74,2.97,0.83,False,False,False,False,False,False,0.039,-0.004,True,False,LOW
149.631,,1.32,-168.92,-1.71,1.69,2.93,0.83,False,False,False,False,False,False,0.039,-0.006,True,False,LOW
149.806,,1.29,-168.87,-1.68,1.51,2.8,0.87,False,False,False,False,False,False,0.04,-0.006,True,False,LOW
149.828,,1.51,-169.06,-1.82,1.52,2.76,0.86,False,False,False,False,False,False,0.016,-0.003,True,False,LOW
149.997,,1.41,-168.75,-1.85,1.49,2.79,0.79,False,False,False,False,False,False,0.015,-0.007,True,False,LOW
150.024,,1.11,-169.04,-1.76,1.45,2.75,0.8,False,False,False,False,False,False,-0.058,-0.001,True,False,LOW
150.205,,1.91,-167.72,-1.86,1.72,3.33,0.76,False,False,False,False,False,False,-0.053,-0.001,True,False,LOW
150.228,,0.73,-168.11,-1.95,1.6,3.35,0.74,False,False,False,False,False,False,0.007,-0.001,True,False,LOW
150.392,,0.7,-168.44,-2.0,1.17,3.23,0.66,False,False,False,False,False,False,0.016,-0.004,True,False,LOW
150.415,,0.39,-168.4,-2.04,1.07,3.22,0.64,False,False,False,False,False,False,0.016,-0.004,True,False,LOW
150.606,,0.48,-169.02,-1.9,0.78,2.85,0.66,False,False,False,False,False,False,0.017,-0.006,True,False,LOW
150.629,,-0.0,-168.7,-1.93,0.68,2.85,0.66,False,False,False,False,False,False,0.014,-0.002,True,False,LOW
150.805,,0.12,-168.15,-2.06,0.41,3.14,0.59,False,False,False,False,False,False,0.012,-0.002,True,False,LOW
150.829,,0.19,-168.1,-2.09,0.39,3.19,0.57,False,False,False,False,False,False,0.005,-0.003,True,False,LOW
151.004,,0.9,-168.92,-2.21,0.69,2.9,0.47,False,False,False,False,False,False,-0.096,0.009,True,False,LOW
151.027,,1.78,-167.49,-2.25,0.84,3.05,0.45,False,False,False,False,True,True,-0.117,0.015,True,False,LOW
151.192,,1.71,-167.59,-2.24,1.32,3.53,0.39,False,False,False,False,True,True,-0.136,0.008,True,False,LOW
151.216,,3.72,-167.6,-2.19,1.68,3.59,0.39,False,False,False,False,True,True,-0.123,0.014,True,False,LOW
151.405,,7.91,-168.73,-1.71,5.36,3.17,0.65,False,False,False,False,True,True,-0.151,-0.001,True,False,LOW
151.429,,7.7,-169.77,-2.13,5.73,2.99,0.63,False,False,False,False,True,True,-0.164,-0.001,True,False,LOW
151.599,,6.33,-169.38,-2.05,6.09,2.56,0.58,False,False,False,False,True,True,-0.156,0.007,True,False,LOW
151.625,,6.12,-168.64,-1.99,6.1,2.61,0.58,False,False,False,False,True,True,-0.152,0.007,True,False,LOW
151.807,,6.83,-168.08,-1.93,6.54,3.08,0.62,False,False,False,False,True,True,-0.149,0.014,True,False,LOW
151.833,,6.27,-168.62,-2.04,6.51,3.06,0.61,False,False,False,False,True,True,-0.142,0.023,True,False,LOW
151.995,,6.37,-169.0,-1.95,6.47,2.81,0.62,False,False,False,False,True,True,-0.14,0.025,True,False,LOW
152.019,,5.83,-169.78,-2.07,6.39,2.67,0.6,False,False,False,False,True,True,-0.133,0.026,True,False,LOW
152.206,,5.67,-169.82,-2.07,6.03,2.16,0.55,False,False,False,False,True,True,-0.131,0.023,True,False,LOW
152.231,,5.07,-170.18,-2.05,5.9,2.05,0.55,False,False,False,False,True,True,-0.123,0.021,True,False,LOW
152.396,,5.19,-169.67,-2.16,5.57,1.96,0.48,False,False,False,False,True,True,-0.116,0.018,True,False,LOW
152.505,,5.71,-170.06,-2.11,5.65,1.77,0.48,False,False,False,False,True,True,-0.114,0.025,True,False,LOW
152.611,,5.78,-169.99,-2.1,5.73,1.69,0.48,False,False,False,False,True,True,-0.115,0.023,True,False,LOW
152.636,,6.26,-169.41,-2.07,5.81,1.75,0.48,False,False,False,False,True,True,-0.125,0.022,True,False,LOW
152.794,,6.43,-169.43,-2.17,6.15,1.94,0.45,False,False,False,False,True,True,-0.125,0.016,True,False,LOW
152.907,,6.26,-170.33,-2.36,6.22,1.64,0.35,False,False,False,False,False,False,0.031,0.053,False,False,LOW
153.007,,5.75,-170.41,-2.29,6.06,1.45,0.33,False,False,False,False,False,False,-0.079,0.029,True,False,LOW
153.031,,6.56,-169.86,-2.2,6.14,1.48,0.34,False,False,False,False,True,True,-0.132,0.024,True,False,LOW
153.193,,6.76,-169.97,-2.27,6.49,1.54,0.32,False,False,False,False,True,True,-0.138,0.016,True,False,LOW
153.306,,7.31,-169.04,-2.23,6.86,1.95,0.33,False,False,False,False,True,True,-0.117,0.016,True,False,LOW
153.415,,7.35,-169.23,-2.17,7.09,2.11,0.36,False,False,False,False,True,True,-0.128,0.013,True,False,LOW
153.438,,7.43,-169.08,-2.11,7.14,2.16,0.38,False,False,False,False,False,False,-0.096,0.013,True,False,LOW
153.592,,7.46,-169.71,-2.11,7.33,2.0,0.42,False,False,False,False,False,False,-0.095,0.01,True,False,LOW
153.705,,7.3,-168.88,-2.04,7.34,2.29,0.47,False,False,False,False,True,True,-0.14,0.014,True,False,LOW
153.812,,6.63,-168.86,-2.07,7.08,2.46,0.49,False,False,False,False,True,True,-0.129,0.018,True,False,LOW
153.837,,6.5,-169.19,-2.1,7.01,2.44,0.49,False,False,False,False,True,True,-0.134,0.011,True,False,LOW
154.008,,6.96,-168.88,-2.0,7.01,2.57,0.53,False,False,False,False,True,True,-0.128,0.009,True,False,LOW
154.104,,7.02,-168.71,-2.04,7.04,2.68,0.54,False,False,False,False,False,False,-0.099,0.008,True,False,LOW
154.209,,7.14,-168.72,-2.04,7.1,2.74,0.54,False,False,False,False,False,False,-0.093,0.006,True,False,LOW
154.233,,8.0,-168.97,-1.97,7.23,2.72,0.55,False,False,False,False,False,False,-0.088,0.01,True,False,LOW
154.399,,7.41,-169.46,-1.95,7.35,2.4,0.59,False,False,False,False,True,True,-0.124,0.01,True,False,LOW
154.504,,8.09,-169.33,-2.01,7.68,2.33,0.58,False,False,False,False,True,True,-0.134,0.004,True,False,MODERATE
154.611,,8.34,-169.5,-1.91,7.98,2.22,0.62,False,False,False,False,True,True,-0.139,0.004,True,False,MODERATE
154.634,,8.05,-168.81,-1.9,7.99,2.29,0.63,False,False,False,False,True,True,-0.14,0.001,True,False,MODERATE
154.794,,7.91,-169.12,-1.87,7.98,2.37,0.67,False,False,False,False,True,True,-0.14,0.007,True,False,MODERATE
154.905,,7.84,-169.04,-2.02,7.95,2.43,0.62,False,False,False,False,True,True,-0.15,-0.001,True,False,MODERATE
155.012,,8.42,-168.6,-1.97,8.16,2.65,0.62,False,False,False,False,True,True,-0.138,0.005,True,False,MODERATE
155.037,,7.66,-168.85,-2.13,8.1,2.65,0.59,False,False,False,False,True,True,-0.14,0.001,True,False,MODERATE
155.191,,8.79,-168.77,-2.01,8.47,2.72,0.58,False,False,False,False,True,True,-0.136,0.004,True,False,MODERATE
155.305,,7.33,-168.87,-1.76,8.02,2.71,0.68,False,False,False,False,False,False,-0.034,-0.007,True,False,MODERATE
155.456,,7.5,-168.88,-1.78,7.79,2.69,0.74,False,False,False,False,False,False,-0.033,-0.006,True,False,MODERATE
155.479,,6.88,-169.02,-1.75,7.68,2.67,0.75,False,False,False,False,False,False,-0.023,-0.005,True,False,MODERATE
155.596,,6.56,-168.64,-1.64,7.22,2.78,0.83,False,False,False,False,False,False,0.013,-0.017,True,False,MODERATE
155.705,,5.97,-168.96,-1.66,6.72,2.71,0.87,False,False,False,False,False,False,0.017,-0.01,True,False,MODERATE
155.81,,6.12,-167.92,-1.62,6.5,3.08,0.9,False,False,False,False,False,False,0.015,-0.014,True,False,MODERATE
155.836,,6.57,-168.3,-1.58,6.52,3.11,0.92,False,False,False,False,False,False,0.016,-0.015,True,False,MODERATE
155.993,,6.64,-168.35,-1.62,6.61,3.16,0.94,False,False,False,False,False,False,0.024,-0.018,True,False,MODERATE
156.105,,6.76,-169.03,-1.49,6.7,2.9,1.0,False,False,False,False,False,False,-0.014,-0.002,True,False,MODERATE
156.21,,6.61,-169.05,-1.56,6.69,2.74,1.01,False,False,False,False,False,False,-0.007,-0.003,True,False,MODERATE
156.234,,6.75,-168.86,-1.39,6.7,2.74,1.03,False,False,False,False,False,False,0.015,-0.024,True,False,MODERATE
156.393,,5.8,-169.24,-1.65,6.28,2.53,0.98,False,False,False,False,False,False,0.011,-0.016,True,False,MODERATE
156.505,,5.99,-168.73,-1.48,6.18,2.65,1.03,False,False,False,False,False,False,0.019,-0.016,True,False,MODERATE
156.611,,6.22,-168.59,-1.47,6.22,2.78,1.06,False,False,False,False,False,False,0.022,-0.015,True,False,MODERATE
156.634,,6.54,-168.67,-1.42,6.27,2.79,1.07,False,False,False,False,False,False,0.025,-0.013,True,False,MODERATE
156.803,,6.12,-169.29,-1.45,6.22,2.52,1.1,False,False,False,False,False,False,0.029,-0.013,True,False,MODERATE
156.906,,6.04,-169.26,-1.64,6.17,2.44,1.04,False,False,False,False,False,False,0.032,-0.007,True,False,MODERATE
157.025,,6.32,-168.59,-1.66,6.26,2.66,0.99,False,False,False,False,False,False,0.031,-0.002,True,False,MODERATE
157.048,,6.15,-168.76,-1.71,6.26,2.68,0.97,False,False,False,False,False,False,0.031,-0.005,True,False,MODERATE
157.218,,6.52,-168.52,-1.65,6.42,2.87,0.95,False,False,False,False,False,False,0.015,-0.017,True,False,MODERATE
157.307,,6.4,-168.78,-1.71,6.44,2.84,0.92,False,False,False,False,False,False,0.021,-0.013,True,False,MODERATE
157.424,,6.41,-169.17,-1.79,6.45,2.65,0.87,False,False,False,False,False,False,0.016,-0.012,True,False,MODERATE
157.448,,6.14,-169.04,-1.35,6.42,2.63,0.91,False,False,False,False,False,False,0.07,0.002,True,False,MODERATE
157.608,,6.51,-169.27,-1.34,6.49,2.46,1.08,False,False,False,False,False,False,0.068,-0.0,True,False,MODERATE
157.706,,6.9,-168.18,-1.65,6.67,2.81,1.02,False,False,False,False,False,False,-0.001,-0.016,True,False,MODERATE
157.814,,6.96,-168.82,-1.75,6.81,2.78,0.94,False,False,False,False,False,False,0.003,-0.009,True,False,MODERATE
157.837,,6.87,-169.0,-1.69,6.83,2.76,0.94,False,False,False,False,False,False,0.008,-0.011,True,False,LOW
157.992,,6.85,-168.86,-1.86,6.87,2.73,0.83,False,False,False,False,False,False,-0.026,0.005,True,False,LOW
158.107,,6.77,-168.55,-1.7,6.85,2.85,0.85,False,False,False,False,False,False,0.005,-0.018,True,False,LOW
158.214,,6.71,-168.92,-1.75,6.82,2.76,0.84,False,False,False,False,False,False,-0.002,-0.015,True,False,LOW
158.238,,6.83,-168.96,-1.76,6.83,2.74,0.84,False,False,False,False,False,False,0.002,-0.013,True,False,LOW
158.399,,6.43,-169.25,-1.73,6.66,2.52,0.84,False,False,False,False,False,False,0.008,-0.012,True,False,LOW
158.505,,6.46,-168.96,-1.77,6.6,2.55,0.83,False,False,False,False,False,False,0.004,-0.01,True,False,LOW
158.608,,6.56,-169.07,-1.75,6.61,2.53,0.83,False,False,False,False,False,False,0.003,-0.01,True,False,LOW
158.631,,6.72,-169.14,-1.82,6.63,2.52,0.82,False,False,False,False,False,False,0.003,-0.01,True,False,LOW
158.791,,6.54,-169.37,-1.82,6.62,2.35,0.79,False,False,False,False,False,False,0.01,-0.006,True,False,LOW
158.909,,6.59,-169.38,-1.74,6.63,2.28,0.81,False,False,False,False,False,False,0.016,-0.012,True,False,LOW
159.011,,6.41,-169.62,-1.78,6.57,2.14,0.81,False,False,False,False,False,False,0.018,-0.013,True,False,LOW
159.036,,6.51,-169.65,-1.83,6.57,2.11,0.8,False,False,False,False,False,False,0.017,-0.011,True,False,LOW
159.192,,6.65,-169.58,-1.74,6.64,2.05,0.82,False,False,False,False,False,False,0.015,-0.012,True,False,LOW
159.305,,6.57,-169.8,-1.58,6.63,1.93,0.89,False,False,False,False,False,False,0.025,-0.012,True,False,LOW
159.412,,6.35,-169.43,-1.61,6.54,2.01,0.93,False,False,False,False,False,False,0.025,-0.007,True,False,LOW
159.435,,6.18,-169.39,-1.78,6.51,2.03,0.91,False,False,False,False,False,False,0.03,-0.008,True,False,LOW
159.596,,6.37,-169.03,-1.82,6.47,2.28,0.83,False,False,False,False,False,False,0.027,-0.008,True,False,LOW
159.707,,6.12,-169.66,-1.73,6.35,2.13,0.84,False,False,False,False,False,False,0.026,-0.004,True,False,LOW
159.811,,6.44,-169.44,-1.56,6.41,2.12,0.91,False,False,False,False,False,False,0.026,-0.007,True,False,LOW
159.835,,6.41,-170.1,-1.65,6.42,2.04,0.91,False,False,False,False,False,False,0.024,-0.004,True,False,LOW
159.994,,6.5,-169.19,-1.74,6.49,2.2,0.88,False,False,False,False,False,False,0.013,-0.012,True,False,LOW
160.105,,6.84,-169.19,-1.64,6.66,2.27,0.9,False,False,False,False,False,False,0.012,-0.01,True,False,LOW
160.209,,6.79,-169.03,-1.63,6.74,2.37,0.92,False,False,False,False,False,False,0.013,-0.01,True,False,LOW
160.233,,6.71,-168.85,-1.64,6.74,2.42,0.92,False,False,False,False,False,False,0.012,-0.011,True,False,LOW
160.418,,6.43,-168.93,-1.56,6.61,2.53,0.98,False,False,False,False,False,False,0.044,-0.011,True,False,LOW
160.506,,6.58,-168.68,-1.56,6.62,2.66,0.99,False,False,False,False,False,False,0.047,-0.009,True,False,LOW
160.614,,6.56,-169.23,-1.63,6.62,2.53,0.97,False,False,False,False,False,False,0.047,-0.012,True,False,LOW
160.638,,6.47,-169.27,-1.45,6.61,2.49,1.0,False,False,False,False,False,False,0.046,-0.011,True,False,LOW
160.796,,6.37,-168.94,-1.51,6.52,2.56,1.03,False,False,False,False,False,False,0.044,-0.01,True,False,LOW
160.905,,6.11,-169.37,-1.58,6.38,2.41,1.02,False,False,False,False,False,False,0.052,-0.01,True,False,LOW
161.009,,6.24,-168.63,-1.51,6.35,2.61,1.04,False,False,False,False,False,False,0.053,-0.009,True,False,LOW
161.031,,6.52,-168.85,-1.39,6.37,2.63,1.06,False,False,False,False,False,False,0.051,-0.008,True,False,LOW
161.327,,6.23,-169.39,-1.46,6.32,2.33,1.1,False,False,False,False,False,False,0.053,-0.009,True,False,LOW
161.35,,6.19,-169.89,-1.53,6.31,2.24,1.09,False,False,False,False,False,False,0.049,-0.013,True,False,LOW
161.456,,6.15,-169.57,-1.49,6.27,2.14,1.09,False,False,False,False,False,False,0.053,-0.008,True,False,LOW
161.48,,6.11,-168.9,-1.38,6.26,2.21,1.11,False,False,False,False,False,False,0.05,-0.006,True,False,LOW
161.595,,5.89,-168.63,-1.47,6.13,2.51,1.11,False,False,False,False,False,False,0.055,-0.01,True,False,LOW
161.706,,5.91,-168.56,-1.41,6.06,2.72,1.13,False,False,False,False,False,False,0.062,-0.015,True,False,LOW
161.813,,6.16,-169.48,-1.5,6.13,2.46,1.11,False,False,False,False,False,False,0.061,-0.014,True,False,LOW
161.838,,6.07,-170.08,-1.57,6.13,2.33,1.1,False,False,False,False,False,False,0.06,-0.017,True,False,LOW
161.992,,6.26,-169.74,-1.56,6.22,2.07,1.06,False,False,False,False,False,False,0.064,-0.016,True,False,LOW
162.105,,6.27,-169.89,-1.59,6.27,1.9,1.03,False,False,False,False,False,False,0.057,-0.015,True,False,LOW
162.211,,6.27,-169.78,-1.56,6.29,1.85,1.03,False,False,False,False,False,False,0.056,-0.013,True,False,LOW
162.234,,6.26,-169.83,-1.59,6.3,1.84,1.02,False,False,False,False,False,False,0.059,-0.016,True,False,LOW
162.394,,6.13,-170.03,-1.55,6.24,1.68,1.03,False,False,False,False,False,False,0.067,-0.019,True,False,LOW
162.505,,5.88,-168.7,-1.43,6.12,2.17,1.08,False,False,False,False,True,True,0.113,-0.041,True,False,LOW
162.613,,6.4,-169.14,-1.33,6.26,2.27,1.15,False,False,False,False,True,True,0.112,-0.04,True,False,LOW
162.638,,6.47,-169.48,-1.34,6.29,2.25,1.16,False,False,False,False,True,True,0.112,-0.039,True,False,LOW
162.797,,6.27,-169.61,-1.35,6.31,2.1,1.2,False,False,False,False,True,True,0.112,-0.04,True,False,LOW
162.907,,6.15,-169.37,-1.47,6.27,2.14,1.16,False,False,False,False,True,True,0.142,-0.076,True,False,LOW
163.013,,6.59,-169.25,-1.11,6.42,2.21,1.28,False,False,False,False,True,True,0.15,-0.069,True,False,LOW
163.036,,6.68,-169.03,-1.0,6.46,2.25,1.32,False,False,False,False,True,True,0.159,-0.077,True,False,LOW
163.193,,6.93,-168.74,-1.17,6.73,2.53,1.37,False,False,False,False,True,True,0.174,-0.073,True,False,LOW
163.306,,7.01,-169.41,-1.26,6.87,2.37,1.35,False,False,False,False,True,True,0.191,-0.071,True,False,LOW
163.484,,7.31,-169.6,-1.11,7.14,2.16,1.41,False,False,False,False,True,True,0.191,-0.072,True,False,LOW
163.507,,7.32,-169.2,-1.09,7.17,2.18,1.42,False,False,False,False,True,True,0.192,-0.066,True,False,LOW
163.621,,7.24,-169.01,-1.09,7.22,2.34,1.45,False,False,False,False,True,True,0.171,-0.065,True,False,LOW
163.704,,7.1,-168.42,-1.12,7.2,2.62,1.45,False,False,False,False,True,True,0.167,-0.072,True,False,LOW
163.884,,7.18,-169.02,-1.26,7.22,2.58,1.38,False,False,False,False,True,True,0.154,-0.07,True,False,LOW
163.908,,7.41,-168.86,-1.22,7.26,2.59,1.38,False,False,False,False,True,True,0.157,-0.07,True,False,LOW
164.02,,7.13,-168.78,-1.21,7.23,2.67,1.38,False,False,False,False,True,True,0.142,-0.069,True,False,LOW
164.106,,6.69,-168.34,-1.3,7.06,2.87,1.34,False,False,False,False,True,True,0.142,-0.073,True,False,LOW
164.289,,7.14,-168.46,-1.25,7.13,2.99,1.34,False,False,False,False,True,True,0.152,-0.072,True,False,LOW
164.314,,6.98,-168.7,-1.23,7.12,2.97,1.34,False,False,False,False,True,True,0.146,-0.076,True,False,LOW
164.424,,7.21,-168.64,-1.1,7.18,2.95,1.4,False,False,False,False,True,True,0.148,-0.074,True,False,LOW
164.506,,6.82,-168.48,-1.17,7.08,3.0,1.4,False,False,False,False,True,True,0.14,-0.077,True,False,LOW
164.685,,7.08,-168.45,-1.21,7.11,3.06,1.38,False,False,False,False,True,True,0.15,-0.073,True,False,LOW
164.71,,7.1,-168.62,-1.21,7.12,3.04,1.38,False,False,False,False,True,True,0.144,-0.076,True,False,LOW
164.829,,7.58,-168.56,-1.09,7.34,3.02,1.43,False,False,False,False,True,True,0.153,-0.074,True,False,LOW
164.906,,7.55,-168.95,-1.12,7.43,2.89,1.44,False,False,False,False,True,True,0.139,-0.076,True,False,LOW
165.099,,7.11,-168.39,-1.17,7.29,3.04,1.42,False,False,False,False,True,True,0.138,-0.074,True,False,LOW
165.124,,7.09,-168.19,-1.2,7.27,3.09,1.42,False,False,False,False,True,True,0.139,-0.075,True,False,LOW
165.244,,6.85,-168.09,-1.24,7.11,3.25,1.38,False,False,False,False,True,True,0.131,-0.074,True,False,MODERATE
165.304,,6.39,-167.92,-1.31,6.93,3.36,1.35,False,False,False,False,True,True,0.123,-0.073,True,False,MODERATE
165.494,,6.19,-168.16,-1.29,6.55,3.38,1.32,False,False,False,False,True,True,0.123,-0.072,True,False,MODERATE
165.517,,6.31,-168.04,-1.26,6.53,3.4,1.32,False,False,False,False,True,True,0.123,-0.072,True,False,MODERATE
165.642,,5.66,-168.27,-1.32,6.17,3.35,1.29,False,False,False,False,True,True,0.123,-0.068,True,False,MODERATE
165.706,,5.62,-168.24,-1.2,6.02,3.34,1.32,False,False,False,False,True,True,0.119,-0.069,True,False,MODERATE
165.886,,5.62,-167.8,-1.28,5.84,3.57,1.31,False,False,False,False,True,True,0.118,-0.068,True,False,MODERATE
165.911,,5.55,-167.83,-1.3,5.81,3.59,1.3,False,False,False,False,True,True,0.118,-0.069,True,False,MODERATE
166.014,,5.76,-168.07,-1.23,5.81,3.55,1.32,False,False,False,False,True,True,0.136,-0.065,True,False,MODERATE
166.106,,5.93,-168.09,-1.14,5.88,3.52,1.37,False,False,False,False,True,True,0.145,-0.069,True,False,MODERATE
166.283,,6.33,-168.2,-1.11,6.15,3.44,1.42,False,False,False,False,True,True,0.142,-0.072,True,False,MODERATE
166.308,,6.24,-168.44,-1.15,6.17,3.39,1.42,False,False,False,False,True,True,0.141,-0.072,True,False,MODERATE
166.416,,6.4,-168.47,-1.18,6.29,3.27,1.41,False,False,False,False,True,True,0.139,-0.072,True,False,MODERATE
166.505,,6.66,-169.64,-1.43,6.44,2.77,1.32,False,False,False,False,False,False,0.015,-0.027,True,False,MODERATE
166.686,,6.91,-169.66,-1.47,6.73,2.3,1.21,False,False,False,False,False,False,0.015,-0.008,True,False,MODERATE
166.711,,7.33,-169.79,-1.4,6.82,2.22,1.2,False,False,False,False,False,False,0.013,-0.006,True,False,MODERATE
166.826,,6.35,-169.68,-1.51,6.65,2.08,1.15,False,False,False,False,False,False,0.019,-0.011,True,False,MODERATE
166.905,,5.68,-170.35,-1.64,6.34,1.78,1.08,False,False,False,False,False,False,0.031,0.053,False,False,MODERATE
167.083,,5.14,-169.61,-1.4,5.73,1.87,1.13,False,False,False,False,False,False,0.013,-0.011,True,False,MODERATE
167.107,,4.99,-170.18,-1.42,5.64,1.8,1.14,False,False,False,False,False,False,0.013,-0.011,True,False,MODERATE
167.212,,5.12,-170.09,-1.44,5.45,1.67,1.14,False,False,False,False,False,False,0.012,-0.011,True,False,MODERATE
167.305,,5.36,-169.58,-1.48,5.44,1.78,1.12,False,False,False,False,False,False,0.015,-0.012,True,False,MODERATE
167.484,,5.29,-169.23,-1.54,5.39,2.07,1.08,False,False,False,False,False,False,0.016,-0.01,True,False,MODERATE
167.508,,5.34,-169.21,-1.56,5.39,2.11,1.07,False,False,False,False,False,False,0.015,-0.009,True,False,MODERATE
167.616,,5.39,-169.28,-1.51,5.42,2.18,1.07,False,False,False,False,False,False,0.016,-0.01,True,False,MODERATE
167.706,,5.42,-169.13,-1.46,5.44,2.27,1.09,False,False,False,False,False,False,0.016,-0.008,True,False,MODERATE
167.885,,5.41,-169.62,-1.59,5.46,2.1,1.04,False,False,False,False,False,False,0.015,-0.007,True,False,MODERATE
167.909,,5.35,-169.55,-1.61,5.45,2.08,1.03,False,False,False,False,False,False,0.017,-0.007,True,False,MODERATE
168.018,,5.26,-169.38,-1.49,5.4,2.12,1.05,False,False,False,False,False,False,0.015,-0.009,True,False,MODERATE
168.105,,5.38,-169.16,-1.53,5.41,2.22,1.05,False,False,False,False,False,False,0.014,-0.009,True,False,MODERATE
168.285,,5.27,-169.16,-1.5,5.37,2.32,1.07,False,False,False,False,False,False,0.013,-0.009,True,False,MODERATE
168.311,,5.37,-169.18,-1.5,5.38,2.33,1.07,False,False,False,False,False,False,0.013,-0.01,True,False,MODERATE
168.419,,5.38,-169.3,-1.48,5.4,2.3,1.08,False,False,False,False,False,False,0.015,-0.008,True,False,MODERATE
168.505,,5.37,-169.11,-1.51,5.41,2.35,1.08,False,False,False,False,False,False,0.013,-0.009,True,False,MODERATE
168.683,,5.66,-169.78,-1.57,5.58,2.05,1.04,False,False,False,False,False,False,0.013,-0.008,True,False,MODERATE
168.708,,5.62,-169.77,-1.57,5.59,2.01,1.04,False,False,False,False,False,False,0.013,-0.008,True,False,MODERATE
168.81,,5.56,-169.85,-1.61,5.6,1.89,1.01,False,False,False,False,False,False,0.014,-0.007,True,False,MODERATE
168.904,,5.6,-169.52,-1.5,5.62,1.95,1.04,False,False,False,False,False,False,0.023,-0.008,True,False,MODERATE
169.085,,5.47,-169.6,-1.58,5.57,1.95,1.02,False,False,False,False,False,False,0.021,-0.008,True,False,MODERATE
169.108,,5.46,-169.49,-1.61,5.57,1.97,1.01,False,False,False,False,False,False,0.021,-0.008,True,False,MODERATE
169.214,,5.44,-169.44,-1.59,5.54,2.03,1.0,False,False,False,False,False,False,0.021,-0.008,True,False,MODERATE
169.303,,5.55,-169.75,-1.56,5.57,1.95,1.01,False,False,False,False,False,False,0.019,-0.007,True,False,MODERATE
169.484,,5.47,-169.35,-1.53,5.55,2.09,1.03,False,False,False,False,False,False,0.021,-0.007,True,False,MODERATE
169.507,,5.39,-169.21,-1.49,5.53,2.12,1.04,False,False,False,False,False,False,0.021,-0.009,True,False,MODERATE
169.613,,5.24,-169.21,-1.51,5.44,2.21,1.05,False,False,False,False,False,False,0.021,-0.007,True,False,MODERATE
169.706,,5.22,-169.02,-1.44,5.38,2.34,1.08,False,False,False,False,False,False,0.02,-0.008,True,False,LOW
169.886,,5.08,-168.91,-1.52,5.25,2.5,1.07,False,False,False,False,False,False,0.017,-0.01,True,False,LOW
169.91,,5.08,-168.95,-1.53,5.24,2.52,1.07,False,False,False,False,False,False,0.017,-0.011,True,False,LOW
170.042,,4.85,-168.97,-1.54,5.09,2.55,1.06,False,False,False,False,False,False,0.018,-0.007,True,False,LOW
170.106,,4.96,-169.0,-1.44,5.07,2.55,1.08,False,False,False,False,False,False,0.023,-0.008,True,False,LOW
170.286,,4.8,-168.91,-1.47,4.96,2.6,1.1,False,False,False,False,False,False,0.022,-0.006,True,False,LOW
170.309,,4.9,-168.83,-1.44,4.96,2.62,1.1,False,False,False,False,False,False,0.022,-0.006,True,False,LOW
170.418,,4.6,-168.73,-1.42,4.84,2.71,1.13,False,False,False,False,False,False,0.021,-0.01,True,False,LOW
170.505,,5.41,-168.69,-1.46,5.06,2.76,1.12,False,False,False,False,False,False,0.034,-0.011,True,False,LOW
170.686,,5.09,-168.59,-1.39,5.11,2.87,1.16,False,False,False,False,False,False,0.034,-0.01,True,False,LOW
170.712,,5.09,-168.55,-1.33,5.11,2.89,1.17,False,False,False,False,False,False,0.035,-0.009,True,False,LOW
170.819,,5.26,-168.35,-1.34,5.2,3.02,1.2,False,False,False,False,False,False,0.037,-0.012,True,False,LOW
170.905,,4.94,-168.44,-1.42,5.13,3.06,1.19,False,False,False,False,False,False,0.029,-0.011,True,False,LOW
171.084,,5.27,-168.61,-1.31,5.24,3.0,1.23,False,False,False,False,False,False,0.046,-0.009,True,False,LOW
171.108,,5.24,-168.73,-1.28,5.24,2.98,1.24,False,False,False,False,False,False,0.049,-0.009,True,False,LOW
171.211,,4.84,-168.9,-1.32,5.11,2.85,1.25,False,False,False,False,False,False,0.047,-0.007,True,False,LOW
171.304,,5.19,-168.56,-1.26,5.16,2.91,1.27,False,False,False,False,False,False,0.039,-0.007,True,False,LOW
171.483,,5.32,-168.72,-1.23,5.28,2.87,1.31,False,False,False,False,False,False,0.031,-0.009,True,False,LOW
171.507,,5.18,-168.43,-1.29,5.27,2.91,1.31,False,False,False,False,False,False,0.033,-0.009,True,False,LOW
171.613,,5.43,-168.1,-1.15,5.36,3.13,1.36,False,False,False,False,False,False,0.035,-0.012,True,False,LOW
171.706,,5.29,-168.32,-1.42,5.36,3.17,1.29,False,False,False,False,False,False,0.026,-0.012,True,False,LOW
171.887,,5.17,-168.65,-1.26,5.29,3.03,1.3,False,False,False,False,False,False,0.065,-0.015,True,False,LOW
171.912,,5.3,-168.9,-1.23,5.3,2.98,1.31,False,False,False,False,False,False,0.067,-0.014,True,False,LOW
172.018,,5.52,-168.42,-1.18,5.41,3.04,1.35,False,False,False,False,False,False,0.066,-0.015,True,False,LOW
172.104,,5.33,-168.88,-1.23,5.4,2.92,1.35,False,False,False,False,False,False,0.032,-0.014,True,False,LOW
172.299,,5.02,-168.72,-1.36,5.23,2.87,1.28,False,False,False,False,False,False,0.041,-0.016,True,False,LOW
172.325,,5.15,-168.84,-1.29,5.22,2.85,1.28,False,False,False,False,False,False,0.044,-0.012,True,False,LOW
172.443,,5.37,-168.79,-1.2,5.31,2.82,1.32,False,False,False,False,False,False,0.045,-0.011,True,False,LOW
172.509,,5.45,-168.48,-1.16,5.37,2.89,1.35,False,False,False,False,False,False,0.051,-0.012,True,False,LOW
172.685,,5.31,-168.91,-1.25,5.37,2.77,1.34,False,False,False,False,False,False,0.055,-0.009,True,False,LOW
172.709,,5.27,-168.89,-1.22,5.36,2.75,1.34,False,False,False,False,False,False,0.052,-0.008,True,False,LOW
172.828,,5.36,-168.96,-1.33,5.39,2.69,1.3,False,False,False,False,False,False,0.056,-0.009,True,False,LOW
172.906,,5.02,-168.93,-1.33,5.29,2.67,1.29,False,False,False,False,False,False,0.038,-0.011,True,False,LOW
173.095,,4.92,-168.75,-1.37,5.12,2.75,1.24,False,False,False,False,False,False,0.035,-0.011,True,False,LOW
173.119,,5.29,-168.8,-1.37,5.15,2.75,1.24,False,False,False,False,False,False,0.037,-0.01,True,False,LOW
173.245,,5.22,-168.73,-1.31,5.21,2.78,1.25,False,False,False,False,False,False,0.035,-0.013,True,False,LOW
173.305,,5.1,-168.73,-1.34,5.19,2.8,1.25,False,False,False,False,False,False,0.037,-0.01,True,False,LOW
173.496,,5.05,-168.95,-1.28,5.15,2.69,1.28,False,False,False,False,False,False,0.051,-0.01,True,False,LOW
173.522,,5.16,-169.13,-1.26,5.16,2.66,1.28,False,False,False,False,False,False,0.052,-0.009,True,False,LOW
173.642,,4.7,-168.81,-1.35,4.99,2.7,1.26,False,False,False,False,False,False,0.052,-0.008,True,False,LOW
173.705,,4.49,-169.92,-1.4,4.86,2.39,1.24,False,False,False,False,False,False,0.036,-0.001,True,False,LOW
173.884,,4.89,-169.85,-1.39,4.91,2.02,1.21,False,False,False,False,False,False,0.037,-0.0,True,False,LOW
173.909,,4.44,-169.94,-1.44,4.85,1.97,1.2,False,False,False,False,False,False,0.03,-0.003,True,False,LOW
174.015,,4.37,-169.98,-1.42,4.68,1.81,1.19,False,False,False,False,False,False,0.034,-0.004,True,False,LOW
174.105,,4.66,-168.78,-1.38,4.7,2.16,1.19,False,False,False,False,False,False,0.049,-0.008,True,False,LOW
174.286,,5.26,-168.99,-1.33,5.03,2.38,1.22,False,False,False,False,False,False,0.051,-0.006,True,False,LOW
174.309,,4.83,-169.4,-1.39,5.01,2.35,1.22,False,False,False,False,False,False,0.051,-0.006,True,False,LOW
174.418,,4.83,-169.44,-1.39,4.96,2.26,1.21,False,False,False,False,False,False,0.051,-0.006,True,False,LOW
174.504,,5.26,-169.31,-1.27,5.09,2.26,1.24,False,False,False,False,False,False,0.055,-0.008,True,False,LOW
174.685,,5.39,-169.09,-1.28,5.28,2.37,1.27,False,False,False,False,False,False,0.059,-0.007,True,False,LOW
174.709,,5.51,-169.24,-1.28,5.32,2.36,1.28,False,False,False,False,False,False,0.051,-0.008,True,False,LOW
174.814,,5.53,-169.05,-1.24,5.43,2.42,1.3,False,False,False,False,False,False,0.05,-0.011,True,False,LOW
174.906,,5.26,-169.0,-1.25,5.39,2.47,1.31,False,False,False,False,False,False,0.021,-0.002,True,False,LOW
175.086,,5.22,-168.74,-1.26,5.33,2.66,1.32,False,False,False,False,False,False,0.023,-0.003,True,False,LOW
175.11,,5.62,-168.77,-1.2,5.38,2.68,1.32,False,False,False,False,False,False,0.01,-0.015,True,False,LOW
175.221,,5.69,-169.24,-1.21,5.53,2.53,1.34,False,False,False,False,False,False,0.006,-0.015,True,False,LOW
175.305,,5.29,-170.0,-1.55,5.47,2.19,1.23,False,False,False,False,False,False,-0.028,0.01,True,False,LOW
175.488,,5.37,-168.95,-1.55,5.45,2.41,1.12,False,False,False,False,False,False,-0.022,0.008,True,False,LOW
175.512,,5.9,-169.28,-1.54,5.52,2.4,1.11,False,False,False,False,False,False,-0.077,0.022,True,False,LOW
175.623,,5.94,-169.43,-1.55,5.72,2.29,1.08,False,False,False,False,False,False,-0.077,0.022,True,False,LOW
175.706,,5.76,-169.61,-1.58,5.75,2.17,1.05,False,False,False,False,False,False,-0.076,0.016,True,False,LOW
175.885,,5.52,-169.53,-1.56,5.66,2.1,1.03,False,False,False,False,False,False,-0.056,0.019,True,False,LOW
175.908,,5.75,-169.48,-1.53,5.68,2.09,1.04,False,False,False,False,False,False,-0.052,0.018,True,False,LOW
176.011,,5.59,-169.52,-1.5,5.67,2.07,1.05,False,False,False,False,False,False,-0.055,0.019,True,False,LOW
176.104,,5.75,-169.25,-1.41,5.72,2.16,1.1,False,False,False,False,False,False,-0.045,0.007,True,False,LOW
176.289,,5.77,-169.31,-1.63,5.78,2.21,1.02,False,False,False,False,False,False,-0.037,0.009,True,False,LOW
176.314,,5.96,-169.72,-1.5,5.81,2.16,1.03,False,False,False,False,False,False,-0.08,0.019,True,False,LOW
176.425,,6.09,-169.8,-1.53,5.95,1.99,1.04,False,False,False,False,False,False,-0.078,0.016,True,False,LOW
176.504,,5.99,-169.28,-1.54,5.99,2.09,1.04,False,False,False,False,False,False,-0.062,0.015,True,False,LOW
176.684,,6.13,-169.35,-1.5,6.09,2.15,1.06,False,False,False,False,False,False,-0.07,0.016,True,False,LOW
176.708,,6.1,-169.37,-1.52,6.1,2.16,1.06,False,False,False,False,False,False,-0.068,0.014,True,False,LOW
176.812,,6.12,-169.15,-1.54,6.13,2.26,1.05,False,False,False,False,False,False,-0.066,0.015,True,False,LOW
176.906,,6.19,-169.16,-1.45,6.18,2.31,1.08,False,False,False,False,False,False,-0.076,0.017,True,False,LOW
177.086,,6.67,-169.25,-1.41,6.47,2.31,1.13,False,False,False,False,False,False,-0.073,0.013,True,False,LOW
177.11,,6.68,-169.16,-1.49,6.51,2.32,1.12,False,False,False,False,False,False,-0.07,0.011,True,False,LOW
177.216,,6.72,-169.18,-1.47,6.62,2.35,1.12,False,False,False,False,False,False,-0.07,0.011,True,False,LOW
177.305,,6.68,-169.31,-1.5,6.66,2.31,1.1,False,False,False,False,False,False,-0.07,0.011,True,False,LOW
177.486,,6.38,-169.54,-1.39,6.54,2.16,1.15,False,False,False,False,False,False,-0.079,0.013,True,False,LOW
177.508,,6.42,-169.64,-1.51,6.54,2.13,1.14,False,False,False,False,False,False,-0.075,0.014,True,False,LOW
177.616,,6.24,-169.32,-1.48,6.44,2.17,1.12,False,False,False,False,False,False,-0.079,0.017,True,False,LOW
177.705,,6.62,-168.86,-1.52,6.53,2.36,1.1,False,False,False,False,False,False,-0.078,0.013,True,False,LOW
178.003,,6.51,-168.69,-1.6,6.55,2.69,1.02,False,False,False,False,False,False,-0.077,0.019,True,False,LOW
178.024,,6.5,-169.01,-1.44,6.56,2.68,1.04,False,False,False,False,False,False,-0.081,0.017,True,False,LOW
178.131,,6.69,-169.01,-1.42,6.63,2.63,1.09,False,False,False,False,False,False,-0.081,0.013,True,False,LOW
178.157,,6.54,-168.87,-1.39,6.63,2.64,1.1,False,False,False,False,False,False,-0.069,0.011,True,False,LOW
178.283,,6.54,-168.76,-1.38,6.62,2.71,1.14,False,False,False,False,False,False,-0.07,0.011,True,False,LOW
178.307,,6.59,-169.1,-1.29,6.62,2.68,1.16,False,False,False,False,False,False,-0.069,0.013,True,False,LOW
178.415,,6.7,-169.13,-1.34,6.68,2.58,1.19,False,False,False,False,False,False,-0.064,0.011,True,False,LOW
178.506,,6.91,-169.52,-1.33,6.78,2.38,1.21,False,False,False,False,False,False,-0.07,0.01,True,False,LOW
178.686,,6.67,-169.41,-1.37,6.76,2.26,1.21,False,False,False,False,False,False,-0.066,0.007,True,False,LOW
178.71,,6.67,-169.29,-1.33,6.75,2.26,1.22,False,False,False,False,False,False,-0.064,0.015,True,False,LOW
178.818,,6.73,-169.56,-1.25,6.77,2.15,1.26,False,False,False,False,False,False,-0.066,0.01,True,False,LOW
178.906,,6.54,-169.73,-1.23,6.71,2.04,1.29,False,False,False,False,False,False,-0.07,0.013,True,False,LOW
179.091,,6.29,-169.41,-1.43,6.51,2.1,1.22,False,False,False,False,False,False,-0.073,0.01,True,False,LOW
179.114,,6.46,-169.54,-1.52,6.52,2.09,1.2,False,False,False,False,False,False,-0.072,0.011,True,False,LOW
179.223,,6.17,-169.58,-1.58,6.4,2.04,1.12,False,False,False,False,False,False,-0.066,0.011,True,False,LOW
179.305,,6.09,-169.32,-1.5,6.31,2.11,1.1,False,False,False,False,False,False,-0.068,0.011,True,False,LOW
179.491,,5.96,-169.24,-1.54,6.15,2.22,1.07,False,False,False,False,False,False,-0.065,0.011,True,False,LOW
179.516,,6.13,-169.18,-1.43,6.16,2.25,1.08,False,False,False,False,False,False,-0.092,0.018,True,False,LOW
179.629,,6.4,-169.33,-1.39,6.28,2.24,1.13,False,False,False,False,False,False,-0.089,0.016,True,False,LOW
179.705,,6.68,-168.83,-1.31,6.43,2.4,1.17,False,False,False,False,False,False,-0.088,0.016,True,False,LOW
179.886,,6.65,-169.13,-1.4,6.58,2.42,1.18,False,False,False,False,False,False,-0.084,0.014,True,False,LOW
179.909,,6.52,-169.34,-1.52,6.58,2.39,1.16,False,False,False,False,False,False,-0.081,0.011,True,False,LOW
180.016,,6.1,-169.1,-1.51,6.41,2.42,1.12,False,False,False,False,False,False,-0.084,0.015,True,False,LOW
180.105,,6.6,-168.82,-1.43,6.5,2.53,1.13,False,False,False,False,False,False,-0.079,0.014,True,False,LOW
180.286,,6.62,-169.24,-1.46,6.6,2.42,1.13,False,False,False,False,False,False,-0.07,0.011,True,False,LOW
180.31,,7.04,-168.99,-1.42,6.66,2.44,1.13,False,False,False,False,False,False,-0.088,0.014,True,False,LOW
180.42,,6.97,-169.16,-1.49,6.82,2.42,1.11,False,False,False,False,False,False,-0.082,0.013,True,False,LOW
180.505,,6.8,-169.09,-1.4,6.83,2.44,1.14,False,False,False,False,False,False,-0.089,0.017,True,False,LOW
180.685,,6.89,-168.98,-1.49,6.89,2.51,1.11,False,False,False,False,False,False,-0.088,0.014,True,False,LOW
180.708,,7.24,-168.99,-1.39,6.95,2.52,1.12,False,False,False,False,False,False,-0.095,0.016,True,False,LOW
180.829,,7.28,-169.07,-1.41,7.12,2.51,1.14,False,False,False,False,False,False,-0.094,0.015,True,False,LOW
180.907,,7.29,-168.73,-1.52,7.2,2.61,1.12,False,False,False,False,True,True,-0.105,0.014,True,False,LOW
181.094,,7.18,-168.85,-1.48,7.22,2.67,1.11,False,False,False,False,False,False,-0.099,0.016,True,False,LOW
181.117,,7.2,-168.97,-1.51,7.23,2.66,1.1,False,False,False,False,True,True,-0.101,0.018,True,False,LOW
181.236,,7.17,-168.87,-1.51,7.23,2.67,1.09,False,False,False,False,True,True,-0.102,0.018,True,False,LOW
181.304,,6.76,-168.87,-1.58,7.1,2.68,1.06,False,False,False,False,True,True,-0.106,0.017,True,False,LOW
181.497,,6.2,-168.65,-1.52,6.64,2.8,1.06,False,False,False,False,False,False,-0.045,0.01,True,False,LOW
181.52,,6.04,-168.88,-1.57,6.57,2.79,1.05,False,False,False,False,False,False,-0.039,0.01,True,False,LOW
181.639,,6.03,-168.88,-1.54,6.36,2.74,1.05,False,False,False,False,False,False,-0.039,0.01,True,False,LOW
181.705,,6.85,-168.46,-1.54,6.52,2.85,1.05,False,False,False,False,False,False,-0.098,0.015,True,False,LOW
181.885,,7.04,-168.41,-1.6,6.83,3.01,1.01,False,False,False,False,False,False,-0.08,0.001,True,False,LOW
181.91,,6.39,-168.3,-1.44,6.78,3.04,1.03,False,False,False,False,False,False,-0.005,-0.009,True,False,LOW
182.019,,6.39,-168.14,-1.34,6.64,3.2,1.11,False,False,False,False,False,False,-0.003,-0.007,True,False,LOW
182.104,,6.33,-168.55,-1.29,6.55,3.13,1.18,False,False,False,False,False,False,0.011,-0.01,True,False,LOW
182.289,,6.49,-168.32,-1.28,6.55,3.19,1.24,False,False,False,False,False,False,0.009,-0.009,True,False,LOW
182.313,,6.38,-168.33,-1.29,6.54,3.2,1.25,False,False,False,False,False,False,0.009,-0.004,True,False,LOW
182.424,,6.32,-167.92,-1.24,6.47,3.38,1.29,False,False,False,False,False,False,0.008,-0.005,True,False,LOW
182.506,,5.66,-168.77,-1.27,6.21,3.18,1.29,False,False,False,False,False,False,0.017,-0.005,True,False,LOW
182.687,,5.65,-168.9,-1.2,5.94,2.9,1.34,False,False,False,False,False,False,0.04,0.0,True,False,LOW
182.712,,5.52,-169.09,-1.1,5.89,2.84,1.36,False,False,False,False,False,False,0.035,-0.002,True,False,LOW
182.824,,5.72,-168.96,-1.1,5.85,2.74,1.41,False,False,False,False,False,False,0.028,-0.002,True,False,LOW
182.906,,5.55,-169.48,-1.3,5.76,2.51,1.37,False,False,False,False,False,False,0.024,-0.002,True,False,LOW
183.085,,5.56,-168.9,-1.2,5.69,2.59,1.37,False,False,False,False,False,False,0.029,-0.003,True,False,LOW
183.107,,5.73,-169.19,-1.19,5.7,2.56,1.38,False,False,False,False,False,False,0.028,-0.003,True,False,LOW
183.214,,5.74,-169.23,-1.16,5.74,2.47,1.39,False,False,False,False,False,False,0.027,-0.003,True,False,LOW
183.304,,5.35,-168.89,-1.4,5.62,2.54,1.32,False,False,False,False,False,False,-0.028,0.017,True,False,LOW
183.488,,5.84,-168.42,-1.08,5.77,2.86,1.41,False,False,False,False,False,False,0.033,-0.012,True,False,LOW
183.512,,5.25,-168.39,-1.17,5.71,2.9,1.41,False,False,False,False,False,False,0.03,-0.005,True,False,LOW
183.619,,4.82,-168.1,-1.16,5.37,3.13,1.42,False,False,False,False,False,False,0.029,-0.009,True,False,LOW
183.707,,4.19,-168.37,-1.16,4.96,3.15,1.42,False,False,False,False,False,False,0.031,-0.005,True,False,LOW
183.888,,4.1,-168.82,-1.09,4.52,2.93,1.46,False,False,False,False,False,False,0.033,-0.005,True,False,LOW
183.913,,4.3,-168.2,-1.16,4.5,2.99,1.45,False,False,False,False,False,False,0.028,-0.003,True,False,LOW
184.027,,4.28,-168.02,-1.27,4.43,3.22,1.39,False,False,False,False,False,False,0.027,-0.005,True,False,LOW
184.105,,4.11,-167.85,-1.18,4.34,3.39,1.4,False,False,False,False,False,False,0.007,-0.006,True,False,LOW
184.288,,4.67,-168.33,-1.25,4.55,3.3,1.36,False,False,False,False,False,False,0.004,-0.007,True,False,LOW
184.313,,4.35,-168.08,-1.32,4.53,3.33,1.35,False,False,False,False,False,False,0.005,-0.006,True,False,LOW
184.424,,4.61,-168.0,-1.29,4.59,3.42,1.32,False,False,False,False,False,False,0.008,-0.006,True,False,LOW
184.506,,5.17,-167.82,-1.26,4.81,3.53,1.32,False,False,False,False,False,False,0.007,-0.009,True,False,LOW
184.686,,4.12,-168.0,-1.27,4.47,3.55,1.32,False,False,False,False,False,False,0.007,-0.006,True,False,LOW
