elapsed_seconds,scenario_label,raw_yaw,raw_pitch,raw_roll,yaw,pitch,roll,yaw_suspicious,pitch_suspicious,roll_suspicious,dropout_suspicious,gaze_suspicious,suspicious,gaze_x,gaze_y,gaze_valid,device_detected,risk_level
289.738,,5.29,178.85,-1.17,1.05,-2.84,-0.21,False,False,False,False,False,False,-0.009,0.002,True,False,LOW
289.762,,5.04,-179.16,-1.04,1.02,-2.56,-0.19,False,False,False,False,False,False,-0.015,-0.0,True,False,LOW
289.88,,4.43,-178.53,-1.14,0.66,-1.51,-0.19,False,False,False,False,False,False,-0.012,-0.001,True,False,LOW
289.904,,4.51,-179.79,-1.26,0.61,-1.5,-0.2,False,False,False,False,False,False,-0.009,-0.001,True,False,LOW
290.058,,5.48,-178.92,-1.16,0.92,-1.05,-0.2,False,False,False,False,False,False,-0.005,-0.004,True,False,LOW
290.082,,6.5,-179.7,-1.07,1.1,-1.09,-0.19,False,False,False,False,False,False,-0.004,-0.009,True,False,LOW
290.27,,6.32,-179.52,-1.43,1.64,-1.16,-0.34,False,False,False,False,False,False,-0.001,-0.01,True,False,LOW
290.296,,5.37,179.07,-1.56,1.57,-1.37,-0.38,False,False,False,False,False,False,0.005,-0.001,True,False,LOW
290.459,,4.88,179.53,-1.46,1.09,-1.78,-0.44,False,False,False,False,False,False,0.003,-0.0,True,False,LOW
290.482,,4.6,-179.2,-1.26,1.0,-1.67,-0.42,False,False,False,False,False,False,-0.003,-0.003,True,False,LOW
290.659,,4.73,-178.76,-1.25,0.73,-1.02,-0.35,False,False,False,False,False,False,-0.004,0.0,True,False,LOW
290.685,,4.62,-178.2,-1.22,0.68,-0.85,-0.34,False,False,False,False,False,False,-0.004,0.0,True,False,LOW
290.845,,4.87,-178.54,-1.49,0.65,-0.53,-0.44,False,False,False,False,False,False,-0.049,0.007,True,False,LOW
290.869,,6.08,-179.86,-1.61,0.81,-0.67,-0.46,False,False,False,False,False,False,-0.098,0.028,True,False,LOW
291.056,,6.14,-178.92,-1.65,1.41,-0.64,-0.59,False,False,False,False,False,False,-0.053,0.007,True,False,LOW
291.079,,5.3,-178.17,-1.7,1.36,-0.54,-0.61,False,False,False,False,False,False,-0.026,0.004,True,False,LOW
291.246,,4.74,-178.46,-1.56,0.92,-0.34,-0.6,False,False,False,False,False,False,-0.014,0.001,True,False,LOW
291.27,,5.31,-178.99,-1.22,0.94,-0.38,-0.56,False,False,False,False,False,False,0.003,-0.002,True,False,LOW
291.455,,5.79,-179.41,-1.31,1.27,-0.77,-0.45,False,False,False,False,False,False,0.02,-0.006,True,False,LOW
291.478,,5.89,-179.04,-1.34,1.32,-0.76,-0.44,False,False,False,False,False,False,0.026,-0.01,True,False,LOW
291.647,,6.26,-179.8,-1.44,1.68,-1.14,-0.46,False,False,False,False,False,False,0.033,-0.01,True,False,LOW
291.672,,5.71,179.42,-1.41,1.66,-1.3,-0.46,False,False,False,False,False,False,0.035,-0.015,True,False,LOW
291.854,,5.31,179.6,-1.33,1.34,-1.73,-0.41,False,False,False,False,False,False,0.033,-0.013,True,False,LOW
291.877,,4.97,-179.69,-1.53,1.26,-1.68,-0.43,False,False,False,False,False,False,-0.007,-0.004,True,False,LOW
292.045,,4.38,-177.77,-1.73,0.68,-0.52,-0.61,False,False,False,False,False,False,-0.003,-0.007,True,False,LOW
292.069,,4.5,-176.82,-1.4,0.62,-0.23,-0.58,False,False,False,False,False,False,-0.0,-0.007,True,False,LOW
292.252,,6.05,-178.31,-0.99,1.26,-0.11,-0.29,False,False,False,False,False,False,-0.006,-0.005,True,False,LOW
292.274,,6.1,-178.91,-1.24,1.33,-0.17,-0.29,False,False,False,False,False,False,-0.009,-0.004,True,False,LOW
292.44,,6.19,-178.62,-1.3,1.65,-0.24,-0.31,False,False,False,False,False,False,-0.019,-0.005,True,False,LOW
292.464,,6.37,-177.84,-1.11,1.72,-0.14,-0.29,False,False,False,False,False,False,-0.017,-0.006,True,False,LOW
292.65,,5.62,-177.56,-1.1,1.53,0.35,-0.21,False,False,False,False,False,False,-0.016,-0.003,True,False,LOW
292.673,,5.66,-178.69,-0.73,1.52,0.25,-0.15,False,False,False,False,False,False,0.042,-0.003,True,False,LOW
292.843,,6.75,-177.99,-1.02,2.04,0.29,-0.1,False,False,False,False,False,False,0.022,-0.002,True,False,LOW
292.867,,7.07,-178.2,-1.21,2.15,0.26,-0.12,False,False,False,False,False,False,0.005,-0.004,True,False,LOW
293.054,,6.29,-176.48,-0.98,2.09,1.12,-0.07,False,False,False,False,False,False,0.009,0.002,True,False,LOW
293.077,,4.5,-176.65,-1.05,1.85,1.19,-0.07,False,False,False,False,False,False,0.007,-0.003,True,False,LOW
293.242,,4.47,-176.0,-1.07,1.0,1.77,-0.09,False,False,False,False,False,False,-0.001,-0.007,True,False,LOW
293.265,,5.06,-176.27,-1.27,0.98,1.81,-0.12,False,False,False,False,False,False,-0.008,-0.011,True,False,LOW
293.452,,5.53,-176.13,-1.03,1.15,2.01,-0.09,False,False,False,False,False,False,-0.01,-0.009,True,False,LOW
293.475,,7.67,-177.34,-1.13,1.45,1.88,-0.1,False,False,False,False,False,False,-0.005,-0.009,True,False,LOW
293.642,,6.85,-176.08,-0.96,2.06,2.06,-0.05,False,False,False,False,False,False,-0.005,-0.003,True,False,LOW
293.666,,6.07,-175.59,-0.55,2.03,2.15,0.01,False,False,False,False,False,False,-0.004,-0.007,True,False,LOW
293.837,,6.14,-175.51,-0.49,1.96,2.49,0.25,False,False,False,False,False,False,0.002,-0.012,True,False,LOW
293.873,,4.65,-177.5,-0.48,1.67,2.17,0.29,False,False,False,False,False,False,0.062,0.006,True,False,LOW
294.042,,4.38,-177.03,-0.83,0.86,1.7,0.21,False,False,False,False,False,False,0.072,0.014,True,False,LOW
294.066,,4.02,-175.78,-0.69,0.71,1.81,0.22,False,False,False,False,False,False,0.065,0.01,True,False,LOW
294.353,,3.54,-177.51,-0.33,-0.21,1.16,0.48,False,False,False,False,False,False,0.064,0.005,True,False,LOW
294.374,,3.97,-176.29,-0.21,-0.22,1.26,0.52,False,False,False,False,False,False,0.066,0.003,True,False,LOW
294.472,,3.9,-177.48,-0.47,-0.27,1.1,0.51,False,False,False,False,False,False,0.056,0.005,True,False,LOW
294.496,,3.15,-175.72,-0.55,-0.38,1.3,0.49,False,False,False,False,False,False,0.049,-0.001,True,False,LOW
294.634,,4.23,-176.0,-0.45,-0.21,1.78,0.5,False,False,False,False,False,False,0.057,0.002,True,False,LOW
294.672,,4.66,-175.86,-1.0,-0.08,1.92,0.39,False,False,False,False,False,False,0.057,-0.003,True,False,LOW
294.84,,6.28,-177.86,-0.77,1.03,1.16,0.29,False,False,False,False,False,False,0.056,0.001,True,False,LOW
294.865,,4.88,-177.62,-0.62,0.98,1.1,0.3,False,False,False,False,False,False,0.058,0.002,True,False,LOW
295.035,,4.93,-177.84,-0.58,0.83,0.77,0.34,False,False,False,False,False,False,0.06,0.008,True,False,LOW
295.072,,5.16,-176.88,-0.6,0.85,0.9,0.34,False,False,False,False,False,False,0.071,0.008,True,False,LOW
295.24,,4.87,-176.58,-0.56,0.73,1.33,0.37,False,False,False,False,False,False,0.062,0.008,True,False,LOW
295.264,,5.24,-176.27,-0.36,0.77,1.43,0.4,False,False,False,False,False,False,0.06,0.005,True,False,LOW
295.434,,4.65,-175.11,-0.79,0.58,2.37,0.28,False,False,False,False,False,False,-0.002,-0.007,True,False,LOW
295.472,,5.08,-175.42,-0.63,0.63,2.47,0.29,False,False,False,False,False,False,0.038,0.028,True,False,LOW
295.648,,5.14,-175.81,-0.57,0.77,2.49,0.34,False,False,False,False,False,False,0.072,0.007,True,False,LOW
295.671,,4.64,-177.38,-0.37,0.73,2.29,0.37,False,False,False,False,False,False,0.078,0.013,True,False,LOW
295.839,,4.91,-177.37,-0.2,0.7,1.58,0.57,False,False,False,False,False,False,0.066,0.011,True,False,LOW
295.873,,5.03,-177.66,-0.02,0.71,1.41,0.64,False,False,False,False,False,False,0.067,0.006,True,False,LOW
296.048,,4.4,-177.33,0.04,0.42,1.18,0.83,False,False,False,False,False,False,0.071,0.009,True,False,LOW
296.074,,5.21,-176.04,-0.02,0.5,1.33,0.85,False,False,False,False,False,False,0.056,-0.002,True,False,LOW
296.239,,5.44,-175.35,-0.22,0.86,2.18,0.79,False,False,False,False,False,False,-0.006,-0.006,True,False,LOW
296.273,,5.52,-174.99,-0.18,0.94,2.39,0.79,False,False,False,False,False,False,-0.004,-0.009,True,False,LOW
296.449,,5.86,-174.92,-0.39,1.3,2.93,0.67,False,False,False,False,False,False,0.005,-0.011,True,False,LOW
296.478,,5.05,-174.6,-0.2,1.22,3.06,0.69,False,False,False,False,False,False,-0.001,-0.009,True,False,LOW
296.64,,5.22,-175.77,-0.14,1.1,2.79,0.75,False,False,False,False,False,False,-0.003,-0.01,True,False,LOW
296.672,,4.71,-175.49,-0.2,0.99,2.8,0.76,False,False,False,False,False,False,0.005,-0.015,True,False,LOW
296.849,,4.15,-174.89,-0.14,0.42,3.13,0.79,False,False,False,False,False,False,-0.0,-0.013,True,False,LOW
296.872,,4.82,-175.93,-0.17,0.44,3.03,0.79,False,False,False,False,False,False,-0.009,-0.007,True,False,LOW
297.041,,5.15,-176.14,-0.15,0.68,2.58,0.8,False,False,False,False,False,False,-0.005,0.015,True,False,LOW
297.072,,4.16,-175.62,-0.17,0.55,2.6,0.8,False,False,False,False,False,False,-0.007,-0.007,True,False,LOW
297.253,,3.97,-175.32,-0.12,0.11,2.81,0.82,False,False,False,False,False,False,0.003,-0.007,True,False,LOW
297.277,,4.43,-173.63,0.05,0.12,3.07,0.85,False,False,False,False,False,False,0.005,-0.004,True,False,LOW
297.443,,4.07,-174.05,0.06,-0.03,3.69,0.93,False,False,False,False,False,False,0.008,-0.009,True,False,LOW
297.473,,4.76,-174.6,0.23,0.06,3.7,0.98,False,False,False,False,False,False,-0.009,-0.008,True,False,LOW
297.655,,4.94,-174.07,0.31,0.4,3.99,1.13,False,False,False,False,False,False,-0.003,-0.009,True,False,LOW
297.679,,4.83,-175.08,0.61,0.43,3.89,1.19,False,False,False,False,False,False,0.005,-0.005,True,False,LOW
297.855,,4.34,-176.68,0.66,0.26,2.68,1.42,False,False,False,False,False,False,0.014,-0.005,True,False,LOW
297.88,,3.97,-175.6,0.61,0.19,2.68,1.44,False,False,False,False,False,False,0.007,-0.005,True,False,LOW
298.058,,3.55,-175.15,0.61,-0.28,2.94,1.51,False,False,False,False,False,False,0.006,-0.009,True,False,LOW
298.083,,3.82,-176.16,0.71,-0.3,2.83,1.53,False,False,False,False,False,False,0.004,-0.005,True,False,LOW
298.251,,4.17,-176.04,0.71,-0.18,2.54,1.6,False,False,False,False,False,False,0.004,-0.008,True,False,LOW
298.276,,4.12,-175.63,0.9,-0.17,2.56,1.64,False,False,False,False,False,False,0.005,-0.008,True,False,LOW
298.455,,4.79,-176.59,0.83,0.21,2.11,1.72,False,False,False,False,False,False,0.001,0.003,True,False,LOW
298.477,,4.43,-176.6,0.25,0.21,2.06,1.66,False,False,False,False,False,False,-0.0,-0.001,True,False,LOW
298.643,,4.11,-176.07,0.03,0.04,2.15,1.31,False,False,False,False,False,False,-0.009,-0.003,True,False,LOW
298.673,,3.46,-175.93,-0.09,-0.1,2.19,1.24,False,False,False,False,False,False,-0.011,-0.007,True,False,LOW
298.847,,4.32,-175.69,0.04,-0.0,2.41,1.11,False,False,False,False,False,False,-0.007,-0.005,True,False,LOW
298.871,,4.66,-176.44,0.21,0.05,2.34,1.12,False,False,False,False,False,False,-0.009,-0.008,True,False,LOW
299.037,,4.82,-177.21,0.16,0.32,1.7,1.12,False,False,False,False,False,False,-0.004,-0.009,True,False,LOW
299.076,,4.33,-176.63,0.19,0.28,1.7,1.13,False,False,False,False,False,False,0.005,-0.004,True,False,LOW
299.245,,4.5,-177.51,0.28,0.27,1.23,1.19,False,False,False,False,False,False,0.001,-0.006,True,False,LOW
299.268,,3.18,-177.45,0.29,0.09,1.18,1.19,False,False,False,False,False,False,0.004,-0.002,True,False,LOW
299.439,,3.78,-178.62,0.27,-0.2,0.39,1.21,False,False,False,False,False,False,0.001,-0.002,True,False,LOW
299.472,,4.05,-177.79,0.54,-0.2,0.41,1.26,False,False,False,False,False,False,0.001,-0.003,True,False,LOW
299.648,,3.6,-175.98,0.65,-0.43,1.43,1.45,False,False,False,False,False,False,-0.008,-0.011,True,False,LOW
299.672,,4.28,-175.82,0.44,-0.37,1.58,1.44,False,False,False,False,False,False,-0.014,-0.012,True,False,LOW
299.837,,4.7,-177.4,0.1,0.06,1.23,1.25,False,False,False,False,False,False,-0.011,-0.011,True,False,LOW
299.872,,4.49,-176.68,-0.0,0.09,1.31,1.19,False,False,False,False,False,False,-0.01,-0.01,True,False,LOW
300.043,,5.44,-178.58,-0.32,0.67,0.48,0.9,False,False,False,False,False,False,-0.008,-0.01,True,False,LOW
300.065,,6.2,-176.82,0.36,0.84,0.61,0.96,False,False,False,False,False,False,0.01,-0.01,True,False,LOW
300.241,,5.29,-176.71,0.28,0.95,1.14,1.11,False,False,False,False,False,False,0.008,-0.007,True,False,LOW
300.273,,5.18,-175.55,0.49,0.95,1.43,1.16,False,False,False,False,False,False,0.004,-0.015,True,False,LOW
300.449,,4.59,-176.74,0.39,0.63,1.5,1.26,False,False,False,False,False,False,-0.006,-0.005,True,False,LOW
300.472,,4.29,-176.03,0.39,0.56,1.61,1.27,False,False,False,False,False,False,-0.008,-0.006,True,False,LOW
300.645,,4.73,-175.34,0.71,0.52,2.34,1.48,False,False,False,False,False,False,-0.01,-0.012,True,False,LOW
300.673,,4.71,-175.26,0.37,0.52,2.45,1.46,False,False,False,False,False,False,-0.008,-0.013,True,False,LOW
300.851,,4.59,-174.29,0.24,0.43,3.31,1.32,False,False,False,False,False,False,-0.009,-0.011,True,False,LOW
300.873,,5.0,-174.43,0.45,0.47,3.38,1.33,False,False,False,False,False,False,0.026,-0.012,True,False,LOW
301.042,,5.32,-174.89,0.58,0.79,3.4,1.44,False,False,False,False,False,False,0.033,-0.009,True,False,LOW
301.072,,4.99,-174.98,0.54,0.78,3.39,1.45,False,False,False,False,False,False,-0.001,-0.004,True,False,LOW
301.254,,5.08,-175.54,0.51,0.81,3.06,1.46,False,False,False,False,False,False,-0.0,-0.009,True,False,LOW
301.277,,5.69,-176.41,0.57,0.89,2.91,1.47,False,False,False,False,False,False,0.002,-0.007,True,False,LOW
301.442,,5.39,-176.02,0.79,1.03,2.59,1.61,False,False,False,False,False,False,0.023,-0.013,True,False,LOW
301.473,,5.14,-175.87,0.64,1.01,2.56,1.61,False,False,False,False,False,False,0.021,-0.014,True,False,LOW
301.653,,5.65,-176.3,0.71,1.22,2.27,1.64,False,False,False,False,False,False,0.016,-0.008,True,False,LOW
301.677,,5.41,-175.56,0.55,1.21,2.33,1.63,False,False,False,False,False,False,-0.005,-0.009,True,False,LOW
301.844,,5.8,-174.77,0.48,1.39,2.96,1.53,False,False,False,False,False,False,-0.009,-0.007,True,False,LOW
301.872,,6.19,-175.03,0.65,1.48,3.01,1.54,False,False,False,False,False,False,-0.005,-0.01,True,False,LOW
302.052,,5.48,-174.64,0.75,1.35,3.36,1.63,False,False,False,False,False,False,-0.001,-0.011,True,False,LOW
302.075,,5.25,-175.19,0.52,1.31,3.33,1.61,False,False,False,False,False,False,-0.003,-0.006,True,False,LOW
302.245,,5.92,-175.17,0.67,1.5,3.23,1.62,False,False,False,False,False,False,-0.003,-0.009,True,False,LOW
302.272,,5.59,-173.99,0.63,1.48,3.4,1.62,False,False,False,False,False,False,-0.0,-0.005,True,False,LOW
302.454,,5.27,-176.08,0.51,1.24,2.77,1.54,False,False,False,False,False,False,-0.001,-0.007,True,False,LOW
302.479,,5.39,-176.07,0.63,1.23,2.7,1.55,False,False,False,False,False,False,-0.001,-0.009,True,False,LOW
302.646,,5.46,-174.91,0.65,1.22,3.06,1.58,False,False,False,False,False,False,-0.014,0.002,True,False,LOW
302.672,,5.97,-175.33,0.49,1.3,3.05,1.56,False,False,False,False,False,False,-0.005,-0.005,True,False,LOW
302.854,,5.9,-174.92,0.63,1.49,3.23,1.58,False,False,False,False,False,False,0.0,-0.006,True,False,LOW
302.877,,6.39,-173.71,0.79,1.58,3.41,1.6,False,False,False,False,False,False,0.001,-0.015,True,False,LOW
303.045,,6.07,-174.16,0.89,1.71,3.8,1.73,False,False,False,False,False,False,-0.001,-0.01,True,False,LOW
303.072,,5.97,-174.05,0.79,1.71,3.87,1.73,False,False,False,False,False,False,-0.005,-0.009,True,False,LOW
303.256,,6.5,-173.58,0.67,2.01,4.34,1.68,False,False,False,False,False,False,-0.002,-0.007,True,False,LOW
303.279,,6.61,-174.12,0.56,2.06,4.32,1.66,False,False,False,False,False,False,-0.032,0.01,True,False,LOW
303.446,,6.22,-174.87,0.54,2.02,3.87,1.58,False,False,False,False,False,False,-0.012,-0.001,True,False,LOW
303.475,,5.61,-175.19,0.52,1.92,3.75,1.56,False,False,False,False,False,False,-0.005,-0.006,True,False,LOW
303.655,,5.39,-175.17,0.42,1.51,3.42,1.46,False,False,False,False,False,False,-0.009,-0.002,True,False,LOW
303.679,,5.95,-174.14,0.25,1.53,3.52,1.43,False,False,False,False,False,False,-0.009,-0.006,True,False,LOW
303.857,,6.81,-173.9,0.12,2.08,3.99,1.24,False,False,False,False,False,False,-0.004,-0.007,True,False,LOW
303.884,,6.77,-174.24,0.35,2.15,4.01,1.25,False,False,False,False,False,False,0.001,-0.002,True,False,LOW
304.052,,5.75,-175.37,0.5,1.82,3.46,1.36,False,False,False,False,False,False,-0.006,-0.004,True,False,LOW
304.076,,5.58,-175.62,0.61,1.76,3.35,1.39,False,False,False,False,False,False,-0.009,-0.004,True,False,LOW
304.243,,5.63,-175.93,0.61,1.57,2.84,1.48,False,False,False,False,False,False,-0.01,-0.004,True,False,LOW
304.267,,6.18,-174.6,0.66,1.62,2.96,1.5,False,False,False,False,False,False,-0.017,-0.004,True,False,LOW
304.451,,6.59,-174.29,0.72,2.01,3.53,1.6,False,False,False,False,False,False,-0.007,-0.007,True,False,LOW
304.474,,6.7,-174.63,0.48,2.07,3.55,1.58,False,False,False,False,False,False,-0.009,0.01,True,False,LOW
304.645,,6.63,-174.26,0.42,2.24,3.81,1.47,False,False,False,False,False,False,-0.005,0.003,True,False,LOW
304.668,,7.15,-174.99,0.41,2.33,3.75,1.46,False,False,False,False,False,False,-0.004,0.001,True,False,LOW
304.851,,7.21,-173.85,0.59,2.68,4.13,1.51,False,False,False,False,False,False,-0.004,-0.003,True,False,LOW
304.875,,6.96,-174.16,0.71,2.68,4.13,1.53,False,False,False,False,False,False,0.004,-0.002,True,False,LOW
305.047,,6.86,-174.73,0.73,2.65,3.85,1.61,False,False,False,False,False,False,-0.003,0.001,True,False,LOW
305.072,,6.48,-174.02,0.7,2.6,3.9,1.62,False,False,False,False,False,False,0.002,-0.003,True,False,LOW
305.251,,6.45,-174.43,0.58,2.39,3.89,1.58,False,False,False,False,False,False,0.007,-0.0,True,False,LOW
305.274,,6.38,-175.04,0.67,2.36,3.81,1.58,False,False,False,False,False,False,-0.003,0.002,True,False,LOW
305.443,,6.31,-175.18,0.64,2.21,3.46,1.59,False,False,False,False,False,False,0.0,0.001,True,False,LOW
305.466,,6.3,-174.76,0.43,2.19,3.47,1.57,False,False,False,False,False,False,-0.005,0.004,True,False,LOW
305.66,,6.58,-174.9,0.37,2.27,3.44,1.44,False,False,False,False,False,False,-0.004,0.004,True,False,LOW
305.683,,7.61,-174.02,0.21,2.42,3.55,1.4,False,False,False,False,False,False,0.001,0.001,True,False,LOW
305.86,,7.3,-173.14,0.41,2.76,4.42,1.38,False,False,False,False,False,False,-0.004,-0.001,True,False,LOW
305.884,,6.69,-173.15,1.0,2.72,4.52,1.46,False,False,False,False,False,False,0.0,-0.005,True,False,LOW
306.06,,6.18,-173.07,1.03,2.31,4.91,1.74,False,False,False,False,False,False,0.001,-0.002,True,False,LOW
306.085,,6.87,-173.17,1.04,2.35,4.94,1.78,False,False,False,False,False,False,0.008,-0.001,True,False,LOW
306.248,,7.02,-174.33,0.67,2.57,4.45,1.7,False,False,False,False,False,False,0.0,0.013,True,False,LOW
306.271,,7.68,-174.3,0.53,2.68,4.4,1.68,False,False,False,False,False,False,-0.003,0.018,True,False,LOW
306.457,,6.6,-174.78,0.31,2.51,3.92,1.46,False,False,False,False,False,False,0.001,0.029,True,False,LOW
306.48,,6.92,-173.19,0.13,2.53,4.08,1.41,False,False,False,False,False,False,-0.015,0.01,True,False,LOW
306.643,,5.75,-172.64,0.3,2.01,4.9,1.33,False,False,False,False,False,False,-0.012,0.0,True,False,LOW
306.666,,6.59,-172.45,0.25,2.05,5.03,1.32,False,False,False,False,False,False,-0.012,-0.003,True,False,LOW
306.843,,5.55,-172.23,0.42,1.66,5.6,1.35,False,False,False,False,False,False,-0.006,-0.002,True,False,LOW
306.865,,5.71,-172.89,-0.04,1.64,5.58,1.3,False,False,False,False,False,False,-0.007,-0.004,True,False,LOW
307.038,,6.16,-173.48,-0.02,1.78,5.19,1.11,False,False,False,False,False,False,-0.012,-0.002,True,False,LOW
307.061,,5.95,-173.58,0.0,1.77,5.13,1.09,False,False,False,False,False,False,-0.008,0.0,True,False,LOW
307.249,,6.47,-173.66,0.15,2.02,4.87,1.1,False,False,False,False,False,False,-0.005,-0.0,True,False,LOW
307.272,,6.08,-173.6,0.06,2.0,4.85,1.09,False,False,False,False,False,False,-0.009,0.001,True,False,LOW
307.439,,5.68,-173.1,0.21,1.71,5.03,1.13,False,False,False,False,False,False,-0.014,-0.002,True,False,LOW
307.461,,6.38,-172.05,0.2,1.76,5.19,1.13,False,False,False,False,False,False,-0.005,-0.004,True,False,LOW
307.643,,6.21,-171.54,0.34,1.87,6.05,1.22,False,False,False,False,False,False,-0.01,-0.003,True,False,LOW
307.665,,7.07,-171.79,0.62,1.99,6.11,1.27,False,False,False,False,False,False,-0.008,-0.006,True,False,LOW
307.837,,6.59,-171.26,0.86,2.18,6.61,1.56,False,False,False,False,False,False,-0.008,-0.003,True,False,LOW
307.862,,7.27,-171.37,0.7,2.3,6.66,1.57,False,False,False,False,False,False,-0.002,-0.001,True,False,LOW
308.044,,6.23,-171.8,0.46,2.13,6.58,1.49,False,False,False,False,False,False,-0.001,0.0,True,False,LOW
308.068,,6.74,-171.9,0.49,2.18,6.56,1.48,False,False,False,False,False,False,-0.002,-0.0,True,False,LOW
308.241,,6.97,-172.89,0.27,2.47,5.96,1.35,False,False,False,False,False,False,-0.003,0.001,True,False,LOW
308.264,,6.17,-173.83,0.14,2.4,5.76,1.32,False,False,False,False,False,False,-0.0,-0.006,True,False,LOW
308.45,,6.38,-174.21,0.38,2.26,4.84,1.33,False,False,False,False,False,False,-0.003,-0.006,True,False,LOW
308.472,,6.55,-173.68,0.54,2.27,4.81,1.35,False,False,False,False,False,False,-0.005,-0.002,True,False,LOW
308.643,,6.13,-172.5,0.68,2.07,5.33,1.5,False,False,False,False,False,False,-0.017,0.002,True,False,LOW
308.667,,6.9,-172.27,0.69,2.15,5.43,1.52,False,False,False,False,False,False,-0.007,-0.004,True,False,LOW
308.851,,6.62,-171.19,0.81,2.27,6.35,1.66,False,False,False,False,False,False,-0.005,-0.0,True,False,LOW
308.875,,6.38,-171.58,0.6,2.26,6.4,1.64,False,False,False,False,False,False,-0.003,-0.003,True,False,LOW
309.043,,6.63,-171.67,0.95,2.32,6.53,1.78,False,False,False,False,False,False,-0.002,-0.008,True,False,LOW
309.066,,6.5,-173.26,0.73,2.32,6.33,1.77,False,False,False,False,False,False,-0.001,-0.002,True,False,LOW
309.252,,6.53,-173.33,0.54,2.3,5.59,1.62,False,False,False,False,False,False,0.003,0.003,True,False,LOW
309.276,,6.76,-174.11,0.79,2.33,5.39,1.64,False,False,False,False,False,False,-0.001,-0.004,True,False,LOW
309.445,,6.36,-174.27,0.76,2.22,4.67,1.68,False,False,False,False,False,False,0.001,-0.005,True,False,LOW
309.47,,6.37,-174.74,0.9,2.21,4.51,1.71,False,False,False,False,False,False,0.002,-0.006,True,False,LOW
309.651,,5.79,-174.49,1.12,1.86,4.13,1.91,False,False,False,False,False,False,-0.007,-0.008,True,False,LOW
309.673,,4.99,-175.74,2.12,1.72,3.92,2.06,False,False,False,False,False,False,0.01,-0.001,True,False,LOW
309.847,,3.99,-175.21,4.76,0.66,3.48,4.06,False,False,False,False,False,False,0.005,-0.009,True,False,LOW
309.87,,2.74,-173.14,10.74,0.35,3.69,5.33,False,False,False,False,False,False,0.038,-0.005,True,False,LOW
310.053,,-6.03,-172.75,16.84,-5.98,4.71,13.09,False,False,False,False,False,False,0.077,0.004,True,False,LOW
310.077,,-15.4,-178.2,22.46,-8.86,4.03,15.27,False,False,False,False,False,False,0.063,0.008,True,False,LOW
310.246,,-16.72,-178.18,26.9,-16.53,1.89,23.27,False,False,True,False,False,True,0.061,0.014,True,False,LOW
310.27,,-13.83,179.65,29.88,-16.83,1.25,24.92,False,False,True,False,False,True,0.069,0.011,True,False,LOW
310.452,,-13.13,178.37,31.29,-17.15,-1.42,29.6,False,False,True,False,False,True,0.067,0.009,True,False,LOW
310.476,,-12.59,178.16,32.08,-17.1,-1.76,30.27,False,False,True,False,False,True,0.07,0.016,True,False,LOW
310.76,,-13.43,179.0,31.77,-17.48,-2.38,31.97,False,False,True,False,False,True,0.055,0.012,True,False,LOW
310.781,,-14.1,179.54,31.65,-17.59,-2.35,32.06,False,False,True,False,False,True,0.043,0.013,True,False,LOW
310.89,,-14.33,179.7,31.55,-18.01,-2.2,32.26,False,False,True,False,False,True,0.045,0.014,True,False,LOW
310.913,,-14.39,177.32,31.56,-18.1,-2.51,32.3,False,False,True,False,False,True,0.029,0.03,True,False,LOW
311.07,,-13.77,177.1,32.15,-18.05,-3.6,32.72,False,False,True,False,False,True,0.034,0.014,True,False,LOW
311.094,,-14.51,177.01,31.72,-18.15,-3.76,32.71,False,False,True,False,False,True,0.039,0.01,True,False,LOW
311.25,,-14.6,176.83,31.8,-18.5,-4.33,32.74,False,False,True,False,False,True,0.047,0.018,True,False,LOW
311.277,,-14.65,176.67,31.92,-18.56,-4.44,32.76,False,False,True,False,False,True,0.051,0.016,True,False,LOW
311.436,,-15.26,176.13,31.95,-19.04,-5.02,32.84,False,False,True,False,False,True,0.049,0.015,True,False,LOW
311.46,,-15.58,176.13,32.18,-19.15,-5.1,32.88,False,False,True,False,False,True,0.055,0.009,True,False,LOW
311.645,,-15.17,175.62,32.18,-19.29,-5.63,33.02,False,False,True,False,False,True,0.052,0.012,True,False,LOW
311.669,,-15.23,175.78,32.3,-19.32,-5.67,33.05,False,False,True,False,False,True,0.057,0.013,True,False,LOW
311.835,,-14.81,175.45,32.48,-19.18,-5.97,33.25,False,False,True,False,False,True,0.069,0.016,True,False,LOW
311.859,,-14.49,175.42,32.73,-19.12,-6.01,33.31,False,False,True,False,False,True,0.066,0.018,True,False,LOW
312.045,,-14.85,175.57,32.69,-19.1,-6.07,33.5,False,False,True,False,False,True,0.065,0.015,True,False,LOW
312.069,,-14.65,175.97,32.81,-19.08,-6.02,33.53,False,False,True,False,False,True,0.058,0.008,True,False,LOW
312.236,,-15.42,176.93,32.74,-19.38,-5.37,33.62,False,False,True,False,False,True,0.057,0.011,True,False,LOW
312.26,,-15.65,176.8,32.9,-19.45,-5.3,33.65,False,False,True,False,False,True,0.057,0.014,True,False,LOW
312.445,,-15.48,176.13,33.06,-19.59,-5.44,33.85,False,False,True,False,False,True,0.054,0.011,True,False,LOW
312.47,,-15.36,176.78,32.94,-19.59,-5.37,33.86,False,False,True,False,False,True,0.049,0.013,True,False,LOW
312.635,,-15.48,176.52,33.01,-19.66,-5.27,33.92,False,False,True,False,False,True,0.046,0.012,True,False,LOW
312.658,,-15.17,176.92,32.93,-19.63,-5.2,33.91,False,False,True,False,False,True,0.043,0.016,True,False,LOW
312.845,,-14.99,176.64,32.83,-19.41,-5.12,33.85,False,False,True,False,False,True,0.045,0.015,True,False,LOW
312.87,,-14.43,176.56,32.82,-19.31,-5.12,33.84,False,False,True,False,False,True,0.042,0.009,True,False,LOW
313.041,,-14.17,176.32,32.74,-18.84,-5.25,33.77,False,False,True,False,False,True,0.042,0.015,True,False,LOW
313.064,,-14.17,176.17,32.65,-18.78,-5.29,33.75,False,False,True,False,False,True,0.036,0.009,True,False,LOW
313.253,,-14.06,175.98,32.3,-18.51,-5.52,33.48,False,False,True,False,False,True,0.035,0.011,True,False,MODERATE
313.276,,-14.27,175.96,32.37,-18.51,-5.54,33.46,False,False,True,False,False,True,0.039,0.011,True,False,MODERATE
313.442,,-14.17,176.39,32.19,-18.46,-5.42,33.3,False,False,True,False,False,True,0.037,0.01,True,False,MODERATE
313.465,,-13.91,175.81,32.3,-18.42,-5.48,33.3,False,False,True,False,False,True,0.037,0.011,True,False,MODERATE
313.657,,-14.44,176.19,32.39,-18.56,-5.49,33.33,False,False,True,False,False,True,0.044,0.015,True,False,MODERATE
313.683,,-14.8,176.26,32.47,-18.63,-5.48,33.34,False,False,True,False,False,True,0.045,0.018,True,False,MODERATE
313.856,,-14.66,175.71,32.52,-18.77,-5.74,33.41,False,False,True,False,False,True,0.045,0.019,True,False,MODERATE
313.882,,-15.97,174.98,30.95,-18.98,-5.88,33.19,False,False,True,False,False,True,0.011,0.004,True,False,MODERATE
314.058,,-15.98,174.78,28.37,-19.65,-6.44,31.06,False,False,True,False,False,True,0.019,0.002,True,False,MODERATE
314.891,,35.67,-177.02,12.61,25.1,0.1,16.08,False,False,False,False,False,False,-0.108,-0.097,True,False,MODERATE
314.994,,7.23,177.24,-1.42,14.68,-1.79,7.86,False,False,False,False,False,False,-0.004,0.017,True,False,MODERATE
315.02,,0.94,179.79,-1.53,10.25,-1.8,5.97,False,False,False,False,False,False,-0.009,0.003,True,False,MODERATE
315.124,,1.56,-179.02,-1.64,3.0,-1.37,2.53,False,False,False,False,False,False,-0.006,0.012,True,False,MODERATE
315.148,,1.31,-178.65,-1.56,1.64,-1.23,1.91,False,False,False,False,False,False,0.001,0.008,True,False,MODERATE
315.249,,1.03,-177.29,-1.18,-0.94,-0.32,0.88,False,False,False,False,False,False,-0.008,0.013,True,False,MODERATE
315.272,,0.74,-175.82,-0.85,-1.46,0.09,0.75,False,False,False,False,False,False,-0.006,0.006,True,False,MODERATE
315.431,,1.09,-177.88,-0.65,-2.45,0.27,0.51,False,False,False,False,False,False,-0.003,0.009,True,False,MODERATE
315.457,,1.17,-178.95,-0.24,-2.56,0.14,0.54,False,False,False,False,False,False,-0.008,0.03,True,False,MODERATE
315.623,,1.1,-178.15,-0.24,-2.89,0.15,0.64,False,False,False,False,False,False,-0.008,0.012,True,False,MODERATE
315.664,,0.8,-177.62,-0.38,-3.01,0.26,0.62,False,False,False,False,False,False,-0.005,0.008,True,False,MODERATE
315.829,,1.0,-176.38,-0.11,-3.13,1.13,0.74,False,False,False,False,False,False,0.002,0.004,True,False,MODERATE
315.861,,0.97,-176.58,-0.08,-3.16,1.24,0.76,False,False,False,False,False,False,-0.006,0.004,True,False,MODERATE
316.028,,1.34,-177.8,0.01,-3.02,0.86,0.87,False,False,False,False,False,False,0.007,0.012,True,False,MODERATE
316.066,,0.28,-177.11,0.74,-3.22,0.93,1.04,False,False,False,False,False,False,0.065,0.015,True,False,MODERATE
316.231,,1.47,-177.25,0.94,-2.99,1.0,1.48,False,False,False,False,False,False,0.061,0.017,True,False,MODERATE
316.257,,0.58,179.8,1.67,-3.09,0.54,1.66,False,False,False,False,False,False,0.057,0.015,True,False,MODERATE
316.423,,1.93,179.93,1.41,-2.69,-0.69,2.03,False,False,False,False,False,False,0.069,0.021,True,False,MODERATE
316.465,,1.35,-179.15,1.96,-2.73,-0.72,2.23,False,False,False,False,False,False,0.068,0.022,True,False,MODERATE
316.636,,1.12,-178.93,1.92,-2.93,-0.67,2.57,False,False,False,False,False,False,0.071,0.022,True,False,MODERATE
316.661,,1.97,-179.66,2.06,-2.84,-0.76,2.64,False,False,False,False,False,False,0.043,-0.001,True,False,MODERATE
316.831,,2.36,-177.72,1.77,-2.34,-0.06,2.69,False,False,False,False,False,False,0.0,-0.005,True,False,MODERATE
316.864,,2.62,-178.23,1.48,-2.21,-0.04,2.64,False,False,False,False,False,False,-0.008,-0.01,True,False,MODERATE
317.032,,2.46,-178.35,1.69,-1.99,-0.04,2.65,False,False,False,False,False,False,-0.003,-0.006,True,False,MODERATE
317.057,,2.15,-177.73,1.71,-2.0,0.05,2.65,False,False,False,False,False,False,0.007,-0.004,True,False,MODERATE
317.228,,1.36,-177.68,1.75,-2.46,0.35,2.68,False,False,False,False,False,False,0.008,-0.001,True,False,MODERATE
317.264,,1.33,-177.46,1.6,-2.54,0.45,2.66,False,False,False,False,False,False,0.007,-0.002,True,False,MODERATE
317.436,,1.36,-177.37,1.58,-2.72,0.71,2.6,False,False,False,False,False,False,0.005,-0.004,True,False,MODERATE
317.46,,0.92,-177.26,1.35,-2.8,0.75,2.56,False,False,False,False,False,False,0.007,0.001,True,False,MODERATE
317.628,,0.75,-176.88,1.54,-3.16,1.11,2.53,False,False,False,False,False,False,0.009,0.003,True,False,MODERATE
317.665,,0.94,-177.28,1.48,-3.19,1.09,2.51,False,False,False,False,False,False,-0.021,0.013,True,False,MODERATE
317.844,,1.93,-179.17,1.16,-2.72,0.04,2.3,False,False,False,False,False,False,-0.006,0.002,True,False,MODERATE
317.868,,2.36,-179.4,1.21,-2.61,-0.11,2.29,False,False,False,False,False,False,-0.022,0.021,True,False,LOW
318.031,,2.18,-178.63,1.35,-2.33,-0.22,2.3,False,False,False,False,False,False,-0.0,0.005,True,False,LOW
318.065,,2.83,-177.36,1.55,-2.16,-0.01,2.34,False,False,False,False,False,False,-0.033,0.029,True,False,LOW
318.236,,2.91,-176.76,1.4,-1.72,0.81,2.35,False,False,False,False,False,False,-0.008,-0.004,True,False,LOW
318.259,,2.77,-176.24,1.64,-1.69,0.98,2.38,False,False,False,False,False,False,0.001,-0.006,True,False,LOW
318.43,,2.55,-177.07,1.7,-1.69,1.12,2.53,False,False,False,False,False,False,0.006,-0.004,True,False,LOW
318.464,,1.92,-178.14,1.67,-1.8,0.96,2.54,False,False,False,False,False,False,0.001,-0.003,True,False,LOW
318.639,,1.67,-179.11,1.67,-2.21,0.02,2.59,False,False,False,False,False,False,-0.003,-0.002,True,False,LOW
318.666,,2.01,-178.39,1.7,-2.21,0.0,2.6,False,False,False,False,False,False,-0.0,0.001,True,False,LOW
318.829,,1.76,-178.43,1.52,-2.35,-0.06,2.54,False,False,False,False,False,False,-0.001,-0.002,True,False,LOW
318.864,,2.05,-177.86,1.62,-2.32,0.03,2.55,False,False,False,False,False,False,0.001,0.0,True,False,LOW
319.039,,1.82,-176.86,1.47,-2.37,0.79,2.49,False,False,False,False,False,False,-0.002,0.002,True,False,LOW
319.063,,1.97,-177.15,1.35,-2.36,0.84,2.46,False,False,False,False,False,False,-0.0,0.003,True,False,LOW
319.23,,1.82,-176.86,1.57,-2.39,1.16,2.5,False,False,False,False,False,False,-0.015,0.009,True,False,LOW
319.264,,1.96,-177.5,1.3,-2.37,1.09,2.45,False,False,False,False,False,False,-0.03,0.014,True,False,LOW
319.442,,1.35,-177.1,1.16,-2.65,1.16,2.28,False,False,False,False,False,False,-0.024,0.017,True,False,LOW
319.468,,1.1,-176.72,1.05,-2.72,1.22,2.24,False,False,False,False,False,False,-0.021,0.009,True,False,LOW
319.631,,1.78,-176.34,0.98,-2.59,1.6,2.09,False,False,False,False,False,False,-0.024,0.002,True,False,LOW
319.664,,2.01,-177.83,0.95,-2.52,1.41,2.06,False,False,False,False,False,False,-0.017,-0.001,True,False,LOW
319.84,,1.89,-177.28,1.29,-2.43,1.21,2.16,False,False,False,False,False,False,0.0,0.008,True,False,LOW
319.863,,1.35,-176.79,1.45,-2.49,1.25,2.19,False,False,False,False,False,False,0.003,0.007,True,False,LOW
320.034,,0.69,-176.87,1.32,-3.05,1.35,2.24,False,False,False,False,False,False,-0.018,0.004,True,False,LOW
320.064,,1.28,-177.18,1.46,-3.03,1.31,2.27,False,False,False,False,False,False,0.046,0.007,True,False,LOW
320.242,,1.52,-176.58,1.59,-2.87,1.53,2.42,False,False,False,False,False,False,0.068,0.02,True,False,LOW
320.266,,1.68,-178.09,1.64,-2.83,1.35,2.44,False,False,False,False,False,False,0.069,0.016,True,False,LOW
320.436,,1.99,-178.19,1.55,-2.53,0.7,2.48,False,False,False,False,False,False,0.067,0.018,True,False,LOW
320.465,,1.94,-178.72,1.7,-2.49,0.52,2.51,False,False,False,False,False,False,0.065,0.015,True,False,LOW
320.643,,2.07,-177.94,1.64,-2.32,0.44,2.56,False,False,False,False,False,False,0.064,0.016,True,False,LOW
320.666,,1.84,-177.04,1.72,-2.33,0.54,2.57,False,False,False,False,False,False,0.062,0.017,True,False,LOW
320.835,,1.81,-177.59,1.74,-2.38,0.63,2.64,False,False,False,False,False,False,0.064,0.019,True,False,LOW
320.866,,1.48,-177.68,1.76,-2.44,0.63,2.65,False,False,False,False,False,False,0.064,0.016,True,False,LOW
321.042,,2.13,-177.53,1.64,-2.27,0.71,2.62,False,False,False,False,False,False,0.057,0.015,True,False,LOW
321.065,,2.44,-178.01,1.67,-2.21,0.66,2.63,False,False,False,False,False,False,0.058,0.016,True,False,LOW
321.236,,1.92,-178.51,1.59,-2.27,0.21,2.59,False,False,False,False,False,False,0.064,0.014,True,False,LOW
321.264,,1.44,-178.54,1.78,-2.34,0.14,2.61,False,False,False,False,False,False,0.064,0.019,True,False,LOW
321.443,,1.84,-178.46,1.78,-2.37,-0.01,2.68,False,False,False,False,False,False,0.062,0.013,True,False,LOW
321.466,,2.34,-176.51,1.44,-2.31,0.22,2.64,False,False,False,False,False,False,0.007,-0.006,True,False,LOW
321.64,,1.12,-176.28,1.33,-2.74,1.19,2.46,False,False,False,False,False,False,0.001,-0.002,True,False,LOW
321.664,,2.07,-176.87,1.39,-2.66,1.23,2.44,False,False,False,False,False,False,-0.0,0.004,True,False,LOW
321.859,,2.22,-177.88,1.49,-2.31,0.79,2.45,False,False,False,False,False,False,-0.004,-0.0,True,False,LOW
321.884,,1.82,-177.41,1.46,-2.32,0.8,2.44,False,False,False,False,False,False,-0.003,-0.001,True,False,LOW
322.044,,2.0,-177.71,1.5,-2.28,0.7,2.45,False,False,False,False,False,False,0.001,0.002,True,False,LOW
322.067,,1.63,-177.71,1.53,-2.32,0.69,2.46,False,False,False,False,False,False,0.0,0.002,True,False,LOW
322.256,,1.23,-177.66,1.76,-2.7,0.67,2.6,False,False,False,False,False,False,0.061,0.015,True,False,LOW
322.28,,1.03,-177.76,1.84,-2.77,0.65,2.63,False,False,False,False,False,False,0.06,0.02,True,False,LOW
322.439,,0.68,-178.56,1.72,-3.17,0.2,2.65,False,False,False,False,False,False,0.063,0.017,True,False,LOW
322.464,,0.63,-177.75,1.68,-3.23,0.25,2.65,False,False,False,False,False,False,0.057,0.015,True,False,LOW
322.644,,1.48,-176.68,1.61,-2.98,0.99,2.61,False,False,False,False,False,False,0.057,0.014,True,False,LOW
322.667,,0.71,-177.59,1.66,-3.05,0.95,2.61,False,False,False,False,False,False,0.052,0.015,True,False,LOW
322.828,,0.37,-177.15,1.65,-3.47,1.06,2.61,False,False,False,False,False,False,0.052,0.015,True,False,LOW
322.864,,1.36,-177.15,1.59,-3.36,1.08,2.6,False,False,False,False,False,False,0.056,0.017,True,False,LOW
323.033,,1.84,-177.78,1.45,-2.86,0.79,2.5,False,False,False,False,False,False,0.022,0.031,True,False,LOW
323.057,,1.79,-176.7,1.09,-2.81,0.9,2.44,False,False,False,False,True,True,0.003,0.037,True,False,LOW
323.227,,0.46,-175.07,1.47,-3.31,2.15,2.44,False,False,False,False,False,False,0.045,0.025,True,False,LOW
323.264,,0.75,-176.13,1.54,-3.34,2.15,2.45,False,False,False,False,False,False,0.053,0.019,True,False,LOW
323.434,,2.03,-177.53,1.29,-2.75,1.44,2.35,False,False,False,False,False,False,0.057,0.021,True,False,LOW
323.458,,1.55,-177.67,1.38,-2.74,1.33,2.34,False,False,False,False,False,False,0.056,0.018,True,False,LOW
323.629,,1.36,-177.1,1.64,-2.81,1.27,2.48,False,False,False,False,False,False,0.062,0.015,True,False,LOW
323.664,,0.64,-177.09,1.6,-2.96,1.26,2.49,False,False,False,False,False,False,0.06,0.016,True,False,LOW
323.838,,1.47,-175.65,1.81,-2.86,2.0,2.64,False,False,False,False,False,False,0.055,0.013,True,False,LOW
323.86,,2.03,-176.43,1.8,-2.78,1.98,2.65,False,False,False,False,False,False,0.055,0.012,True,False,LOW
324.03,,1.02,-176.47,1.56,-3.01,1.91,2.58,False,False,False,False,False,False,0.063,0.013,True,False,LOW
324.064,,1.01,-176.62,1.82,-3.05,1.87,2.62,False,False,False,False,False,False,0.057,0.009,True,False,LOW
324.235,,1.1,-176.82,1.85,-3.1,1.67,2.72,False,False,False,False,False,False,0.057,0.011,True,False,LOW
324.26,,1.65,-177.06,1.83,-3.03,1.61,2.73,False,False,False,False,False,False,0.061,0.014,True,False,LOW
324.432,,1.59,-177.84,1.79,-2.83,1.01,2.74,False,False,False,False,False,False,0.065,0.016,True,False,LOW
324.464,,1.61,-177.79,1.86,-2.8,0.92,2.75,False,False,False,False,False,False,0.065,0.017,True,False,LOW
324.639,,1.61,-177.5,1.86,-2.71,0.86,2.79,False,False,False,False,False,False,0.058,0.017,True,False,LOW
324.662,,1.28,-176.9,1.85,-2.74,0.93,2.79,False,False,False,False,False,False,0.068,0.017,True,False,LOW
324.833,,1.89,-177.56,1.92,-2.54,0.84,2.84,False,False,False,False,False,False,0.069,0.017,True,False,LOW
324.856,,1.13,-176.28,2.03,-2.61,0.99,2.86,False,False,False,False,False,False,0.071,0.012,True,False,LOW
325.043,,1.3,-176.76,2.02,-2.79,1.3,2.92,False,False,False,False,False,False,0.077,0.012,True,False,LOW
325.067,,1.66,-177.81,2.03,-2.76,1.19,2.93,False,False,False,False,False,False,0.063,0.014,True,False,LOW
325.235,,1.67,-178.59,1.51,-2.66,0.42,2.69,False,False,False,False,False,False,0.046,0.01,True,False,LOW
325.259,,3.12,-177.46,0.08,-2.45,0.48,2.46,False,False,False,False,False,False,0.055,0.011,True,False,LOW
325.443,,5.68,-175.75,-4.7,-0.27,1.61,-1.09,False,False,False,False,False,False,0.001,0.006,True,False,LOW
325.465,,12.01,-176.5,-12.47,1.04,1.64,-2.92,False,False,False,False,False,False,-0.015,0.004,True,False,LOW
325.634,,16.45,-179.05,-20.99,7.78,0.4,-13.76,False,False,False,False,False,False,-0.01,0.008,True,False,LOW
325.657,,17.29,-178.86,-28.15,8.76,0.27,-16.84,False,False,False,False,False,False,-0.022,0.013,True,False,LOW
325.843,,15.05,-178.02,-31.11,10.0,0.28,-25.79,False,False,True,False,False,True,-0.027,0.021,True,False,LOW
325.865,,14.44,-178.01,-31.09,10.03,0.28,-26.7,False,False,True,False,False,True,-0.028,0.02,True,False,LOW
326.036,,15.28,-177.76,-29.86,10.59,0.42,-28.04,False,False,True,False,False,True,-0.015,0.008,True,False,LOW
326.061,,14.22,-178.95,-29.33,10.5,0.27,-28.1,False,False,True,False,False,True,-0.02,0.013,True,False,LOW
326.252,,14.08,179.73,-29.74,10.13,-0.98,-28.5,False,False,True,False,False,True,-0.022,0.011,True,False,LOW
326.281,,14.17,179.64,-30.26,10.1,-1.16,-28.64,False,False,True,False,False,True,-0.025,0.017,True,False,LOW
326.446,,14.06,179.75,-31.46,9.96,-1.57,-29.65,False,False,True,False,False,True,-0.034,0.019,True,False,LOW
326.472,,14.45,178.94,-32.96,9.99,-1.75,-30.03,False,False,True,False,True,True,-0.104,0.06,True,False,LOW
326.647,,15.54,179.29,-33.45,10.69,-2.1,-31.41,False,False,True,False,True,True,-0.159,0.069,True,False,LOW
326.672,,15.12,178.02,-34.7,10.72,-2.33,-31.78,False,False,True,False,False,True,-0.076,0.026,True,False,LOW
326.84,,11.19,177.14,-36.21,8.72,-3.53,-33.71,False,False,True,False,False,True,-0.048,0.018,True,False,LOW
326.863,,9.97,176.19,-37.4,8.29,-3.81,-34.13,False,False,True,False,False,True,-0.035,0.02,True,False,LOW
327.044,,10.4,175.97,-37.47,7.1,-4.88,-35.49,False,False,True,False,False,True,-0.042,0.014,True,False,LOW
327.069,,10.62,176.02,-37.48,6.99,-5.0,-35.65,False,False,True,False,False,True,-0.019,0.007,True,False,LOW
327.242,,10.39,176.88,-37.31,6.54,-4.9,-36.03,False,False,True,False,False,True,-0.011,0.003,True,False,LOW
327.267,,11.81,177.8,-37.54,6.68,-4.76,-36.11,False,False,True,False,False,True,-0.018,0.015,True,False,LOW
327.448,,11.65,177.96,-37.55,7.07,-4.21,-36.37,False,False,True,False,False,True,-0.032,0.022,True,False,LOW
327.586,,12.93,176.35,-38.1,7.84,-4.74,-36.74,False,False,True,False,True,True,-0.014,0.048,True,False,LOW
327.697,,12.0,175.82,-37.95,7.81,-5.21,-36.84,False,False,True,False,False,True,-0.022,0.027,True,False,LOW
327.721,,12.65,177.45,-37.87,7.89,-5.08,-36.85,False,False,True,False,False,True,-0.016,0.034,True,False,LOW
327.857,,11.87,178.05,-37.55,7.77,-4.4,-36.73,False,False,True,False,False,True,-0.024,0.015,True,False,LOW
327.882,,11.78,178.05,-37.45,7.74,-4.3,-36.7,False,False,True,False,False,True,-0.025,0.015,True,False,LOW
328.025,,11.33,178.05,-37.35,7.43,-3.98,-36.55,False,False,True,False,False,True,-0.024,0.014,True,False,LOW
328.048,,11.67,178.9,-37.09,7.43,-3.82,-36.5,False,False,True,False,False,True,-0.021,0.01,True,False,LOW
328.236,,11.45,178.65,-37.08,7.31,-3.39,-36.29,False,False,True,False,False,True,-0.019,0.008,True,False,LOW
328.26,,11.28,178.03,-37.49,7.27,-3.42,-36.32,False,False,True,False,False,True,-0.022,0.013,True,False,LOW
328.427,,10.78,177.41,-37.81,6.89,-3.86,-36.59,False,False,True,False,False,True,-0.025,0.013,True,False,LOW
328.451,,10.79,176.71,-38.16,6.85,-4.01,-36.68,False,False,True,False,False,True,-0.025,0.014,True,False,LOW
328.634,,10.57,175.96,-38.29,6.57,-4.95,-37.03,False,False,True,False,False,True,-0.021,0.009,True,False,LOW
328.658,,10.94,176.17,-38.22,6.58,-5.03,-37.06,False,False,True,False,False,True,-0.022,0.011,True,False,LOW
328.827,,11.01,176.22,-38.02,6.68,-5.26,-37.06,False,False,True,False,False,True,-0.024,0.008,True,False,LOW
328.85,,11.12,177.29,-37.6,6.71,-5.15,-37.01,False,False,True,False,False,True,-0.022,0.01,True,False,MODERATE
329.033,,11.3,177.76,-37.26,6.9,-4.49,-36.63,False,False,True,False,False,True,-0.018,0.01,True,False,MODERATE
329.057,,11.02,179.27,-37.0,6.88,-4.2,-36.55,False,False,True,False,False,True,-0.019,0.009,True,False,MODERATE
329.228,,10.93,-179.87,-36.75,6.78,-2.77,-36.15,False,False,True,False,False,True,-0.017,0.007,True,False,MODERATE
329.253,,10.76,-179.75,-36.43,6.75,-2.57,-36.05,False,False,True,False,False,True,-0.018,0.009,True,False,MODERATE
329.435,,10.13,179.61,-36.33,6.28,-2.3,-35.68,False,False,True,False,False,True,-0.021,0.01,True,False,MODERATE
329.459,,10.32,-178.29,-34.58,6.26,-1.97,-35.4,False,False,True,False,False,True,-0.014,0.018,True,False,MODERATE
329.638,,9.89,-177.94,-30.61,5.93,-0.66,-32.12,False,False,True,False,False,True,-0.016,0.015,True,False,MODERATE
329.807,,9.06,-177.76,-25.91,5.35,-0.01,-28.05,False,False,True,False,False,True,-0.017,0.014,True,False,MODERATE
329.923,,9.03,-177.17,-21.33,5.11,0.49,-24.27,False,False,True,False,False,True,-0.007,0.004,True,False,MODERATE
329.947,,8.68,-177.91,-15.4,5.02,0.48,-22.3,False,False,True,False,False,True,-0.008,0.014,True,False,MODERATE
330.057,,7.21,-179.37,-9.74,4.14,-0.15,-14.91,False,False,False,False,False,False,0.044,0.005,True,False,MODERATE
330.08,,4.49,-179.9,-6.17,3.55,-0.34,-12.71,False,False,False,False,False,False,0.061,0.011,True,False,MODERATE
330.24,,2.46,-178.51,-4.38,0.61,-0.27,-6.83,False,False,False,False,False,False,0.05,0.014,True,False,MODERATE
330.264,,2.29,-176.31,-3.79,0.19,0.04,-5.99,False,False,False,False,False,False,0.053,0.003,True,False,MODERATE
330.435,,2.69,-177.49,-3.81,-0.78,0.46,-4.08,False,False,False,False,False,False,0.053,0.016,True,False,MODERATE
330.46,,4.64,-177.59,-3.81,-0.61,0.49,-3.86,False,False,False,False,False,False,0.056,0.018,True,False,MODERATE
330.638,,4.52,-178.49,-4.35,-0.13,0.14,-3.59,False,False,False,False,False,False,-0.003,0.002,True,False,MODERATE
330.661,,5.71,-179.62,-4.71,0.08,-0.05,-3.61,False,False,False,False,False,False,-0.017,0.0,True,False,MODERATE
330.825,,6.51,-178.68,-4.96,1.22,-0.22,-3.82,False,False,False,False,False,False,-0.016,-0.003,True,False,MODERATE
330.85,,6.72,-179.65,-5.3,1.41,-0.38,-3.89,False,False,False,False,False,False,0.017,0.058,False,False,MODERATE
331.031,,5.12,-178.37,-5.06,1.12,-0.21,-4.0,False,False,False,False,False,False,-0.005,0.015,True,False,MODERATE
331.057,,4.89,-176.96,-4.71,1.06,0.02,-3.97,False,False,False,False,False,False,0.001,0.008,True,False,MODERATE
331.222,,5.75,-175.92,-4.59,1.29,1.26,-3.79,False,False,False,False,False,False,0.001,0.006,True,False,MODERATE
331.249,,5.2,-175.92,-4.05,1.24,1.44,-3.69,False,False,False,False,False,False,0.049,0.013,True,False,MODERATE
331.432,,3.39,-175.64,-3.02,0.1,2.12,-2.8,False,False,False,False,False,False,0.057,0.012,True,False,MODERATE
331.457,,3.51,-177.21,-3.04,-0.02,1.98,-2.69,False,False,False,False,False,False,0.063,0.009,True,False,MODERATE
331.622,,4.44,-177.78,-3.05,0.09,1.23,-2.38,False,False,False,False,False,False,0.063,0.008,True,False,MODERATE
331.649,,5.34,-177.11,-3.03,0.24,1.23,-2.33,False,False,False,False,False,False,0.064,0.009,True,False,MODERATE
331.829,,5.86,-178.99,-3.1,0.98,0.19,-2.23,False,False,False,False,False,False,0.064,0.013,True,False,MODERATE
331.86,,6.05,-177.66,-3.13,1.13,0.27,-2.22,False,False,False,False,False,False,0.058,0.008,True,False,MODERATE
332.028,,5.99,-178.12,-2.81,1.45,0.23,-2.03,False,False,False,False,False,False,0.056,0.006,True,False,MODERATE
332.051,,5.75,-178.21,-2.84,1.46,0.21,-2.01,False,False,False,False,False,False,0.062,0.017,True,False,MODERATE
332.236,,5.56,-177.79,-2.82,1.38,0.38,-1.93,False,False,False,False,False,False,0.068,0.017,True,False,MODERATE
332.258,,5.21,-178.44,-2.72,1.33,0.31,-1.91,False,False,False,False,False,False,0.062,0.016,True,False,MODERATE
332.428,,5.62,-179.18,-2.65,1.36,-0.31,-1.79,False,False,False,False,False,False,0.063,0.015,True,False,MODERATE
332.451,,5.03,-179.75,-2.58,1.28,-0.46,-1.77,False,False,False,False,False,False,0.059,0.015,True,False,MODERATE
332.636,,5.21,-179.75,-2.56,1.11,-1.0,-1.68,False,False,False,False,False,False,0.06,0.016,True,False,MODERATE
332.66,,5.0,-179.71,-2.49,1.07,-1.06,-1.66,False,False,False,False,False,False,0.055,0.018,True,False,MODERATE
332.838,,4.02,179.97,-2.46,0.37,-1.41,-1.57,False,False,False,False,False,False,0.06,0.018,True,False,MODERATE
332.861,,4.04,-179.23,-2.54,0.3,-1.35,-1.58,False,False,False,False,False,False,0.064,0.017,True,False,MODERATE
333.037,,5.14,-178.86,-2.38,0.62,-0.93,-1.49,False,False,False,False,False,False,0.064,0.014,True,False,MODERATE
333.06,,4.86,-177.52,-2.06,0.62,-0.71,-1.44,False,False,False,False,False,False,0.049,0.015,True,False,LOW
333.233,,4.42,-177.55,-2.16,0.39,0.08,-1.32,False,False,False,False,False,False,0.052,0.012,True,False,LOW
333.256,,5.02,-177.55,-2.31,0.44,0.17,-1.32,False,False,False,False,False,False,0.034,0.005,True,False,LOW
333.438,,4.28,-176.86,-2.49,0.22,0.87,-1.43,False,False,False,False,False,False,-0.002,0.004,True,False,LOW
333.461,,4.88,-177.32,-2.54,0.28,0.89,-1.45,False,False,False,False,False,False,0.0,0.004,True,False,LOW
333.633,,4.85,-178.15,-2.51,0.45,0.51,-1.5,False,False,False,False,False,False,-0.001,0.002,True,False,LOW
333.656,,6.04,-178.64,-2.43,0.63,0.4,-1.5,False,False,False,False,False,False,-0.009,-0.004,True,False,LOW
333.841,,6.22,-178.29,-2.45,1.37,0.19,-1.49,False,False,False,False,False,False,-0.008,-0.003,True,False,LOW
333.863,,5.73,-178.18,-2.34,1.39,0.19,-1.48,False,False,False,False,False,False,0.062,0.015,True,False,LOW
334.032,,4.28,-176.6,-2.14,0.69,0.98,-1.32,False,False,False,False,False,False,0.059,0.009,True,False,LOW
334.055,,4.94,-176.24,-2.25,0.69,1.13,-1.32,False,False,False,False,False,False,0.065,0.009,True,False,LOW
334.239,,4.93,-176.58,-2.28,0.69,1.46,-1.32,False,False,False,False,False,False,0.064,0.01,True,False,LOW
334.263,,4.93,-177.43,-2.25,0.69,1.38,-1.32,False,False,False,False,False,False,0.06,0.013,True,False,LOW
334.43,,5.17,-178.49,-2.52,0.81,0.57,-1.44,False,False,False,False,False,False,0.07,0.016,True,False,LOW
334.452,,4.67,-178.79,-2.38,0.77,0.44,-1.44,False,False,False,False,False,False,0.062,0.012,True,False,LOW
334.639,,4.91,-178.19,-2.44,0.71,0.26,-1.46,False,False,False,False,False,False,0.06,0.012,True,False,LOW
334.662,,5.35,-177.94,-2.37,0.76,0.28,-1.45,False,False,False,False,False,False,0.057,0.012,True,False,LOW
334.834,,5.36,-178.2,-2.43,0.95,0.19,-1.46,False,False,False,False,False,False,0.058,0.011,True,False,LOW
334.858,,5.47,-177.96,-2.41,0.99,0.21,-1.46,False,False,False,False,False,False,0.056,0.012,True,False,LOW
335.042,,4.8,-178.44,-2.64,0.76,0.03,-1.58,False,False,False,False,False,False,0.04,0.005,True,False,LOW
335.065,,5.3,-177.06,-2.83,0.8,0.19,-1.62,False,False,False,False,False,False,-0.002,-0.001,True,False,LOW
335.236,,5.19,-177.99,-3.0,0.88,0.26,-1.84,False,False,False,False,False,False,-0.006,0.026,True,False,LOW
335.259,,4.74,-177.84,-3.09,0.83,0.28,-1.87,False,False,False,False,False,False,-0.006,0.018,True,False,LOW
335.443,,5.0,-177.92,-3.16,0.79,0.34,-2.05,False,False,False,False,False,False,-0.013,0.015,True,False,LOW
335.467,,5.4,-177.23,-2.99,0.84,0.44,-2.05,False,False,False,False,False,False,0.002,0.005,True,False,LOW
335.635,,5.86,-176.75,-2.46,1.25,1.03,-1.77,False,False,False,False,False,False,0.058,0.013,True,False,LOW
335.659,,4.71,-176.8,-2.43,1.14,1.09,-1.73,False,False,False,False,False,False,0.062,0.01,True,False,LOW
335.843,,4.82,-176.66,-2.16,0.84,1.4,-1.44,False,False,False,False,False,False,0.062,0.015,True,False,LOW
335.867,,5.25,-176.89,-2.2,0.86,1.4,-1.41,False,False,False,False,False,False,0.055,0.013,True,False,LOW
336.037,,5.36,-177.41,-2.28,1.0,1.14,-1.37,False,False,False,False,False,False,0.054,0.012,True,False,LOW
336.061,,4.9,-177.8,-2.45,0.95,1.06,-1.38,False,False,False,False,False,False,0.051,0.007,True,False,LOW
336.232,,5.53,-177.16,-2.68,1.13,1.11,-1.56,False,False,False,False,False,False,-0.001,0.0,True,False,LOW
336.255,,6.27,-177.72,-2.81,1.24,1.04,-1.59,False,False,False,False,False,False,-0.007,0.001,True,False,LOW
336.436,,6.05,-176.81,-2.64,1.55,1.28,-1.64,False,False,False,False,False,False,-0.007,-0.0,True,False,LOW
336.459,,4.89,-177.2,-2.72,1.43,1.26,-1.66,False,False,False,False,False,False,-0.005,0.001,True,False,LOW
336.627,,6.46,-177.36,-2.62,1.84,1.1,-1.66,False,False,False,False,False,False,0.001,0.004,True,False,LOW
336.656,,5.87,-177.56,-2.42,1.81,1.05,-1.63,False,False,False,False,False,False,-0.001,-0.001,True,False,LOW
336.835,,5.38,-179.29,-2.5,1.45,-0.05,-1.58,False,False,False,False,False,False,0.022,0.028,True,False,LOW
336.858,,4.39,-178.39,-2.49,1.28,-0.06,-1.57,False,False,False,False,False,False,0.057,0.021,True,False,LOW
337.03,,4.23,-178.17,-2.38,0.59,0.05,-1.49,False,False,False,False,False,False,0.057,0.015,True,False,LOW
337.055,,3.93,-177.94,-2.27,0.46,0.09,-1.47,False,False,False,False,False,False,0.055,0.014,True,False,LOW
337.237,,4.37,-177.39,-2.16,0.28,0.54,-1.32,False,False,False,False,False,False,0.059,0.014,True,False,LOW
337.261,,4.12,-178.31,-2.18,0.23,0.47,-1.31,False,False,False,False,False,False,0.059,0.012,True,False,LOW
337.431,,4.43,-178.26,-2.3,0.21,0.25,-1.33,False,False,False,False,False,False,0.061,0.015,True,False,LOW
337.454,,4.53,-178.31,-2.34,0.22,0.22,-1.33,False,False,False,False,False,False,0.062,0.017,True,False,LOW
337.639,,3.57,-178.33,-2.3,-0.27,0.09,-1.34,False,False,False,False,False,False,0.057,0.014,True,False,LOW
337.662,,4.21,-177.49,-2.41,-0.24,0.18,-1.35,False,False,False,False,False,False,0.055,0.014,True,False,LOW
337.844,,4.42,-177.55,-2.36,-0.01,0.49,-1.38,False,False,False,False,False,False,0.055,0.014,True,False,LOW
337.867,,4.64,-176.72,-2.41,0.04,0.64,-1.39,False,False,False,False,False,False,0.022,0.006,True,False,LOW
338.042,,4.58,-176.79,-2.31,0.2,1.11,-1.37,False,False,False,False,False,False,0.004,0.003,True,False,LOW
338.065,,4.36,-176.3,-2.32,0.19,1.23,-1.37,False,False,False,False,False,False,-0.001,-0.003,True,False,LOW
338.232,,4.62,-177.09,-2.45,0.29,1.23,-1.43,False,False,False,False,False,False,-0.013,0.007,True,False,LOW
338.258,,5.84,-177.02,-2.71,0.48,1.23,-1.48,False,False,False,False,False,False,-0.026,0.019,True,False,LOW
338.44,,5.91,-177.79,-2.58,1.13,0.85,-1.55,False,False,False,False,False,False,-0.007,0.008,True,False,LOW
338.464,,5.17,-176.95,-2.45,1.1,0.92,-1.54,False,False,False,False,False,False,-0.007,0.004,True,False,LOW
338.629,,4.83,-176.89,-2.34,0.84,1.18,-1.46,False,False,False,False,False,False,-0.01,0.0,True,False,LOW
338.656,,4.95,-177.23,-2.13,0.82,1.16,-1.42,False,False,False,False,False,False,-0.012,0.003,True,False,LOW
338.828,,5.07,-176.91,-2.3,0.83,1.29,-1.38,False,False,False,False,False,False,-0.009,-0.001,True,False,LOW
338.851,,5.86,-177.03,-2.29,0.93,1.29,-1.37,False,False,False,False,False,False,-0.008,-0.002,True,False,LOW
339.021,,5.54,-177.09,-2.28,1.12,1.25,-1.34,False,False,False,False,False,False,-0.008,-0.0,True,False,LOW
339.055,,6.2,-176.39,-1.98,1.28,1.37,-1.29,False,False,False,False,False,False,-0.007,-0.003,True,False,LOW
339.226,,6.39,-177.64,-2.3,1.74,1.01,-1.31,False,False,False,False,False,False,0.003,0.025,True,False,LOW
339.249,,6.08,-176.49,-2.48,1.75,1.11,-1.34,False,False,False,False,False,False,-0.014,0.01,True,False,LOW
339.419,,6.19,-176.67,-2.31,1.85,1.39,-1.35,False,False,False,False,False,False,-0.003,-0.001,True,False,LOW
339.456,,6.05,-177.37,-2.21,1.85,1.31,-1.33,False,False,False,False,False,False,-0.005,-0.002,True,False,LOW
339.626,,6.29,-177.66,-1.95,1.95,0.96,-1.15,False,False,False,False,False,False,0.053,0.012,True,False,LOW
339.649,,5.95,-176.11,-1.9,1.92,1.13,-1.12,False,False,False,False,False,False,0.055,0.01,True,False,LOW
339.823,,5.36,-176.55,-1.88,1.5,1.46,-1.02,False,False,False,False,False,False,0.062,0.01,True,False,LOW
339.855,,5.4,-176.53,-1.71,1.44,1.52,-0.97,False,False,False,False,False,False,0.06,0.009,True,False,LOW
340.029,,5.69,-178.0,-1.88,1.45,0.88,-0.94,False,False,False,False,False,False,0.058,0.008,True,False,LOW
340.053,,5.23,-177.06,-1.83,1.38,0.93,-0.93,False,False,False,False,False,False,0.062,0.016,True,False,LOW
340.218,,4.96,-178.01,-1.75,1.04,0.61,-0.86,False,False,False,False,False,False,0.06,0.015,True,False,LOW
340.255,,4.74,-177.51,-1.68,0.94,0.65,-0.83,False,False,False,False,False,False,0.061,0.013,True,False,LOW
340.429,,4.82,-176.75,-2.1,0.75,1.13,-0.99,False,False,False,False,False,False,-0.008,0.002,True,False,LOW
340.454,,5.16,-177.21,-2.07,0.77,1.12,-1.01,False,False,False,False,False,False,0.001,0.003,True,False,LOW
340.625,,5.44,-177.53,-2.07,0.99,0.94,-1.06,False,False,False,False,False,False,0.002,-0.002,True,False,LOW
340.655,,4.91,-177.68,-1.92,0.94,0.89,-1.05,False,False,False,False,False,False,-0.0,0.0,True,False,LOW
340.833,,5.06,-177.24,-1.9,0.88,0.99,-0.99,False,False,False,False,False,False,0.034,0.004,True,False,LOW
340.856,,4.85,-177.91,-1.66,0.84,0.91,-0.95,False,False,False,False,False,False,0.064,0.013,True,False,LOW
341.024,,4.44,-177.9,-1.75,0.51,0.65,-0.87,False,False,False,False,False,False,0.074,0.019,True,False,LOW
341.055,,4.11,-177.71,-1.68,0.4,0.64,-0.84,False,False,False,False,False,False,0.073,0.016,True,False,LOW
341.232,,4.43,-176.79,-1.98,0.29,1.11,-0.94,False,False,False,False,False,False,-0.001,0.005,True,False,LOW
341.255,,5.11,-176.95,-1.94,0.36,1.14,-0.94,False,False,False,False,False,False,0.004,-0.001,True,False,LOW
341.43,,5.0,-175.38,-1.64,0.57,2.1,-0.8,False,False,False,False,False,False,-0.007,-0.0,True,False,LOW
341.455,,5.57,-175.21,-1.82,0.68,2.24,-0.81,False,False,False,False,False,False,-0.006,-0.002,True,False,LOW
341.635,,5.14,-175.59,-1.78,0.8,2.5,-0.82,False,False,False,False,False,False,-0.0,-0.001,True,False,LOW
341.658,,5.07,-176.35,-1.79,0.8,2.43,-0.82,False,False,False,False,False,False,-0.002,-0.002,True,False,LOW
341.826,,5.9,-175.85,-1.58,1.25,2.45,-0.72,False,False,False,False,False,False,0.004,0.002,True,False,LOW
341.855,,4.69,-175.72,-0.8,1.12,2.47,-0.58,False,False,False,False,False,False,-0.001,0.006,True,False,LOW
342.036,,3.66,-175.76,1.2,0.2,2.51,0.93,False,False,False,False,False,False,0.008,-0.012,True,False,LOW
342.06,,2.24,-175.08,5.69,-0.12,2.61,1.85,False,False,False,False,False,False,-0.0,0.001,True,False,LOW
342.228,,-0.17,-176.06,12.88,-2.47,2.42,8.99,False,False,False,False,False,False,0.023,0.003,True,False,LOW
342.255,,-7.11,-177.1,19.72,-4.23,2.24,11.7,False,False,False,False,False,False,0.02,-0.002,True,False,LOW
342.436,,-13.07,-178.98,25.64,-12.45,0.64,21.46,False,False,False,False,False,False,0.016,-0.004,True,False,LOW
342.461,,-15.1,-179.0,27.54,-13.89,0.44,23.04,False,False,True,False,False,True,0.015,-0.007,True,False,LOW
342.627,,-14.75,-179.57,26.33,-16.95,-0.47,25.64,False,False,True,False,False,True,0.018,-0.015,True,False,LOW
342.655,,-12.91,-177.81,24.44,-16.99,-0.32,25.59,False,False,True,False,False,True,0.02,-0.006,True,False,LOW
342.837,,-12.49,-178.16,23.97,-16.84,-0.07,25.21,False,False,True,False,False,True,0.035,-0.005,True,False,LOW
342.86,,-13.42,-178.98,24.81,-16.96,-0.14,25.29,False,False,True,False,False,True,0.03,-0.0,True,False,LOW
343.03,,-13.82,-178.67,25.84,-17.56,-0.26,26.11,False,False,True,False,False,True,0.05,0.0,True,False,LOW
343.056,,-15.26,-178.44,26.38,-17.87,-0.24,26.31,False,False,True,False,False,True,0.028,0.003,True,False,LOW
343.24,,-16.06,179.98,27.17,-19.25,-1.04,27.33,False,False,True,False,False,True,0.031,-0.0,True,False,LOW
343.264,,-16.36,-179.25,27.17,-19.45,-1.03,27.45,False,False,True,False,False,True,0.014,-0.007,True,False,LOW
343.43,,-15.18,-177.74,24.72,-19.43,-0.2,26.53,False,False,True,False,False,True,0.018,-0.009,True,False,LOW
343.456,,-12.6,-179.27,20.97,-19.06,-0.31,25.8,False,False,True,False,False,True,-0.01,-0.001,True,False,LOW
343.636,,-11.57,179.63,14.42,-17.27,-1.26,19.62,False,False,False,False,False,False,-0.051,-0.002,True,False,LOW
343.661,,-10.78,-179.97,7.23,-16.93,-1.31,17.23,False,False,False,False,False,False,-0.029,0.002,True,False,LOW
343.832,,-6.42,179.78,0.67,-13.39,-1.63,7.23,False,False,False,False,False,False,-0.013,0.001,True,False,LOW
343.856,,-1.27,-177.38,-2.13,-11.95,-1.27,5.37,False,False,False,False,False,False,-0.009,0.003,True,False,LOW
344.037,,-0.62,-178.47,-4.17,-7.63,-0.67,-0.16,False,False,False,False,False,False,-0.007,0.006,True,False,LOW
344.06,,-1.42,-179.47,-5.24,-7.3,-0.73,-0.96,False,False,False,False,False,False,-0.014,0.002,True,False,LOW
344.231,,-0.92,-177.73,-5.18,-6.08,-0.04,-2.92,False,False,False,False,False,False,-0.018,-0.004,True,False,LOW
344.375,,-2.32,-178.43,-4.53,-6.32,-0.08,-3.26,False,False,False,False,False,False,-0.009,0.002,True,False,LOW
344.486,,-3.27,-177.58,-3.69,-6.82,0.26,-3.03,False,False,False,False,False,False,-0.015,0.004,True,False,LOW
344.51,,-3.21,-177.42,-3.42,-6.9,0.35,-2.95,False,False,False,False,False,False,-0.007,0.0,True,False,LOW
344.643,,-3.66,-178.93,-2.78,-7.36,-0.09,-2.43,False,False,False,False,False,False,0.009,0.002,True,False,LOW
344.665,,-4.21,-178.69,-2.47,-7.5,-0.13,-2.32,False,False,False,False,False,False,0.038,0.011,True,False,LOW
344.829,,-3.44,-179.67,-2.38,-7.59,-0.76,-1.85,False,False,False,False,False,False,0.045,0.005,True,False,LOW
344.853,,-3.6,-178.33,-2.39,-7.63,-0.67,-1.8,False,False,False,False,False,False,0.051,0.013,True,False,LOW
345.022,,-4.04,-177.99,-2.3,-7.97,-0.15,-1.56,False,False,False,False,False,False,0.051,0.009,True,False,LOW
345.056,,-3.49,-177.51,-2.33,-7.92,0.03,-1.52,False,False,False,False,False,False,0.055,0.011,True,False,LOW
345.229,,-3.33,-177.13,-2.52,-7.74,0.64,-1.54,False,False,False,False,False,False,0.055,0.012,True,False,LOW
345.253,,-3.03,-176.57,-3.55,-7.68,0.8,-1.68,False,False,False,False,False,False,0.038,0.011,True,False,LOW
345.418,,-2.11,-177.0,-3.84,-6.99,1.06,-2.3,False,False,False,False,False,False,0.04,0.01,True,False,LOW
345.456,,-2.86,-177.17,-3.76,-7.01,1.08,-2.4,False,False,False,False,False,False,0.031,0.007,True,False,LOW
345.626,,-2.74,-176.77,-3.58,-7.0,1.32,-2.52,False,False,False,False,False,False,0.036,0.01,True,False,LOW
345.65,,-2.27,-176.41,-3.36,-6.93,1.4,-2.5,False,False,False,False,False,False,0.041,0.005,True,False,LOW
345.829,,-2.0,-175.88,-3.19,-6.56,1.95,-2.36,False,False,False,False,False,False,0.034,0.004,True,False,LOW
345.856,,-1.7,-175.91,-3.47,-6.46,2.02,-2.38,False,False,False,False,False,False,0.037,0.009,True,False,LOW
346.041,,-1.2,-175.87,-3.59,-5.9,2.25,-2.52,False,False,False,False,False,False,0.043,0.007,True,False,LOW
346.065,,-1.05,-175.98,-3.49,-5.82,2.26,-2.52,False,False,False,False,False,False,0.046,0.004,True,False,LOW
346.228,,-1.31,-175.46,-3.59,-5.68,2.56,-2.57,False,False,False,False,False,False,0.048,0.005,True,False,LOW
346.252,,-1.69,-176.61,-4.03,-5.71,2.45,-2.64,False,False,False,False,False,False,0.049,0.014,True,False,LOW
346.437,,-0.46,-176.73,-4.39,-5.16,1.98,-3.07,False,False,False,False,False,False,0.047,0.013,True,False,LOW
346.46,,-0.45,-176.1,-4.47,-5.1,2.01,-3.13,False,False,False,False,False,False,0.055,0.009,True,False,LOW
346.627,,-0.69,-175.93,-4.52,-5.01,2.2,-3.35,False,False,False,False,False,False,0.055,0.006,True,False,LOW
346.65,,-0.96,-176.88,-4.31,-5.04,2.1,-3.35,False,False,False,False,False,False,0.062,0.014,True,False,LOW
346.836,,-1.36,-176.67,-4.07,-5.34,1.85,-3.22,False,False,False,False,False,False,0.058,0.012,True,False,LOW
346.859,,-1.61,-176.74,-3.74,-5.41,1.81,-3.16,False,False,False,False,False,False,0.062,0.011,True,False,LOW
347.021,,-1.64,-175.61,-3.6,-5.65,2.26,-2.9,False,False,False,False,False,False,0.064,0.016,True,False,LOW
347.043,,-1.8,-176.83,-3.41,-5.7,2.16,-2.84,False,False,False,False,False,False,0.065,0.008,True,False,LOW
347.229,,-1.19,-175.7,-3.49,-5.55,2.4,-2.67,False,False,False,False,False,False,0.062,0.003,True,False,LOW
347.253,,-1.64,-175.63,-3.4,-5.6,2.44,-2.64,False,False,False,False,False,False,0.06,-0.0,True,False,LOW
347.424,,-1.43,-175.96,-3.38,-5.63,2.39,-2.53,False,False,False,False,False,False,0.065,0.004,True,False,LOW
347.447,,-1.96,-176.39,-3.23,-5.71,2.33,-2.49,False,False,False,False,False,False,0.065,0.005,True,False,LOW
347.631,,-2.05,-176.37,-3.3,-6.02,2.12,-2.41,False,False,False,False,False,False,0.065,0.003,True,False,LOW
347.654,,-1.79,-176.04,-3.36,-6.02,2.14,-2.41,False,False,False,False,False,False,0.043,0.008,True,False,LOW
347.823,,-1.37,-175.61,-3.55,-5.81,2.43,-2.5,False,False,False,False,False,False,0.045,0.002,True,False,LOW
347.847,,-1.85,-173.45,-3.34,-5.85,2.78,-2.49,False,False,False,False,False,False,0.04,0.004,True,False,LOW
348.032,,-2.42,-174.72,-3.35,-6.29,3.23,-2.43,False,False,False,False,False,False,0.038,0.005,True,False,LOW
348.056,,-1.59,-173.75,-3.2,-6.23,3.42,-2.41,False,False,False,False,False,False,0.041,0.007,True,False,LOW
348.225,,-2.04,-173.71,-3.29,-6.26,4.05,-2.37,False,False,False,False,False,False,0.039,0.005,True,False,LOW
348.246,,-2.39,-173.84,-3.33,-6.3,4.1,-2.37,False,False,False,False,False,False,0.042,0.006,True,False,LOW
348.433,,-2.6,-175.04,-3.29,-6.59,3.65,-2.35,False,False,False,False,False,False,0.044,0.004,True,False,LOW
348.455,,-2.18,-174.58,-3.27,-6.57,3.66,-2.34,False,False,False,False,False,False,0.042,0.002,True,False,LOW
348.622,,-2.58,-173.38,-3.64,-6.7,4.32,-2.52,False,False,False,False,False,False,-0.011,-0.004,True,False,LOW
348.644,,-2.17,-173.48,-3.79,-6.66,4.39,-2.56,False,False,False,False,False,False,-0.009,-0.007,True,False,LOW
348.832,,-2.43,-172.47,-3.46,-6.67,5.19,-2.53,False,False,False,False,False,False,-0.011,0.001,True,False,LOW
348.857,,-2.51,-173.26,-3.96,-6.68,5.17,-2.59,False,False,False,False,False,False,-0.013,0.009,True,False,LOW
349.024,,-1.49,-175.43,-4.5,-6.19,3.98,-3.08,False,False,False,False,False,False,0.052,0.017,True,False,LOW
349.048,,-1.07,-175.39,-5.37,-6.07,3.84,-3.27,False,False,False,False,False,False,0.044,0.017,True,False,LOW
349.235,,0.56,-176.12,-7.42,-4.74,2.92,-5.07,False,False,False,False,False,False,0.052,0.011,True,False,LOW
349.259,,0.94,-177.02,-10.17,-4.53,2.69,-5.72,False,False,False,False,False,False,0.029,0.007,True,False,LOW
349.427,,1.81,-175.84,-13.82,-3.4,2.57,-9.81,False,False,False,False,False,False,0.018,0.009,True,False,LOW
349.451,,5.44,-176.5,-19.47,-2.66,2.46,-11.48,False,False,False,False,False,False,-0.03,0.013,True,False,LOW
349.634,,6.59,-177.75,-25.22,0.27,1.41,-19.62,False,False,False,False,False,False,-0.04,0.025,True,False,LOW
349.658,,8.42,-175.39,-29.04,0.93,1.61,-21.41,False,False,False,False,False,False,-0.039,0.018,True,False,LOW
349.827,,8.04,-175.56,-29.22,2.55,2.2,-25.64,False,False,True,False,False,True,-0.038,0.027,True,False,LOW
349.849,,9.24,-176.57,-28.81,2.93,2.15,-26.03,False,False,True,False,False,True,0.016,0.022,True,False,LOW
350.036,,8.38,-174.93,-27.87,3.62,2.82,-26.56,False,False,True,False,False,True,0.013,0.023,True,False,LOW
350.06,,5.69,-175.15,-27.75,3.32,2.87,-26.59,False,False,True,False,False,True,0.011,0.021,True,False,LOW
350.234,,6.58,-174.86,-26.63,2.8,3.18,-26.09,False,False,True,False,False,True,0.015,0.021,True,False,LOW
350.257,,5.55,-175.37,-26.2,2.61,3.15,-25.98,False,False,True,False,False,True,0.008,0.018,True,False,LOW
350.437,,5.35,-175.91,-26.6,1.79,2.75,-25.8,False,False,True,False,True,True,-0.011,0.057,True,False,LOW
350.46,,4.76,-177.23,-27.82,1.62,2.52,-25.94,False,False,True,False,False,True,-0.016,0.013,True,False,LOW
350.628,,4.96,-175.0,-28.21,1.14,2.93,-26.63,False,False,True,False,False,True,-0.016,0.011,True,False,LOW
350.651,,5.28,-175.69,-28.59,1.13,2.89,-26.77,False,False,True,False,False,True,-0.018,0.013,True,False,LOW
350.836,,5.1,-175.05,-28.44,0.98,3.09,-27.16,False,False,True,False,False,True,-0.012,0.01,True,False,LOW
350.86,,4.63,-176.2,-28.48,0.9,2.96,-27.21,False,False,True,False,False,True,-0.021,0.005,True,False,LOW
351.028,,4.78,-175.93,-28.39,0.71,2.66,-27.32,False,False,True,False,False,True,-0.016,0.01,True,False,LOW
351.052,,4.09,-175.5,-28.44,0.59,2.68,-27.35,False,False,True,False,False,True,-0.016,0.002,True,False,LOW
351.236,,3.93,-175.74,-28.6,0.1,2.62,-27.5,False,False,True,False,False,True,-0.015,0.01,True,False,LOW
351.261,,3.24,-174.07,-28.61,-0.06,2.84,-27.52,False,False,True,False,False,True,-0.015,0.011,True,False,LOW
351.43,,2.46,-174.27,-28.81,-0.98,3.47,-27.69,False,False,True,False,False,True,-0.021,0.014,True,False,LOW
351.453,,2.15,-174.48,-28.97,-1.13,3.52,-27.73,False,False,True,False,False,True,-0.017,0.011,True,False,LOW
351.637,,2.03,-174.95,-28.99,-1.73,3.43,-27.89,False,False,True,False,False,True,-0.019,0.01,True,False,LOW
351.66,,3.0,-175.63,-28.67,-1.66,3.34,-27.87,False,False,True,False,False,True,-0.017,0.01,True,False,LOW
351.828,,3.16,-175.44,-28.55,-1.36,3.1,-27.73,False,False,True,False,False,True,-0.027,0.018,True,False,LOW
351.852,,3.09,-175.33,-28.66,-1.34,3.08,-27.72,False,False,True,False,False,True,-0.018,0.013,True,False,LOW
352.039,,2.67,-176.84,-29.02,-1.46,2.19,-27.91,False,False,True,False,False,True,-0.021,0.013,True,False,LOW
352.064,,3.35,-175.92,-28.95,-1.38,2.22,-27.92,False,False,True,False,False,True,-0.016,0.007,True,False,LOW
352.23,,3.77,-177.47,-28.78,-0.91,1.5,-27.87,False,False,True,False,False,True,-0.019,0.005,True,False,LOW
352.253,,4.25,-175.64,-28.07,-0.79,1.65,-27.77,False,False,True,False,False,True,-0.022,0.013,True,False,LOW
352.439,,3.11,-175.96,-28.34,-0.97,2.03,-27.56,False,False,True,False,False,True,-0.017,0.008,True,False,LOW
352.462,,3.65,-175.96,-28.3,-0.92,2.07,-27.53,False,False,True,False,False,True,-0.015,0.006,True,False,LOW
352.633,,3.53,-176.59,-28.09,-0.81,1.89,-27.32,False,False,True,False,False,True,-0.024,0.0,True,False,LOW
352.656,,2.77,-177.39,-27.9,-0.9,1.76,-27.27,False,False,True,False,False,True,-0.019,0.008,True,False,LOW
352.838,,3.58,-176.27,-28.31,-0.77,1.91,-27.31,False,False,True,False,False,True,-0.022,0.013,True,False,MODERATE
352.861,,3.65,-176.95,-29.0,-0.75,1.84,-27.41,False,False,True,False,False,True,-0.015,0.009,True,False,MODERATE
353.035,,4.31,-177.33,-29.48,-0.32,1.38,-28.0,False,False,True,False,False,True,-0.015,0.011,True,False,MODERATE
353.058,,3.54,-176.99,-29.93,-0.36,1.38,-28.13,False,False,True,False,False,True,-0.016,0.007,True,False,MODERATE
353.239,,2.73,-177.53,-30.17,-0.98,1.05,-28.72,False,False,True,False,False,True,-0.024,0.012,True,False,MODERATE
353.265,,2.51,-176.15,-29.73,-1.09,1.21,-28.72,False,False,True,False,False,True,-0.026,0.008,True,False,MODERATE
353.443,,2.08,-176.28,-29.79,-1.67,1.65,-28.78,False,False,True,False,False,True,-0.017,0.006,True,False,MODERATE
353.466,,2.17,-177.55,-26.94,-1.72,1.54,-28.4,False,False,True,False,False,True,-0.006,0.007,True,False,MODERATE
353.634,,-0.42,-174.74,-22.62,-3.29,2.6,-24.65,False,False,True,False,False,True,-0.003,0.008,True,False,MODERATE
353.785,,-3.15,-175.94,-17.61,-5.42,2.49,-20.27,False,False,False,False,False,False,-0.013,-0.001,True,False,MODERATE
353.905,,-3.41,-176.01,-12.45,-6.45,2.41,-15.8,False,False,False,False,False,False,-0.004,-0.001,True,False,MODERATE
353.929,,-5.63,-177.41,-8.38,-6.99,2.2,-14.13,False,False,False,False,False,False,-0.011,0.003,True,False,MODERATE
354.051,,-7.25,-178.92,-4.69,-9.19,0.92,-8.37,False,False,False,False,False,False,-0.007,-0.003,True,False,MODERATE
354.075,,-7.55,-176.88,-2.78,-9.62,0.99,-6.97,False,False,False,False,False,False,0.011,0.003,True,False,MODERATE
354.223,,-9.27,-175.41,-1.9,-11.71,1.91,-3.41,False,False,False,False,False,False,-0.005,-0.005,True,False,MODERATE
354.248,,-8.37,-176.49,-1.6,-11.86,1.9,-2.86,False,False,False,False,False,False,-0.007,0.001,True,False,MODERATE
354.43,,-7.69,-176.49,-2.02,-11.9,1.86,-1.78,False,False,False,False,False,False,-0.005,0.002,True,False,MODERATE
354.452,,-7.3,-176.67,-2.27,-11.85,1.83,-1.71,False,False,False,False,False,False,-0.008,-0.0,True,False,MODERATE
354.623,,-6.83,-176.7,-2.51,-11.44,1.72,-1.62,False,False,False,False,False,False,-0.007,0.0,True,False,MODERATE
354.647,,-5.04,-176.65,-2.6,-11.14,1.71,-1.62,False,False,False,False,False,False,-0.012,-0.001,True,False,MODERATE
354.822,,-4.91,-177.03,-2.85,-10.07,1.48,-1.77,False,False,False,False,False,False,0.017,0.058,False,False,MODERATE
354.85,,-5.03,-175.46,-3.41,-9.94,1.69,-1.87,False,False,False,False,False,False,-0.004,0.009,True,False,MODERATE
355.017,,-4.57,-174.71,-3.32,-9.34,2.7,-2.12,False,False,False,False,False,False,-0.006,-0.004,True,False,MODERATE
355.041,,-5.15,-173.96,-3.32,-9.35,2.94,-2.15,False,False,False,False,False,False,0.011,-0.001,True,False,MODERATE
355.223,,-5.03,-174.81,-3.26,-9.31,3.25,-2.23,False,False,False,False,False,False,0.008,0.004,True,False,MODERATE
355.248,,-5.84,-175.03,-3.31,-9.41,3.25,-2.25,False,False,False,False,False,False,0.006,0.003,True,False,MODERATE
355.415,,-5.85,-175.02,-3.38,-9.76,3.27,-2.34,False,False,False,False,False,False,0.003,0.005,True,False,MODERATE
355.44,,-4.61,-174.95,-3.63,-9.63,3.28,-2.38,False,False,False,False,False,False,0.009,0.001,True,False,MODERATE
355.622,,-4.22,-175.56,-3.34,-9.0,3.0,-2.38,False,False,False,False,False,False,0.011,-0.005,True,False,MODERATE
355.649,,-4.5,-173.07,-3.61,-8.96,3.34,-2.42,False,False,False,False,False,False,0.009,-0.001,True,False,MODERATE
355.816,,-5.7,-173.21,-3.42,-9.46,4.28,-2.44,False,False,False,False,False,False,0.005,0.001,True,False,MODERATE
355.84,,-6.44,-173.31,-3.44,-9.63,4.38,-2.45,False,False,False,False,False,False,0.024,-0.008,True,False,MODERATE
356.03,,-4.38,-174.17,-3.07,-9.08,4.25,-2.26,False,False,False,False,False,False,0.023,-0.005,True,False,MODERATE
356.054,,-4.9,-172.98,-3.47,-9.09,4.4,-2.3,False,False,False,False,False,False,0.029,-0.004,True,False,MODERATE
356.219,,-5.1,-173.1,-3.44,-9.22,4.82,-2.39,False,False,False,False,False,False,0.006,-0.0,True,False,MODERATE
356.242,,-4.33,-173.5,-3.42,-9.13,4.82,-2.4,False,False,False,False,False,False,-0.002,-0.002,True,False,MODERATE
356.427,,-4.2,-175.24,-3.39,-8.76,3.87,-2.42,False,False,False,False,False,False,-0.011,0.003,True,False,MODERATE
356.45,,-3.16,-175.11,-3.38,-8.58,3.79,-2.42,False,False,False,False,False,False,-0.01,-0.002,True,False,MODERATE
356.621,,-3.24,-175.6,-3.05,-7.99,3.22,-2.25,False,False,False,False,False,False,0.039,0.006,True,False,MODERATE
356.644,,-3.16,-175.13,-2.47,-7.91,3.21,-2.15,False,False,False,False,False,False,0.047,0.007,True,False,MODERATE
356.814,,-4.63,-175.09,-2.81,-8.41,3.22,-1.99,False,False,False,False,False,False,0.038,0.009,True,False,LOW
356.85,,-3.08,-175.18,-2.82,-8.21,3.2,-1.97,False,False,False,False,False,False,0.038,0.008,True,False,LOW
357.025,,-1.5,-175.07,-2.68,-6.87,3.22,-1.84,False,False,False,False,False,False,0.044,0.004,True,False,LOW
357.05,,-1.76,-175.06,-2.62,-6.74,3.23,-1.81,False,False,False,False,False,False,0.039,0.008,True,False,LOW
357.214,,-2.26,-174.68,-2.84,-6.61,3.43,-1.85,False,False,False,False,False,False,-0.009,-0.003,True,False,LOW
357.248,,-1.52,-173.85,-3.06,-6.45,3.62,-1.89,False,False,False,False,False,False,-0.014,-0.002,True,False,LOW
357.423,,-1.49,-175.07,-3.01,-6.07,3.42,-1.97,False,False,False,False,False,False,-0.014,-0.01,True,False,LOW
357.448,,-1.78,-174.43,-2.86,-6.06,3.48,-1.96,False,False,False,False,False,False,-0.015,0.001,True,False,LOW
357.615,,-1.36,-174.39,-3.08,-5.82,3.71,-2.04,False,False,False,False,False,False,-0.004,-0.012,True,False,LOW
357.649,,-0.22,-173.95,-2.99,-5.57,3.83,-2.04,False,False,False,False,False,False,-0.007,0.006,True,False,LOW
357.831,,-0.38,-174.39,-2.97,-5.05,3.88,-2.02,False,False,False,False,False,False,-0.013,-0.005,True,False,LOW
357.854,,-0.03,-173.57,-2.68,-4.94,3.99,-1.99,False,False,False,False,False,False,-0.01,0.0,True,False,LOW
358.016,,-1.23,-172.98,-2.65,-5.21,4.68,-1.84,False,False,False,False,False,False,0.019,-0.009,True,False,LOW
358.048,,-1.74,-172.06,-2.78,-5.34,4.97,-1.83,False,False,False,False,False,False,0.01,-0.005,True,False,LOW
358.227,,-1.02,-172.83,-2.65,-5.3,5.25,-1.76,False,False,False,False,False,False,0.033,-0.013,True,False,LOW
358.252,,-2.13,-173.02,-2.7,-5.45,5.25,-1.75,False,False,False,False,False,False,0.024,-0.007,True,False,LOW
358.416,,-2.5,-174.27,-2.68,-6.12,4.64,-1.74,False,False,False,False,False,False,0.035,-0.01,True,False,LOW
358.448,,-2.07,-172.66,-3.16,-6.15,4.81,-1.82,False,False,False,False,False,False,-0.018,0.005,True,False,LOW
358.621,,-0.68,-173.01,-2.95,-5.51,5.07,-1.91,False,False,False,False,False,False,-0.006,-0.005,True,False,LOW
358.644,,-0.64,-172.36,-2.93,-5.43,5.19,-1.91,False,False,False,False,False,False,-0.006,0.0,True,False,LOW
358.818,,-1.18,-173.0,-3.08,-5.42,5.25,-2.02,False,False,False,False,False,False,-0.008,-0.003,True,False,LOW
358.849,,-1.89,-172.1,-3.26,-5.54,5.42,-2.07,False,False,False,False,False,False,-0.013,-0.002,True,False,LOW
359.029,,-1.27,-171.42,-3.46,-5.52,6.22,-2.3,False,False,False,False,False,False,-0.016,0.002,True,False,LOW
359.052,,-0.81,-172.5,-3.44,-5.46,6.17,-2.32,False,False,False,False,False,False,0.017,0.058,False,False,LOW
359.218,,-1.7,-172.47,-3.23,-5.71,6.0,-2.3,False,False,False,False,False,False,-0.011,0.005,True,False,LOW
359.248,,-1.5,-172.66,-2.77,-5.71,5.94,-2.22,False,False,False,False,False,False,0.038,0.005,True,False,LOW
359.427,,-1.83,-171.28,-3.04,-5.9,6.52,-2.14,False,False,False,False,False,False,0.048,0.012,True,False,LOW
359.449,,-2.0,-170.96,-2.78,-5.94,6.63,-2.1,False,False,False,False,False,False,0.052,0.008,True,False,LOW
359.62,,-3.19,-171.71,-2.78,-6.73,6.61,-1.96,False,False,False,False,False,False,0.049,0.009,True,False,LOW
359.648,,-1.89,-172.43,-2.77,-6.63,6.5,-1.93,False,False,False,False,False,False,0.049,0.01,True,False,LOW
359.826,,-1.27,-170.95,-2.93,-6.04,6.96,-1.95,False,False,False,False,False,False,0.058,-0.002,True,False,LOW
359.85,,-0.89,-171.79,-3.08,-5.91,6.9,-1.97,False,False,False,False,False,False,0.05,-0.005,True,False,LOW
360.022,,-0.37,-173.04,-2.71,-5.22,6.04,-1.86,False,False,False,False,False,False,0.05,-0.004,True,False,LOW
360.048,,-1.18,-173.49,-2.66,-5.25,5.86,-1.84,False,False,False,False,False,False,0.053,-0.003,True,False,LOW
360.229,,-0.89,-173.21,-2.67,-5.18,5.44,-1.77,False,False,False,False,False,False,0.062,-0.001,True,False,LOW
360.251,,-1.22,-172.56,-2.68,-5.22,5.48,-1.76,False,False,False,False,False,False,0.057,-0.005,True,False,LOW
360.423,,-2.55,-173.71,-2.76,-6.05,5.02,-1.78,False,False,False,False,False,False,0.06,0.004,True,False,LOW
360.448,,-1.82,-172.98,-3.18,-6.05,5.06,-1.84,False,False,False,False,False,False,0.044,0.016,True,False,LOW
360.629,,0.16,-172.2,-2.94,-4.99,5.62,-1.92,False,False,False,False,False,False,-0.01,-0.005,True,False,LOW
360.768,,0.44,-172.48,-3.38,-4.42,5.72,-2.15,False,False,False,False,False,False,-0.01,-0.003,True,False,LOW
360.878,,-0.73,-171.33,-3.0,-4.65,6.25,-2.11,False,False,False,False,False,False,-0.003,-0.005,True,False,LOW
360.902,,-0.85,-172.27,-2.96,-4.71,6.22,-2.09,False,False,False,False,False,False,0.003,-0.003,True,False,LOW
361.034,,-0.25,-171.92,-2.55,-4.61,6.3,-1.86,False,False,False,False,False,False,-0.003,0.001,True,False,LOW
361.061,,-1.56,-172.34,-2.5,-4.79,6.25,-1.82,False,False,False,False,False,False,-0.008,-0.003,True,False,LOW
361.215,,-1.87,-171.8,-2.51,-5.45,6.38,-1.68,False,False,False,False,False,False,-0.01,0.004,True,False,LOW
361.25,,-1.64,-172.21,-2.87,-5.53,6.33,-1.73,False,False,False,False,False,False,-0.006,-0.001,True,False,LOW
361.424,,-1.86,-173.27,-2.73,-5.84,5.65,-1.75,False,False,False,False,False,False,-0.002,-0.005,True,False,LOW
361.448,,-0.57,-172.35,-1.96,-5.7,5.69,-1.65,False,False,False,False,False,False,-0.005,-0.01,True,False,LOW
361.617,,-1.05,-174.44,-2.7,-5.49,4.73,-1.7,False,False,False,False,False,False,-0.01,0.017,True,False,LOW
361.65,,-1.63,-171.64,-1.82,-5.56,5.08,-1.54,False,False,False,False,False,False,-0.005,0.002,True,False,LOW
361.833,,-2.16,-171.64,-1.26,-6.01,5.95,-0.87,False,False,False,False,False,False,-0.003,-0.006,True,False,LOW
361.856,,-1.51,-174.76,-0.55,-5.98,5.63,-0.69,False,False,False,False,False,False,-0.004,-0.005,True,False,LOW
362.028,,-0.29,-175.73,-0.08,-5.22,3.98,0.15,False,False,False,False,False,False,-0.003,-0.002,True,False,LOW
362.051,,-3.18,-175.71,-1.04,-5.52,3.79,0.12,False,False,False,False,False,False,-0.0,-0.0,True,False,LOW
362.231,,-1.73,-175.71,-0.34,-5.76,3.13,0.39,False,False,False,False,False,False,0.007,-0.003,True,False,LOW
362.254,,-0.84,-176.37,3.03,-5.68,2.97,0.91,False,False,False,False,False,False,0.025,-0.001,True,False,LOW
362.423,,-2.4,-175.6,8.26,-6.18,2.83,5.67,False,False,False,False,False,False,0.054,-0.002,True,False,LOW
362.448,,-9.56,-177.0,16.41,-7.48,2.6,8.1,False,False,False,False,True,True,0.12,0.013,True,False,LOW
362.629,,-17.97,-178.54,24.44,-16.65,1.02,19.43,False,False,False,False,True,True,0.129,0.03,True,False,LOW
362.654,,-17.75,178.41,30.34,-17.71,0.31,22.3,False,False,True,False,True,True,0.123,0.029,True,False,LOW
362.812,,-18.51,174.97,33.47,-20.64,-3.62,30.04,False,False,True,False,True,True,0.1,0.05,True,False,LOW
362.85,,-18.55,174.86,33.1,-21.19,-4.42,31.26,False,False,True,False,False,True,0.081,0.005,True,False,LOW
363.02,,-19.17,174.76,32.04,-22.46,-5.84,32.31,False,False,True,False,False,True,0.073,0.009,True,False,LOW
363.044,,-18.82,174.1,30.07,-22.55,-6.12,32.09,False,False,True,False,False,True,0.055,0.006,True,False,LOW
363.211,,-19.24,173.34,29.02,-23.06,-7.35,30.96,False,False,True,False,False,True,0.046,0.007,True,False,LOW
363.248,,-18.67,173.29,27.61,-23.03,-7.58,30.51,False,False,True,False,False,True,0.048,0.015,True,False,LOW
363.418,,-17.67,172.93,27.43,-22.44,-8.22,29.39,False,False,True,False,False,True,0.036,0.006,True,False,LOW
363.442,,-17.01,170.25,27.37,-22.28,-8.72,29.24,False,False,True,False,False,True,0.035,0.009,True,False,LOW
363.611,,-16.47,170.48,27.42,-21.46,-10.09,28.79,False,False,True,False,False,True,0.038,0.011,True,False,LOW
363.648,,-16.71,171.01,27.23,-21.36,-10.22,28.67,False,False,True,False,False,True,0.038,0.013,True,False,LOW
363.822,,-16.29,170.8,27.42,-20.92,-10.58,28.51,False,False,True,False,False,True,0.041,0.015,True,False,LOW
363.846,,-17.18,171.02,27.28,-20.98,-10.59,28.48,False,False,True,False,False,True,0.037,0.01,True,False,LOW
364.014,,-16.58,170.45,27.12,-20.9,-10.93,28.27,False,False,True,False,False,True,0.037,0.014,True,False,LOW
364.048,,-16.89,170.22,27.0,-20.94,-11.03,28.21,False,False,True,False,False,True,0.037,0.011,True,False,LOW
364.219,,-17.52,170.22,26.66,-21.37,-11.26,27.9,False,False,True,False,False,True,0.035,0.011,True,False,LOW
364.244,,-18.03,171.03,26.16,-21.5,-11.18,27.79,False,False,True,False,False,True,0.034,0.012,True,False,LOW
364.416,,-17.03,170.94,26.38,-21.38,-10.96,27.55,False,False,True,False,False,True,0.036,0.012,True,False,LOW
364.448,,-17.1,171.28,27.21,-21.37,-10.86,27.66,False,False,True,False,False,True,0.039,0.012,True,False,LOW
364.626,,-17.52,170.9,28.16,-21.58,-10.82,28.44,False,False,True,False,False,True,0.04,0.01,True,False,LOW
364.648,,-17.67,170.8,28.34,-21.62,-10.83,28.55,False,False,True,False,False,True,0.04,0.001,True,False,LOW
364.82,,-17.87,170.26,28.75,-21.88,-11.14,29.17,False,False,True,False,False,True,0.04,0.003,True,False,LOW
364.848,,-18.63,171.56,28.94,-22.03,-10.99,29.28,False,False,True,False,False,True,0.046,0.006,True,False,LOW
365.025,,-18.19,171.04,29.77,-22.25,-10.81,30.07,False,False,True,False,False,True,0.045,0.011,True,False,LOW
365.048,,-18.71,170.74,30.25,-22.34,-10.83,30.22,False,False,True,False,False,True,0.041,0.009,True,False,LOW
365.221,,-18.84,170.76,30.82,-22.73,-10.88,31.06,False,False,True,False,False,True,0.031,0.003,True,False,LOW
365.249,,-19.03,170.89,31.0,-22.82,-10.87,31.21,False,False,True,False,False,True,0.032,0.004,True,False,LOW
365.426,,-19.05,170.75,31.35,-23.07,-10.91,31.81,False,False,True,False,False,True,0.027,0.004,True,False,LOW
365.451,,-18.75,171.32,30.87,-23.06,-10.83,31.81,False,False,True,False,False,True,0.035,0.018,True,False,LOW
365.62,,-18.79,170.47,28.58,-23.04,-11.03,30.63,False,False,True,False,False,True,0.026,-0.0,True,False,LOW
365.648,,-18.63,171.4,24.34,-23.02,-10.92,29.69,False,False,True,False,False,True,0.026,0.007,True,False,LOW
365.827,,-19.74,171.0,19.3,-23.53,-10.8,24.1,False,False,True,False,False,True,0.006,0.003,True,False,MODERATE
365.851,,-18.14,171.19,13.11,-23.38,-10.76,22.11,False,False,True,False,False,True,-0.005,0.006,True,False,MODERATE
366.023,,-16.95,170.28,7.94,-22.21,-11.1,13.76,False,False,False,False,False,False,0.002,0.013,True,False,MODERATE
366.05,,-14.36,170.68,2.39,-21.61,-11.08,11.23,False,False,False,False,False,False,-0.016,0.009,True,False,MODERATE
366.23,,-11.69,171.7,-1.49,-18.33,-10.5,3.55,False,False,False,False,False,False,-0.015,0.016,True,False,MODERATE
366.253,,-8.68,172.58,-4.42,-17.43,-10.31,2.08,False,False,False,False,False,False,-0.013,0.011,True,False,MODERATE
366.42,,-9.57,172.97,-5.38,-15.36,-9.47,-1.95,False,False,False,False,False,False,-0.02,0.009,True,False,MODERATE
366.448,,-9.32,172.12,-5.83,-15.03,-9.48,-2.58,False,False,False,False,False,False,-0.028,0.013,True,False,MODERATE
366.629,,-9.14,173.74,-6.15,-14.09,-8.65,-4.15,False,False,False,False,False,False,-0.015,-0.0,True,False,MODERATE
366.797,,-9.34,174.29,-5.9,-13.82,-7.99,-4.59,False,False,False,False,False,False,-0.017,0.008,True,False,MODERATE
366.912,,-9.23,172.43,-5.77,-13.67,-8.52,-4.69,False,False,False,False,True,True,-0.009,0.042,True,False,MODERATE
366.938,,-9.33,173.02,-5.81,-13.65,-8.54,-4.71,False,False,False,False,False,False,-0.002,0.018,True,False,MODERATE
367.058,,-8.2,173.36,-6.2,-13.11,-8.45,-4.95,False,False,False,False,False,False,-0.009,0.026,True,False,MODERATE
367.083,,-7.38,173.14,-6.12,-12.89,-8.47,-4.98,False,False,False,False,False,False,0.008,0.003,True,False,MODERATE
367.209,,-6.89,173.53,-6.65,-12.07,-8.33,-5.3,False,False,False,False,False,False,0.003,0.033,True,False,MODERATE
367.233,,-7.53,173.41,-6.7,-12.03,-8.32,-5.36,False,False,False,False,False,False,0.018,-0.024,True,False,MODERATE
367.415,,-8.24,174.09,-6.11,-12.27,-7.94,-5.25,False,False,False,False,False,False,0.019,-0.024,True,False,MODERATE
367.441,,-7.45,173.63,-5.9,-12.18,-7.95,-5.2,False,False,False,False,False,False,0.007,0.004,True,False,MODERATE
367.606,,-7.01,173.34,-5.21,-11.7,-8.15,-4.72,False,False,False,False,False,False,0.011,-0.0,True,False,MODERATE
367.632,,-6.31,174.79,-4.61,-11.52,-7.97,-4.55,False,False,False,False,False,False,-0.009,0.02,True,False,MODERATE
367.814,,-5.95,172.5,-4.39,-10.79,-8.62,-3.94,False,False,False,False,False,False,-0.009,0.022,True,False,MODERATE
367.842,,-6.55,173.08,-4.11,-10.79,-8.62,-3.82,False,False,False,False,False,False,-0.021,0.013,True,False,MODERATE
368.007,,-6.93,173.36,-4.33,-10.99,-8.47,-3.58,False,False,False,False,False,False,-0.018,0.008,True,False,MODERATE
368.031,,-6.76,173.89,-4.36,-10.99,-8.38,-3.56,False,False,False,False,False,False,-0.01,0.01,True,False,MODERATE
368.216,,-7.62,174.41,-4.17,-11.46,-7.78,-3.37,False,False,False,False,False,False,-0.003,0.006,True,False,MODERATE
368.243,,-6.81,173.76,-4.21,-11.4,-7.8,-3.35,False,False,False,False,True,True,0.004,0.041,True,False,MODERATE
368.406,,-7.13,174.07,-4.01,-11.38,-7.71,-3.2,False,False,False,False,False,False,-0.021,0.02,True,False,MODERATE
368.433,,-7.56,173.68,-4.01,-11.45,-7.75,-3.18,False,False,False,False,False,False,-0.014,0.009,True,False,MODERATE
368.614,,-7.28,173.69,-4.17,-11.49,-7.88,-3.19,False,False,False,False,False,False,-0.014,0.007,True,False,MODERATE
368.641,,-8.09,172.81,-4.04,-11.61,-8.03,-3.18,False,False,False,False,False,False,-0.019,0.01,True,False,MODERATE
368.806,,-8.0,173.25,-4.01,-11.94,-8.24,-3.11,False,False,False,False,False,False,0.005,0.01,True,False,MODERATE
368.833,,-6.95,174.51,-3.95,-11.82,-8.08,-3.09,False,False,False,False,False,False,0.009,0.006,True,False,MODERATE
369.02,,-7.1,175.01,-3.71,-11.56,-7.31,-2.91,False,False,False,False,False,False,0.001,0.002,True,False,LOW
369.042,,-6.39,174.65,-3.68,-11.44,-7.28,-2.88,False,False,False,False,False,False,0.002,-0.001,True,False,LOW
369.217,,-6.75,175.17,-3.7,-11.2,-6.87,-2.81,False,False,False,False,False,False,0.003,0.002,True,False,LOW
369.241,,-6.65,175.35,-3.74,-11.16,-6.8,-2.8,False,False,False,False,False,False,-0.001,0.001,True,False,LOW
369.422,,-6.4,175.15,-3.77,-10.88,-6.66,-2.81,False,False,False,False,False,False,0.002,0.0,True,False,LOW
369.445,,-6.52,174.55,-3.86,-10.86,-6.72,-2.82,False,False,False,False,False,False,-0.0,-0.001,True,False,LOW
369.615,,-7.03,176.49,-3.94,-11.07,-5.92,-2.9,False,False,False,False,False,False,-0.0,0.003,True,False,LOW
369.637,,-6.76,178.01,-4.2,-11.07,-5.62,-2.94,False,False,False,False,False,False,0.001,-0.0,True,False,LOW
369.834,,-8.62,177.03,-4.05,-12.07,-5.07,-3.03,False,False,False,False,False,False,0.017,0.006,True,False,LOW
369.857,,-8.81,176.74,-3.93,-12.2,-5.06,-3.02,False,False,False,False,False,False,0.013,0.007,True,False,LOW
370.027,,-7.13,176.94,-4.09,-11.77,-4.9,-3.08,False,False,False,False,True,True,-0.007,0.04,True,False,LOW
370.052,,-7.03,176.27,-3.84,-11.7,-4.97,-3.05,False,False,False,False,False,False,-0.005,0.006,True,False,LOW
370.232,,-7.03,176.1,-4.02,-11.47,-5.3,-3.06,False,False,False,False,False,False,0.003,0.005,True,False,LOW
370.255,,-6.88,176.53,-3.95,-11.43,-5.28,-3.05,False,False,False,False,False,False,0.022,0.013,True,False,LOW
370.428,,-7.63,177.03,-3.86,-11.66,-4.96,-2.97,False,False,False,False,False,False,0.03,0.026,True,False,LOW
370.452,,-7.29,176.29,-3.67,-11.64,-5.01,-2.94,False,False,False,False,False,False,0.029,0.024,True,False,LOW
370.63,,-6.7,175.84,-3.53,-11.27,-5.46,-2.74,False,False,False,False,False,False,0.042,0.026,True,False,LOW
370.654,,-6.24,175.86,-3.63,-11.16,-5.51,-2.73,False,False,False,False,False,False,0.043,0.024,True,False,LOW
370.812,,-5.78,175.64,-3.53,-10.58,-5.78,-2.65,False,False,False,False,False,False,0.045,0.024,True,False,LOW
370.834,,-5.57,176.09,-3.52,-10.48,-5.76,-2.64,False,False,False,False,False,False,0.042,0.026,True,False,LOW
371.022,,-5.71,176.03,-3.37,-10.19,-5.71,-2.51,False,False,False,False,False,False,0.04,0.028,True,False,LOW
371.045,,-6.55,176.24,-3.47,-10.26,-5.67,-2.51,False,False,False,False,False,False,0.046,0.026,True,False,LOW
371.212,,-7.33,175.16,-3.26,-10.94,-6.12,-2.4,False,False,False,False,False,False,0.034,0.026,True,False,LOW
371.236,,-6.07,177.68,-3.75,-10.86,-5.82,-2.45,False,False,False,False,False,False,0.007,0.015,True,False,LOW
371.419,,-6.18,177.52,-3.55,-10.62,-4.91,-2.53,False,False,False,False,False,False,-0.003,0.014,True,False,LOW
371.443,,-5.49,176.74,-3.73,-10.5,-4.92,-2.56,False,False,False,False,False,False,0.005,0.006,True,False,LOW
371.612,,-5.38,176.4,-3.7,-10.04,-5.11,-2.65,False,False,False,False,False,False,0.003,0.003,True,False,LOW
371.635,,-5.44,176.33,-3.75,-9.99,-5.14,-2.67,False,False,False,False,False,False,-0.001,0.006,True,False,LOW
371.818,,-5.78,175.94,-3.68,-10.01,-5.47,-2.7,False,False,False,False,False,False,-0.005,0.009,True,False,LOW
371.843,,-5.29,176.97,-3.71,-9.94,-5.37,-2.7,False,False,False,False,False,False,-0.007,0.003,True,False,LOW
372.013,,-4.7,177.64,-3.72,-9.41,-4.67,-2.73,False,False,False,False,False,False,0.011,0.017,True,False,LOW
372.037,,-4.49,177.11,-3.66,-9.32,-4.66,-2.73,False,False,False,False,False,False,0.04,0.029,True,False,LOW
372.228,,-4.23,176.88,-3.66,-8.85,-4.74,-2.71,False,False,False,False,False,False,0.044,0.027,True,False,LOW
372.253,,-4.48,176.37,-3.63,-8.83,-4.82,-2.71,False,False,False,False,False,False,0.044,0.027,True,False,LOW
372.42,,-4.41,175.87,-3.68,-8.74,-5.34,-2.71,False,False,False,False,False,False,0.047,0.025,True,False,LOW
372.444,,-4.62,178.25,-3.89,-8.75,-5.08,-2.74,False,False,False,False,False,False,-0.016,0.009,True,False,LOW
372.623,,-4.47,177.81,-4.12,-8.73,-4.43,-2.96,False,False,False,False,False,False,-0.017,0.025,True,False,LOW
372.648,,-3.99,177.77,-4.29,-8.66,-4.36,-3.02,False,False,False,False,False,False,-0.024,0.023,True,False,LOW
372.816,,-3.23,178.61,-4.49,-8.04,-3.69,-3.28,False,False,False,False,True,True,-0.015,0.043,True,False,LOW
372.838,,-3.67,177.84,-4.37,-8.02,-3.71,-3.3,False,False,False,False,False,False,-0.021,0.016,True,False,LOW
373.021,,-4.2,178.39,-4.23,-8.25,-3.49,-3.28,False,False,False,False,False,False,-0.018,0.013,True,False,LOW
373.043,,-4.24,177.72,-4.25,-8.28,-3.55,-3.28,False,False,False,False,False,False,-0.013,0.013,True,False,LOW
373.216,,-3.74,178.04,-4.36,-8.12,-3.6,-3.34,False,False,False,False,False,False,0.0,0.015,True,False,LOW
373.239,,-3.39,178.15,-4.11,-8.06,-3.59,-3.32,False,False,False,False,False,False,0.031,0.028,True,False,LOW
373.42,,-3.0,176.57,-4.16,-7.62,-4.42,-3.26,False,False,False,False,False,False,0.042,0.021,True,False,LOW
373.443,,-2.62,177.5,-4.11,-7.52,-4.39,-3.24,False,False,False,False,False,False,0.044,0.023,True,False,LOW
373.617,,-3.1,178.18,-4.04,-7.42,-3.93,-3.16,False,False,False,False,False,False,0.044,0.015,True,False,LOW
373.644,,-2.96,178.26,-4.1,-7.39,-3.85,-3.15,False,False,False,False,False,False,0.043,0.015,True,False,LOW
373.826,,-3.45,177.87,-4.08,-7.55,-3.83,-3.14,False,False,False,False,False,False,0.042,0.02,True,False,LOW
373.849,,-3.84,176.63,-4.36,-7.62,-3.99,-3.17,False,False,False,False,False,False,0.038,0.023,True,False,LOW
374.016,,-2.96,176.32,-4.68,-7.4,-4.71,-3.45,False,False,False,False,False,False,0.042,0.02,True,False,LOW
374.037,,-3.75,176.64,-4.5,-7.47,-4.76,-3.46,False,False,False,False,False,False,0.044,0.02,True,False,LOW
374.226,,-4.39,175.44,-4.45,-8.11,-5.59,-3.48,False,False,False,False,False,False,0.044,0.015,True,False,LOW
374.25,,-4.8,176.03,-4.42,-8.24,-5.6,-3.48,False,False,False,False,False,False,0.046,0.017,True,False,LOW
374.415,,-3.87,175.81,-4.35,-8.17,-5.74,-3.43,False,False,False,False,False,False,0.046,0.015,True,False,LOW
374.438,,-3.29,176.04,-4.44,-8.09,-5.73,-3.44,False,False,False,False,False,False,0.048,0.015,True,False,LOW
374.624,,-2.65,176.57,-5.06,-7.44,-5.4,-3.8,False,False,False,False,False,False,0.048,0.027,True,False,LOW
374.646,,-1.13,175.43,-5.51,-7.16,-5.51,-3.89,False,False,False,False,False,False,0.041,0.03,True,False,LOW
374.817,,-0.92,173.67,-7.22,-6.08,-6.85,-5.16,False,False,False,False,False,False,0.038,0.021,True,False,LOW
374.842,,-0.31,175.28,-11.32,-5.86,-6.79,-5.99,False,False,False,False,False,False,-0.024,0.013,True,False,LOW
375.026,,1.59,176.62,-16.39,-4.04,-5.86,-11.69,False,False,False,False,False,False,-0.024,0.005,True,False,LOW
375.049,,4.71,173.3,-22.23,-3.33,-6.2,-13.53,False,False,False,False,False,False,-0.022,0.03,True,False,LOW
375.218,,8.36,175.94,-28.7,0.99,-5.97,-22.5,False,False,True,False,True,True,-0.03,0.036,True,False,LOW
375.244,,10.21,176.32,-32.79,1.94,-5.88,-24.69,False,False,True,False,False,True,-0.037,0.028,True,False,LOW
375.432,,9.97,174.71,-35.19,4.22,-6.48,-30.93,False,False,True,False,False,True,-0.02,0.018,True,False,LOW
375.454,,7.03,173.57,-36.54,4.02,-6.7,-31.81,False,False,True,False,False,True,-0.004,0.013,True,False,LOW
375.619,,7.06,172.23,-36.97,3.39,-8.17,-34.32,False,False,True,False,False,True,-0.017,0.009,True,False,LOW
375.641,,5.67,172.52,-37.09,3.15,-8.3,-34.63,False,False,True,False,False,True,-0.011,0.008,True,False,LOW
375.827,,5.88,172.94,-36.85,2.32,-8.55,-35.37,False,False,True,False,False,True,-0.005,0.013,True,False,LOW
375.851,,6.81,173.46,-36.4,2.35,-8.51,-35.38,False,False,True,False,False,True,0.005,0.013,True,False,LOW
376.022,,5.06,170.35,-36.13,1.54,-10.03,-35.27,False,False,True,False,False,True,0.029,0.022,True,False,LOW
376.045,,5.68,170.29,-36.1,1.53,-10.22,-35.25,False,False,True,False,False,True,0.029,0.021,True,False,LOW
376.228,,5.85,170.57,-35.93,1.57,-10.72,-35.1,False,False,True,False,False,True,0.023,0.025,True,False,LOW
376.252,,5.65,169.53,-35.89,1.55,-10.93,-35.08,False,False,True,False,False,True,0.027,0.025,True,False,LOW
376.422,,5.38,168.89,-35.93,1.34,-11.94,-35.02,False,False,True,False,False,True,0.03,0.028,True,False,LOW
376.445,,4.58,169.13,-35.96,1.21,-12.02,-35.02,False,False,True,False,False,True,0.033,0.032,True,False,LOW
376.627,,5.76,168.14,-36.08,1.37,-12.87,-35.07,False,False,True,False,False,True,0.031,0.034,True,False,LOW
376.65,,5.77,170.43,-36.26,1.39,-12.66,-35.1,False,False,True,False,False,True,-0.017,0.015,True,False,LOW
376.821,,4.87,169.26,-36.15,0.99,-12.54,-35.15,False,False,True,False,False,True,-0.012,0.02,True,False,LOW
376.845,,4.25,169.57,-36.07,0.86,-12.49,-35.14,False,False,True,False,False,True,-0.011,0.025,True,False,LOW
377.152,,2.95,170.06,-36.1,-0.58,-11.92,-35.14,False,False,True,False,False,True,-0.015,0.023,True,False,LOW
377.173,,2.92,168.6,-36.75,-0.67,-12.06,-35.22,False,False,True,False,True,True,0.008,0.071,True,False,LOW
377.286,,3.07,170.51,-36.94,-0.89,-11.69,-35.54,False,False,True,False,True,True,-0.027,0.044,True,False,LOW
377.31,,3.3,170.73,-36.82,-0.89,-11.59,-35.58,False,False,True,False,False,True,-0.038,0.029,True,False,LOW
377.44,,3.63,171.96,-37.16,-0.76,-10.73,-35.87,False,False,True,False,False,True,-0.027,0.025,True,False,LOW
377.464,,3.88,172.23,-37.2,-0.71,-10.55,-35.92,False,False,True,False,False,True,-0.026,0.023,True,False,LOW
377.607,,4.43,172.01,-37.5,-0.28,-10.12,-36.22,False,False,True,False,False,True,-0.032,0.019,True,False,LOW
377.631,,5.02,172.7,-37.55,-0.13,-9.96,-36.27,False,False,True,False,False,True,-0.021,0.022,True,False,LOW
377.814,,3.62,171.53,-37.77,-0.4,-10.07,-36.56,False,False,True,False,False,True,-0.021,0.022,True,False,LOW
377.84,,3.62,172.29,-37.99,-0.43,-9.97,-36.63,False,False,True,False,False,True,-0.03,0.028,True,False,LOW
378.017,,3.38,173.24,-38.17,-0.66,-9.15,-36.94,False,False,True,False,False,True,-0.036,0.031,True,False,LOW
378.041,,3.6,171.58,-38.3,-0.65,-9.27,-37.0,False,False,True,False,False,True,-0.032,0.03,True,False,LOW
378.213,,3.31,170.86,-38.37,-0.8,-10.09,-37.21,False,False,True,False,False,True,-0.032,0.025,True,False,LOW
378.242,,3.45,171.5,-38.48,-0.8,-10.11,-37.26,False,False,True,False,False,True,-0.029,0.024,True,False,MODERATE
378.418,,3.5,171.17,-38.5,-0.77,-10.33,-37.41,False,False,True,False,False,True,-0.028,0.021,True,False,MODERATE
378.441,,3.25,171.18,-38.54,-0.8,-10.35,-37.43,False,False,True,False,False,True,-0.017,0.02,True,False,MODERATE
378.61,,3.46,171.42,-38.24,-0.79,-10.31,-37.35,False,False,True,False,False,True,-0.023,0.021,True,False,MODERATE
378.64,,3.06,172.18,-38.27,-0.85,-10.18,-37.35,False,False,True,False,False,True,-0.02,0.021,True,False,MODERATE
378.807,,3.25,173.18,-38.09,-0.92,-9.31,-37.24,False,False,True,False,False,True,-0.019,0.025,True,False,MODERATE
378.831,,2.83,174.55,-36.07,-0.99,-8.99,-36.94,False,False,True,False,False,True,-0.026,0.02,True,False,MODERATE
379.004,,2.71,176.53,-32.11,-1.27,-6.87,-33.71,False,False,True,False,False,True,-0.015,0.028,True,False,MODERATE
379.151,,3.28,177.3,-25.45,-1.12,-5.6,-28.69,False,False,True,False,False,True,-0.005,0.019,True,False,MODERATE
379.248,,-0.49,179.8,-19.24,-2.57,-4.05,-23.77,False,False,True,False,False,True,-0.002,0.009,True,False,MODERATE
379.272,,-1.79,-178.97,-13.93,-3.11,-3.5,-21.45,False,False,False,False,False,False,-0.001,0.009,True,False,MODERATE
379.402,,-1.55,179.8,-10.19,-4.43,-2.7,-14.26,False,False,False,False,False,False,-0.003,0.008,True,False,MODERATE
379.439,,-2.68,178.04,-7.73,-4.99,-2.9,-11.99,False,False,False,False,False,False,-0.005,0.013,True,False,MODERATE
379.61,,-3.41,-179.64,-6.38,-6.47,-2.05,-7.88,False,False,False,False,False,False,-0.009,0.001,True,False,MODERATE
379.633,,-4.31,-178.35,-5.23,-6.79,-1.76,-7.19,False,False,False,False,False,False,0.001,0.004,True,False,MODERATE
379.804,,-5.34,-178.8,-4.5,-8.34,-1.07,-5.01,False,False,False,False,False,False,-0.013,0.001,True,False,MODERATE
379.839,,-5.19,-177.48,-4.3,-8.57,-0.69,-4.62,False,False,False,False,False,False,0.008,-0.004,True,False,MODERATE
380.013,,-5.16,-177.73,-3.99,-9.02,0.0,-3.72,False,False,False,False,False,False,0.004,-0.005,True,False,MODERATE
380.036,,-5.15,-177.84,-3.97,-9.07,0.07,-3.61,False,False,False,False,False,False,0.006,-0.008,True,False,MODERATE
380.205,,-5.3,-178.34,-3.89,-9.32,0.02,-3.24,False,False,False,False,False,False,0.008,-0.008,True,False,MODERATE
380.239,,-5.5,-178.64,-3.98,-9.4,-0.05,-3.2,False,False,False,False,False,False,0.007,-0.006,True,False,MODERATE
380.415,,-5.46,-178.27,-3.96,-9.56,-0.0,-3.09,False,False,False,False,False,False,0.007,-0.012,True,False,MODERATE
380.438,,-6.25,-178.85,-3.59,-9.69,-0.07,-3.03,False,False,False,False,False,False,0.022,-0.004,True,False,MODERATE
380.604,,-6.2,-178.73,-3.85,-10.08,-0.25,-2.96,False,False,False,False,False,False,0.021,-0.0,True,False,MODERATE
380.639,,-6.05,-178.02,-3.97,-10.12,-0.15,-2.97,False,False,False,False,False,False,0.009,-0.002,True,False,MODERATE
380.815,,-5.27,-175.86,-3.84,-9.8,1.25,-2.92,False,False,False,False,False,False,0.003,0.002,True,False,MODERATE
380.838,,-6.27,-176.14,-3.17,-9.89,1.38,-2.83,False,False,False,False,False,False,0.009,-0.001,True,False,MODERATE
381.006,,-6.0,-178.12,-3.45,-10.07,0.76,-2.65,False,False,False,False,False,False,-0.025,0.033,True,False,MODERATE
381.04,,-6.22,-177.37,-3.41,-10.14,0.79,-2.62,False,False,False,False,False,False,-0.016,0.005,True,False,MODERATE
381.222,,-6.25,-178.25,-2.96,-10.33,0.4,-2.28,False,False,False,False,False,False,-0.003,0.002,True,False,MODERATE
381.245,,-6.18,-178.8,-2.65,-10.34,0.29,-2.21,False,False,False,False,False,False,-0.001,0.0,True,False,MODERATE
381.408,,-4.98,-178.93,-2.75,-9.77,-0.18,-1.99,False,False,False,False,False,False,0.0,-0.002,True,False,MODERATE
381.44,,-4.48,-179.33,-2.63,-9.59,-0.33,-1.94,False,False,False,False,False,False,-0.003,0.004,True,False,MODERATE
381.629,,-4.83,179.89,-2.59,-9.3,-1.15,-1.77,False,False,False,False,False,False,0.002,0.001,True,False,MODERATE
381.652,,-4.39,-179.27,-2.3,-9.21,-1.12,-1.71,False,False,False,False,False,False,0.014,0.004,True,False,MODERATE
381.809,,-3.5,178.88,-1.98,-8.46,-1.98,-1.36,False,False,False,False,False,False,0.023,0.006,True,False,MODERATE
381.84,,-2.97,179.63,-2.19,-8.24,-2.0,-1.34,False,False,False,False,False,False,-0.0,0.004,True,False,MODERATE
382.019,,-2.59,-179.34,-2.03,-7.47,-1.48,-1.2,False,False,False,False,False,False,-0.006,0.012,True,False,MODERATE
382.043,,-4.35,-178.41,-2.43,-7.62,-1.3,-1.23,False,False,False,False,False,False,-0.011,0.006,True,False,MODERATE
382.21,,-4.73,-178.97,-2.42,-8.32,-0.96,-1.35,False,False,False,False,False,False,0.003,0.009,True,False,MODERATE
382.242,,-4.44,179.25,-2.21,-8.38,-1.22,-1.33,False,False,False,False,False,False,0.009,0.006,True,False,MODERATE
382.415,,-6.58,178.92,-2.16,-9.69,-2.04,-1.26,False,False,False,False,False,False,0.006,0.002,True,False,LOW
382.439,,-5.48,177.02,-1.58,-9.69,-2.43,-1.18,False,False,False,False,False,False,-0.002,0.007,True,False,LOW
382.61,,-4.45,177.96,-2.36,-9.17,-3.13,-1.29,False,False,False,False,False,False,-0.005,0.008,True,False,LOW
382.639,,-5.28,177.79,-1.85,-9.23,-3.26,-1.23,False,False,False,False,False,False,-0.002,0.009,True,False,LOW
382.818,,-3.65,176.5,-1.86,-8.51,-4.32,-1.05,False,False,False,False,False,False,0.014,0.014,True,False,LOW
382.842,,-3.65,175.62,-2.38,-8.43,-4.58,-1.1,False,False,False,False,False,False,0.019,0.007,True,False,LOW
383.01,,-3.71,177.54,-2.07,-8.18,-4.35,-1.11,False,False,False,False,False,False,-0.005,0.011,True,False,LOW
383.039,,-2.59,178.51,-2.37,-7.96,-4.17,-1.15,False,False,False,False,False,False,-0.001,0.011,True,False,LOW
383.219,,-1.72,178.92,-2.73,-6.86,-3.42,-1.48,False,False,False,False,True,True,-0.013,0.047,True,False,LOW
383.242,,-2.53,179.07,-2.7,-6.85,-3.31,-1.52,False,False,False,False,False,False,-0.005,0.017,True,False,LOW
383.41,,-2.55,179.38,-2.75,-6.82,-2.79,-1.66,False,False,False,False,False,False,-0.008,0.009,True,False,LOW
383.442,,-2.53,178.6,-2.91,-6.81,-2.84,-1.71,False,False,False,False,False,False,-0.009,0.015,True,False,LOW
383.619,,-2.65,179.07,-3.01,-6.85,-2.72,-1.89,False,False,False,False,False,False,-0.003,0.011,True,False,LOW
383.643,,-1.84,178.98,-2.7,-6.75,-2.72,-1.87,False,False,False,False,False,False,0.031,0.004,True,False,LOW
383.813,,-2.11,178.85,-2.75,-6.54,-2.78,-1.83,False,False,False,False,False,False,0.034,0.005,True,False,LOW
383.841,,-2.16,178.41,-2.7,-6.52,-2.86,-1.82,False,False,False,False,False,False,0.046,0.011,True,False,LOW
384.02,,-1.91,178.64,-2.74,-6.32,-2.96,-1.8,False,False,False,False,False,False,0.037,0.013,True,False,LOW
384.043,,-1.73,178.46,-3.09,-6.28,-2.99,-1.84,False,False,False,False,False,False,-0.004,0.009,True,False,LOW
384.216,,-3.6,178.37,-3.35,-7.1,-3.17,-2.13,False,False,False,False,False,False,-0.005,0.001,True,False,LOW
384.24,,-3.19,179.66,-3.06,-7.14,-3.01,-2.12,False,False,False,False,False,False,0.042,0.005,True,False,LOW
384.421,,-2.17,179.52,-2.67,-6.75,-2.56,-1.9,False,False,False,False,False,False,0.048,0.007,True,False,LOW
384.443,,-0.93,-179.89,-2.9,-6.55,-2.43,-1.91,False,False,False,False,False,False,0.067,0.009,True,False,LOW
384.614,,-1.92,179.26,-2.67,-6.34,-2.43,-1.81,False,False,False,False,False,False,0.065,0.013,True,False,LOW
384.639,,-2.55,178.33,-2.48,-6.41,-2.56,-1.77,False,False,False,False,False,False,0.052,0.011,True,False,LOW
384.821,,-2.03,178.31,-2.74,-6.33,-3.0,-1.77,False,False,False,False,False,False,0.009,0.014,True,False,LOW
384.844,,-0.89,178.64,-2.98,-6.17,-3.01,-1.81,False,False,False,False,False,False,-0.017,0.019,True,False,LOW
385.014,,-0.71,179.42,-3.18,-5.52,-2.62,-2.02,False,False,False,False,False,False,-0.016,0.032,True,False,LOW
385.04,,0.03,179.68,-3.31,-5.32,-2.54,-2.07,False,False,False,False,True,True,0.001,0.039,True,False,LOW
385.223,,-0.44,179.29,-3.16,-4.97,-2.46,-2.14,False,False,False,False,False,False,-0.011,0.02,True,False,LOW
385.247,,-0.37,179.24,-3.08,-4.92,-2.46,-2.14,False,False,False,False,False,False,-0.006,0.013,True,False,LOW
385.412,,-1.54,179.2,-3.23,-5.36,-2.48,-2.2,False,False,False,False,False,False,-0.009,0.017,True,False,LOW
385.439,,-1.05,179.51,-3.28,-5.35,-2.43,-2.22,False,False,False,False,False,False,-0.011,0.01,True,False,LOW
385.622,,-1.75,179.71,-3.28,-5.69,-2.19,-2.27,False,False,False,False,False,False,-0.016,0.014,True,False,LOW
385.646,,-2.0,179.83,-3.32,-5.77,-2.14,-2.29,False,False,False,False,False,False,-0.006,0.008,True,False,LOW
385.83,,-2.34,-179.89,-3.24,-6.21,-1.84,-2.28,False,False,False,False,False,False,-0.006,0.007,True,False,LOW
385.854,,-2.45,179.72,-3.01,-6.27,-1.86,-2.25,False,False,False,False,False,False,0.004,0.006,True,False,LOW
386.028,,-2.49,179.97,-2.95,-6.52,-1.78,-2.11,False,False,False,False,False,False,0.003,0.004,True,False,LOW
386.051,,-2.04,-179.7,-2.76,-6.49,-1.73,-2.07,False,False,False,False,False,False,0.0,0.002,True,False,LOW
386.225,,-2.58,-179.72,-2.74,-6.66,-1.56,-1.92,False,False,False,False,False,False,-0.003,0.005,True,False,LOW
386.255,,-2.15,179.86,-2.47,-6.62,-1.61,-1.85,False,False,False,False,False,False,-0.002,0.006,True,False,LOW
386.429,,-2.45,179.22,-2.39,-6.66,-2.06,-1.63,False,False,False,False,False,False,0.004,0.015,True,False,LOW
386.453,,-1.72,179.39,-2.65,-6.56,-2.09,-1.64,False,False,False,False,False,False,-0.006,0.016,True,False,LOW
386.615,,-1.09,178.8,-3.06,-5.93,-2.5,-1.87,False,False,False,False,False,False,-0.007,0.015,True,False,LOW
386.64,,-1.6,179.56,-3.18,-5.92,-2.45,-1.92,False,False,False,False,False,False,-0.005,0.018,True,False,LOW
386.811,,-1.06,179.77,-3.12,-5.59,-2.17,-2.04,False,False,False,False,False,False,-0.006,0.018,True,False,LOW
386.834,,-1.1,179.81,-3.03,-5.56,-2.14,-2.05,False,False,False,False,False,False,-0.015,0.019,True,False,LOW
387.005,,-0.58,179.97,-3.2,-5.17,-1.92,-2.15,False,False,False,False,False,False,-0.008,0.015,True,False,LOW
387.039,,-0.52,-179.27,-3.27,-5.1,-1.74,-2.18,False,False,False,False,False,False,-0.008,0.013,True,False,LOW
387.21,,-0.71,-178.99,-3.04,-5.02,-1.18,-2.13,False,False,False,False,False,False,-0.005,0.011,True,False,LOW
387.234,,-2.11,-178.96,-3.25,-5.2,-1.11,-2.15,False,False,False,False,False,False,-0.009,0.006,True,False,LOW
387.403,,-2.82,-179.08,-2.98,-6.18,-0.93,-2.08,False,False,False,False,False,False,-0.007,0.009,True,False,LOW
387.439,,-1.73,-178.43,-2.86,-6.14,-0.77,-2.05,False,False,False,False,False,False,-0.008,0.003,True,False,LOW
387.609,,-2.41,-179.64,-2.58,-6.41,-1.06,-1.83,False,False,False,False,False,False,0.02,0.001,True,False,LOW
387.631,,-2.43,-178.75,-2.11,-6.44,-0.98,-1.74,False,False,False,False,False,False,0.024,-0.004,True,False,LOW
387.803,,-4.24,-177.81,0.11,-7.53,-0.19,-0.23,False,False,False,False,False,False,0.031,-0.001,True,False,LOW
387.84,,-5.97,-176.6,3.52,-8.09,0.2,0.82,False,False,False,False,False,False,0.041,-0.0,True,False,LOW
388.011,,-7.38,-175.01,8.41,-10.04,1.89,5.79,False,False,False,False,False,False,0.047,-0.009,True,False,LOW
388.036,,-11.04,-178.5,15.06,-10.91,1.61,7.82,False,False,False,False,False,False,0.014,0.021,True,False,LOW
388.202,,-10.87,-178.26,22.75,-13.29,0.8,17.91,False,False,False,False,False,False,0.054,0.004,True,False,LOW
388.226,,-12.71,-175.54,28.59,-13.89,1.06,20.54,False,False,False,False,False,False,0.063,0.006,True,False,LOW
388.412,,-12.26,-176.74,32.63,-15.43,1.34,29.29,False,False,True,False,False,True,0.06,0.004,True,False,LOW
388.434,,-13.51,-179.48,34.9,-15.78,1.02,30.66,False,False,True,False,False,True,0.059,0.002,True,False,LOW
388.609,,-13.8,178.44,36.27,-17.06,-1.34,34.81,False,False,True,False,False,True,0.054,0.0,True,False,LOW
388.632,,-14.83,177.67,35.94,-17.36,-1.74,35.2,False,False,True,False,False,True,0.056,0.012,True,False,LOW
388.819,,-15.18,176.96,36.11,-18.54,-3.46,36.33,False,False,True,False,False,True,0.046,0.005,True,False,LOW
388.841,,-14.72,177.12,35.6,-18.6,-3.62,36.37,False,False,True,False,False,True,0.044,0.011,True,False,LOW
389.008,,-14.81,177.25,35.23,-18.84,-4.06,36.27,False,False,True,False,False,True,0.046,0.004,True,False,LOW
389.032,,-15.07,177.07,34.98,-18.91,-4.14,36.22,False,False,True,False,False,True,0.051,0.006,True,False,LOW
389.219,,-14.93,177.03,34.97,-19.05,-4.43,36.06,False,False,True,False,False,True,0.05,0.006,True,False,LOW
389.243,,-14.74,177.0,34.85,-19.04,-4.46,36.03,False,False,True,False,False,True,0.052,0.008,True,False,LOW
389.409,,-14.25,176.78,34.83,-18.76,-4.7,35.91,False,False,True,False,False,True,0.045,0.009,True,False,LOW
389.433,,-13.94,177.2,34.67,-18.68,-4.67,35.87,False,False,True,False,False,True,0.046,0.009,True,False,LOW
389.621,,-13.89,175.65,34.79,-18.38,-5.42,35.8,False,False,True,False,False,True,0.052,0.013,True,False,LOW
389.645,,-13.58,176.18,34.59,-18.3,-5.44,35.77,False,False,True,False,False,True,0.045,0.007,True,False,LOW
389.811,,-13.09,176.86,34.32,-17.8,-5.13,35.52,False,False,True,False,False,True,0.043,0.01,True,False,LOW
389.834,,-13.09,176.01,34.14,-17.74,-5.2,35.46,False,False,True,False,False,True,0.049,0.012,True,False,LOW
390.019,,-13.08,175.75,34.16,-17.51,-5.6,35.28,False,False,True,False,False,True,0.047,0.015,True,False,LOW
390.043,,-12.8,175.53,33.99,-17.44,-5.68,35.23,False,False,True,False,False,True,0.041,0.009,True,False,LOW
390.214,,-12.52,176.06,33.82,-17.08,-5.65,35.0,False,False,True,False,False,True,0.042,0.009,True,False,LOW
390.238,,-12.67,177.37,33.53,-17.06,-5.47,34.93,False,False,True,False,False,True,0.045,0.009,True,False,LOW
390.42,,-12.85,177.57,33.32,-17.08,-4.74,34.58,False,False,True,False,False,True,0.047,0.008,True,False,LOW
390.445,,-12.86,177.79,33.0,-17.08,-4.62,34.49,False,False,True,False,False,True,0.045,0.002,True,False,LOW
390.613,,-12.55,176.14,32.95,-16.93,-5.1,34.19,False,False,True,False,False,True,0.042,0.006,True,False,LOW
390.636,,-12.29,176.65,32.68,-16.88,-5.09,34.11,False,False,True,False,False,True,0.043,0.006,True,False,LOW
390.82,,-12.49,176.75,32.74,-16.8,-5.01,33.89,False,False,True,False,False,True,0.048,0.004,True,False,LOW
390.845,,-12.28,176.03,33.08,-16.76,-5.1,33.91,False,False,True,False,False,True,0.049,0.005,True,False,LOW
391.011,,-12.34,175.32,33.35,-16.67,-5.76,34.11,False,False,True,False,False,True,0.044,0.008,True,False,LOW
391.034,,-11.74,174.64,33.68,-16.58,-5.93,34.18,False,False,True,False,False,True,0.044,0.009,True,False,LOW
391.22,,-11.35,175.16,32.25,-16.04,-6.26,33.66,False,False,True,False,False,True,0.044,0.013,True,False,LOW
391.243,,-10.5,175.36,24.49,-15.86,-6.27,32.34,False,False,True,False,False,True,0.035,0.011,True,False,LOW
391.414,,-14.29,174.82,18.78,-17.25,-6.59,24.72,False,False,True,False,False,True,-0.005,0.003,True,False,MODERATE
391.438,,-12.16,175.42,14.57,-17.14,-6.55,22.89,False,False,True,False,False,True,0.005,0.014,True,False,MODERATE
391.622,,-13.11,174.29,8.4,-17.26,-7.01,14.07,False,False,False,False,False,False,-0.007,0.007,True,False,MODERATE
391.645,,-12.41,173.7,3.41,-17.18,-7.14,11.98,False,False,False,False,False,False,-0.006,0.005,True,False,MODERATE
391.811,,-10.14,173.07,-0.11,-15.7,-7.92,4.89,False,False,False,False,False,False,-0.0,0.011,True,False,MODERATE
391.834,,-7.76,175.48,-1.96,-15.15,-7.7,3.66,False,False,False,False,False,False,-0.013,0.007,True,False,MODERATE
392.022,,-8.98,176.14,-1.96,-14.05,-6.51,0.7,False,False,False,False,False,False,-0.018,0.01,True,False,MODERATE
392.045,,-9.53,176.89,-2.37,-14.01,-6.27,0.33,False,False,False,False,False,False,-0.008,0.005,True,False,MODERATE
392.214,,-9.21,178.02,-2.39,-13.71,-4.87,-0.68,False,False,False,False,False,False,-0.007,0.004,True,False,MODERATE
392.315,,-9.87,177.94,-2.28,-13.87,-4.41,-0.96,False,False,False,False,False,False,-0.003,0.003,True,False,MODERATE
392.425,,-9.71,178.31,-2.11,-13.9,-3.97,-1.04,False,False,False,False,False,False,-0.001,0.001,True,False,MODERATE
392.449,,-9.81,177.83,-2.12,-13.92,-3.95,-1.06,False,False,False,False,False,False,-0.011,-0.0,True,False,MODERATE
392.616,,-9.14,176.0,-2.46,-13.64,-4.84,-1.29,False,False,False,False,False,False,-0.049,0.009,True,False,MODERATE
392.639,,-9.34,175.3,-2.71,-13.63,-5.05,-1.35,False,False,False,False,False,False,-0.045,0.014,True,False,MODERATE
392.822,,-9.55,176.07,-3.19,-13.72,-5.36,-1.83,False,False,False,False,False,False,-0.043,0.014,True,False,MODERATE
392.846,,-10.57,175.72,-2.97,-13.87,-5.45,-1.86,False,False,False,False,False,False,-0.023,0.009,True,False,MODERATE
393.015,,-10.59,176.18,-2.83,-14.37,-5.48,-1.86,False,False,False,False,False,False,-0.008,0.004,True,False,MODERATE
393.038,,-11.0,176.25,-2.67,-14.49,-5.47,-1.84,False,False,False,False,False,False,-0.007,0.006,True,False,MODERATE
393.237,,-11.19,175.55,-2.73,-15.02,-5.85,-1.8,False,False,False,False,False,False,-0.039,0.025,True,False,MODERATE
393.262,,-10.54,176.5,-3.0,-14.99,-5.76,-1.84,False,False,False,False,False,False,-0.029,0.004,True,False,MODERATE
393.411,,-9.14,177.72,-3.28,-14.2,-4.87,-2.07,False,False,False,False,False,False,-0.02,0.01,True,False,MODERATE
393.433,,-8.97,177.89,-3.69,-14.08,-4.74,-2.15,False,False,False,False,False,False,-0.019,0.009,True,False,MODERATE
393.622,,-9.45,178.21,-3.65,-13.86,-4.04,-2.45,False,False,False,False,False,False,-0.008,0.0,True,False,MODERATE
393.645,,-9.42,178.93,-3.31,-13.84,-3.86,-2.44,False,False,False,False,False,False,0.0,0.003,True,False,MODERATE
393.829,,-10.78,179.13,-2.32,-14.47,-3.14,-1.86,False,False,False,False,False,False,-0.011,0.002,True,False,MODERATE
393.853,,-10.35,179.36,-1.79,-14.49,-3.03,-1.72,False,False,False,False,False,False,0.006,0.007,True,False,MODERATE
394.16,,-10.2,-179.67,-1.31,-14.46,-1.91,-0.81,False,False,False,False,False,False,0.013,0.006,True,False,MODERATE
394.182,,-10.13,179.16,-1.19,-14.45,-1.99,-0.73,False,False,False,False,False,False,-0.001,0.002,True,False,MODERATE
394.291,,-10.31,179.09,-1.31,-14.49,-2.24,-0.57,False,False,False,False,False,False,-0.003,0.002,True,False,MODERATE
394.316,,-10.09,178.14,-1.44,-14.47,-2.42,-0.56,False,False,False,False,False,False,-0.003,0.0,True,False,MODERATE
394.427,,-9.85,177.27,-1.68,-14.31,-3.28,-0.63,False,False,False,False,False,False,-0.007,0.001,True,False,MODERATE
394.45,,-10.31,179.19,-1.89,-14.34,-3.18,-0.66,False,False,False,False,False,False,0.0,-0.0,True,False,MODERATE
394.606,,-11.49,179.68,-1.69,-15.04,-2.6,-0.7,False,False,False,False,False,False,-0.01,0.006,True,False,MODERATE
394.63,,-10.1,178.83,-1.44,-14.95,-2.63,-0.67,False,False,False,False,False,False,-0.005,0.005,True,False,LOW
394.806,,-10.23,179.03,-1.53,-14.7,-2.65,-0.62,False,False,False,False,False,False,-0.004,0.004,True,False,LOW
394.831,,-10.57,179.25,-1.79,-14.71,-2.62,-0.65,False,False,False,False,False,False,-0.004,0.0,True,False,LOW
395.001,,-10.54,179.19,-2.07,-14.75,-2.56,-0.89,False,False,False,False,False,False,-0.012,0.004,True,False,LOW
395.024,,-8.91,178.97,-2.28,-14.53,-2.58,-0.94,False,False,False,False,False,False,-0.012,0.004,True,False,LOW
395.206,,-8.55,-179.97,-2.4,-13.58,-2.08,-1.21,False,False,False,False,False,False,-0.009,0.003,True,False,LOW
395.231,,-8.03,179.01,-2.39,-13.38,-2.17,-1.24,False,False,False,False,False,False,-0.007,0.008,True,False,LOW
395.398,,-8.82,177.88,-2.41,-13.21,-3.02,-1.35,False,False,False,False,False,False,-0.01,0.033,True,False,LOW
395.423,,-9.13,179.57,-2.58,-13.24,-2.9,-1.39,False,False,False,False,False,False,-0.014,0.009,True,False,LOW
395.603,,-9.02,179.12,-2.43,-13.25,-2.72,-1.43,False,False,False,False,False,False,-0.02,0.006,True,False,LOW
395.631,,-8.27,179.38,-2.56,-13.13,-2.66,-1.46,False,False,False,False,False,False,-0.012,0.008,True,False,LOW
395.798,,-7.41,178.34,-2.8,-12.35,-3.01,-1.65,False,False,False,False,False,False,0.017,0.004,True,False,LOW
395.824,,-6.69,179.47,-3.05,-12.14,-2.9,-1.72,False,False,False,False,False,False,0.023,0.001,True,False,LOW
396.007,,-8.26,178.86,-3.22,-12.33,-2.86,-2.01,False,False,False,False,False,False,0.006,0.0,True,False,LOW
396.033,,-8.27,178.94,-2.6,-12.36,-2.85,-1.96,False,False,False,False,False,False,0.001,-0.001,True,False,LOW
396.198,,-8.75,178.68,-1.97,-12.68,-2.93,-1.47,False,False,False,False,False,False,-0.003,0.005,True,False,LOW
396.223,,-9.12,178.33,-1.7,-12.78,-2.99,-1.37,False,False,False,False,False,False,-0.008,0.005,True,False,LOW
396.411,,-9.15,178.69,-1.45,-13.11,-2.99,-0.89,False,False,False,False,False,False,-0.004,0.007,True,False,LOW
396.433,,-9.52,179.23,-1.79,-13.19,-2.93,-0.88,False,False,False,False,False,False,-0.003,-0.002,True,False,LOW
396.604,,-10.07,177.42,-1.82,-13.78,-3.63,-0.87,False,False,False,False,False,False,-0.01,0.003,True,False,LOW
396.628,,-7.97,178.17,-2.09,-13.57,-3.62,-0.9,False,False,False,False,False,False,-0.009,0.006,True,False,LOW
396.812,,-7.36,178.23,-2.28,-12.49,-3.53,-1.13,False,False,False,False,False,False,-0.001,0.007,True,False,LOW
396.837,,-6.76,178.12,-2.37,-12.28,-3.54,-1.16,False,False,False,False,False,False,-0.008,0.006,True,False,LOW
397.007,,-7.18,177.92,-2.28,-11.82,-3.66,-1.25,False,False,False,False,False,False,-0.009,0.009,True,False,LOW
397.031,,-7.28,178.38,-2.36,-11.78,-3.61,-1.27,False,False,False,False,False,False,-0.008,0.003,True,False,LOW
397.213,,-8.03,179.15,-2.57,-12.04,-3.03,-1.45,False,False,False,False,False,False,-0.007,0.001,True,False,LOW
397.235,,-7.52,179.21,-2.69,-12.01,-2.96,-1.49,False,False,False,False,False,False,-0.004,0.004,True,False,LOW
397.407,,-7.25,178.45,-2.57,-11.73,-3.11,-1.55,False,False,False,False,False,False,-0.008,0.001,True,False,LOW
397.432,,-6.88,178.89,-2.62,-11.65,-3.06,-1.57,False,False,False,False,False,False,-0.01,-0.001,True,False,LOW
397.613,,-5.87,179.43,-2.8,-10.81,-2.63,-1.71,False,False,False,False,False,False,-0.009,-0.002,True,False,LOW
397.636,,-6.58,179.2,-2.89,-10.81,-2.61,-1.74,False,False,False,False,False,False,-0.006,0.0,True,False,LOW
397.809,,-6.79,179.46,-2.97,-10.93,-2.41,-1.88,False,False,False,False,False,False,-0.004,0.0,True,False,LOW
397.833,,-6.22,179.08,-2.9,-10.86,-2.44,-1.89,False,False,False,False,False,False,-0.003,-0.001,True,False,LOW
398.017,,-6.44,179.09,-3.03,-10.76,-2.52,-1.99,False,False,False,False,False,False,-0.002,-0.002,True,False,LOW
398.04,,-6.27,179.45,-3.1,-10.73,-2.49,-2.01,False,False,False,False,False,False,-0.004,-0.0,True,False,LOW
398.208,,-5.69,179.23,-3.03,-10.31,-2.47,-2.04,False,False,False,False,False,False,-0.006,0.003,True,False,LOW
398.231,,-5.42,179.53,-3.01,-10.23,-2.43,-2.04,False,False,False,False,False,False,-0.005,0.003,True,False,LOW
398.416,,-5.75,179.43,-2.93,-10.1,-2.34,-2.0,False,False,False,False,False,False,-0.0,0.004,True,False,LOW
398.44,,-5.72,179.69,-2.91,-10.08,-2.29,-2.0,False,False,False,False,False,False,-0.001,0.007,True,False,LOW
398.608,,-5.43,179.5,-3.03,-9.87,-2.24,-2.03,False,False,False,False,False,False,-0.008,0.009,True,False,LOW
398.632,,-5.12,179.28,-3.11,-9.8,-2.26,-2.05,False,False,False,False,False,False,-0.01,0.011,True,False,LOW
398.801,,-5.58,178.79,-3.12,-9.81,-2.59,-2.11,False,False,False,False,False,False,-0.012,0.01,True,False,LOW
398.831,,-5.24,179.03,-2.97,-9.76,-2.6,-2.09,False,False,False,False,False,False,-0.006,0.008,True,False,LOW
399.009,,-5.18,178.83,-2.94,-9.58,-2.74,-2.03,False,False,False,False,False,False,-0.005,0.007,True,False,LOW
399.032,,-4.88,179.2,-2.92,-9.52,-2.71,-2.02,False,False,False,False,False,False,-0.008,0.004,True,False,LOW
399.21,,-4.96,179.6,-3.12,-9.35,-2.38,-2.1,False,False,False,False,False,False,-0.004,0.003,True,False,LOW
399.234,,-4.85,178.96,-3.12,-9.31,-2.43,-2.1,False,False,False,False,False,False,-0.016,0.007,True,False,LOW
399.407,,-5.81,-179.01,-3.33,-9.7,-1.51,-2.24,False,False,False,False,False,False,-0.018,0.017,True,False,LOW
399.432,,-5.7,-179.45,-3.16,-9.73,-1.46,-2.24,False,False,False,False,False,False,-0.009,0.011,True,False,LOW
399.607,,-4.92,-179.59,-3.32,-9.43,-1.36,-2.3,False,False,False,False,False,False,-0.012,0.013,True,False,LOW
399.631,,-4.84,179.92,-3.24,-9.39,-1.42,-2.3,False,False,False,False,False,False,-0.015,0.013,True,False,LOW
399.812,,-4.29,-179.61,-3.36,-8.92,-1.35,-2.35,False,False,False,False,False,False,-0.012,0.013,True,False,LOW
399.836,,-4.33,179.84,-3.53,-8.88,-1.42,-2.38,False,False,False,False,False,False,-0.012,0.012,True,False,LOW
400.003,,-4.45,-179.11,-3.69,-8.78,-1.1,-2.56,False,False,False,False,False,False,-0.013,0.013,True,False,LOW
400.031,,-6.25,-178.15,-4.34,-9.05,-0.9,-2.69,False,False,False,False,False,False,-0.024,0.014,True,False,LOW
400.215,,-6.42,-179.07,-5.91,-9.93,-0.83,-3.94,False,False,False,False,False,False,-0.022,0.013,True,False,LOW
400.242,,-4.31,178.57,-7.69,-9.73,-1.18,-4.4,False,False,False,False,False,False,-0.015,0.009,True,False,LOW
400.41,,-1.84,177.76,-10.92,-7.79,-2.65,-7.5,False,False,False,False,False,False,-0.017,0.003,True,False,LOW
400.434,,1.01,177.64,-14.81,-7.07,-2.85,-8.62,False,False,False,False,False,False,-0.009,0.003,True,False,LOW
400.611,,2.96,177.87,-20.83,-3.72,-3.38,-15.53,False,False,False,False,False,False,-0.017,0.001,True,False,LOW
400.635,,0.08,175.23,-27.68,-3.78,-3.85,-17.92,False,False,False,False,False,False,-0.005,0.014,True,False,LOW
400.806,,-2.2,173.65,-32.58,-5.18,-6.19,-26.73,False,False,True,False,False,True,-0.02,0.008,True,False,LOW
400.833,,-1.18,175.16,-35.14,-5.22,-6.25,-28.47,False,False,True,False,False,True,-0.021,0.017,True,False,LOW
401.012,,1.13,174.38,-36.23,-4.07,-6.84,-32.8,False,False,True,False,False,True,-0.004,0.014,True,False,LOW
401.036,,2.62,173.75,-37.03,-3.71,-7.0,-33.43,False,False,True,False,False,True,-0.013,0.014,True,False,LOW
401.205,,2.65,173.66,-37.4,-2.56,-7.55,-35.21,False,False,True,False,False,True,-0.014,0.012,True,False,LOW
401.234,,2.7,172.95,-37.56,-2.39,-7.75,-35.48,False,False,True,False,False,True,-0.015,0.009,True,False,LOW
401.413,,2.7,174.07,-37.37,-1.92,-7.68,-36.01,False,False,True,False,False,True,-0.006,0.013,True,False,LOW
401.436,,2.73,174.65,-36.98,-1.87,-7.6,-36.01,False,False,True,False,False,True,0.003,0.01,True,False,LOW
401.605,,2.47,174.56,-36.92,-1.82,-7.36,-35.98,False,False,True,False,False,True,-0.013,0.021,True,False,LOW
401.631,,2.02,173.94,-36.87,-1.87,-7.41,-35.97,False,False,True,False,False,True,-0.008,0.019,True,False,LOW
401.832,,2.14,174.55,-36.6,-2.0,-7.26,-35.79,False,False,True,False,False,True,-0.009,0.02,True,False,LOW
401.856,,1.5,173.99,-36.41,-2.1,-7.32,-35.74,False,False,True,False,False,True,-0.019,0.025,True,False,LOW
402.01,,1.53,174.33,-36.35,-2.4,-7.34,-35.57,False,False,True,False,False,True,-0.018,0.025,True,False,LOW
402.035,,0.55,174.36,-36.19,-2.59,-7.34,-35.52,False,False,True,False,False,True,-0.016,0.027,True,False,LOW
402.217,,-0.07,174.89,-35.97,-3.53,-7.05,-35.25,False,False,True,False,False,True,-0.013,0.02,True,False,LOW
402.24,,-0.93,175.92,-35.96,-3.77,-6.87,-35.21,False,False,True,False,False,True,-0.011,0.026,True,False,LOW
402.407,,-1.79,177.5,-36.27,-4.99,-5.45,-35.26,False,False,True,False,False,True,-0.021,0.029,True,False,LOW
402.432,,-2.41,178.6,-36.05,-5.24,-5.08,-35.24,False,False,True,False,False,True,-0.027,0.024,True,False,LOW
402.616,,-1.84,177.97,-35.71,-5.71,-4.32,-34.97,False,False,True,False,False,True,-0.024,0.029,True,False,LOW
402.64,,-1.35,178.96,-35.62,-5.69,-4.08,-34.93,False,False,True,False,False,True,-0.024,0.029,True,False,LOW
402.796,,-1.26,178.38,-35.43,-5.6,-3.68,-34.7,False,False,True,False,False,True,-0.027,0.028,True,False,LOW
402.83,,-0.19,176.68,-35.41,-5.38,-3.93,-34.66,False,False,True,False,False,True,-0.024,0.025,True,False,LOW
403.005,,-0.57,175.1,-35.53,-5.08,-5.35,-34.61,False,False,True,False,False,True,-0.016,0.024,True,False,LOW
403.029,,-1.06,174.59,-35.72,-5.11,-5.6,-34.63,False,False,True,False,False,True,-0.018,0.027,True,False,LOW
403.195,,-1.11,174.82,-35.89,-5.23,-6.27,-34.78,False,False,True,False,False,True,-0.028,0.027,True,False,LOW
403.231,,-0.59,175.35,-35.81,-5.16,-6.29,-34.8,False,False,True,False,False,True,-0.02,0.027,True,False,LOW
403.403,,-1.04,176.44,-35.6,-5.22,-5.74,-34.71,False,False,True,False,False,True,-0.032,0.021,True,False,LOW
403.426,,-2.06,178.46,-35.14,-5.36,-5.4,-34.65,False,False,True,False,False,True,-0.027,0.018,True,False,LOW
403.594,,-2.25,179.55,-34.12,-5.95,-3.64,-33.87,False,False,True,False,False,True,-0.028,0.027,True,False,LOW
403.632,,-2.43,-178.94,-30.72,-6.1,-2.97,-32.96,False,False,True,False,False,True,-0.024,0.026,True,False,LOW
403.804,,-0.66,-179.46,-26.67,-5.47,-1.97,-28.81,False,False,True,False,False,True,-0.022,0.021,True,False,LOW
403.828,,2.63,-179.35,-21.69,-4.91,-1.83,-27.31,False,False,True,False,False,True,-0.007,0.01,True,False,MODERATE
403.998,,5.27,179.64,-16.22,-1.58,-1.95,-19.88,False,False,False,False,False,False,-0.003,0.009,True,False,MODERATE
404.031,,5.03,-179.27,-11.75,-1.09,-1.76,-17.45,False,False,False,False,False,False,-0.0,0.005,True,False,MODERATE
404.204,,5.22,179.32,-9.0,0.07,-2.08,-11.53,False,False,False,False,False,False,-0.011,0.003,True,False,MODERATE
404.227,,2.76,179.3,-7.69,-0.14,-2.12,-10.6,False,False,False,False,False,False,-0.005,0.014,True,False,MODERATE
404.397,,1.23,179.58,-6.45,-1.64,-2.12,-7.51,False,False,False,False,False,False,-0.005,0.007,True,False,MODERATE
404.431,,0.07,-178.8,-5.61,-2.12,-1.82,-6.83,False,False,False,False,False,False,-0.006,-0.001,True,False,MODERATE
404.61,,0.24,-178.65,-5.14,-3.16,-1.01,-5.27,False,False,False,False,False,False,-0.004,0.0,True,False,MODERATE
404.766,,-1.02,-178.69,-4.74,-4.24,-0.69,-4.47,False,False,False,False,False,False,-0.014,0.008,True,False,MODERATE
404.872,,-1.71,-177.86,-4.6,-4.97,-0.22,-4.12,False,False,False,False,False,False,-0.015,0.009,True,False,MODERATE
404.898,,-1.81,-177.75,-4.31,-5.13,-0.1,-4.0,False,False,False,False,False,False,-0.037,0.006,True,False,MODERATE
405.013,,-1.1,-178.82,-4.2,-5.22,-0.28,-3.66,False,False,False,False,False,False,-0.039,0.017,True,False,MODERATE
405.036,,-0.38,-177.11,-4.47,-5.15,-0.08,-3.64,False,False,False,False,False,False,-0.069,0.025,True,False,MODERATE
405.194,,0.98,-177.41,-3.98,-4.2,0.43,-3.32,False,False,False,False,False,False,-0.026,0.012,True,False,MODERATE
405.232,,2.0,-178.86,-3.89,-3.8,0.24,-3.24,False,False,False,False,False,False,-0.007,0.009,True,False,MODERATE
405.403,,1.39,-179.27,-4.04,-3.29,-0.39,-3.16,False,False,False,False,False,False,-0.006,0.008,True,False,MODERATE
405.427,,0.43,-177.69,-4.15,-3.36,-0.25,-3.16,False,False,False,False,False,False,-0.009,0.012,True,False,MODERATE
405.594,,1.0,-177.53,-4.22,-3.3,0.28,-3.21,False,False,False,False,False,False,-0.005,0.01,True,False,MODERATE
405.631,,0.79,-177.52,-4.32,-3.33,0.38,-3.24,False,False,False,False,False,False,-0.005,0.012,True,False,MODERATE
405.802,,0.27,-177.6,-4.29,-3.66,0.55,-3.29,False,False,False,False,False,False,-0.005,0.01,True,False,MODERATE
405.826,,0.12,-177.38,-4.4,-3.72,0.61,-3.31,False,False,False,False,False,False,-0.006,0.009,True,False,MODERATE
405.994,,0.6,-177.85,-4.44,-3.68,0.53,-3.4,False,False,False,False,False,False,-0.003,0.013,True,False,MODERATE
406.031,,1.22,-177.36,-4.7,-3.55,0.61,-3.46,False,False,False,False,False,False,-0.013,0.03,True,False,MODERATE
406.202,,1.15,-178.9,-4.96,-3.31,-0.01,-3.74,False,False,False,False,False,False,-0.013,0.018,True,False,MODERATE
406.225,,2.1,179.28,-5.29,-3.16,-0.34,-3.82,False,False,False,False,False,False,0.003,0.008,True,False,MODERATE
406.397,,1.98,179.72,-5.08,-2.68,-1.22,-3.98,False,False,False,False,False,False,0.006,0.008,True,False,MODERATE
406.433,,1.35,-177.72,-4.96,-2.72,-0.89,-3.98,False,False,False,False,False,False,0.012,0.007,True,False,MODERATE
406.601,,0.25,-178.44,-4.41,-3.38,-0.5,-3.71,False,False,False,False,False,False,-0.001,-0.001,True,False,MODERATE
406.624,,-0.94,-178.34,-3.51,-3.62,-0.43,-3.56,False,False,False,False,False,False,-0.001,0.003,True,False,MODERATE
406.796,,-2.67,-178.33,-2.92,-5.41,-0.22,-2.71,False,False,False,False,False,False,-0.015,-0.002,True,False,MODERATE
406.83,,-3.09,-177.87,-2.43,-5.79,-0.1,-2.47,False,False,False,False,False,False,-0.021,-0.003,True,False,MODERATE
407.01,,-3.63,-177.07,-2.22,-6.95,0.63,-1.81,False,False,False,False,False,False,-0.028,0.002,True,False,LOW
407.034,,-3.64,-177.2,-2.19,-7.09,0.69,-1.73,False,False,False,False,False,False,-0.029,-0.001,True,False,LOW
407.199,,-3.08,-178.04,-2.37,-7.21,0.48,-1.56,False,False,False,False,False,False,-0.041,0.006,True,False,LOW
407.231,,-1.93,-178.06,-3.17,-7.03,0.44,-1.68,False,False,False,False,False,False,-0.019,0.007,True,False,LOW
407.408,,-0.72,-178.23,-3.78,-5.92,0.25,-2.28,False,False,False,False,False,False,-0.009,0.012,True,False,LOW
407.432,,0.3,-178.59,-4.34,-5.64,0.18,-2.43,False,False,False,False,False,False,-0.008,0.011,True,False,LOW
407.6,,1.88,-178.33,-4.74,-3.86,0.08,-3.14,False,False,False,False,False,False,-0.001,0.003,True,False,LOW
407.63,,2.23,-178.88,-5.25,-3.53,-0.03,-3.34,False,False,False,False,False,False,-0.003,0.002,True,False,LOW
407.811,,2.85,-178.04,-5.64,-2.33,0.13,-4.07,False,False,False,False,False,False,-0.008,0.005,True,False,LOW
407.836,,1.18,-177.55,-5.56,-2.43,0.22,-4.15,False,False,False,False,False,False,0.003,0.006,True,False,LOW
408.004,,0.96,-176.62,-4.22,-2.87,0.99,-3.69,False,False,False,False,False,False,0.01,-0.006,True,False,LOW
408.033,,-0.61,-177.11,-2.96,-3.19,1.02,-3.42,False,False,False,False,False,False,0.005,-0.002,True,False,LOW
408.211,,-2.84,-175.72,-2.73,-5.35,1.87,-2.52,False,False,False,False,False,False,0.007,-0.003,True,False,LOW
408.235,,-3.95,-176.03,-2.2,-5.78,1.93,-2.34,False,False,False,False,False,False,0.004,-0.001,True,False,LOW
408.403,,-5.09,-175.47,-1.42,-7.75,2.41,-1.34,False,False,False,False,False,False,0.01,-0.0,True,False,LOW
408.427,,-5.78,-175.61,-0.79,-8.1,2.45,-1.12,False,False,False,False,False,False,0.011,-0.003,True,False,LOW
408.608,,-4.4,-175.77,-0.61,-8.4,2.5,-0.3,False,False,False,False,False,False,0.013,-0.009,True,False,LOW
408.63,,-3.53,-177.04,-1.15,-8.32,2.34,-0.29,False,False,False,False,False,False,-0.009,0.013,True,False,LOW
408.804,,-1.77,-178.17,-1.44,-7.11,1.16,-0.39,False,False,False,False,False,False,-0.015,0.005,True,False,LOW
408.83,,-0.68,-178.0,-1.85,-6.78,1.03,-0.46,False,False,False,False,False,False,-0.009,0.013,True,False,LOW
409.011,,-0.32,-177.75,-2.55,-5.55,0.78,-1.07,False,False,False,False,False,False,-0.018,0.02,True,False,LOW
409.034,,-0.26,-178.71,-2.98,-5.41,0.62,-1.19,False,False,False,False,False,False,-0.016,0.009,True,False,LOW
409.205,,1.18,-179.08,-3.76,-4.13,-0.13,-2.05,False,False,False,False,False,False,-0.008,0.006,True,False,LOW
409.229,,1.01,-178.73,-4.62,-4.0,-0.17,-2.28,False,False,False,False,False,False,-0.003,0.002,True,False,LOW
409.411,,1.91,-177.7,-4.65,-3.07,0.25,-3.06,False,False,False,False,False,False,-0.002,0.007,True,False,LOW
409.434,,1.44,-177.44,-4.66,-3.04,0.33,-3.14,False,False,False,False,False,False,-0.002,0.007,True,False,LOW
409.603,,1.0,-177.51,-4.7,-3.14,0.57,-3.46,False,False,False,False,False,False,-0.005,0.007,True,False,LOW
409.624,,0.78,-177.75,-4.76,-3.18,0.57,-3.5,False,False,False,False,False,False,-0.004,0.005,True,False,LOW
409.825,,0.11,-177.61,-4.63,-3.71,0.64,-3.6,False,False,False,False,False,False,-0.006,0.005,True,False,LOW
409.849,,0.12,-177.24,-4.33,-3.77,0.7,-3.57,False,False,False,False,False,False,0.03,0.001,True,False,LOW
410.009,,0.18,-176.68,-4.21,-3.92,1.17,-3.41,False,False,False,False,False,False,0.026,0.0,True,False,LOW
410.032,,0.38,-177.04,-4.11,-3.91,1.19,-3.38,False,False,False,False,False,False,0.029,0.004,True,False,LOW
410.217,,0.56,-177.7,-4.11,-3.79,0.88,-3.25,False,False,False,False,False,False,0.03,0.001,True,False,LOW
410.384,,0.6,-176.95,-4.12,-3.71,1.12,-3.21,False,False,False,False,False,False,-0.005,0.007,True,False,LOW
410.493,,0.56,-176.86,-4.15,-3.7,1.26,-3.2,False,False,False,False,False,False,-0.001,0.003,True,False,LOW
410.517,,0.62,-177.2,-4.18,-3.69,1.24,-3.2,False,False,False,False,False,False,-0.003,0.006,True,False,LOW
410.629,,0.84,-177.08,-4.16,-3.57,1.24,-3.2,False,False,False,False,False,False,-0.0,0.009,True,False,LOW
410.652,,0.43,-176.29,-3.93,-3.6,1.33,-3.17,False,False,False,False,False,False,0.001,0.004,True,False,LOW
410.79,,0.38,-176.35,-3.74,-3.72,1.63,-2.99,False,False,False,False,False,False,0.0,0.004,True,False,LOW
410.815,,0.07,-176.42,-3.59,-3.78,1.67,-2.94,False,False,False,False,False,False,-0.0,0.006,True,False,LOW
410.999,,0.74,-176.49,-3.56,-3.63,1.75,-2.76,False,False,False,False,False,False,-0.001,0.007,True,False,LOW
411.023,,0.94,-176.56,-3.5,-3.59,1.75,-2.73,False,False,False,False,False,False,-0.001,0.008,True,False,LOW
411.191,,0.96,-176.88,-3.67,-3.43,1.59,-2.72,False,False,False,False,False,False,-0.003,0.007,True,False,LOW
411.215,,0.96,-177.16,-3.74,-3.41,1.53,-2.73,False,False,False,False,False,False,-0.002,0.005,True,False,LOW
411.398,,1.28,-176.92,-3.78,-3.17,1.45,-2.78,False,False,False,False,False,False,-0.001,0.005,True,False,LOW
411.423,,1.12,-177.15,-3.67,-3.16,1.41,-2.77,False,False,False,False,False,False,0.01,0.005,True,False,LOW
411.588,,0.45,-175.65,-3.52,-3.48,2.05,-2.66,False,False,False,False,False,False,0.005,0.006,True,False,LOW
411.615,,0.57,-176.64,-3.21,-3.51,2.0,-2.6,False,False,False,False,False,False,0.039,0.003,True,False,LOW
411.797,,0.62,-176.93,-3.15,-3.57,1.67,-2.38,False,False,False,False,False,False,0.045,0.0,True,False,LOW
411.824,,-1.38,-176.23,-2.75,-3.89,1.73,-2.29,False,False,False,False,False,False,0.038,-0.007,True,False,LOW
411.993,,-0.53,-176.87,-1.88,-4.35,1.58,-1.57,False,False,False,False,False,False,0.045,0.0,True,False,LOW
412.016,,-0.56,-176.24,-0.7,-4.41,1.64,-1.32,False,False,False,False,False,False,0.043,-0.004,True,False,LOW
412.198,,-2.4,-175.2,0.98,-5.64,2.44,0.51,False,False,False,False,False,False,0.048,0.003,True,False,LOW
412.225,,-3.12,-174.38,3.64,-5.91,2.66,1.21,False,False,False,False,False,False,0.045,-0.004,True,False,LOW
412.393,,-3.3,-173.42,6.87,-6.79,3.86,5.01,False,False,False,False,False,False,0.046,-0.006,True,False,LOW
412.416,,-1.2,-174.76,11.16,-6.61,3.82,6.28,False,False,False,False,False,False,0.045,0.019,True,False,LOW
412.613,,1.2,-175.69,15.87,-4.59,3.15,13.03,False,False,False,False,False,False,0.064,0.012,True,False,LOW
412.638,,0.41,-174.41,20.54,-4.48,3.26,14.81,False,False,False,False,False,False,0.072,0.008,True,False,LOW
412.807,,-2.41,-175.4,25.78,-5.6,3.08,22.31,False,False,True,False,False,True,0.047,0.005,True,False,LOW
412.83,,-2.56,-175.54,30.79,-5.76,3.04,24.32,False,False,True,False,False,True,0.046,0.007,True,False,LOW
413.004,,-4.88,-176.48,32.46,-7.59,2.4,30.13,False,False,True,False,False,True,0.056,-0.004,True,False,LOW
413.028,,-4.71,-174.56,32.34,-7.79,2.58,30.76,False,False,True,False,False,True,0.07,0.002,True,False,LOW
413.199,,-6.05,-173.51,31.65,-9.15,3.76,31.85,False,False,True,False,False,True,0.066,0.013,True,False,LOW
413.222,,-4.8,-173.3,32.0,-9.14,3.94,32.04,False,False,True,False,False,True,0.07,0.004,True,False,LOW
413.408,,-4.6,-174.58,31.79,-8.97,3.82,32.45,False,False,True,False,False,True,0.065,-0.004,True,False,LOW
413.431,,-5.11,-175.31,31.95,-9.02,3.72,32.52,False,False,True,False,False,True,0.064,0.004,True,False,LOW
413.599,,-5.1,-176.17,31.9,-9.19,2.9,32.7,False,False,True,False,False,True,0.063,-0.001,True,False,LOW
413.622,,-5.76,-175.18,31.58,-9.3,2.93,32.68,False,False,True,False,False,True,0.063,0.002,True,False,LOW
413.811,,-6.17,-174.49,31.32,-9.91,3.41,32.46,False,False,True,False,False,True,0.069,0.007,True,False,LOW
413.835,,-5.42,-173.78,31.28,-9.88,3.57,32.43,False,False,True,False,False,True,0.062,0.005,True,False,LOW
413.999,,-4.97,-174.29,31.32,-9.54,3.8,32.35,False,False,True,False,False,True,0.061,-0.009,True,False,LOW
414.023,,-5.18,-175.13,30.89,-9.52,3.72,32.29,False,False,True,False,False,True,0.053,-0.005,True,False,LOW
414.208,,-5.04,-174.85,30.53,-9.39,3.58,31.85,False,False,True,False,False,True,0.058,-0.007,True,False,LOW
414.232,,-5.21,-173.97,30.34,-9.4,3.68,31.78,False,False,True,False,False,True,0.065,-0.011,True,False,LOW
414.403,,-5.55,-175.25,30.39,-9.6,3.36,31.55,False,False,True,False,False,True,0.064,-0.005,True,False,LOW
414.427,,-5.56,-175.02,30.37,-9.63,3.35,31.52,False,False,True,False,False,True,0.062,-0.003,True,False,LOW
414.61,,-5.6,-175.43,30.37,-9.74,3.1,31.42,False,False,True,False,False,True,0.062,-0.001,True,False,LOW
414.633,,-5.29,-174.64,30.26,-9.72,3.17,31.39,False,False,True,False,False,True,0.061,-0.003,True,False,LOW
414.811,,-5.31,-174.74,30.43,-9.63,3.38,31.39,False,False,True,False,False,True,0.062,-0.004,True,False,LOW
414.836,,-5.22,-174.31,30.56,-9.61,3.47,31.41,False,False,True,False,False,True,0.061,-0.003,True,False,LOW
415.019,,-5.23,-174.82,30.47,-9.53,3.48,31.42,False,False,True,False,False,True,0.059,-0.003,True,False,LOW
415.044,,-5.39,-174.48,30.33,-9.55,3.53,31.4,False,False,True,False,False,True,0.059,-0.003,True,False,LOW
415.201,,-5.5,-174.47,30.28,-9.64,3.68,31.32,False,False,True,False,False,True,0.061,-0.0,True,False,LOW
415.225,,-5.16,-174.66,30.36,-9.61,3.68,31.32,False,False,True,False,False,True,0.062,-0.002,True,False,LOW
415.41,,-6.37,-175.13,30.31,-10.15,3.41,31.29,False,False,True,False,False,True,0.058,-0.002,True,False,LOW
415.435,,-6.32,-175.55,30.61,-10.21,3.32,31.33,False,False,True,False,False,True,0.057,-0.001,True,False,LOW
415.605,,-6.07,-175.47,30.85,-10.26,3.07,31.58,False,False,True,False,False,True,0.061,0.005,True,False,LOW
415.629,,-5.67,-175.67,30.9,-10.22,3.01,31.62,False,False,True,False,False,True,0.06,0.006,True,False,LOW
415.811,,-4.09,-176.79,30.1,-9.19,2.2,31.32,False,False,True,False,False,True,0.049,0.001,True,False,MODERATE
415.836,,-2.42,-175.55,29.52,-8.81,2.28,31.2,False,False,True,False,False,True,0.052,0.004,True,False,MODERATE
416.004,,-1.85,-175.89,28.83,-7.34,2.35,30.46,False,False,True,False,False,True,0.062,0.001,True,False,MODERATE
416.028,,-3.27,-176.11,28.43,-7.36,2.33,30.31,False,False,True,False,False,True,0.051,0.0,True,False,MODERATE
416.21,,-1.45,-177.75,27.89,-6.44,1.37,29.51,False,False,True,False,False,True,0.046,-0.005,True,False,MODERATE
416.234,,-1.6,-177.48,26.83,-6.35,1.29,29.26,False,False,True,False,False,True,0.051,-0.0,True,False,MODERATE
416.401,,-3.28,-179.11,24.66,-6.95,0.19,27.28,False,False,True,False,False,True,0.051,-0.002,True,False,MODERATE
416.424,,-4.58,177.69,20.22,-7.21,-0.46,26.28,False,False,True,False,False,True,0.034,0.006,True,False,MODERATE
416.611,,-3.63,176.8,16.19,-7.57,-3.05,20.68,False,False,False,False,False,False,0.036,0.006,True,False,MODERATE
416.691,,-3.1,177.07,12.09,-7.49,-3.63,17.46,False,False,False,False,False,False,0.034,0.004,True,False,MODERATE
416.8,,-2.6,175.8,7.74,-7.23,-4.63,13.02,False,False,False,False,False,False,0.021,0.012,True,False,MODERATE
416.823,,-2.9,173.87,3.33,-7.22,-5.12,11.24,False,False,False,False,False,False,0.003,0.025,True,False,MODERATE
417.014,,-0.19,173.07,0.22,-5.66,-7.18,4.7,False,False,False,False,True,True,0.0,0.042,True,False,MODERATE
417.039,,1.59,174.27,-1.65,-5.19,-7.22,3.57,False,False,False,False,False,False,0.009,0.022,True,False,MODERATE
417.205,,2.8,174.83,-3.18,-3.14,-7.03,0.08,False,False,False,False,False,False,0.003,0.018,True,False,MODERATE
417.23,,2.76,174.06,-3.8,-2.87,-7.12,-0.48,False,False,False,False,False,False,0.002,0.006,True,False,MODERATE
417.41,,2.32,176.19,-3.87,-2.34,-6.26,-1.92,False,False,False,False,False,False,0.001,0.011,True,False,MODERATE
417.433,,2.25,177.77,-3.84,-2.29,-5.94,-2.07,False,False,False,False,False,False,-0.003,0.013,True,False,MODERATE
417.608,,1.81,177.82,-3.85,-2.37,-4.81,-2.53,False,False,False,False,False,False,0.003,0.015,True,False,MODERATE
417.63,,1.1,178.47,-4.03,-2.46,-4.6,-2.6,False,False,False,False,False,False,0.003,0.019,True,False,MODERATE
417.832,,1.16,179.09,-3.81,-2.81,-3.44,-2.75,False,False,False,False,False,False,0.003,0.014,True,False,MODERATE
417.855,,1.06,179.66,-3.74,-2.86,-3.24,-2.75,False,False,False,False,False,False,0.003,0.016,True,False,MODERATE
418.01,,0.31,179.05,-3.71,-3.39,-2.93,-2.75,False,False,False,False,False,False,0.002,0.013,True,False,MODERATE
418.035,,-0.18,178.74,-3.71,-3.54,-2.93,-2.75,False,False,False,False,False,False,0.002,0.013,True,False,MODERATE
418.214,,-0.52,179.54,-3.57,-4.2,-2.51,-2.68,False,False,False,False,False,False,0.008,0.01,True,False,MODERATE
418.237,,-0.19,-178.98,-3.52,-4.23,-2.25,-2.66,False,False,False,False,False,False,0.009,0.01,True,False,MODERATE
418.406,,0.64,-179.59,-3.43,-3.9,-1.73,-2.56,False,False,False,False,False,False,0.006,0.013,True,False,MODERATE
418.429,,-0.1,-179.76,-3.42,-3.96,-1.7,-2.55,False,False,False,False,False,False,-0.003,0.015,True,False,MODERATE
418.614,,-0.15,-179.4,-3.5,-4.19,-1.36,-2.54,False,False,False,False,False,False,-0.001,0.015,True,False,MODERATE
418.637,,0.38,-179.88,-3.54,-4.15,-1.39,-2.55,False,False,False,False,True,True,-0.008,0.043,True,False,MODERATE
418.795,,-0.07,-179.45,-3.77,-4.23,-1.26,-2.68,False,False,False,False,False,False,-0.008,0.016,True,False,MODERATE
418.819,,0.22,-179.88,-3.54,-4.2,-1.3,-2.67,False,False,False,False,False,False,-0.007,0.015,True,False,MODERATE
419.004,,-0.03,-179.5,-3.62,-4.24,-1.24,-2.66,False,False,False,False,False,False,-0.002,0.009,True,False,MODERATE
419.026,,0.24,179.76,-3.68,-4.21,-1.33,-2.67,False,False,False,False,False,False,-0.004,0.009,True,False,MODERATE
419.194,,0.82,179.44,-3.57,-3.8,-1.81,-2.64,False,False,False,False,False,False,-0.005,0.008,True,False,MODERATE
419.218,,0.37,179.83,-3.53,-3.81,-1.81,-2.63,False,False,False,False,False,False,-0.005,0.007,True,False,MODERATE
419.403,,0.39,-179.77,-3.54,-3.83,-1.62,-2.6,False,False,False,False,False,False,-0.006,0.009,True,False,MODERATE
419.427,,0.21,179.84,-3.52,-3.86,-1.65,-2.6,False,False,False,False,False,False,-0.007,0.007,True,False,MODERATE
419.595,,0.1,-179.45,-3.68,-4.0,-1.39,-2.66,False,False,False,False,False,False,-0.008,0.005,True,False,MODERATE
419.618,,0.42,-179.64,-3.72,-3.98,-1.38,-2.67,False,False,False,False,False,False,-0.006,0.008,True,False,LOW
419.788,,0.72,-179.84,-3.74,-3.74,-1.46,-2.73,False,False,False,False,False,False,-0.007,0.011,True,False,LOW
419.825,,0.52,-179.49,-3.7,-3.74,-1.41,-2.73,False,False,False,False,False,False,-0.015,0.008,True,False,LOW
419.998,,0.05,-179.3,-3.91,-3.97,-1.19,-2.85,False,False,False,False,False,False,-0.011,0.005,True,False,LOW
420.021,,-0.23,-179.66,-3.98,-4.04,-1.21,-2.87,False,False,False,False,False,False,-0.005,0.008,True,False,LOW
420.189,,0.21,-179.45,-4.26,-4.03,-1.17,-3.09,False,False,False,False,False,False,-0.006,0.01,True,False,LOW
420.224,,-0.33,179.95,-4.61,-4.13,-1.28,-3.19,False,False,False,False,False,False,-0.004,0.009,True,False,LOW
420.399,,-0.33,179.94,-4.45,-4.36,-1.53,-3.35,False,False,False,False,False,False,-0.0,0.005,True,False,LOW
420.421,,-0.49,-178.44,-4.49,-4.41,-1.34,-3.37,False,False,False,False,False,False,0.004,0.003,True,False,LOW
420.593,,-0.97,-178.91,-4.27,-4.83,-0.95,-3.34,False,False,False,False,False,False,-0.001,0.012,True,False,LOW
420.625,,-1.34,-177.83,-4.41,-4.96,-0.7,-3.36,False,False,False,False,False,False,-0.005,0.011,True,False,LOW
420.801,,-1.56,-178.16,-4.08,-5.41,-0.24,-3.23,False,False,False,False,False,False,0.052,0.011,True,False,LOW
420.824,,-1.29,-179.22,-4.12,-5.43,-0.32,-3.22,False,False,False,False,False,False,0.056,0.011,True,False,LOW
420.994,,-1.0,-179.04,-3.88,-5.33,-0.53,-3.07,False,False,False,False,False,False,0.054,0.015,True,False,LOW
421.023,,-0.02,-178.53,-4.01,-5.16,-0.49,-3.06,False,False,False,False,False,False,-0.015,0.014,True,False,LOW
421.2,,0.6,-179.23,-4.05,-4.35,-0.71,-3.08,False,False,False,False,False,False,-0.005,0.019,True,False,LOW
421.222,,0.07,-179.34,-3.92,-4.32,-0.75,-3.06,False,False,False,False,False,False,0.053,0.03,True,False,LOW
421.397,,0.04,-179.96,-3.93,-4.26,-1.23,-3.01,False,False,False,False,False,False,0.048,0.03,True,False,LOW
421.422,,-0.13,-179.96,-3.7,-4.27,-1.29,-2.98,False,False,False,False,False,False,0.054,0.027,True,False,LOW
421.602,,-0.19,-178.75,-3.95,-4.36,-0.84,-2.98,False,False,False,False,False,False,0.006,0.019,True,False,LOW
421.626,,-0.2,-178.81,-3.8,-4.37,-0.79,-2.96,False,False,False,False,False,False,-0.001,0.014,True,False,LOW
421.804,,0.42,-178.38,-3.77,-4.08,-0.41,-2.88,False,False,False,False,True,True,0.006,0.043,True,False,LOW
421.828,,-0.15,-178.41,-4.08,-4.12,-0.37,-2.91,False,False,False,False,False,False,-0.01,0.022,True,False,LOW
422.014,,-0.47,-179.4,-4.08,-4.44,-0.76,-3.03,False,False,False,False,False,False,-0.014,0.015,True,False,LOW
422.038,,0.68,-179.1,-4.25,-4.32,-0.76,-3.06,False,False,False,False,False,False,-0.013,0.012,True,False,LOW
422.196,,0.32,-179.37,-4.17,-4.12,-0.91,-3.14,False,False,False,False,False,False,-0.013,0.019,True,False,LOW
422.223,,0.5,-178.92,-4.22,-4.06,-0.86,-3.15,False,False,False,False,False,False,-0.008,0.016,True,False,LOW
422.405,,0.33,-178.66,-4.3,-3.98,-0.59,-3.25,False,False,False,False,False,False,-0.01,0.013,True,False,LOW
422.427,,0.01,-178.43,-4.3,-4.01,-0.53,-3.26,False,False,False,False,False,False,-0.01,0.014,True,False,LOW
422.597,,-0.52,-178.55,-4.33,-4.4,-0.38,-3.32,False,False,False,False,False,False,-0.008,0.015,True,False,LOW
422.623,,-0.23,-178.27,-4.37,-4.41,-0.32,-3.33,False,False,False,False,False,False,-0.007,0.015,True,False,LOW
422.806,,0.38,-178.83,-4.23,-4.12,-0.43,-3.3,False,False,False,False,False,False,0.041,0.025,True,False,LOW
422.829,,0.4,-179.22,-4.08,-4.08,-0.49,-3.28,False,False,False,False,False,False,0.043,0.024,True,False,LOW
422.996,,0.65,-179.77,-4.18,-3.83,-0.99,-3.25,False,False,False,False,False,False,0.047,0.025,True,False,LOW
423.023,,0.74,-179.51,-4.26,-3.78,-1.02,-3.26,False,False,False,False,False,False,0.045,0.029,True,False,LOW
423.205,,0.78,-179.83,-4.25,-3.61,-1.29,-3.27,False,False,False,False,False,False,0.043,0.028,True,False,LOW
423.229,,0.93,-179.6,-4.24,-3.57,-1.29,-3.27,False,False,False,False,False,False,0.042,0.028,True,False,LOW
423.399,,1.02,-179.16,-4.31,-3.39,-1.06,-3.31,False,False,False,False,False,False,0.016,0.023,True,False,LOW
423.424,,0.84,-179.02,-4.25,-3.39,-1.01,-3.31,False,False,False,False,False,False,-0.002,0.017,True,False,LOW
423.605,,0.12,-178.54,-4.28,-3.78,-0.59,-3.32,False,False,False,False,False,False,-0.011,0.016,True,False,LOW
423.627,,-0.01,-178.79,-4.29,-3.84,-0.58,-3.32,False,False,False,False,False,False,-0.009,0.017,True,False,LOW
423.799,,0.28,-179.02,-4.13,-3.9,-0.65,-3.24,False,False,False,False,False,False,-0.012,0.014,True,False,LOW
423.824,,-0.2,-178.89,-4.31,-3.98,-0.64,-3.26,False,False,False,False,False,False,-0.008,0.017,True,False,LOW
424.005,,0.81,-179.71,-4.55,-3.69,-1.05,-3.43,False,False,False,False,True,True,-0.023,0.039,True,False,LOW
424.029,,0.79,-179.02,-4.69,-3.65,-1.0,-3.47,False,False,False,False,False,False,-0.021,0.031,True,False,LOW
424.211,,0.76,-179.88,-4.81,-3.56,-1.31,-3.68,False,False,False,False,False,False,-0.014,0.025,True,False,LOW
424.235,,0.24,-179.53,-4.9,-3.62,-1.29,-3.71,False,False,False,False,False,False,-0.013,0.021,True,False,LOW
424.403,,0.5,-179.94,-4.64,-3.68,-1.47,-3.7,False,False,False,False,False,False,-0.011,0.018,True,False,LOW
424.425,,0.9,-179.62,-4.68,-3.64,-1.45,-3.7,False,False,False,False,False,False,-0.007,0.026,True,False,LOW
424.596,,1.14,-179.6,-4.76,-3.36,-1.37,-3.75,False,False,False,False,False,False,-0.005,0.024,True,False,LOW
424.624,,1.4,-179.87,-4.89,-3.28,-1.4,-3.78,False,False,False,False,False,False,0.001,0.024,True,False,LOW
424.802,,2.4,179.17,-5.2,-2.5,-2.0,-4.02,False,False,False,False,False,False,0.007,0.02,True,False,LOW
424.824,,-0.05,177.92,-5.73,-2.73,-2.23,-4.12,False,False,False,False,False,False,-0.009,0.013,True,False,LOW
424.996,,-0.38,177.24,-7.91,-3.73,-3.43,-5.64,False,False,False,False,False,False,-0.008,0.018,True,False,LOW
425.024,,-1.03,175.09,-11.11,-3.99,-3.98,-6.45,False,False,False,False,False,False,-0.023,0.019,True,False,LOW
425.203,,0.45,175.55,-15.1,-3.88,-5.19,-10.97,False,False,False,False,False,False,-0.017,0.025,True,False,LOW
425.225,,1.1,174.11,-21.31,-3.79,-5.54,-12.67,False,False,False,False,False,False,-0.028,0.03,True,False,LOW
425.396,,2.25,173.43,-27.84,-2.84,-7.05,-21.64,False,False,False,False,False,False,-0.032,0.033,True,False,LOW
425.425,,1.7,175.27,-33.47,-2.8,-6.94,-24.44,False,False,True,False,True,True,-0.029,0.037,True,False,LOW
425.603,,2.49,175.31,-37.02,-2.23,-6.64,-32.0,False,False,True,False,True,True,-0.028,0.043,True,False,LOW
425.626,,3.29,173.06,-38.5,-2.06,-6.92,-33.14,False,False,True,False,True,True,-0.038,0.039,True,False,LOW
425.809,,3.91,176.04,-38.21,-1.1,-6.23,-35.71,False,False,True,False,False,True,-0.04,0.033,True,False,LOW
425.832,,4.9,175.31,-38.08,-0.86,-6.25,-35.96,False,False,True,False,False,True,-0.041,0.025,True,False,LOW
426.01,,5.12,174.48,-38.11,0.1,-6.76,-36.65,False,False,True,False,False,True,-0.02,0.025,True,False,LOW
426.033,,4.87,175.9,-37.58,0.17,-6.64,-36.65,False,False,True,False,False,True,-0.018,0.023,True,False,LOW
426.199,,3.86,174.91,-37.33,-0.11,-6.71,-36.5,False,False,True,False,False,True,-0.02,0.027,True,False,LOW
426.224,,3.23,174.89,-36.82,-0.24,-6.72,-36.41,False,False,True,False,False,True,-0.017,0.025,True,False,LOW
426.406,,1.51,176.01,-36.61,-1.59,-6.16,-36.0,False,False,True,False,False,True,-0.019,0.021,True,False,LOW
426.428,,2.41,176.25,-36.68,-1.63,-6.07,-35.97,False,False,True,False,False,True,-0.011,0.013,True,False,LOW
426.725,,2.19,175.53,-37.05,-1.9,-6.13,-36.05,False,False,True,False,False,True,-0.01,0.01,True,False,LOW
426.746,,3.57,176.5,-37.06,-1.76,-6.01,-36.05,False,False,True,False,False,True,-0.011,0.006,True,False,LOW
426.846,,3.46,176.74,-37.3,-1.37,-5.59,-36.16,False,False,True,False,False,True,-0.01,0.011,True,False,LOW
426.87,,2.94,176.14,-37.56,-1.36,-5.58,-36.22,False,False,True,False,False,True,-0.006,0.01,True,False,LOW
426.988,,3.07,176.41,-37.56,-1.28,-5.45,-36.39,False,False,True,False,False,True,-0.004,0.005,True,False,LOW
427.023,,2.85,176.58,-37.38,-1.3,-5.39,-36.39,False,False,True,False,False,True,-0.005,0.006,True,False,LOW
427.194,,3.01,177.08,-37.22,-1.26,-4.98,-36.32,False,False,True,False,False,True,-0.003,0.011,True,False,LOW
427.218,,2.33,177.7,-37.04,-1.35,-4.84,-36.29,False,False,True,False,False,True,0.001,0.013,True,False,LOW
427.39,,1.72,178.65,-37.14,-1.97,-3.87,-36.23,False,False,True,False,False,True,0.004,0.013,True,False,LOW
427.423,,0.59,-179.64,-36.84,-2.28,-3.38,-36.17,False,False,True,False,False,True,-0.017,0.024,True,False,LOW
427.595,,0.87,-179.97,-36.8,-2.86,-2.45,-36.0,False,False,True,False,False,True,-0.015,0.026,True,False,LOW
427.619,,0.94,-179.55,-36.49,-2.92,-2.26,-35.93,False,False,True,False,False,True,-0.017,0.031,True,False,LOW
427.786,,0.92,-179.63,-36.38,-3.13,-1.76,-35.67,False,False,True,False,False,True,-0.014,0.029,True,False,LOW
427.824,,0.79,179.81,-36.61,-3.19,-1.78,-35.66,False,False,True,False,False,True,-0.02,0.025,True,False,LOW
427.996,,1.55,179.02,-36.75,-2.93,-2.25,-35.73,False,False,True,False,False,True,-0.022,0.025,True,False,LOW
428.021,,2.15,177.36,-36.54,-2.82,-2.54,-35.71,False,False,True,False,False,True,-0.013,0.018,True,False,LOW
428.188,,2.35,177.1,-36.68,-2.33,-3.63,-35.72,False,False,True,False,False,True,-0.011,0.015,True,False,LOW
428.223,,2.05,177.47,-36.85,-2.31,-3.74,-35.75,False,False,True,False,False,True,-0.013,0.013,True,False,LOW
428.399,,1.17,177.47,-37.05,-2.71,-4.0,-35.93,False,False,True,False,False,True,-0.02,0.024,True,False,LOW
428.422,,-0.39,178.58,-36.27,-2.97,-3.89,-35.85,False,False,True,False,False,True,-0.017,0.013,True,False,LOW
428.593,,-2.3,177.58,-34.01,-4.91,-4.0,-34.35,False,False,True,False,False,True,-0.03,0.029,True,False,MODERATE
428.624,,-1.35,178.64,-27.28,-5.03,-3.84,-32.68,False,False,True,False,False,True,-0.015,0.026,True,False,MODERATE
428.8,,0.51,179.03,-19.36,-4.34,-3.21,-23.85,False,False,True,False,False,True,-0.008,0.009,True,False,MODERATE
428.823,,-0.21,-179.38,-13.72,-4.35,-2.91,-21.53,False,False,False,False,False,False,-0.004,0.006,True,False,MODERATE
428.992,,0.39,-179.75,-9.88,-4.09,-2.12,-13.46,False,False,False,False,False,False,-0.015,0.012,True,False,MODERATE
429.024,,1.15,178.68,-6.91,-3.92,-2.28,-11.44,False,False,False,False,False,False,-0.011,0.016,True,False,MODERATE
429.2,,0.58,-179.6,-4.64,-3.78,-1.75,-6.53,False,False,False,False,False,False,-0.013,-0.003,True,False,MODERATE
429.224,,-1.69,-179.02,-1.98,-4.08,-1.6,-5.41,False,False,False,False,False,False,-0.003,0.004,True,False,MODERATE
429.398,,-2.75,-179.26,-0.35,-5.66,-1.25,-1.71,False,False,False,False,False,False,-0.0,-0.004,True,False,MODERATE
429.476,,-2.93,-179.0,-0.0,-6.19,-1.06,-0.63,False,False,False,False,False,False,-0.011,0.016,True,False,MODERATE
429.602,,-2.33,-178.02,-0.25,-6.37,-0.45,0.04,False,False,False,False,False,False,-0.004,0.016,True,False,MODERATE
429.625,,-2.61,-178.33,-0.88,-6.43,-0.39,0.04,False,False,False,False,False,False,-0.013,0.016,True,False,MODERATE
429.795,,-2.15,-178.16,-1.0,-6.41,-0.1,-0.0,False,False,False,False,False,False,-0.013,0.021,True,False,MODERATE
429.82,,-0.96,-178.37,-1.13,-6.25,-0.1,-0.03,False,False,False,False,False,False,-0.016,0.029,True,False,MODERATE
430.002,,-0.7,-178.43,-1.55,-5.54,-0.11,-0.33,False,False,False,False,False,False,-0.006,0.01,True,False,MODERATE
430.025,,0.13,-177.67,-1.89,-5.34,-0.01,-0.41,False,False,False,False,False,False,-0.01,0.01,True,False,MODERATE
430.3,,0.29,-179.14,-1.78,-4.44,-0.53,-0.67,False,False,False,False,False,False,-0.0,0.01,True,False,MODERATE
430.324,,0.02,-177.23,-2.01,-4.41,-0.31,-0.72,False,False,False,False,False,False,-0.002,0.017,True,False,MODERATE
430.441,,2.12,-178.87,-2.12,-3.39,-0.42,-0.91,False,False,False,False,False,False,-0.0,0.013,True,False,MODERATE
430.464,,2.21,-179.36,-2.22,-3.2,-0.5,-0.95,False,False,False,False,False,False,0.005,0.015,True,False,MODERATE
430.678,,1.63,178.82,-2.91,-2.85,-1.88,-1.53,False,False,False,False,False,False,0.005,0.019,True,False,MODERATE
430.701,,2.57,178.51,-2.7,-2.69,-2.06,-1.56,False,False,False,False,False,False,-0.006,0.019,True,False,MODERATE
430.796,,2.62,179.46,-2.45,-2.27,-2.12,-1.53,False,False,False,False,False,False,-0.001,0.019,True,False,MODERATE
430.818,,2.57,178.53,-2.22,-2.19,-2.27,-1.5,False,False,False,False,False,False,-0.011,0.022,True,False,MODERATE
431.079,,3.13,178.56,-2.27,-1.5,-2.81,-1.38,False,False,False,False,False,False,-0.019,0.019,True,False,MODERATE
431.104,,3.52,178.46,-1.97,-1.39,-2.87,-1.33,False,False,False,False,False,False,-0.017,0.02,True,False,MODERATE
431.198,,4.49,177.8,-2.45,-0.75,-3.26,-1.39,False,False,False,False,False,False,0.038,0.026,True,False,MODERATE
431.224,,4.61,177.82,-2.57,-0.57,-3.36,-1.42,False,False,False,False,False,False,0.049,0.034,True,False,MODERATE
431.48,,2.73,178.24,-2.67,-1.16,-3.41,-1.6,False,False,False,False,False,False,0.055,0.03,True,False,MODERATE
431.503,,2.98,177.84,-2.69,-1.17,-3.47,-1.62,False,False,False,False,False,False,0.059,0.03,True,False,MODERATE
431.598,,3.46,179.47,-2.56,-1.02,-3.0,-1.61,False,False,False,False,False,False,0.061,0.026,True,False,MODERATE
431.622,,4.24,178.85,-2.2,-0.89,-2.98,-1.56,False,False,False,False,False,False,0.055,0.027,True,False,MODERATE
431.877,,5.15,178.05,-2.23,0.24,-3.39,-1.38,False,False,False,False,False,False,0.047,0.026,True,False,LOW
431.899,,5.16,178.05,-2.2,0.33,-3.42,-1.36,False,False,False,False,False,False,0.049,0.027,True,False,LOW
431.995,,5.0,178.41,-2.28,0.5,-3.37,-1.35,False,False,False,False,False,False,0.043,0.025,True,False,LOW
432.018,,4.94,179.32,-2.56,0.52,-3.24,-1.38,False,False,False,False,False,False,0.003,0.005,True,False,LOW
432.278,,5.38,178.41,-2.78,0.91,-3.26,-1.65,False,False,False,False,False,False,-0.01,0.021,True,False,LOW
432.303,,5.26,179.08,-2.88,0.93,-3.17,-1.69,False,False,False,False,False,False,-0.006,0.021,True,False,LOW
432.399,,4.52,178.77,-2.9,0.68,-3.08,-1.79,False,False,False,False,False,False,-0.004,0.013,True,False,LOW
432.422,,4.34,-179.63,-2.91,0.61,-2.84,-1.81,False,False,False,False,False,False,0.004,0.009,True,False,LOW
432.678,,5.26,179.38,-2.89,0.86,-2.51,-1.88,False,False,False,False,False,False,0.002,0.009,True,False,LOW
432.701,,5.23,179.6,-2.88,0.88,-2.45,-1.89,False,False,False,False,False,False,0.001,0.009,True,False,LOW
432.794,,5.46,179.67,-2.85,1.01,-2.29,-1.89,False,False,False,False,False,False,0.0,0.006,True,False,LOW
432.817,,4.65,178.82,-2.95,0.93,-2.36,-1.9,False,False,False,False,False,False,-0.003,0.008,True,False,LOW
433.076,,5.18,-179.39,-2.86,0.94,-1.56,-1.9,False,False,False,False,True,True,-0.01,0.036,True,False,LOW
433.101,,5.25,-179.77,-2.97,0.95,-1.55,-1.92,False,False,False,False,False,False,-0.009,0.033,True,False,LOW
433.197,,6.25,179.78,-3.21,1.35,-1.68,-2.04,False,False,False,False,True,True,-0.01,0.039,True,False,LOW
433.22,,5.71,-179.15,-3.21,1.37,-1.57,-2.07,False,False,False,False,False,False,0.003,0.02,True,False,LOW
433.484,,4.99,-179.66,-3.03,0.98,-1.43,-2.07,False,False,False,False,False,False,0.008,0.013,True,False,LOW
433.509,,4.94,179.81,-2.79,0.94,-1.5,-2.04,False,False,False,False,False,False,-0.003,0.01,True,False,LOW
433.605,,4.71,179.65,-2.84,0.76,-1.7,-1.98,False,False,False,False,False,False,-0.0,0.009,True,False,LOW
433.63,,5.01,179.38,-2.8,0.76,-1.79,-1.96,False,False,False,False,False,False,0.002,0.005,True,False,LOW
433.885,,4.93,179.07,-3.15,0.72,-2.31,-2.1,False,False,False,False,False,False,0.002,0.006,True,False,LOW
433.909,,4.94,179.21,-3.1,0.72,-2.33,-2.11,False,False,False,False,False,False,0.003,0.008,True,False,LOW
434.012,,4.41,179.95,-3.06,0.5,-2.1,-2.1,False,False,False,False,False,False,0.002,0.01,True,False,LOW
434.037,,4.94,-179.7,-2.9,0.53,-2.0,-2.08,False,False,False,False,False,False,0.006,0.009,True,False,LOW
434.287,,5.13,-179.03,-2.9,0.75,-1.21,-1.99,False,False,False,False,False,False,0.011,0.008,True,False,LOW
434.311,,4.96,179.78,-2.79,0.75,-1.3,-1.97,False,False,False,False,False,False,0.005,0.008,True,False,LOW
434.411,,5.04,179.68,-2.89,0.77,-1.58,-1.96,False,False,False,False,False,False,0.007,0.008,True,False,LOW
434.436,,5.2,178.68,-2.71,0.79,-1.78,-1.93,False,False,False,False,False,False,0.004,0.006,True,False,LOW
434.683,,5.17,178.82,-2.88,0.88,-2.46,-1.92,False,False,False,False,False,False,0.002,0.011,True,False,LOW
434.707,,5.1,179.36,-2.91,0.87,-2.44,-1.93,False,False,False,False,False,False,0.003,0.012,True,False,LOW
434.801,,4.98,179.35,-2.9,0.82,-2.4,-1.93,False,False,False,False,False,False,0.002,0.011,True,False,LOW
434.825,,5.06,179.64,-2.84,0.82,-2.36,-1.92,False,False,False,False,False,False,0.002,0.011,True,False,LOW
435.077,,5.48,-179.76,-3.01,1.08,-1.8,-2.0,False,False,False,False,False,False,-0.005,0.026,True,False,LOW
435.101,,5.4,-179.94,-3.15,1.09,-1.78,-2.03,False,False,False,False,False,False,-0.006,0.026,True,False,LOW
435.195,,5.38,-179.71,-2.99,1.11,-1.63,-2.03,False,False,False,False,False,False,0.004,0.016,True,False,LOW
435.219,,4.81,179.82,-2.91,1.04,-1.67,-2.02,False,False,False,False,False,False,0.004,0.013,True,False,LOW
435.479,,4.95,179.21,-2.95,0.83,-2.17,-2.0,False,False,False,False,False,False,0.009,0.011,True,False,LOW
435.504,,4.99,178.38,-2.89,0.82,-2.33,-1.99,False,False,False,False,False,False,0.003,0.011,True,False,LOW
435.597,,5.0,178.45,-2.92,0.8,-2.68,-1.98,False,False,False,False,False,False,0.004,0.014,True,False,LOW
435.621,,5.16,178.57,-2.95,0.81,-2.74,-1.98,False,False,False,False,False,False,0.003,0.01,True,False,LOW
435.879,,4.71,179.34,-2.7,0.6,-2.5,-1.83,False,False,False,False,False,False,0.014,0.012,True,False,LOW
435.902,,4.75,179.18,-2.66,0.59,-2.5,-1.82,False,False,False,False,False,False,0.01,0.007,True,False,LOW
435.993,,4.32,179.62,-2.58,0.4,-2.34,-1.74,False,False,False,False,False,False,0.011,0.013,True,False,LOW
436.016,,4.56,179.63,-2.48,0.39,-2.31,-1.71,False,False,False,False,False,False,0.011,0.011,True,False,LOW
436.282,,4.56,-179.01,-2.1,0.35,-1.29,-1.35,False,False,False,False,False,False,0.004,0.012,True,False,LOW
436.306,,4.43,178.96,-2.19,0.33,-1.48,-1.34,False,False,False,False,False,False,0.005,0.011,True,False,LOW
436.398,,4.11,179.0,-2.18,0.16,-1.94,-1.29,False,False,False,False,False,False,0.004,0.011,True,False,LOW
436.422,,4.32,179.35,-2.06,0.15,-1.99,-1.27,False,False,False,False,False,False,0.007,0.011,True,False,LOW
436.677,,4.23,178.85,-2.22,0.05,-2.52,-1.26,False,False,False,False,False,False,0.006,0.009,True,False,LOW
436.701,,4.07,179.47,-2.24,0.02,-2.48,-1.26,False,False,False,False,False,False,0.003,0.009,True,False,LOW
436.795,,3.63,178.57,-2.59,-0.22,-2.72,-1.4,False,False,False,False,False,False,0.006,0.011,True,False,LOW
436.821,,3.67,178.93,-2.27,-0.27,-2.73,-1.39,False,False,False,False,False,False,0.005,0.011,True,False,LOW
437.077,,3.6,179.79,-1.95,-0.5,-2.22,-1.14,False,False,False,False,False,False,0.011,0.012,True,False,LOW
437.099,,3.99,179.57,-2.02,-0.47,-2.21,-1.13,False,False,False,False,False,False,0.009,0.013,True,False,LOW
437.193,,3.49,-179.39,-1.77,-0.57,-1.78,-1.01,False,False,False,False,False,False,0.005,0.015,True,False,LOW
437.216,,3.15,179.87,-1.28,-0.64,-1.78,-0.92,False,False,False,False,False,False,0.006,0.016,True,False,LOW
437.478,,3.63,-179.11,0.79,-0.62,-1.17,0.78,False,False,False,False,False,False,0.019,0.011,True,False,LOW
437.502,,4.93,176.84,0.99,-0.44,-1.7,0.94,False,False,False,False,False,False,0.013,0.006,True,False,LOW
437.604,,3.39,-179.55,3.05,-0.6,-1.51,2.24,False,False,False,False,False,False,0.007,0.002,True,False,LOW
437.626,,5.7,-179.28,7.03,-0.33,-1.44,3.14,False,False,False,False,False,False,0.051,0.008,True,False,LOW
437.889,,-9.61,-179.09,16.31,-9.28,-1.03,12.92,False,False,False,False,False,False,0.039,0.012,True,False,LOW
437.915,,-4.6,-177.67,17.06,-9.21,-0.78,13.96,False,False,False,False,False,False,0.038,0.017,True,False,LOW
438.017,,-13.58,-178.14,22.78,-13.16,-0.39,18.86,False,False,False,False,False,False,0.042,-0.001,True,False,LOW
438.042,,-17.46,-178.64,28.3,-14.87,-0.38,21.24,False,False,False,False,False,False,0.055,-0.001,True,False,LOW
438.279,,-17.52,-178.99,32.04,-19.49,-0.56,29.47,False,False,True,False,False,True,0.047,-0.007,True,False,LOW
438.305,,-18.15,-179.7,32.01,-20.03,-0.68,30.2,False,False,True,False,False,True,0.042,0.001,True,False,LOW
438.399,,-17.45,-178.89,31.99,-20.76,-0.64,31.48,False,False,True,False,False,True,0.033,0.001,True,False,LOW
438.424,,-16.98,-178.82,32.1,-20.83,-0.62,31.77,False,False,True,False,False,True,0.023,-0.002,True,False,LOW
438.681,,-18.71,177.03,32.7,-22.21,-3.18,33.02,False,False,True,False,False,True,0.021,0.001,True,False,LOW
438.705,,-17.42,178.28,32.61,-22.13,-3.21,33.1,False,False,True,False,False,True,0.023,0.006,True,False,LOW
438.798,,-18.3,177.82,32.31,-22.29,-3.46,33.17,False,False,True,False,False,True,0.028,-0.001,True,False,LOW
438.821,,-18.17,179.38,31.91,-22.3,-3.32,33.13,False,False,True,False,False,True,0.049,0.008,True,False,LOW
439.08,,-17.69,178.72,31.69,-22.07,-3.1,32.83,False,False,True,False,False,True,0.071,0.025,True,False,LOW
439.105,,-17.71,179.17,31.59,-22.05,-3.02,32.79,False,False,True,False,False,True,0.071,0.028,True,False,LOW
439.199,,-17.35,178.62,31.56,-21.88,-3.04,32.69,False,False,True,False,False,True,0.058,0.019,True,False,LOW
439.224,,-17.11,177.33,31.18,-21.81,-3.22,32.62,False,False,True,False,False,True,0.024,-0.005,True,False,LOW
439.478,,-16.96,176.64,31.04,-21.43,-4.37,32.23,False,False,True,False,False,True,0.021,-0.011,True,False,LOW
439.5,,-16.31,177.46,30.93,-21.32,-4.35,32.19,False,False,True,False,False,True,0.025,-0.006,True,False,LOW
439.594,,-16.25,177.14,31.45,-21.0,-4.42,32.27,False,False,True,False,False,True,0.04,0.002,True,False,LOW
439.619,,-16.79,177.96,31.68,-21.01,-4.33,32.32,False,False,True,False,False,True,0.046,0.004,True,False,LOW
439.879,,-17.88,178.41,32.66,-21.7,-3.67,33.13,False,False,True,False,False,True,0.014,-0.008,True,False,LOW
439.903,,-18.99,178.6,32.66,-21.91,-3.6,33.2,False,False,True,False,False,True,0.027,-0.012,True,False,LOW
439.997,,-19.18,177.83,33.28,-22.5,-3.69,33.6,False,False,True,False,False,True,0.025,-0.004,True,False,LOW
440.02,,-19.51,177.41,33.08,-22.67,-3.77,33.66,False,False,True,False,False,True,0.029,-0.011,True,False,LOW
440.277,,-19.69,176.89,32.86,-23.47,-4.41,33.76,False,False,True,False,False,True,0.02,-0.008,True,False,LOW
440.302,,-19.31,177.83,32.53,-23.48,-4.34,33.72,False,False,True,False,False,True,0.02,-0.009,True,False,LOW
440.395,,-19.11,176.15,32.8,-23.43,-4.79,33.74,False,False,True,False,False,True,0.016,-0.013,True,False,LOW
440.418,,-18.52,175.79,32.95,-23.35,-4.94,33.76,False,False,True,False,False,True,0.023,-0.009,True,False,LOW
440.684,,-18.86,176.18,32.83,-23.19,-5.3,33.78,False,False,True,False,False,True,0.025,-0.011,True,False,LOW
440.712,,-18.78,176.57,32.52,-23.17,-5.27,33.73,False,False,True,False,False,True,0.023,-0.008,True,False,LOW
440.812,,-18.42,175.6,31.39,-22.97,-5.6,33.18,False,False,True,False,False,True,0.003,-0.01,True,False,LOW
440.835,,-16.36,175.42,30.8,-22.64,-5.69,32.99,False,False,True,False,False,True,0.007,-0.004,True,False,LOW
441.082,,-11.83,172.58,29.73,-18.42,-7.83,31.55,False,False,True,False,False,True,0.009,-0.001,True,False,LOW
441.107,,-9.02,172.4,26.81,-17.53,-8.05,30.95,False,False,True,False,False,True,0.016,0.001,True,False,LOW
441.205,,-11.25,173.19,27.26,-16.64,-8.23,29.79,False,False,True,False,False,True,0.001,0.008,True,False,LOW
441.231,,-8.75,169.26,22.99,-15.97,-8.94,28.7,False,False,True,False,False,True,0.017,0.015,True,False,LOW
441.483,,-13.18,170.01,14.4,-16.9,-10.7,19.55,False,False,False,False,False,False,-0.021,0.016,True,False,MODERATE
441.509,,-12.11,167.66,8.93,-16.81,-11.26,17.46,False,False,False,False,False,False,-0.008,0.005,True,False,MODERATE
441.601,,-14.5,169.29,9.33,-17.53,-11.73,13.97,False,False,False,False,False,False,-0.025,0.013,True,False,MODERATE
441.626,,-12.94,167.65,4.67,-17.48,-12.11,12.08,False,False,False,False,False,False,0.007,0.006,True,False,MODERATE
441.888,,-11.05,172.28,-1.31,-16.09,-10.4,3.17,False,False,False,False,False,False,-0.015,0.007,True,False,MODERATE
441.911,,-7.76,174.11,-2.42,-15.49,-10.02,2.28,False,False,False,False,False,False,-0.012,0.012,True,False,MODERATE
442.015,,-8.89,174.2,-2.7,-14.46,-8.96,0.29,False,False,False,False,False,False,-0.016,0.011,True,False,MODERATE
442.04,,-7.91,174.92,-3.25,-14.08,-8.62,-0.21,False,False,False,False,False,False,-0.01,0.011,True,False,MODERATE
442.291,,-6.9,175.59,-3.6,-12.19,-7.01,-1.82,False,False,False,False,False,False,0.023,0.007,True,False,MODERATE
442.369,,-7.56,176.54,-3.59,-12.05,-6.35,-2.12,False,False,False,False,False,False,0.024,0.006,True,False,MODERATE
442.476,,-7.16,176.53,-3.57,-11.78,-5.84,-2.33,False,False,False,False,False,False,0.021,0.01,True,False,MODERATE
442.508,,-6.72,175.54,-3.39,-11.63,-5.9,-2.35,False,False,False,False,False,False,0.026,0.011,True,False,MODERATE
442.691,,-6.1,174.96,-3.48,-10.92,-6.35,-2.44,False,False,False,False,False,False,-0.013,0.019,True,False,MODERATE
442.717,,-4.52,174.72,-3.87,-10.58,-6.43,-2.51,False,False,False,False,True,True,-0.013,0.045,True,False,MODERATE
442.821,,-4.61,175.58,-3.83,-9.84,-6.31,-2.66,False,False,False,False,True,True,-0.012,0.042,True,False,MODERATE
442.847,,-4.16,174.34,-3.87,-9.61,-6.46,-2.69,False,False,False,False,False,False,-0.014,0.028,True,False,MODERATE
443.243,,-2.99,175.64,-4.03,-7.88,-6.17,-2.96,False,False,False,False,True,True,0.001,0.06,True,False,MODERATE
443.266,,-3.49,175.25,-4.38,-7.86,-6.2,-3.02,False,False,False,False,False,False,-0.023,0.033,True,False,MODERATE
443.368,,-3.72,175.1,-4.32,-7.9,-6.35,-3.16,False,False,False,False,False,False,-0.022,0.035,True,False,MODERATE
443.393,,-5.0,175.42,-4.16,-8.08,-6.34,-3.16,False,False,False,False,False,False,-0.045,0.022,True,False,MODERATE
443.495,,-5.82,175.73,-3.9,-8.88,-6.19,-3.08,False,False,False,False,False,False,-0.012,0.012,True,False,MODERATE
443.519,,-5.34,176.19,-3.8,-8.98,-6.1,-3.04,False,False,False,False,False,False,-0.008,0.015,True,False,MODERATE
443.621,,-5.99,176.58,-3.74,-9.49,-5.7,-2.94,False,False,False,False,False,False,-0.013,0.014,True,False,MODERATE
443.645,,-5.35,176.13,-3.19,-9.51,-5.68,-2.84,False,False,False,False,False,False,-0.012,0.006,True,False,MODERATE
443.883,,-5.67,176.81,-2.22,-9.75,-5.2,-1.88,False,False,False,False,False,False,-0.011,0.01,True,False,MODERATE
443.907,,-5.45,177.76,-2.02,-9.74,-5.02,-1.77,False,False,False,False,False,False,-0.016,0.015,True,False,MODERATE
444.008,,-4.82,177.72,-2.21,-9.48,-4.59,-1.56,False,False,False,False,False,False,-0.009,0.009,True,False,MODERATE
444.032,,-3.84,177.19,-1.93,-9.29,-4.58,-1.48,False,False,False,False,False,False,-0.008,0.005,True,False,MODERATE
444.284,,-3.86,178.45,-2.04,-8.55,-3.74,-1.23,False,False,False,False,False,False,-0.008,0.0,True,False,MODERATE
444.309,,-3.14,179.05,-1.21,-8.38,-3.58,-1.09,False,False,False,False,False,False,0.001,0.003,True,False,MODERATE
444.409,,-1.29,179.9,-1.19,-7.2,-2.85,-0.75,False,False,False,False,False,False,-0.002,0.014,True,False,MODERATE
444.432,,-1.94,-179.65,-1.28,-7.05,-2.64,-0.69,False,False,False,False,False,False,0.001,0.007,True,False,LOW
444.687,,-1.86,-179.79,-1.07,-6.45,-1.9,-0.33,False,False,False,False,False,False,-0.012,0.01,True,False,LOW
444.71,,-1.49,179.74,-0.68,-6.35,-1.91,-0.25,False,False,False,False,False,False,0.024,0.013,True,False,LOW
444.81,,-1.71,-178.44,-1.07,-6.19,-1.19,-0.19,False,False,False,False,False,False,0.025,0.009,True,False,LOW
444.833,,-1.16,-178.16,-1.22,-6.08,-1.0,-0.2,False,False,False,False,False,False,0.026,0.009,True,False,LOW
445.082,,-1.43,-178.19,-0.69,-5.83,-0.3,0.09,False,False,False,False,False,False,0.018,0.011,True,False,LOW
445.106,,-1.58,-177.95,-0.99,-5.83,-0.21,0.07,False,False,False,False,False,False,-0.002,0.008,True,False,LOW
445.204,,-1.02,-178.33,-1.04,-5.61,-0.13,0.01,False,False,False,False,False,False,-0.007,0.008,True,False,LOW
445.225,,-0.78,-178.33,-1.23,-5.53,-0.12,-0.02,False,False,False,False,False,False,0.002,0.01,True,False,LOW
445.484,,-0.8,178.72,-1.07,-5.22,-1.9,-0.08,False,False,False,False,False,False,-0.038,0.032,True,False,LOW
445.508,,-0.44,-179.91,-1.17,-5.15,-1.86,-0.09,False,False,False,False,False,False,-0.034,0.024,True,False,LOW
445.607,,-0.48,-180.0,-1.34,-4.98,-1.79,-0.2,False,False,False,False,False,False,-0.033,0.026,True,False,LOW
445.632,,-0.95,179.57,-1.52,-5.01,-1.84,-0.25,False,False,False,False,False,False,-0.03,0.024,True,False,LOW
445.883,,-1.92,-178.84,-1.44,-5.72,-1.03,-0.39,False,False,False,False,False,False,-0.006,0.007,True,False,LOW
445.905,,-0.55,-178.67,-1.12,-5.6,-0.95,-0.36,False,False,False,False,False,False,-0.011,0.007,True,False,LOW
446.005,,-1.19,-179.48,-1.14,-5.53,-1.03,-0.29,False,False,False,False,False,False,-0.004,0.015,True,False,LOW
446.028,,-1.05,-178.71,-1.21,-5.5,-0.95,-0.29,False,False,False,False,False,False,-0.004,0.01,True,False,LOW
446.287,,-1.39,-179.11,-1.29,-5.58,-0.86,-0.31,False,False,False,False,False,False,-0.003,0.009,True,False,LOW
446.314,,-1.78,-179.21,-1.26,-5.65,-0.86,-0.31,False,False,False,False,False,False,-0.006,0.01,True,False,LOW
446.419,,-1.79,-179.19,-1.18,-5.8,-0.87,-0.28,False,False,False,False,False,False,-0.006,0.009,True,False,LOW
446.442,,-3.07,-178.35,-1.25,-6.01,-0.76,-0.28,False,False,False,False,False,False,-0.008,0.007,True,False,LOW
446.682,,-1.32,-179.65,-1.29,-5.74,-1.11,-0.31,False,False,False,False,False,False,-0.036,0.013,True,False,LOW
446.705,,-1.26,-178.88,-1.08,-5.71,-1.04,-0.28,False,False,False,False,False,False,-0.04,0.008,True,False,LOW
446.806,,-0.91,-179.05,-1.13,-5.49,-0.92,-0.24,False,False,False,False,False,False,-0.039,0.007,True,False,LOW
446.828,,-1.71,-179.19,-1.16,-5.55,-0.92,-0.24,False,False,False,False,False,False,-0.036,0.013,True,False,LOW
447.079,,-2.22,-178.9,-1.09,-6.11,-0.72,-0.17,False,False,False,False,False,False,-0.041,0.013,True,False,LOW
447.102,,-2.78,-176.72,-0.86,-6.23,-0.4,-0.14,False,False,False,False,True,True,-0.02,0.061,True,False,LOW
447.2,,-2.0,-176.09,-0.75,-6.23,0.68,-0.0,False,False,False,False,True,True,-0.022,0.05,True,False,LOW
447.223,,-2.63,-176.46,-0.71,-6.32,0.85,0.03,False,False,False,False,False,False,-0.003,0.013,True,False,LOW
447.483,,-2.53,-177.32,-0.91,-6.6,0.94,0.04,False,False,False,False,False,False,0.025,0.01,True,False,LOW
447.508,,-2.57,-176.51,-0.75,-6.63,1.06,0.07,False,False,False,False,False,False,0.025,0.004,True,False,LOW
447.606,,-2.14,-177.01,-0.92,-6.53,1.16,0.06,False,False,False,False,False,False,0.026,0.006,True,False,LOW
447.627,,-1.91,-176.73,-0.82,-6.49,1.21,0.07,False,False,False,False,False,False,-0.004,0.012,True,False,LOW
447.886,,-2.41,-177.06,-0.97,-6.59,1.23,0.02,False,False,False,False,False,False,-0.004,0.01,True,False,LOW
447.91,,-2.04,-177.34,-1.01,-6.55,1.2,0.01,False,False,False,False,False,False,-0.003,0.006,True,False,LOW
448.012,,-2.21,-177.35,-1.08,-6.51,1.11,-0.04,False,False,False,False,False,False,-0.005,0.008,True,False,LOW
448.036,,-2.68,-177.41,-0.99,-6.56,1.08,-0.04,False,False,False,False,False,False,-0.007,0.005,True,False,LOW
448.282,,-2.5,-177.56,-1.08,-6.67,0.88,-0.09,False,False,False,False,False,False,-0.006,0.009,True,False,LOW
448.304,,-2.75,-178.73,-0.81,-6.71,0.71,-0.06,False,False,False,False,False,False,-0.02,0.024,True,False,LOW
448.403,,-2.54,-177.93,-0.87,-6.74,0.58,-0.0,False,False,False,False,False,False,-0.019,0.021,True,False,LOW
448.426,,-2.52,-178.02,-0.95,-6.74,0.54,-0.0,False,False,False,False,False,False,-0.013,0.018,True,False,LOW
448.693,,-3.04,-177.24,-0.66,-7.08,0.87,0.19,False,False,False,False,False,False,-0.006,0.013,True,False,LOW
448.716,,-2.59,-176.82,-0.67,-7.05,0.95,0.2,False,False,False,False,False,False,-0.004,0.013,True,False,LOW
448.812,,-2.69,-176.63,-0.69,-7.0,1.23,0.23,False,False,False,False,False,False,-0.003,0.013,True,False,LOW
448.836,,-2.92,-176.84,-0.66,-7.02,1.26,0.24,False,False,False,False,False,False,-0.004,0.012,True,False,LOW
449.079,,-1.94,-176.1,-0.72,-6.51,1.84,0.24,False,False,False,False,False,False,-0.007,0.007,True,False,LOW
449.103,,-2.18,-176.56,-0.84,-6.5,1.83,0.22,False,False,False,False,False,False,-0.007,0.01,True,False,LOW
449.2,,-2.75,-176.5,-0.93,-6.69,1.82,0.15,False,False,False,False,False,False,-0.011,0.011,True,False,LOW
449.224,,-3.08,-175.7,-1.18,-6.77,1.93,0.1,False,False,False,False,False,False,-0.008,0.012,True,False,LOW
449.483,,-1.91,-177.08,-1.04,-6.38,1.49,-0.01,False,False,False,False,False,False,-0.007,0.01,True,False,LOW
449.504,,-1.76,-177.53,-1.06,-6.34,1.41,-0.02,False,False,False,False,False,False,-0.002,0.006,True,False,LOW
449.605,,-1.58,-177.59,-1.02,-6.13,1.14,-0.04,False,False,False,False,False,False,-0.003,0.007,True,False,LOW
449.627,,-2.29,-177.48,-1.08,-6.18,1.1,-0.05,False,False,False,False,False,False,-0.001,0.009,True,False,LOW
449.89,,-2.13,-176.46,-0.73,-6.3,1.57,0.13,False,False,False,False,False,False,0.002,0.008,True,False,LOW
449.913,,-3.1,-174.98,-1.11,-6.44,1.8,0.09,False,False,False,False,False,False,0.002,0.011,True,False,LOW
450.023,,-2.45,-175.95,-0.93,-6.54,2.04,0.07,False,False,False,False,False,False,-0.002,0.011,True,False,LOW
